dataset,class,test_row,path,gc_fixed_flat,gc_orig_flat,SG,SI,GI,SG_orig,GI_orig,del_auc,ins_auc,del_auc_random,ins_auc_random
D1,glioma,0,/kaggle/input/datasets/sartajbhuvaji/brain-tumor-classification-mri/Training/glioma_tumor/gg (10).jpg,False,False,0.10540808459081397,0.1637291280148423,0.06561902739435124,0.10711527854384997,0.0729099850331409,0.3689444065093994,0.6176248788833618,0.49388882517814636,0.46012380719184875
D1,glioma,1,/kaggle/input/datasets/sartajbhuvaji/brain-tumor-classification-mri/Training/glioma_tumor/gg (100).jpg,False,False,0.035706914344685245,0.2078469129859189,0.04607046070460705,0.006915213469633193,0.05017246785826278,0.3534804582595825,0.9308504462242126,0.5367774963378906,0.6476600766181946
D1,glioma,2,/kaggle/input/datasets/sartajbhuvaji/brain-tumor-classification-mri/Training/glioma_tumor/gg (112).jpg,False,False,0.121466085596156,0.09419973833406019,0.18432853434033514,0.13670857401744252,0.19575837007029667,0.3182905316352844,0.8538030982017517,0.6114572882652283,0.7758907675743103
D1,glioma,3,/kaggle/input/datasets/sartajbhuvaji/brain-tumor-classification-mri/Training/glioma_tumor/gg (12).jpg,False,False,0.07073509015256588,0.1832115067201132,0.05001046243984097,0.07176420333190944,0.08614718614718615,0.27792888879776,0.6693196892738342,0.5011900067329407,0.6934634447097778
D1,glioma,7,/kaggle/input/datasets/sartajbhuvaji/brain-tumor-classification-mri/Training/glioma_tumor/gg (173).jpg,False,False,0.044981257809246146,0.1377394853191248,0.047817916057632075,0.0493517356754496,0.054090956832265516,0.41778364777565,0.9261369109153748,0.546048641204834,0.7502136826515198
D1,glioma,8,/kaggle/input/datasets/sartajbhuvaji/brain-tumor-classification-mri/Training/glioma_tumor/gg (196).jpg,False,False,0.16602765191123503,0.1579554632514134,0.13851389676687464,0.1657567661749332,0.141881897826829,0.31264927983283997,0.9152513146400452,0.5696744918823242,0.7687448263168335
D1,glioma,9,/kaggle/input/datasets/sartajbhuvaji/brain-tumor-classification-mri/Training/glioma_tumor/gg (209).jpg,False,False,0.04639766447711396,0.1446167883211679,0.04891304347826087,0.020022359995934547,0.08708838821490468,0.31661662459373474,0.9449859857559204,0.5826812386512756,0.7545415163040161
D1,glioma,10,/kaggle/input/datasets/sartajbhuvaji/brain-tumor-classification-mri/Training/glioma_tumor/gg (223).jpg,False,False,0.05876147272919084,0.20177224284516823,0.03989223914620246,0.042809642560266,0.03517276946879835,0.23423896729946136,0.7731456160545349,0.5671606659889221,0.658556342124939
D1,glioma,11,/kaggle/input/datasets/sartajbhuvaji/brain-tumor-classification-mri/Training/glioma_tumor/gg (227).jpg,False,False,0.0684552326200362,0.10152562836132148,0.08720615317950385,0.10200944328538487,0.06607180794561292,0.3492918908596039,0.8544977903366089,0.7244756817817688,0.7981402277946472
D1,glioma,12,/kaggle/input/datasets/sartajbhuvaji/brain-tumor-classification-mri/Training/glioma_tumor/gg (237).jpg,False,False,0.10140474100087796,0.1823751178133836,0.05864978902953587,0.04661591406820315,0.042268148302004364,0.27367666363716125,0.9306854009628296,0.49765726923942566,0.7242068648338318
D1,glioma,13,/kaggle/input/datasets/sartajbhuvaji/brain-tumor-classification-mri/Training/glioma_tumor/gg (242).jpg,False,False,0.029016712806316004,0.21310286474072285,0.031025272241627287,0.03017241379310345,0.09609084953046516,0.243291974067688,0.8572139143943787,0.5029187202453613,0.5089186429977417
D1,glioma,14,/kaggle/input/datasets/sartajbhuvaji/brain-tumor-classification-mri/Training/glioma_tumor/gg (245).jpg,False,False,0.10797085449326563,0.11214539007092199,0.03602766594404873,0.19291572566266493,0.05943207009395123,0.18105652928352356,0.9003849625587463,0.6185131072998047,0.6030895113945007
D1,glioma,15,/kaggle/input/datasets/sartajbhuvaji/brain-tumor-classification-mri/Training/glioma_tumor/gg (246).jpg,False,False,0.09899255365746824,0.17311513734658096,0.07751771526733948,0.013314504740770627,0.0754737180173429,0.1522153615951538,0.9283264875411987,0.5082142353057861,0.7408999800682068
D1,glioma,16,/kaggle/input/datasets/sartajbhuvaji/brain-tumor-classification-mri/Training/glioma_tumor/gg (250).jpg,False,False,0.12209302325581395,0.11202216066481994,0.16076798519546612,0.08380129589632829,0.11374986128065698,0.28848668932914734,0.8914544582366943,0.6830511093139648,0.810337245464325
D1,glioma,18,/kaggle/input/datasets/sartajbhuvaji/brain-tumor-classification-mri/Training/glioma_tumor/gg (264).jpg,False,False,0.05708868759216347,0.141881897826829,0.06822778073443321,0.1318371489793617,0.12284627433430298,0.2820085883140564,0.8163214325904846,0.6288526058197021,0.5652377605438232
D1,glioma,19,/kaggle/input/datasets/sartajbhuvaji/brain-tumor-classification-mri/Training/glioma_tumor/gg (279).jpg,False,False,0.10000797193877552,0.14723365340649291,0.10000797193877552,0.10000797193877552,0.10000797193877552,0.44182127714157104,0.901329517364502,0.5447085499763489,0.7367709875106812
D1,glioma,20,/kaggle/input/datasets/sartajbhuvaji/brain-tumor-classification-mri/Training/glioma_tumor/gg (314).jpg,False,False,0.015781487101669194,0.13375508359692725,0.055392053815429894,0.014043241058799758,0.053421494542401346,0.2642083168029785,0.8658862113952637,0.5699576139450073,0.721431314945221
D1,glioma,21,/kaggle/input/datasets/sartajbhuvaji/brain-tumor-classification-mri/Training/glioma_tumor/gg (32).jpg,False,False,0.07279529663281667,0.18642865586948812,0.0977904178516736,0.13924194280526556,0.14705210237659963,0.3346807360649109,0.9368358254432678,0.48625606298446655,0.698428750038147
D1,glioma,22,/kaggle/input/datasets/sartajbhuvaji/brain-tumor-classification-mri/Training/glioma_tumor/gg (344).jpg,False,False,0.1351107094441934,0.12071468453378001,0.11027624309392266,0.07002771264122788,0.06786512073183704,0.5028745532035828,0.8445570468902588,0.4721841514110565,0.6994211673736572
D1,glioma,23,/kaggle/input/datasets/sartajbhuvaji/brain-tumor-classification-mri/Training/glioma_tumor/gg (346).jpg,False,False,0.06046855213170114,0.1179681408042776,0.09228260869565218,0.06426299045599151,0.07659300579274833,0.37463921308517456,0.8485669493675232,0.4285773038864136,0.7473043203353882
D1,glioma,24,/kaggle/input/datasets/sartajbhuvaji/brain-tumor-classification-mri/Training/glioma_tumor/gg (347).jpg,False,True,0.07403444955600727,0.13980692788188528,0.04214678708605834,0.10000797193877552,0.10000797193877552,0.3067741394042969,0.9417800307273865,0.5176745653152466,0.6973822116851807
D1,glioma,25,/kaggle/input/datasets/sartajbhuvaji/brain-tumor-classification-mri/Training/glioma_tumor/gg (348).jpg,False,True,0.07233678811838871,0.15768831468450803,0.06505359227422265,0.10000797193877552,0.10000797193877552,0.357761025428772,0.9455528259277344,0.5858635306358337,0.8418676257133484
D1,glioma,26,/kaggle/input/datasets/sartajbhuvaji/brain-tumor-classification-mri/Training/glioma_tumor/gg (349).jpg,False,False,0.05656013456686291,0.11971438134553163,0.04862270450751252,0.04591104734576758,0.052056489021750335,0.41814905405044556,0.8973642587661743,0.4875495135784149,0.5910838842391968
D1,glioma,27,/kaggle/input/datasets/sartajbhuvaji/brain-tumor-classification-mri/Training/glioma_tumor/gg (364).jpg,False,False,0.15223880597014924,0.13941871026339692,0.1497307824493069,0.1447473480095814,0.15210653197107105,0.20894207060337067,0.9212270379066467,0.5025821328163147,0.7831780910491943
D1,glioma,28,/kaggle/input/datasets/sartajbhuvaji/brain-tumor-classification-mri/Training/glioma_tumor/gg (375).jpg,False,False,0.08897569444444445,0.18432853434033514,0.10297834926915046,0.1158550144540805,0.12650129082949826,0.2984689772129059,0.9201750755310059,0.5159182548522949,0.587433934211731
D1,glioma,29,/kaggle/input/datasets/sartajbhuvaji/brain-tumor-classification-mri/Training/glioma_tumor/gg (402).jpg,False,False,0.10187726424415414,0.1349089675449508,0.07739373121511378,0.11909009812667261,0.07937190793719079,0.37370064854621887,0.8630470037460327,0.5881348848342896,0.7683968544006348
D1,glioma,30,/kaggle/input/datasets/sartajbhuvaji/brain-tumor-classification-mri/Training/glioma_tumor/gg (404).jpg,False,False,0.09743028977583379,0.1400658866295581,0.08921206859127415,0.0018945059327948948,0.038338327994213085,0.2929951846599579,0.781902551651001,0.5906888842582703,0.6873483061790466
D1,glioma,31,/kaggle/input/datasets/sartajbhuvaji/brain-tumor-classification-mri/Training/glioma_tumor/gg (414).jpg,False,False,0.12167894619334672,0.11189895856414801,0.05402286793244519,0.1078485484049012,0.060775816509882674,0.4160718619823456,0.9264525175094604,0.4797951281070709,0.712990939617157
D1,glioma,32,/kaggle/input/datasets/sartajbhuvaji/brain-tumor-classification-mri/Training/glioma_tumor/gg (440).jpg,False,False,0.06902428632296549,0.16684106499244275,0.06415014314494752,0.07359863072314933,0.0693660095897709,0.3528245687484741,0.8919048309326172,0.4515165686607361,0.6437823176383972
D1,glioma,33,/kaggle/input/datasets/sartajbhuvaji/brain-tumor-classification-mri/Training/glioma_tumor/gg (443).jpg,False,False,0.01968943468994215,0.11884057971014493,0.030778701138811943,0.0187798193076845,0.03378656777915121,0.2990207374095917,0.8237484097480774,0.5807421207427979,0.6733702421188354
D1,glioma,34,/kaggle/input/datasets/sartajbhuvaji/brain-tumor-classification-mri/Training/glioma_tumor/gg (446).jpg,False,False,0.035813809474661985,0.141881897826829,0.04792732588493265,0.06516663128847379,0.08368426735773675,0.20430640876293182,0.753151535987854,0.6572690606117249,0.45528003573417664
D1,glioma,35,/kaggle/input/datasets/sartajbhuvaji/brain-tumor-classification-mri/Training/glioma_tumor/gg (494).jpg,False,False,0.18307202640575268,0.1807058823529412,0.20465730404513263,0.014557217953902144,0.039030955585464336,0.5297806859016418,0.9479930400848389,0.5639556050300598,0.7822316288948059
D1,glioma,36,/kaggle/input/datasets/sartajbhuvaji/brain-tumor-classification-mri/Training/glioma_tumor/gg (495).jpg,False,False,0.12662775033677592,0.0950354609929078,0.10601719197707736,0.25418645338665335,0.19875776397515527,0.34489521384239197,0.9295666217803955,0.5903910994529724,0.7602729201316833
D1,glioma,38,/kaggle/input/datasets/sartajbhuvaji/brain-tumor-classification-mri/Training/glioma_tumor/gg (500).jpg,False,False,0.14749599817059228,0.25827482447342026,0.1809837608849141,0.1780725437257894,0.212809667673716,0.21542920172214508,0.6413620710372925,0.4424433410167694,0.43666020035743713
D1,glioma,39,/kaggle/input/datasets/sartajbhuvaji/brain-tumor-classification-mri/Training/glioma_tumor/gg (501).jpg,False,False,0.015275670207384927,0.24192550426927362,0.0128166313452417,0.011795543905635648,0.003098450774612694,0.24865244328975677,0.6456090807914734,0.42886465787887573,0.5079461336135864
D1,glioma,40,/kaggle/input/datasets/sartajbhuvaji/brain-tumor-classification-mri/Training/glioma_tumor/gg (524).jpg,False,False,0.11251524221261501,0.10870525850640743,0.04487246225923998,0.030791337370419787,0.04191306152090466,0.30576464533805847,0.8857892751693726,0.40230947732925415,0.6282055974006653
D1,glioma,41,/kaggle/input/datasets/sartajbhuvaji/brain-tumor-classification-mri/Training/glioma_tumor/gg (525).jpg,False,False,0.2631843926998112,0.1692881276942794,0.20654003366193796,0.14253187613843352,0.12284627433430298,0.26085177063941956,0.8682140707969666,0.4725532531738281,0.6175578236579895
D1,glioma,42,/kaggle/input/datasets/sartajbhuvaji/brain-tumor-classification-mri/Training/glioma_tumor/gg (526).jpg,False,False,0.12309758281110117,0.1447473480095814,0.0832164058283864,0.18293257897218293,0.1706520471246938,0.36436519026756287,0.8741825222969055,0.44214656949043274,0.6851193904876709
D1,glioma,43,/kaggle/input/datasets/sartajbhuvaji/brain-tumor-classification-mri/Training/glioma_tumor/gg (527).jpg,False,False,0.11261361117268898,0.13234796344352928,0.08378320017274887,0.051771117166212535,0.01950426655830963,0.3843609094619751,0.8124900460243225,0.39989984035491943,0.6271799802780151
D1,glioma,44,/kaggle/input/datasets/sartajbhuvaji/brain-tumor-classification-mri/Training/glioma_tumor/gg (537).jpg,False,False,0.01918586945487768,0.23855362211526596,0.037082945976655304,0.025337147527584796,0.05309548793284365,0.3333221971988678,0.798913300037384,0.5424739122390747,0.4385918378829956
D1,glioma,45,/kaggle/input/datasets/sartajbhuvaji/brain-tumor-classification-mri/Training/glioma_tumor/gg (544).jpg,False,False,0.031979434447300774,0.17106184364060678,0.03495926575229452,0.07436336400599187,0.06705632306057385,0.3537345230579376,0.664495050907135,0.5181311368942261,0.4417569041252136
D1,glioma,46,/kaggle/input/datasets/sartajbhuvaji/brain-tumor-classification-mri/Training/glioma_tumor/gg (546).jpg,False,False,0.24454365079365079,0.27086235279219956,0.19675649892678274,0.026805811336198075,0.0497907949790795,0.3069240152835846,0.8012544512748718,0.6084346175193787,0.5741831660270691
D1,glioma,47,/kaggle/input/datasets/sartajbhuvaji/brain-tumor-classification-mri/Training/glioma_tumor/gg (547).jpg,False,False,0.0025974025974025974,0.24547034003474807,0.020126041878430576,0.07372582540869752,0.1097736057426836,0.4212499260902405,0.4046189785003662,0.44703209400177,0.5182825326919556
D1,glioma,48,/kaggle/input/datasets/sartajbhuvaji/brain-tumor-classification-mri/Training/glioma_tumor/gg (550).jpg,False,True,0.037419888360554064,0.2387064922241422,0.05909666525960321,0.10000797193877552,0.10000797193877552,0.3143203854560852,0.8903437852859497,0.7088291645050049,0.673305332660675
D1,glioma,49,/kaggle/input/datasets/sartajbhuvaji/brain-tumor-classification-mri/Training/glioma_tumor/gg (551).jpg,False,False,0.1308169014084507,0.2812460104685306,0.08614718614718615,0.18670923495329314,0.11884057971014493,0.3428974151611328,0.8486865758895874,0.5806959271430969,0.6057358384132385
D1,glioma,50,/kaggle/input/datasets/sartajbhuvaji/brain-tumor-classification-mri/Training/glioma_tumor/gg (581).jpg,False,False,0.10067997367843826,0.08685293480615118,0.10152562836132148,0.11005419754451941,0.0782122905027933,0.36439862847328186,0.8896599411964417,0.5766924619674683,0.76836097240448
D1,glioma,51,/kaggle/input/datasets/sartajbhuvaji/brain-tumor-classification-mri/Training/glioma_tumor/gg (59).jpg,False,False,0.007832898172323759,0.21825685846079146,0.01537838931606637,0.07005216650697328,0.047306449932270504,0.2836766541004181,0.9123039245605469,0.5032680630683899,0.7413744926452637
D1,glioma,52,/kaggle/input/datasets/sartajbhuvaji/brain-tumor-classification-mri/Training/glioma_tumor/gg (604).jpg,False,False,0.02355940846506884,0.1621120889300602,0.030284365054922494,0.019691433211530655,0.03226469379367036,0.33961427211761475,0.714136004447937,0.5049098134040833,0.4568289518356323
D1,glioma,53,/kaggle/input/datasets/sartajbhuvaji/brain-tumor-classification-mri/Training/glioma_tumor/gg (606).jpg,False,False,0.11560693641618497,0.134395840397875,0.055421179934798614,0.08992180712423979,0.12586941889163114,0.38541632890701294,0.8982650637626648,0.5580684542655945,0.5155931115150452
D1,glioma,54,/kaggle/input/datasets/sartajbhuvaji/brain-tumor-classification-mri/Training/glioma_tumor/gg (607).jpg,False,False,0.09443838604143948,0.1347806422433288,0.06516663128847379,0.14605458490350576,0.12109025915996426,0.44536328315734863,0.8295400142669678,0.5455608367919922,0.46855399012565613
D1,meningioma,81,/kaggle/input/datasets/sartajbhuvaji/brain-tumor-classification-mri/Training/meningioma_tumor/m (13).jpg,False,False,0.03763440860215054,0.1416221135251962,0.033680090637552784,0.004303012108475933,0.01537838931606637,0.34251463413238525,0.7314504384994507,0.1596079021692276,0.13830403983592987
D1,meningioma,82,/kaggle/input/datasets/sartajbhuvaji/brain-tumor-classification-mri/Training/meningioma_tumor/m (14).jpg,False,False,0.05864978902953587,0.18783287963072554,0.049022682136510926,0.05920844327176781,0.04924202822791427,0.3460284173488617,0.20689955353736877,0.15318185091018677,0.1104930192232132
D1,meningioma,83,/kaggle/input/datasets/sartajbhuvaji/brain-tumor-classification-mri/Training/meningioma_tumor/m (142).jpg,False,False,0.04836519377415648,0.1318371489793617,0.03346720214190094,0.03560004127541017,0.0196078431372549,0.31846559047698975,0.6495351791381836,0.262447714805603,0.27002304792404175
D1,meningioma,84,/kaggle/input/datasets/sartajbhuvaji/brain-tumor-classification-mri/Training/meningioma_tumor/m (143).jpg,False,False,0.06879659211927583,0.1392893631513225,0.08555976203353163,0.05586533403471857,0.024709005513579744,0.28500375151634216,0.8110613226890564,0.23496098816394806,0.20003661513328552
D1,meningioma,85,/kaggle/input/datasets/sartajbhuvaji/brain-tumor-classification-mri/Training/meningioma_tumor/m (144).jpg,False,False,0.0381710975483604,0.10007672914611422,0.11239193083573487,0.09348441926345609,0.1096859796550199,0.14226725697517395,0.740348756313324,0.2022535502910614,0.1699681133031845
D1,meningioma,86,/kaggle/input/datasets/sartajbhuvaji/brain-tumor-classification-mri/Training/meningioma_tumor/m (15).jpg,False,False,0.08169864194869585,0.21633741364683068,0.04705268648930621,0.128274311410905,0.061224489795918366,0.33572229743003845,0.07592679560184479,0.14066165685653687,0.0948697179555893
D1,meningioma,88,/kaggle/input/datasets/sartajbhuvaji/brain-tumor-classification-mri/Training/meningioma_tumor/m (161).jpg,False,False,0.1492161574550864,0.028173342895195165,0.05316694630872483,0.1579554632514134,0.049132343717332216,0.20406721532344818,0.49787381291389465,0.2301694005727768,0.23459604382514954
D1,meningioma,89,/kaggle/input/datasets/sartajbhuvaji/brain-tumor-classification-mri/Training/meningioma_tumor/m (181).jpg,False,False,0.028805740645822656,0.0813489925654563,0.08980345314366381,0.19051008303677341,0.11387347391786903,0.22807680070400238,0.5866725444793701,0.2317354381084442,0.1898626983165741
D1,meningioma,90,/kaggle/input/datasets/sartajbhuvaji/brain-tumor-classification-mri/Training/meningioma_tumor/m (182).jpg,False,False,0.08230984701572937,0.07268063274903805,0.04930018800919156,0.05519924298181054,0.062122975976293786,0.4828746020793915,0.5942862629890442,0.2956694960594177,0.21764318645000458
D1,meningioma,91,/kaggle/input/datasets/sartajbhuvaji/brain-tumor-classification-mri/Training/meningioma_tumor/m (183).jpg,False,False,0.09255029907558456,0.06257278983589201,0.04930018800919156,0.0635862653666808,0.062122975976293786,0.4329932630062103,0.6387416124343872,0.2854782044887543,0.20251698791980743
D1,meningioma,92,/kaggle/input/datasets/sartajbhuvaji/brain-tumor-classification-mri/Training/meningioma_tumor/m (200).jpg,False,False,0.03784901758014478,0.20234814903558165,0.018573023444636152,0.044981257809246146,0.027331354283959462,0.17724549770355225,0.4160771071910858,0.13602454960346222,0.1102849692106247
D1,meningioma,93,/kaggle/input/datasets/sartajbhuvaji/brain-tumor-classification-mri/Training/meningioma_tumor/m (49).jpg,False,False,0.06133671742808799,0.23809523809523808,0.023768234214016117,0.06765957446808511,0.030284365054922494,0.2763062119483948,0.5930890440940857,0.1381450742483139,0.14396792650222778
D1,meningioma,94,/kaggle/input/datasets/sartajbhuvaji/brain-tumor-classification-mri/Training/meningioma_tumor/m (81).jpg,False,False,0.06709197235513024,0.08685293480615118,0.02064476761924133,0.08921206859127415,0.026175869120654397,0.23359966278076172,0.49130314588546753,0.16924995183944702,0.13655459880828857
D1,meningioma,95,/kaggle/input/datasets/sartajbhuvaji/brain-tumor-classification-mri/Training/meningioma_tumor/m (82).jpg,False,False,0.03656269365833505,0.0903954802259887,0.02848944455831113,0.04858426496708808,0.0451989168923141,0.2810037434101105,0.657095730304718,0.18908917903900146,0.17269225418567657
D1,meningioma,96,/kaggle/input/datasets/sartajbhuvaji/brain-tumor-classification-mri/Training/meningioma_tumor/m (95).jpg,False,False,0.06879659211927583,0.22975125597353266,0.0977904178516736,0.07476437572805253,0.05356586733104952,0.1693456470966339,0.5039566159248352,0.17465008795261383,0.09804261475801468
D1,meningioma,97,/kaggle/input/datasets/sartajbhuvaji/brain-tumor-classification-mri/Training/meningioma_tumor/m1(101).jpg,False,False,0.09707039790118059,0.12586941889163114,0.044654939106901215,0.2392055267702936,0.19711595757359074,0.23402073979377747,0.4635128378868103,0.3698151111602783,0.22994539141654968
D1,meningioma,98,/kaggle/input/datasets/sartajbhuvaji/brain-tumor-classification-mri/Training/meningioma_tumor/m1(103).jpg,False,False,0.024273329933707292,0.1392893631513225,0.010870659285354807,0.0755546029364484,0.005711995189898788,0.19317910075187683,0.7955088019371033,0.20404037833213806,0.352118581533432
D1,meningioma,99,/kaggle/input/datasets/sartajbhuvaji/brain-tumor-classification-mri/Training/meningioma_tumor/m1(13).jpg,False,False,0.3234867466701833,0.08426966292134831,0.043460178831357874,0.3236613030862569,0.04291800893692196,0.6858001947402954,0.636103630065918,0.3531794548034668,0.24653320014476776
D1,meningioma,100,/kaggle/input/datasets/sartajbhuvaji/brain-tumor-classification-mri/Training/meningioma_tumor/m1(134).jpg,False,False,0.08497297297297297,0.13234796344352928,0.044654939106901215,0.27750222561363347,0.19711595757359074,0.23097580671310425,0.5489841103553772,0.4539389908313751,0.24920953810214996
D1,meningioma,102,/kaggle/input/datasets/sartajbhuvaji/brain-tumor-classification-mri/Training/meningioma_tumor/m1(137).jpg,False,False,0.018261134219336513,0.21619001454192924,0.008845110061312694,0.015789473684210527,0.01445466491458607,0.20498192310333252,0.8282750248908997,0.1623721569776535,0.2676822543144226
D1,meningioma,103,/kaggle/input/datasets/sartajbhuvaji/brain-tumor-classification-mri/Training/meningioma_tumor/m1(138).jpg,False,False,0.033041688111168296,0.13877226824009986,0.022516556291390728,0.1703790087463557,0.05232253329139142,0.1690141260623932,0.7640000581741333,0.15837214887142181,0.233697310090065
D1,meningioma,105,/kaggle/input/datasets/sartajbhuvaji/brain-tumor-classification-mri/Training/meningioma_tumor/m1(142).jpg,False,False,0.10289949858295182,0.14749599817059228,0.13774879118407737,0.35231556273559506,0.18204283360790774,0.1323113590478897,0.7884979248046875,0.17978237569332123,0.18024712800979614
D1,meningioma,106,/kaggle/input/datasets/sartajbhuvaji/brain-tumor-classification-mri/Training/meningioma_tumor/m1(144).jpg,False,False,0.03171833299117224,0.13993639254884144,0.048398873474496715,0.12435581447456867,0.14644733835960705,0.3020324110984802,0.7723340392112732,0.2528308629989624,0.3304992914199829
D1,meningioma,107,/kaggle/input/datasets/sartajbhuvaji/brain-tumor-classification-mri/Training/meningioma_tumor/m1(151).jpg,False,False,0.1764979639325189,0.1650801021592756,0.04516795865633075,0.057443450815360335,0.04209434940383618,0.27717098593711853,0.6969754099845886,0.20622721314430237,0.308798223733902
D1,meningioma,108,/kaggle/input/datasets/sartajbhuvaji/brain-tumor-classification-mri/Training/meningioma_tumor/m1(155).jpg,False,False,0.02686963628933388,0.13709494674824382,0.048398873474496715,0.12764044943820224,0.14644733835960705,0.3033524453639984,0.7409434914588928,0.20410557091236115,0.38446545600891113
D1,meningioma,109,/kaggle/input/datasets/sartajbhuvaji/brain-tumor-classification-mri/Training/meningioma_tumor/m1(161).jpg,False,False,0.06527969429996816,0.19804225856511878,0.052653660583176,0.03389306685896776,0.01098015513246701,0.2652226984500885,0.9298486709594727,0.35472458600997925,0.5913286805152893
D1,meningioma,110,/kaggle/input/datasets/sartajbhuvaji/brain-tumor-classification-mri/Training/meningioma_tumor/m1(162).jpg,False,False,0.05898491083676269,0.10723742277140336,0.0317672458106302,0.0368801652892562,0.060657296840325475,0.16678230464458466,0.45295250415802,0.3187802731990814,0.3624487519264221
D1,meningioma,113,/kaggle/input/datasets/sartajbhuvaji/brain-tumor-classification-mri/Training/meningioma_tumor/m1(194).jpg,False,False,0.11548293875736357,0.09659090909090909,0.11523502611401266,0.09719033562916804,0.09575281144229719,0.2843243479728699,0.5212461948394775,0.22123685479164124,0.22214436531066895
D1,meningioma,114,/kaggle/input/datasets/sartajbhuvaji/brain-tumor-classification-mri/Training/meningioma_tumor/m1(197).jpg,False,False,0.03495926575229452,0.11946458449525935,0.02241238793806031,0.149204168098019,0.08732394366197183,0.21792566776275635,0.2989940047264099,0.15929485857486725,0.15635588765144348
D1,meningioma,115,/kaggle/input/datasets/sartajbhuvaji/brain-tumor-classification-mri/Training/meningioma_tumor/m1(65).jpg,False,False,0.07302469795787447,0.22226281817074656,0.06279783966959653,0.0024967542195146308,0.032185089974293056,0.24623948335647583,0.4384417235851288,0.17045456171035767,0.08058186620473862
D1,meningioma,116,/kaggle/input/datasets/sartajbhuvaji/brain-tumor-classification-mri/Training/meningioma_tumor/m1(98).jpg,False,False,0.1030995823257859,0.14032496307237813,0.044654939106901215,0.26272784412319294,0.19711595757359074,0.24134351313114166,0.5037612915039062,0.3562929332256317,0.22207234799861908
D1,meningioma,117,/kaggle/input/datasets/sartajbhuvaji/brain-tumor-classification-mri/Training/meningioma_tumor/m2 (13).jpg,False,True,0.024701195219123506,0.12008928571428572,0.03877221324717286,0.10000797193877552,0.10000797193877552,0.5887668132781982,0.8574779629707336,0.3589359521865845,0.2190593034029007
D1,meningioma,120,/kaggle/input/datasets/sartajbhuvaji/brain-tumor-classification-mri/Training/meningioma_tumor/m2 (132).jpg,False,False,0.012203731719616742,0.1858678955453149,0.049461466067133746,0.022197332247225334,0.04529362765514369,0.23349884152412415,0.13764159381389618,0.19988320767879486,0.16085168719291687
D1,meningioma,121,/kaggle/input/datasets/sartajbhuvaji/brain-tumor-classification-mri/Training/meningioma_tumor/m2 (133).jpg,False,False,0.04891304347826087,0.16023121387283237,0.028278688524590163,0.05653226655437414,0.04694345921134988,0.2511894106864929,0.1760759949684143,0.16282418370246887,0.19147610664367676
D1,meningioma,122,/kaggle/input/datasets/sartajbhuvaji/brain-tumor-classification-mri/Training/meningioma_tumor/m2 (145).jpg,False,False,0.023037716615698266,0.09467713787085515,0.04869383490073145,0.2509036520004986,0.11884057971014493,0.2821865975856781,0.802440881729126,0.20950087904930115,0.28307682275772095
D1,meningioma,123,/kaggle/input/datasets/sartajbhuvaji/brain-tumor-classification-mri/Training/meningioma_tumor/m2 (150).jpg,False,False,0.01128577186618299,0.16684106499244275,0.044981257809246146,0.03782554774700289,0.040729609285936365,0.23497991263866425,0.36907097697257996,0.15233440697193146,0.129278764128685
D1,meningioma,124,/kaggle/input/datasets/sartajbhuvaji/brain-tumor-classification-mri/Training/meningioma_tumor/m2 (160).jpg,False,False,0.031025272241627287,0.08885754583921016,0.02965014876372217,0.018056400892676,0.015275670207384927,0.24537332355976105,0.7740002870559692,0.16318629682064056,0.26188308000564575
D1,meningioma,125,/kaggle/input/datasets/sartajbhuvaji/brain-tumor-classification-mri/Training/meningioma_tumor/m2 (173).jpg,False,False,0.15489067894131187,0.11079136690647481,0.07073509015256588,0.2081377151799687,0.06527969429996816,0.28458377718925476,0.6841936111450195,0.17872437834739685,0.1878233253955841
D1,meningioma,126,/kaggle/input/datasets/sartajbhuvaji/brain-tumor-classification-mri/Training/meningioma_tumor/m2 (18).jpg,False,False,0.035813809474661985,0.11251524221261501,0.05586533403471857,0.03634486319050077,0.055637358014303744,0.6087618470191956,0.8798644542694092,0.2773303687572479,0.20969782769680023
D1,meningioma,127,/kaggle/input/datasets/sartajbhuvaji/brain-tumor-classification-mri/Training/meningioma_tumor/m2 (28).jpg,False,False,0.032609813805164076,0.10080070198530218,0.06188511583624246,0.0424846785083619,0.05442319815087203,0.28390759229660034,0.8051373362541199,0.20975199341773987,0.3265463411808014
D1,meningioma,128,/kaggle/input/datasets/sartajbhuvaji/brain-tumor-classification-mri/Training/meningioma_tumor/m2 (44).jpg,False,False,0.028173342895195165,0.11809269162210338,0.013225643614336193,0.14749599817059228,0.15250344510794672,0.22979244589805603,0.18365097045898438,0.18533006310462952,0.1298610419034958
D1,meningioma,129,/kaggle/input/datasets/sartajbhuvaji/brain-tumor-classification-mri/Training/meningioma_tumor/m2 (56).jpg,False,False,0.057868662380099085,0.16103655714946785,0.031661184210526314,0.07440316882560753,0.035813809474661985,0.3500973880290985,0.31828567385673523,0.17446619272232056,0.19916269183158875
D1,meningioma,130,/kaggle/input/datasets/sartajbhuvaji/brain-tumor-classification-mri/Training/meningioma_tumor/m2 (57).jpg,False,False,0.07245137849967942,0.13196480938416422,0.038923395445134575,0.11684843089249944,0.06675170068027211,0.33760443329811096,0.296085923910141,0.1659521758556366,0.15570257604122162
D1,meningioma,131,/kaggle/input/datasets/sartajbhuvaji/brain-tumor-classification-mri/Training/meningioma_tumor/m2 (64).jpg,False,False,0.05686604886267902,0.11958946898705936,0.06697852434616203,0.05067001675041876,0.0740582191780822,0.7317607402801514,0.6754711866378784,0.29010602831840515,0.22401133179664612
D1,meningioma,132,/kaggle/input/datasets/sartajbhuvaji/brain-tumor-classification-mri/Training/meningioma_tumor/m2 (88).jpg,False,False,0.034411704100556356,0.09431904917675281,0.10353923939327325,0.1044349070100143,0.07659300579274833,0.4202864170074463,0.14029935002326965,0.19768068194389343,0.1978803426027298
D1,meningioma,133,/kaggle/input/datasets/sartajbhuvaji/brain-tumor-classification-mri/Training/meningioma_tumor/m2 (94).jpg,False,False,0.030913012221423435,0.17119850624343563,0.03548586754693625,0.10731223116797177,0.11866295264623955,0.2715693712234497,0.14131814241409302,0.1970609724521637,0.1605437695980072
D1,meningioma,134,/kaggle/input/datasets/sartajbhuvaji/brain-tumor-classification-mri/Training/meningioma_tumor/m3 (10).jpg,False,False,0.14736481079227162,0.1507854603829836,0.08567719601903938,0.14574298105455374,0.14352431939856475,0.23427368700504303,0.3342359960079193,0.1926390677690506,0.14696861803531647
D1,meningioma,135,/kaggle/input/datasets/sartajbhuvaji/brain-tumor-classification-mri/Training/meningioma_tumor/m3 (113).jpg,False,False,0.02627811860940695,0.11597909485155121,0.027959852519459236,0.01867641088103938,0.0740582191780822,0.30057036876678467,0.40084150433540344,0.17953616380691528,0.15431660413742065
D1,meningioma,136,/kaggle/input/datasets/sartajbhuvaji/brain-tumor-classification-mri/Training/meningioma_tumor/m3 (114).jpg,False,False,0.16847130050064035,0.14854657816433967,0.09027702335687127,0.14631639063392346,0.11387347391786903,0.4317893981933594,0.0658419132232666,0.16231293976306915,0.1597842574119568
D1,meningioma,137,/kaggle/input/datasets/sartajbhuvaji/brain-tumor-classification-mri/Training/meningioma_tumor/m3 (122).jpg,False,False,0.06133671742808799,0.11300876122879007,0.06426299045599151,0.009353313889168258,0.03935376967688484,0.6274176836013794,0.4946075975894928,0.20483669638633728,0.1670561283826828
D1,no_tumor,167,/kaggle/input/datasets/sartajbhuvaji/brain-tumor-classification-mri/Training/no_tumor/1.jpg,False,False,0.02870028700287003,0.19832835820895522,0.05155071248952221,0.03877973112719752,0.057702432347056964,0.22524164617061615,0.3444931209087372,0.2078859806060791,0.31481921672821045
D1,no_tumor,168,/kaggle/input/datasets/sartajbhuvaji/brain-tumor-classification-mri/Training/no_tumor/image (34).jpg,False,False,0.032791940789473686,0.08602965047072827,0.0403852127990059,0.043645034211071944,0.12820800179311892,0.49663615226745605,0.6199929118156433,0.2534184753894806,0.6142913699150085
D1,no_tumor,169,/kaggle/input/datasets/sartajbhuvaji/brain-tumor-classification-mri/Training/no_tumor/image (38).jpg,False,False,0.054090956832265516,0.09479655285262355,0.0546448087431694,0.06891042709553732,0.056754764662525006,0.2882782518863678,0.13365864753723145,0.38885653018951416,0.2926417589187622
D1,no_tumor,170,/kaggle/input/datasets/sartajbhuvaji/brain-tumor-classification-mri/Training/no_tumor/image (47).jpg,False,False,0.024604389994895354,0.12979849150061917,0.007832898172323759,0.01898669915727485,0.010878323932312651,0.40956050157546997,0.6225258111953735,0.2010369598865509,0.6979488134384155
D1,no_tumor,171,/kaggle/input/datasets/sartajbhuvaji/brain-tumor-classification-mri/Training/no_tumor/image (6).jpg,False,False,0.03215863556971129,0.08123249299719888,0.10262320272198441,0.013225643614336193,0.09324618736383443,0.3585318326950073,0.6534208059310913,0.2689834237098694,0.37950271368026733
D1,no_tumor,172,/kaggle/input/datasets/sartajbhuvaji/brain-tumor-classification-mri/Training/no_tumor/image (63).jpg,False,False,0.06581042352191911,0.08228189366979402,0.14584046559397468,0.06550589234525958,0.1459237268782827,0.4280364215373993,0.5787712335586548,0.29540663957595825,0.6286161541938782
D1,no_tumor,173,/kaggle/input/datasets/sartajbhuvaji/brain-tumor-classification-mri/Training/no_tumor/image(101).jpg,False,False,0.049723179776454615,0.08099956915122791,0.03299753289473684,0.051545311681508645,0.03303828736105393,0.4520982503890991,0.6266724467277527,0.3618180751800537,0.4798242151737213
D1,no_tumor,174,/kaggle/input/datasets/sartajbhuvaji/brain-tumor-classification-mri/Training/no_tumor/image(106).jpg,False,False,0.05845797345692016,0.06982198059908325,0.03299753289473684,0.05987328405491024,0.03303828736105393,0.4379836618900299,0.60601407289505,0.34558555483818054,0.5236239433288574
D1,no_tumor,175,/kaggle/input/datasets/sartajbhuvaji/brain-tumor-classification-mri/Training/no_tumor/image(119).jpg,False,False,0.09563318777292576,0.06291040033891125,0.020333468889792598,0.09217542714114703,0.020126041878430576,0.5497126579284668,0.5242646336555481,0.4003583490848541,0.5536964535713196
D1,no_tumor,176,/kaggle/input/datasets/sartajbhuvaji/brain-tumor-classification-mri/Training/no_tumor/image(133).jpg,False,False,0.06504668930390492,0.14670932358318098,0.06369224247562527,0.07325419741204149,0.05965579136310844,0.4899860620498657,0.6827874183654785,0.3665633499622345,0.4255392849445343
D1,no_tumor,177,/kaggle/input/datasets/sartajbhuvaji/brain-tumor-classification-mri/Training/no_tumor/image(135).jpg,False,False,0.0396767844193515,0.12890888638920134,0.03795635536249871,0.038123773117057544,0.16796466348948041,0.563642144203186,0.4822644889354706,0.24948400259017944,0.5912526249885559
D1,no_tumor,178,/kaggle/input/datasets/sartajbhuvaji/brain-tumor-classification-mri/Training/no_tumor/image(14).jpg,False,False,0.03219171037745552,0.12021430963277152,0.007832898172323759,0.015070294325882472,0.010878323932312651,0.4629659652709961,0.706446647644043,0.20581907033920288,0.6407260298728943
D1,no_tumor,179,/kaggle/input/datasets/sartajbhuvaji/brain-tumor-classification-mri/Training/no_tumor/image(145).jpg,False,False,0.06856899488926746,0.10821554770318022,0.07855991402471789,0.04296388542963885,0.07890499194847021,0.48957329988479614,0.6786469221115112,0.3878174424171448,0.5898563861846924
D1,no_tumor,180,/kaggle/input/datasets/sartajbhuvaji/brain-tumor-classification-mri/Training/no_tumor/image(148).jpg,False,False,0.07774914089347079,0.10613909401520996,0.07855991402471789,0.04383049439135854,0.07890499194847021,0.5553387999534607,0.7651568055152893,0.41806119680404663,0.6039360165596008
D1,no_tumor,181,/kaggle/input/datasets/sartajbhuvaji/brain-tumor-classification-mri/Training/no_tumor/image(153).jpg,False,False,0.04509007601791107,0.13709494674824382,0.07670850767085077,0.09443838604143948,0.09803063457330416,0.4771219491958618,0.28932785987854004,0.27296069264411926,0.4649665951728821
D1,no_tumor,182,/kaggle/input/datasets/sartajbhuvaji/brain-tumor-classification-mri/Training/no_tumor/image(161).jpg,False,False,0.048803427735395546,0.12688075454749606,0.07670850767085077,0.08862132552337564,0.09803063457330416,0.4661182761192322,0.264728844165802,0.298566609621048,0.48579227924346924
D1,no_tumor,183,/kaggle/input/datasets/sartajbhuvaji/brain-tumor-classification-mri/Training/no_tumor/image(162).jpg,False,False,0.06223539373412362,0.13324299909665763,0.017540302139308527,0.04021558872305141,0.0054097375275495895,0.5067846179008484,0.43757638335227966,0.2006216049194336,0.5066516995429993
D1,no_tumor,184,/kaggle/input/datasets/sartajbhuvaji/brain-tumor-classification-mri/Training/no_tumor/image(173).jpg,False,False,0.05078002303423725,0.08123249299719888,0.052653660583176,0.13354653727393032,0.069726298262046,0.5617949962615967,0.5107669234275818,0.30460527539253235,0.565029501914978
D1,no_tumor,185,/kaggle/input/datasets/sartajbhuvaji/brain-tumor-classification-mri/Training/no_tumor/image(183).jpg,False,False,0.05431242777602689,0.10213046343070503,0.175588614267307,0.13619381863466545,0.05254326166754064,0.4535803496837616,0.7593062520027161,0.281939297914505,0.5499563217163086
D1,no_tumor,186,/kaggle/input/datasets/sartajbhuvaji/brain-tumor-classification-mri/Training/no_tumor/image(186).jpg,False,False,0.05519924298181054,0.0755546029364484,0.052653660583176,0.1310519366197183,0.069726298262046,0.5945132374763489,0.588694155216217,0.2903037369251251,0.5320642590522766
D1,no_tumor,187,/kaggle/input/datasets/sartajbhuvaji/brain-tumor-classification-mri/Training/no_tumor/image(187).jpg,False,False,0.02712107256166206,0.09755030621172353,0.08885754583921016,0.022201853549241268,0.05264813843733613,0.6159707903862,0.7575567364692688,0.44555267691612244,0.6315994262695312
D1,no_tumor,188,/kaggle/input/datasets/sartajbhuvaji/brain-tumor-classification-mri/Training/no_tumor/image(19).jpg,False,False,0.046720200229429555,0.0546448087431694,0.012406697599354448,0.04509007601791107,0.08450399827101794,0.6443891525268555,0.6348881125450134,0.4347180128097534,0.6433862447738647
D1,no_tumor,189,/kaggle/input/datasets/sartajbhuvaji/brain-tumor-classification-mri/Training/no_tumor/image(191).jpg,False,False,0.0063170560513386145,0.12322327923894796,0.027436527436527438,0.0063170560513386145,0.015275670207384927,0.6369648575782776,0.900118887424469,0.38358405232429504,0.6666443943977356
D1,no_tumor,190,/kaggle/input/datasets/sartajbhuvaji/brain-tumor-classification-mri/Training/no_tumor/image(193).jpg,False,False,0.06286379511059371,0.052653660583176,0.09855611463574711,0.025303540455055607,0.29882383352720693,0.543133556842804,0.7344059348106384,0.25172922015190125,0.4944176971912384
D1,no_tumor,191,/kaggle/input/datasets/sartajbhuvaji/brain-tumor-classification-mri/Training/no_tumor/image(210).jpg,False,False,0.049022682136510926,0.053316540722082285,0.07233678811838871,0.021787823253919772,0.1095632946379215,0.565991997718811,0.39548611640930176,0.3341839015483856,0.5474704504013062
D1,no_tumor,192,/kaggle/input/datasets/sartajbhuvaji/brain-tumor-classification-mri/Training/no_tumor/image(22).jpg,False,False,0.02105584375953616,0.11983932158000446,0.010265700483091788,0.05885455120767852,0.040634394112159224,0.38003385066986084,0.6187019944190979,0.19075782597064972,0.6551213264465332
D1,no_tumor,193,/kaggle/input/datasets/sartajbhuvaji/brain-tumor-classification-mri/Training/no_tumor/image(221).jpg,False,False,0.10067997367843826,0.0903954802259887,0.020022359995934547,0.11610320284697509,0.00039872408293460925,0.43483206629753113,0.6251387000083923,0.16999253630638123,0.4200019836425781
D1,no_tumor,194,/kaggle/input/datasets/sartajbhuvaji/brain-tumor-classification-mri/Training/no_tumor/image(256).jpg,False,False,0.0451989168923141,0.08041769835289052,0.052653660583176,0.14261894175188972,0.069726298262046,0.5933406352996826,0.5156029462814331,0.294553279876709,0.6113549470901489
D1,no_tumor,195,/kaggle/input/datasets/sartajbhuvaji/brain-tumor-classification-mri/Training/no_tumor/image(259).jpg,False,False,0.044640998959417276,0.0583148792576189,0.07380468499304739,0.046179505889711245,0.03935376967688484,0.6351026892662048,0.6777663230895996,0.5450621843338013,0.6721199154853821
D1,no_tumor,196,/kaggle/input/datasets/sartajbhuvaji/brain-tumor-classification-mri/Training/no_tumor/image(280).jpg,False,False,0.0782122905027933,0.08391834971379199,0.15144561725562183,0.07764907764907765,0.15163323782234958,0.47277435660362244,0.6967917084693909,0.24679498374462128,0.45942217111587524
D1,no_tumor,197,/kaggle/input/datasets/sartajbhuvaji/brain-tumor-classification-mri/Training/no_tumor/image(290).jpg,False,False,0.03538636129165377,0.06392452030107071,0.13851389676687464,0.0346993410214168,0.1366361271349395,0.5004346370697021,0.7486277222633362,0.3378644585609436,0.6160824298858643
D1,no_tumor,198,/kaggle/input/datasets/sartajbhuvaji/brain-tumor-classification-mri/Training/no_tumor/image(295).jpg,False,False,0.07925583396064093,0.05898491083676269,0.04194352159468438,0.016921673928462864,0.03325440131782147,0.6486796140670776,0.6008513569831848,0.32837212085723877,0.686119019985199
D1,no_tumor,199,/kaggle/input/datasets/sartajbhuvaji/brain-tumor-classification-mri/Training/no_tumor/image(33).jpg,False,False,0.10067997367843826,0.0908695652173913,0.01950426655830963,0.04205170802616551,0.014147130153597413,0.38579657673835754,0.5000973343849182,0.46565988659858704,0.6132117509841919
D1,no_tumor,200,/kaggle/input/datasets/sartajbhuvaji/brain-tumor-classification-mri/Training/no_tumor/image(36).jpg,False,False,0.07115425645402176,0.09923329682365827,0.14584046559397468,0.07096361114075339,0.1459237268782827,0.4496501088142395,0.6212800741195679,0.30048874020576477,0.6122585535049438
D1,no_tumor,201,/kaggle/input/datasets/sartajbhuvaji/brain-tumor-classification-mri/Training/no_tumor/image(38).jpg,False,False,0.020433058859408357,0.1096859796550199,0.010265700483091788,0.04955567171981182,0.040634394112159224,0.4523652493953705,0.6967702507972717,0.17150555551052094,0.6553890109062195
D1,no_tumor,202,/kaggle/input/datasets/sartajbhuvaji/brain-tumor-classification-mri/Training/no_tumor/image(46).jpg,False,False,0.06830513884455792,0.08803122289679098,0.14584046559397468,0.06811409110259685,0.1459237268782827,0.4753696918487549,0.5740059614181519,0.2922411262989044,0.6824865937232971
D1,no_tumor,203,/kaggle/input/datasets/sartajbhuvaji/brain-tumor-classification-mri/Training/no_tumor/image(5).jpg,False,False,0.02115971515768057,0.10431338028169014,0.010265700483091788,0.05396325459317585,0.040634394112159224,0.4670513868331909,0.723686933517456,0.1867777705192566,0.5949850678443909
D1,no_tumor,204,/kaggle/input/datasets/sartajbhuvaji/brain-tumor-classification-mri/Training/no_tumor/image(67).jpg,False,False,0.02165294297041781,0.19107524329456443,0.02092645266151971,0.027837478251970117,0.023646926918764653,0.35149872303009033,0.44347208738327026,0.4061651825904846,0.34424519538879395
D1,no_tumor,205,/kaggle/input/datasets/sartajbhuvaji/brain-tumor-classification-mri/Training/no_tumor/image(88).jpg,False,False,0.02064476761924133,0.06902428632296549,0.023768234214016117,0.08462120393385929,0.044981257809246146,0.5267223715782166,0.7052804231643677,0.36610960960388184,0.4253036677837372
D1,no_tumor,318,/kaggle/input/datasets/sartajbhuvaji/brain-tumor-classification-mri/Testing/no_tumor/image(22).jpg,False,False,0.06029567053854277,0.08838520767812602,0.14584046559397468,0.05999155048584706,0.1459237268782827,0.4909229278564453,0.5761970281600952,0.36221569776535034,0.6737604141235352
D1,no_tumor,319,/kaggle/input/datasets/sartajbhuvaji/brain-tumor-classification-mri/Testing/no_tumor/image(29).jpg,False,False,0.018879415347137638,0.10870525850640743,0.010265700483091788,0.05562565720294427,0.040634394112159224,0.415428102016449,0.766193151473999,0.17869552969932556,0.667164146900177
D1,no_tumor,320,/kaggle/input/datasets/sartajbhuvaji/brain-tumor-classification-mri/Testing/no_tumor/image(39).jpg,False,False,0.03463917525773196,0.11709706144256456,0.007832898172323759,0.02022974484090678,0.010878323932312651,0.45184242725372314,0.6652634739875793,0.22764870524406433,0.6349902749061584
D1,no_tumor,321,/kaggle/input/datasets/sartajbhuvaji/brain-tumor-classification-mri/Testing/no_tumor/image(44).jpg,False,False,0.039888106092001656,0.05001046243984097,0.012406697599354448,0.051110180142438205,0.08450399827101794,0.6452832818031311,0.7308951616287231,0.5023233294487,0.637775182723999
D1,no_tumor,322,/kaggle/input/datasets/sartajbhuvaji/brain-tumor-classification-mri/Testing/no_tumor/image(47).jpg,False,False,0.028694404591104734,0.11560693641618497,0.010265700483091788,0.053852613898803275,0.040634394112159224,0.4130775034427643,0.7043625116348267,0.1993631273508072,0.7080227136611938
D1,no_tumor,323,/kaggle/input/datasets/sartajbhuvaji/brain-tumor-classification-mri/Testing/no_tumor/image(58).jpg,False,False,0.09158146617359147,0.0813489925654563,0.01950426655830963,0.04313480927138551,0.014147130153597413,0.2706950008869171,0.5213291645050049,0.47344592213630676,0.6448591351509094
D1,no_tumor,324,/kaggle/input/datasets/sartajbhuvaji/brain-tumor-classification-mri/Testing/no_tumor/image(6).jpg,False,False,0.017540302139308527,0.10858279023528113,0.007832898172323759,0.027331354283959462,0.010878323932312651,0.43039068579673767,0.6891171336174011,0.19886371493339539,0.6796633005142212
D1,no_tumor,325,/kaggle/input/datasets/sartajbhuvaji/brain-tumor-classification-mri/Testing/no_tumor/image(61).jpg,False,False,0.060183718720304084,0.09396119468061914,0.14584046559397468,0.05987960713908544,0.1459237268782827,0.5142517685890198,0.538276731967926,0.3036586344242096,0.6862607598304749
D1,no_tumor,326,/kaggle/input/datasets/sartajbhuvaji/brain-tumor-classification-mri/Testing/no_tumor/image(63).jpg,False,False,0.02376338602753697,0.10858279023528113,0.010265700483091788,0.048897711837843486,0.040634394112159224,0.4588564336299896,0.6623964905738831,0.1562105268239975,0.6788837909698486
D1,no_tumor,327,/kaggle/input/datasets/sartajbhuvaji/brain-tumor-classification-mri/Testing/no_tumor/image(71).jpg,False,False,0.08002581477896095,0.09563318777292576,0.14584046559397468,0.07983645362599527,0.1459237268782827,0.44626861810684204,0.6006690859794617,0.28291067481040955,0.6583345532417297
D1,no_tumor,328,/kaggle/input/datasets/sartajbhuvaji/brain-tumor-classification-mri/Testing/no_tumor/image(92).jpg,False,False,0.020097442143727162,0.2091566265060241,0.02092645266151971,0.024064443764657897,0.023646926918764653,0.4099682569503784,0.4588552713394165,0.3353605270385742,0.3128575086593628
D1,pituitary,206,/kaggle/input/datasets/sartajbhuvaji/brain-tumor-classification-mri/Training/pituitary_tumor/p (100).jpg,False,False,0.07096361114075339,0.12033936146461263,0.09217542714114703,0.02043721403152008,0.04107883817427386,0.18060114979743958,0.7162209749221802,0.12879565358161926,0.1756734400987625
D1,pituitary,207,/kaggle/input/datasets/sartajbhuvaji/brain-tumor-classification-mri/Training/pituitary_tumor/p (109).jpg,False,False,0.12662775033677592,0.10626102292768959,0.10613909401520996,0.12637485970819304,0.10638297872340426,0.18834072351455688,0.4801849126815796,0.11647550016641617,0.21059557795524597
D1,pituitary,208,/kaggle/input/datasets/sartajbhuvaji/brain-tumor-classification-mri/Training/pituitary_tumor/p (124).jpg,False,False,0.06201058201058201,0.10407040704070407,0.12284627433430298,0.06311553531716615,0.12494397131331242,0.11438252031803131,0.15080030262470245,0.09398358315229416,0.11147911101579666
D1,pituitary,209,/kaggle/input/datasets/sartajbhuvaji/brain-tumor-classification-mri/Training/pituitary_tumor/p (126).jpg,False,False,0.23489602559370001,0.1662986635676932,0.10674900749889722,0.06765957446808511,0.04043126684636118,0.11748925596475601,0.5439909100532532,0.11371951550245285,0.13124006986618042
D1,pituitary,211,/kaggle/input/datasets/sartajbhuvaji/brain-tumor-classification-mri/Training/pituitary_tumor/p (136).jpg,False,True,0.25685660613650596,0.2013406751256883,0.14710252600297177,0.10000797193877552,0.10000797193877552,0.1205388680100441,0.5192164182662964,0.07965566962957382,0.15195970237255096
D1,pituitary,212,/kaggle/input/datasets/sartajbhuvaji/brain-tumor-classification-mri/Training/pituitary_tumor/p (18).jpg,False,False,0.0588731799957797,0.16792738275340394,0.04389432078219264,0.0347207912631362,0.023125509372453137,0.14210905134677887,0.5761542916297913,0.09921735525131226,0.23617178201675415
D1,pituitary,213,/kaggle/input/datasets/sartajbhuvaji/brain-tumor-classification-mri/Training/pituitary_tumor/p (207).jpg,False,False,0.03129810159055926,0.1735266604303087,0.028132992327365727,0.03816714935870914,0.02199368699725079,0.18005159497261047,0.3672484755516052,0.0932937040925026,0.18702416121959686
D1,pituitary,214,/kaggle/input/datasets/sartajbhuvaji/brain-tumor-classification-mri/Training/pituitary_tumor/p (208).jpg,False,False,0.01332794830371567,0.21944106925880924,0.042268148302004364,0.02241238793806031,0.05001046243984097,0.1985894739627838,0.505240261554718,0.09814824163913727,0.24522793292999268
D1,pituitary,215,/kaggle/input/datasets/sartajbhuvaji/brain-tumor-classification-mri/Training/pituitary_tumor/p (209).jpg,False,False,0.08873942286830115,0.1765533411488863,0.13786848072562358,0.11374986128065698,0.15223880597014924,0.1348085105419159,0.3081780672073364,0.09834781289100647,0.19746145606040955
D1,pituitary,216,/kaggle/input/datasets/sartajbhuvaji/brain-tumor-classification-mri/Training/pituitary_tumor/p (210).jpg,False,False,0.01671224551807961,0.1322202166064982,0.06583138670630707,0.0187798193076845,0.05276408266023287,0.16034112870693207,0.3734947741031647,0.08748336136341095,0.19819355010986328
D1,pituitary,217,/kaggle/input/datasets/sartajbhuvaji/brain-tumor-classification-mri/Training/pituitary_tumor/p (211).jpg,False,False,0.12181271573321456,0.11029981192609802,0.15129699462918525,0.15742128935532235,0.10944063674552289,0.15661175549030304,0.37202179431915283,0.09144283086061478,0.1777341514825821
D1,pituitary,218,/kaggle/input/datasets/sartajbhuvaji/brain-tumor-classification-mri/Training/pituitary_tumor/p (212).jpg,False,False,0.16751977664029782,0.10504294208324158,0.05619869501157651,0.11152951600398715,0.10674900749889722,0.237033411860466,0.3994637727737427,0.08716539293527603,0.18041078746318817
D1,pituitary,219,/kaggle/input/datasets/sartajbhuvaji/brain-tumor-classification-mri/Training/pituitary_tumor/p (25).jpg,False,False,0.1896633475580844,0.2434642547391897,0.1507854603829836,0.15435932827237175,0.1205895489057615,0.11153055727481842,0.4779798984527588,0.10765457153320312,0.22918890416622162
D1,pituitary,220,/kaggle/input/datasets/sartajbhuvaji/brain-tumor-classification-mri/Training/pituitary_tumor/p (250).jpg,True,False,0.10000797193877552,0.10297834926915046,0.10000797193877552,0.03849337748344371,0.051110180142438205,0.17638680338859558,0.40786099433898926,0.09234324842691422,0.18685102462768555
D1,pituitary,221,/kaggle/input/datasets/sartajbhuvaji/brain-tumor-classification-mri/Training/pituitary_tumor/p (255).jpg,False,False,0.029961009644982557,0.10993143109931432,0.10235009883593235,0.02502298028801961,0.12159141707644167,0.1893465220928192,0.5268003940582275,0.09745752811431885,0.19585418701171875
D1,pituitary,222,/kaggle/input/datasets/sartajbhuvaji/brain-tumor-classification-mri/Training/pituitary_tumor/p (262).jpg,False,False,0.028384055743416334,0.14670932358318098,0.0774020397208803,0.024604389994895354,0.06505359227422265,0.1776440441608429,0.5183283686637878,0.11814887076616287,0.18223175406455994
D1,pituitary,223,/kaggle/input/datasets/sartajbhuvaji/brain-tumor-classification-mri/Training/pituitary_tumor/p (263).jpg,False,False,0.044437506504318866,0.07050666666666666,0.03677685950413223,0.11914040752700145,0.08565564916828688,0.1657181829214096,0.5005095601081848,0.11759541928768158,0.16239696741104126
D1,pituitary,224,/kaggle/input/datasets/sartajbhuvaji/brain-tumor-classification-mri/Training/pituitary_tumor/p (293).jpg,False,False,0.04302639783828726,0.1318371489793617,0.08956682227771143,0.06032752245113576,0.08732394366197183,0.18245749175548553,0.3194262385368347,0.08754982799291611,0.19415251910686493
D1,pituitary,225,/kaggle/input/datasets/sartajbhuvaji/brain-tumor-classification-mri/Training/pituitary_tumor/p (320).jpg,False,False,0.035706914344685245,0.1205895489057615,0.0780964657857987,0.044849115504682624,0.048011689802734576,0.14005792140960693,0.4805102050304413,0.0906539335846901,0.2996179759502411
D1,pituitary,226,/kaggle/input/datasets/sartajbhuvaji/brain-tumor-classification-mri/Training/pituitary_tumor/p (327).jpg,False,False,0.0918189730200174,0.11103730764972877,0.08216519301272375,0.0684552326200362,0.05287452790600084,0.14961908757686615,0.6353219151496887,0.11569005995988846,0.20535273849964142
D1,pituitary,227,/kaggle/input/datasets/sartajbhuvaji/brain-tumor-classification-mri/Training/pituitary_tumor/p (350).jpg,False,False,0.10931800596882944,0.16521537211192383,0.06257278983589201,0.12409004367790347,0.07301689116955314,0.13739347457885742,0.6645709276199341,0.1008458286523819,0.25226280093193054
D1,pituitary,228,/kaggle/input/datasets/sartajbhuvaji/brain-tumor-classification-mri/Training/pituitary_tumor/p (351).jpg,False,False,0.02502298028801961,0.1598289610539697,0.0737134909596662,0.011082006850695145,0.08462120393385929,0.13789133727550507,0.7522627711296082,0.09774520248174667,0.2743576169013977
D1,pituitary,229,/kaggle/input/datasets/sartajbhuvaji/brain-tumor-classification-mri/Training/pituitary_tumor/p (352).jpg,False,False,0.06482758620689655,0.09336529033663797,0.05188135415574888,0.1034634414513469,0.07937190793719079,0.19919051229953766,0.6244102716445923,0.09782762825489044,0.23168224096298218
D1,pituitary,230,/kaggle/input/datasets/sartajbhuvaji/brain-tumor-classification-mri/Training/pituitary_tumor/p (359).jpg,False,False,0.24423506074882223,0.1579554632514134,0.15822273514137333,0.10000797193877552,0.10000797193877552,0.16957423090934753,0.7706219553947449,0.10170186311006546,0.2504332363605499
D1,pituitary,231,/kaggle/input/datasets/sartajbhuvaji/brain-tumor-classification-mri/Training/pituitary_tumor/p (366).jpg,False,True,0.029544521953221173,0.1315819145337693,0.06641164594623312,0.10000797193877552,0.10000797193877552,0.17725379765033722,0.6927529573440552,0.08186618983745575,0.24355480074882507
D1,pituitary,232,/kaggle/input/datasets/sartajbhuvaji/brain-tumor-classification-mri/Training/pituitary_tumor/p (371).jpg,False,False,0.12121550664730198,0.1699696899044066,0.06856899488926746,0.15969493875664434,0.044002912722355146,0.13032983243465424,0.5757368206977844,0.08694098144769669,0.1721012443304062
D1,pituitary,233,/kaggle/input/datasets/sartajbhuvaji/brain-tumor-classification-mri/Training/pituitary_tumor/p (374).jpg,False,False,0.11054553502268452,0.14396443633876668,0.05144054478784704,0.030178608088688153,0.06156124391791834,0.15654928982257843,0.4161430299282074,0.10570157319307327,0.19971773028373718
D1,pituitary,234,/kaggle/input/datasets/sartajbhuvaji/brain-tumor-classification-mri/Training/pituitary_tumor/p (375).jpg,False,False,0.14149226569608736,0.15303308823529413,0.13018018018018018,0.13150191398333708,0.09215387959139318,0.2347220927476883,0.5282993316650391,0.09107579290866852,0.15454724431037903
D1,pituitary,235,/kaggle/input/datasets/sartajbhuvaji/brain-tumor-classification-mri/Training/pituitary_tumor/p (376).jpg,False,False,0.05320600272851296,0.12688075454749606,0.05519924298181054,0.06369899311075782,0.05965579136310844,0.2010805308818817,0.5538068413734436,0.12356943637132645,0.20092004537582397
D1,pituitary,236,/kaggle/input/datasets/sartajbhuvaji/brain-tumor-classification-mri/Training/pituitary_tumor/p (377).jpg,False,False,0.04205170802616551,0.14305239179954443,0.08980345314366381,0.02449979583503471,0.09015859222246361,0.1813545525074005,0.4861244261264801,0.09836239367723465,0.17848114669322968
D1,pituitary,237,/kaggle/input/datasets/sartajbhuvaji/brain-tumor-classification-mri/Training/pituitary_tumor/p (378).jpg,False,False,0.053017602682313494,0.16562137049941927,0.062143310082435003,0.025127681307456587,0.05144054478784704,0.16972343623638153,0.533320426940918,0.0961885079741478,0.17903758585453033
D1,pituitary,238,/kaggle/input/datasets/sartajbhuvaji/brain-tumor-classification-mri/Training/pituitary_tumor/p (381).jpg,False,False,0.05089005235602094,0.13056212684465474,0.15091743119266054,0.07543934847835405,0.15409383624655013,0.17289642989635468,0.5849114656448364,0.09279196709394455,0.22617799043655396
D1,pituitary,239,/kaggle/input/datasets/sartajbhuvaji/brain-tumor-classification-mri/Training/pituitary_tumor/p (382).jpg,False,False,0.0580917237743806,0.13285923919178236,0.06234783529162697,0.07716248121914573,0.08531574394463667,0.1734219342470169,0.625599205493927,0.0971243605017662,0.23193448781967163
D1,pituitary,240,/kaggle/input/datasets/sartajbhuvaji/brain-tumor-classification-mri/Training/pituitary_tumor/p (383).jpg,False,False,0.1669573305429601,0.15648766997003918,0.10564000881251377,0.15157773952954676,0.1035847811744007,0.13840767741203308,0.5783091187477112,0.0843735858798027,0.24229872226715088
D1,pituitary,241,/kaggle/input/datasets/sartajbhuvaji/brain-tumor-classification-mri/Training/pituitary_tumor/p (384).jpg,False,False,0.061224489795918366,0.14396443633876668,0.05023022185014651,0.12810428137993032,0.07277195982047446,0.15679918229579926,0.6180147528648376,0.09513537585735321,0.21230453252792358
D1,pituitary,242,/kaggle/input/datasets/sartajbhuvaji/brain-tumor-classification-mri/Training/pituitary_tumor/p (39).jpg,False,False,0.02292409577177789,0.18376975701816467,0.051418996753586764,0.039569090532421795,0.0588731799957797,0.1371380239725113,0.5156652927398682,0.09345154464244843,0.180267795920372
D1,pituitary,243,/kaggle/input/datasets/sartajbhuvaji/brain-tumor-classification-mri/Training/pituitary_tumor/p (402).jpg,False,False,0.020022359995934547,0.14631639063392346,0.029227771510614297,0.061898211829436035,0.07902376088592625,0.13402697443962097,0.31196367740631104,0.08590714633464813,0.19508381187915802
D1,pituitary,244,/kaggle/input/datasets/sartajbhuvaji/brain-tumor-classification-mri/Training/pituitary_tumor/p (403).jpg,False,False,0.14318259482856818,0.23231827111984282,0.12612208258527827,0.13502205134004297,0.1215778299251313,0.13951723277568817,0.2696058452129364,0.08663016557693481,0.11154130846261978
D1,pituitary,245,/kaggle/input/datasets/sartajbhuvaji/brain-tumor-classification-mri/Training/pituitary_tumor/p (426).jpg,False,False,0.06340637239335238,0.11362627607634265,0.014030483496517613,0.0306017662764428,0.019400711020822754,0.20755526423454285,0.4771488308906555,0.10058940947055817,0.2643255889415741
D1,pituitary,246,/kaggle/input/datasets/sartajbhuvaji/brain-tumor-classification-mri/Training/pituitary_tumor/p (456).jpg,False,False,0.03007287283177666,0.14513920584208123,0.0306017662764428,0.07336898395721925,0.021579804560260585,0.1269385814666748,0.4383765459060669,0.08964357525110245,0.1684247851371765
D1,pituitary,247,/kaggle/input/datasets/sartajbhuvaji/brain-tumor-classification-mri/Training/pituitary_tumor/p (457).jpg,False,False,0.06856899488926746,0.15768831468450803,0.07187867136601517,0.034212695795548226,0.06021550813437566,0.10659264773130417,0.5035630464553833,0.08487320691347122,0.16556915640830994
D1,pituitary,248,/kaggle/input/datasets/sartajbhuvaji/brain-tumor-classification-mri/Training/pituitary_tumor/p (458).jpg,False,False,0.06940600383223335,0.12903588705141186,0.0880537203509152,0.09015859222246361,0.05431242777602689,0.15546412765979767,0.39346960186958313,0.09127915650606155,0.19279247522354126
D1,pituitary,249,/kaggle/input/datasets/sartajbhuvaji/brain-tumor-classification-mri/Training/pituitary_tumor/p (459).jpg,True,False,0.10000797193877552,0.1248598968841067,0.10000797193877552,0.10000797193877552,0.10000797193877552,0.12604622542858124,0.43891599774360657,0.09074339270591736,0.18993139266967773
D1,pituitary,250,/kaggle/input/datasets/sartajbhuvaji/brain-tumor-classification-mri/Training/pituitary_tumor/p (46).jpg,False,False,0.07566177258600365,0.1345240786796292,0.058643602995464617,0.05640324108176365,0.028796884607501537,0.16751210391521454,0.619327187538147,0.10300333797931671,0.2085023671388626
D1,pituitary,251,/kaggle/input/datasets/sartajbhuvaji/brain-tumor-classification-mri/Training/pituitary_tumor/p (47).jpg,False,False,0.1368373357498867,0.10055927184998355,0.07913978494623657,0.053648293963254594,0.10176748270940827,0.16675928235054016,0.4854266941547394,0.10523705184459686,0.25330644845962524
D1,pituitary,252,/kaggle/input/datasets/sartajbhuvaji/brain-tumor-classification-mri/Training/pituitary_tumor/p (483).jpg,False,False,0.04021558872305141,0.0908695652173913,0.05642105263157895,0.09336529033663797,0.07050666666666666,0.15288381278514862,0.6224262118339539,0.10377620160579681,0.26849445700645447
D1,pituitary,253,/kaggle/input/datasets/sartajbhuvaji/brain-tumor-classification-mri/Training/pituitary_tumor/p (484).jpg,False,False,0.03417044051049815,0.13632246376811594,0.04199937778699575,0.07613124597898349,0.09491599389046476,0.12956036627292633,0.5891550779342651,0.12019003927707672,0.27044403553009033
D1,pituitary,254,/kaggle/input/datasets/sartajbhuvaji/brain-tumor-classification-mri/Training/pituitary_tumor/p (492).jpg,False,False,0.05412776670512955,0.16399907214103457,0.07521934517440616,0.026175869120654397,0.03870834195818671,0.1813380867242813,0.5323749780654907,0.09519036114215851,0.17961518466472626
D1,pituitary,255,/kaggle/input/datasets/sartajbhuvaji/brain-tumor-classification-mri/Training/pituitary_tumor/p (528).jpg,False,False,0.07096361114075339,0.11909009812667261,0.06088794926004228,0.04968099571174563,0.03989223914620246,0.13855038583278656,0.5099331140518188,0.0878254845738411,0.17881187796592712
D1,pituitary,256,/kaggle/input/datasets/sartajbhuvaji/brain-tumor-classification-mri/Training/pituitary_tumor/p (548).jpg,False,False,0.04716193656093489,0.19149946574854565,0.07210768080333298,0.036838303580641836,0.046121811556481,0.14357587695121765,0.26827558875083923,0.09930947422981262,0.16266152262687683
D2,glioma,0,/kaggle/input/datasets/briscdataset/brisc2025/brisc2025/classification_task/train/glioma/brisc2025_train_00002_gl_ax_t1.jpg,False,False,0.03759165547867396,0.13670857401744252,0.07076627944154322,0.039569090532421795,0.0700501119522337,0.2520163953304291,0.7824209332466125,0.10860394686460495,0.37133654952049255
D2,glioma,1,/kaggle/input/datasets/briscdataset/brisc2025/brisc2025/classification_task/train/glioma/brisc2025_train_00015_gl_ax_t1.jpg,False,False,0.07682403433476395,0.09122539958682178,0.05697735650342285,0.0038003800380038005,0.03720161206985636,0.3817002773284912,0.9486944079399109,0.16083018481731415,0.8412516117095947
D2,glioma,2,/kaggle/input/datasets/briscdataset/brisc2025/brisc2025/classification_task/train/glioma/brisc2025_train_00024_gl_ax_t1.jpg,False,False,0.030495944142109047,0.15502359304868224,0.03240407365497377,0.019295216817304763,0.07474033622443517,0.2816081941127777,0.9483628273010254,0.16783107817173004,0.6970159411430359
D2,glioma,3,/kaggle/input/datasets/briscdataset/brisc2025/brisc2025/classification_task/train/glioma/brisc2025_train_00025_gl_ax_t1.jpg,False,False,0.030495944142109047,0.135551029644716,0.01661264181523501,0.15782187355791416,0.06415014314494752,0.24032235145568848,0.9670397639274597,0.13644564151763916,0.8570857048034668
D2,glioma,4,/kaggle/input/datasets/briscdataset/brisc2025/brisc2025/classification_task/train/glioma/brisc2025_train_00039_gl_ax_t1.jpg,False,False,0.031237155774763666,0.1204644412191582,0.07670850767085077,0.04411152725759467,0.03656269365833505,0.42703622579574585,0.9563440084457397,0.18206073343753815,0.7337918877601624
D2,glioma,5,/kaggle/input/datasets/briscdataset/brisc2025/brisc2025/classification_task/train/glioma/brisc2025_train_00096_gl_ax_t1.jpg,False,True,0.09015859222246361,0.17945704548125513,0.10407040704070407,0.10000797193877552,0.10000797193877552,0.2326229214668274,0.8874003887176514,0.19984963536262512,0.5802333950996399
D2,glioma,6,/kaggle/input/datasets/briscdataset/brisc2025/brisc2025/classification_task/train/glioma/brisc2025_train_00117_gl_ax_t1.jpg,False,False,0.06055162210715418,0.19079259610821073,0.07601586791036775,0.10055927184998355,0.09527447342573393,0.37982988357543945,0.9385263323783875,0.17687667906284332,0.90859454870224
D2,glioma,7,/kaggle/input/datasets/briscdataset/brisc2025/brisc2025/classification_task/train/glioma/brisc2025_train_00118_gl_ax_t1.jpg,False,False,0.06811409110259685,0.12272066226647275,0.01661264181523501,0.06856899488926746,0.05664350389555696,0.22844329476356506,0.9508067965507507,0.1618877351284027,0.8873510956764221
D2,glioma,8,/kaggle/input/datasets/briscdataset/brisc2025/brisc2025/classification_task/train/glioma/brisc2025_train_00119_gl_ax_t1.jpg,False,False,0.07477535301668806,0.10870525850640743,0.06554247534202991,0.06879659211927583,0.04302639783828726,0.3461240231990814,0.9653330445289612,0.11423949897289276,0.8588297963142395
D2,glioma,9,/kaggle/input/datasets/briscdataset/brisc2025/brisc2025/classification_task/train/glioma/brisc2025_train_00120_gl_ax_t1.jpg,False,False,0.019193663044582105,0.15902529160411133,0.008744597446979595,0.028173342895195165,0.0096579476861167,0.21869269013404846,0.9595130085945129,0.15930692851543427,0.8709613680839539
D2,glioma,10,/kaggle/input/datasets/briscdataset/brisc2025/brisc2025/classification_task/train/glioma/brisc2025_train_00121_gl_ax_t1.jpg,False,False,0.029438916811980714,0.12372634643377002,0.02481364239763096,0.028173342895195165,0.0424846785083619,0.2339712381362915,0.9500525593757629,0.1957152932882309,0.8610155582427979
D2,glioma,11,/kaggle/input/datasets/briscdataset/brisc2025/brisc2025/classification_task/train/glioma/brisc2025_train_00142_gl_ax_t1.jpg,False,False,0.05243288590604027,0.20033488817127137,0.0737134909596662,0.0580917237743806,0.17215603830880635,0.3432638645172119,0.9263035655021667,0.18108001351356506,0.9411171674728394
D2,glioma,12,/kaggle/input/datasets/briscdataset/brisc2025/brisc2025/classification_task/train/glioma/brisc2025_train_00163_gl_ax_t1.jpg,False,False,0.21619001454192924,0.10882775383935477,0.05731142014327855,0.10000797193877552,0.10000797193877552,0.23189710080623627,0.9443368911743164,0.1714262068271637,0.8596686124801636
D2,glioma,13,/kaggle/input/datasets/briscdataset/brisc2025/brisc2025/classification_task/train/glioma/brisc2025_train_00173_gl_ax_t1.jpg,False,False,0.04803675856307435,0.11239193083573487,0.06641164594623312,0.10000797193877552,0.10000797193877552,0.29857873916625977,0.9265458583831787,0.21593481302261353,0.7822510600090027
D2,glioma,14,/kaggle/input/datasets/briscdataset/brisc2025/brisc2025/classification_task/train/glioma/brisc2025_train_00189_gl_ax_t1.jpg,False,False,0.09110676233963905,0.09098815088596586,0.05575426046707343,0.016793120890237732,0.04112285063186244,0.22644178569316864,0.9539568424224854,0.18141241371631622,0.6976268887519836
D2,glioma,15,/kaggle/input/datasets/briscdataset/brisc2025/brisc2025/classification_task/train/glioma/brisc2025_train_00194_gl_ax_t1.jpg,False,False,0.0437857514300572,0.15915915915915915,0.0668651004571064,0.05243288590604027,0.0588731799957797,0.3426179885864258,0.9240041971206665,0.1334555745124817,0.856140673160553
D2,glioma,16,/kaggle/input/datasets/briscdataset/brisc2025/brisc2025/classification_task/train/glioma/brisc2025_train_00198_gl_ax_t1.jpg,False,False,0.02764693835756707,0.06584536958368734,0.04968099571174563,0.013013214970241098,0.08211206896551725,0.1999742090702057,0.9548929929733276,0.160484179854393,0.8004224300384521
D2,glioma,17,/kaggle/input/datasets/briscdataset/brisc2025/brisc2025/classification_task/train/glioma/brisc2025_train_00199_gl_ax_t1.jpg,False,False,0.04411152725759467,0.10007672914611422,0.043460178831357874,0.016799919036534765,0.052703269069572505,0.29165729880332947,0.9554003477096558,0.1572752147912979,0.8086572289466858
D2,glioma,18,/kaggle/input/datasets/briscdataset/brisc2025/brisc2025/classification_task/train/glioma/brisc2025_train_00200_gl_ax_t1.jpg,False,False,0.1527682058350563,0.09193776520509193,0.0666383250079711,0.019090170593013808,0.03527955436352383,0.34697696566581726,0.9683486223220825,0.17050780355930328,0.86803138256073
D2,glioma,19,/kaggle/input/datasets/briscdataset/brisc2025/brisc2025/classification_task/train/glioma/brisc2025_train_00201_gl_ax_t1.jpg,False,False,0.12928997411950038,0.1349089675449508,0.14396443633876668,0.040799420109764936,0.08612491895396586,0.30333027243614197,0.9545578956604004,0.17093560099601746,0.8789035081863403
D2,glioma,20,/kaggle/input/datasets/briscdataset/brisc2025/brisc2025/classification_task/train/glioma/brisc2025_train_00222_gl_ax_t1.jpg,False,False,0.019703432866138532,0.11896532500836214,0.06299629433562731,0.00984924623115578,0.031198686371100164,0.2640026807785034,0.9162684679031372,0.15001128613948822,0.8140382170677185
D2,glioma,21,/kaggle/input/datasets/briscdataset/brisc2025/brisc2025/classification_task/train/glioma/brisc2025_train_00235_gl_ax_t1.jpg,False,False,0.07383267443102895,0.14670932358318098,0.07325929090132421,0.04748982360922659,0.07119222969367062,0.2840770483016968,0.9371961951255798,0.1581093668937683,0.6684134006500244
D2,glioma,22,/kaggle/input/datasets/briscdataset/brisc2025/brisc2025/classification_task/train/glioma/brisc2025_train_00294_gl_ax_t1.jpg,False,False,0.060775816509882674,0.1408434693645561,0.048803427735395546,0.03913853799958584,0.039246142694418555,0.25401896238327026,0.954961359500885,0.16463392972946167,0.7513397336006165
D2,glioma,23,/kaggle/input/datasets/briscdataset/brisc2025/brisc2025/classification_task/train/glioma/brisc2025_train_00295_gl_ax_t1.jpg,False,False,0.02965014876372217,0.14775846294602013,0.0832164058283864,0.006417970316887284,0.06167354279064847,0.23000046610832214,0.9575344324111938,0.165706604719162,0.810940146446228
D2,glioma,24,/kaggle/input/datasets/briscdataset/brisc2025/brisc2025/classification_task/train/glioma/brisc2025_train_00301_gl_ax_t1.jpg,False,False,0.031979434447300774,0.18390940191105343,0.03913853799958584,0.03699111386650134,0.06788678442221749,0.3178713619709015,0.9249523878097534,0.18020114302635193,0.8252127766609192
D2,glioma,25,/kaggle/input/datasets/briscdataset/brisc2025/brisc2025/classification_task/train/glioma/brisc2025_train_00338_gl_ax_t1.jpg,False,False,0.08838520767812602,0.19447750535586766,0.09193776520509193,0.08744175967060354,0.0940804535048512,0.4939880669116974,0.46120014786720276,0.17385022342205048,0.4153503477573395
D2,glioma,26,/kaggle/input/datasets/briscdataset/brisc2025/brisc2025/classification_task/train/glioma/brisc2025_train_00348_gl_ax_t1.jpg,False,True,0.054610375971434574,0.13516570523696414,0.03185367858610769,0.10000797193877552,0.10000797193877552,0.33549365401268005,0.3994641900062561,0.1773345023393631,0.21319149434566498
D2,glioma,27,/kaggle/input/datasets/briscdataset/brisc2025/brisc2025/classification_task/train/glioma/brisc2025_train_00349_gl_ax_t1.jpg,False,False,0.013527155259438725,0.1819573666234837,0.055176037834997374,0.012507565059511802,0.05997888067581837,0.44523105025291443,0.8703303337097168,0.1584024727344513,0.772714376449585
D2,glioma,28,/kaggle/input/datasets/briscdataset/brisc2025/brisc2025/classification_task/train/glioma/brisc2025_train_00368_gl_ax_t1.jpg,False,False,0.1373526745240254,0.15290063182079264,0.11909009812667261,0.04541666666666667,0.10128388017118402,0.2914907932281494,0.8730741143226624,0.1809585690498352,0.4299590587615967
D2,glioma,29,/kaggle/input/datasets/briscdataset/brisc2025/brisc2025/classification_task/train/glioma/brisc2025_train_00369_gl_ax_t1.jpg,False,False,0.04509007601791107,0.12410394265232975,0.04694345921134988,0.10000797193877552,0.10000797193877552,0.30984100699424744,0.9200243949890137,0.19654026627540588,0.734626829624176
D2,glioma,30,/kaggle/input/datasets/briscdataset/brisc2025/brisc2025/classification_task/train/glioma/brisc2025_train_00381_gl_ax_t1.jpg,False,False,0.044981257809246146,0.18390940191105343,0.08838520767812602,0.04172721610961179,0.07948800688394106,0.34469708800315857,0.4919973611831665,0.25332972407341003,0.7812283635139465
D2,glioma,31,/kaggle/input/datasets/briscdataset/brisc2025/brisc2025/classification_task/train/glioma/brisc2025_train_00416_gl_co_t1.jpg,False,False,0.1023725834797891,0.08123249299719888,0.0774020397208803,0.0668651004571064,0.05864978902953587,0.5652738213539124,0.887126088142395,0.15592031180858612,0.5895940661430359
D2,glioma,32,/kaggle/input/datasets/briscdataset/brisc2025/brisc2025/classification_task/train/glioma/brisc2025_train_00418_gl_co_t1.jpg,False,False,0.053316540722082285,0.1324757391108102,0.05597643097643098,0.043460178831357874,0.02282918874847126,0.2791481912136078,0.9438967704772949,0.2089291661977768,0.798771321773529
D2,glioma,33,/kaggle/input/datasets/briscdataset/brisc2025/brisc2025/classification_task/train/glioma/brisc2025_train_00427_gl_co_t1.jpg,False,False,0.10919540229885058,0.2141301717880474,0.10043859649122808,0.13005292196824683,0.10993143109931432,0.42308950424194336,0.894522488117218,0.2284720242023468,0.7105281352996826
D2,glioma,34,/kaggle/input/datasets/briscdataset/brisc2025/brisc2025/classification_task/train/glioma/brisc2025_train_00446_gl_co_t1.jpg,False,False,0.15316557508904977,0.15822273514137333,0.10931800596882944,0.024709005513579744,0.048255692500522245,0.2913530766963959,0.8959295153617859,0.21179510653018951,0.7419086694717407
D2,glioma,35,/kaggle/input/datasets/briscdataset/brisc2025/brisc2025/classification_task/train/glioma/brisc2025_train_00449_gl_co_t1.jpg,False,False,0.028384055743416334,0.0713065755764304,0.0560875512995896,0.06752445767758401,0.01939480097481722,0.360193133354187,0.9316281080245972,0.12158986181020737,0.579961895942688
D2,glioma,36,/kaggle/input/datasets/briscdataset/brisc2025/brisc2025/classification_task/train/glioma/brisc2025_train_00454_gl_co_t1.jpg,False,False,0.08921206859127415,0.12021430963277152,0.09947414548641542,0.03560004127541017,0.022620745873242306,0.4627734124660492,0.9516242742538452,0.2070326954126358,0.837891161441803
D2,glioma,37,/kaggle/input/datasets/briscdataset/brisc2025/brisc2025/classification_task/train/glioma/brisc2025_train_00508_gl_co_t1.jpg,False,False,0.10613909401520996,0.15568862275449102,0.10213046343070503,0.11846651064304023,0.11350271829579496,0.38503387570381165,0.5349623560905457,0.2293800413608551,0.7166902422904968
D2,glioma,38,/kaggle/input/datasets/briscdataset/brisc2025/brisc2025/classification_task/train/glioma/brisc2025_train_00517_gl_co_t1.jpg,False,False,0.12574312955692654,0.16589219330855018,0.1095632946379215,0.12852805577420442,0.0588731799957797,0.3130793273448944,0.9022720456123352,0.14524371922016144,0.8841504454612732
D2,glioma,39,/kaggle/input/datasets/briscdataset/brisc2025/brisc2025/classification_task/train/glioma/brisc2025_train_00519_gl_co_t1.jpg,False,False,0.1295400877094344,0.19447750535586766,0.20544821792871715,0.11350271829579496,0.044654939106901215,0.3280142545700073,0.8425505757331848,0.20782090723514557,0.7426567673683167
D2,glioma,40,/kaggle/input/datasets/briscdataset/brisc2025/brisc2025/classification_task/train/glioma/brisc2025_train_00542_gl_co_t1.jpg,False,False,0.06731894076358609,0.18474796364065635,0.0969504863919554,0.03806371534960695,0.07394328517924023,0.34808096289634705,0.8234542608261108,0.16298894584178925,0.8796347975730896
D2,glioma,41,/kaggle/input/datasets/briscdataset/brisc2025/brisc2025/classification_task/train/glioma/brisc2025_train_00552_gl_co_t1.jpg,False,False,0.0813489925654563,0.10504294208324158,0.0813489925654563,0.01537838931606637,0.01128577186618299,0.36378833651542664,0.9283190965652466,0.2783187925815582,0.722650945186615
D2,glioma,42,/kaggle/input/datasets/briscdataset/brisc2025/brisc2025/classification_task/train/glioma/brisc2025_train_00553_gl_co_t1.jpg,False,False,0.049571219410165235,0.1256168685509197,0.017127799736495388,0.05026648552617828,0.01989039983762939,0.32171115279197693,0.8862183690071106,0.2853453755378723,0.6851722598075867
D2,glioma,43,/kaggle/input/datasets/briscdataset/brisc2025/brisc2025/classification_task/train/glioma/brisc2025_train_00557_gl_co_t1.jpg,False,False,0.04491111342135357,0.14149226569608736,0.01947459174358454,0.033353922174181594,0.033992583436341164,0.4280650317668915,0.9082266688346863,0.19903163611888885,0.7712905406951904
D2,glioma,44,/kaggle/input/datasets/briscdataset/brisc2025/brisc2025/classification_task/train/glioma/brisc2025_train_00558_gl_co_t1.jpg,False,False,0.04748982360922659,0.11597909485155121,0.07486344650315947,0.03731266149870801,0.02137187054752697,0.34465137124061584,0.9287591576576233,0.19836947321891785,0.7985443472862244
D2,glioma,45,/kaggle/input/datasets/briscdataset/brisc2025/brisc2025/classification_task/train/glioma/brisc2025_train_00559_gl_co_t1.jpg,False,False,0.05954391891891892,0.12840116932763662,0.10944063674552289,0.06550589234525958,0.11709706144256456,0.30160167813301086,0.9243559241294861,0.1903473138809204,0.8885973691940308
D2,glioma,46,/kaggle/input/datasets/briscdataset/brisc2025/brisc2025/classification_task/train/glioma/brisc2025_train_00561_gl_co_t1.jpg,False,False,0.15409383624655013,0.18797348484848486,0.12637485970819304,0.09539401877319363,0.05155071248952221,0.3527400493621826,0.9059073328971863,0.19465482234954834,0.7497192621231079
D2,glioma,47,/kaggle/input/datasets/briscdataset/brisc2025/brisc2025/classification_task/train/glioma/brisc2025_train_00562_gl_co_t1.jpg,False,False,0.2303542969228883,0.2126631222812953,0.20019134178426215,0.21222369851431333,0.19832835820895522,0.3668269217014313,0.9416097402572632,0.23999163508415222,0.8685998320579529
D2,glioma,48,/kaggle/input/datasets/briscdataset/brisc2025/brisc2025/classification_task/train/glioma/brisc2025_train_00588_gl_co_t1.jpg,False,False,0.03677685950413223,0.08462120393385929,0.05664350389555696,0.005203121873123874,0.0754737180173429,0.3125191926956177,0.9020241498947144,0.1887664943933487,0.8410443663597107
D2,glioma,49,/kaggle/input/datasets/briscdataset/brisc2025/brisc2025/classification_task/train/glioma/brisc2025_train_00594_gl_co_t1.jpg,False,True,0.05987960713908544,0.13030746705710103,0.041186845108413736,0.10000797193877552,0.10000797193877552,0.23714640736579895,0.9313579201698303,0.20035907626152039,0.8270667791366577
D2,meningioma,139,/kaggle/input/datasets/briscdataset/brisc2025/brisc2025/classification_task/train/meningioma/brisc2025_train_01150_me_ax_t1.jpg,False,False,0.01486500151683689,0.1927739481816021,0.0196078431372549,0.01486500151683689,0.0192971765183831,0.18675273656845093,0.1765035092830658,0.09941096603870392,0.10193195939064026
D2,meningioma,140,/kaggle/input/datasets/briscdataset/brisc2025/brisc2025/classification_task/train/meningioma/brisc2025_train_01151_me_ax_t1.jpg,False,False,0.0090488638648703,0.13709494674824382,0.03134313020244579,0.04716193656093489,0.0519916142557652,0.2673065960407257,0.3799052834510803,0.12957721948623657,0.09995447099208832
D2,meningioma,141,/kaggle/input/datasets/briscdataset/brisc2025/brisc2025/classification_task/train/meningioma/brisc2025_train_01154_me_ax_t1.jpg,False,False,0.039246142694418555,0.1030995823257859,0.0005982053838484546,0.01485748938750758,0.0831715210355987,0.1417512446641922,0.49612143635749817,0.12768477201461792,0.1134805679321289
D2,meningioma,142,/kaggle/input/datasets/briscdataset/brisc2025/brisc2025/classification_task/train/meningioma/brisc2025_train_01167_me_ax_t1.jpg,False,False,0.013737373737373737,0.1345240786796292,0.0424846785083619,0.0037003700370037006,0.04172721610961179,0.17440399527549744,0.6170144081115723,0.11256011575460434,0.11101699620485306
D2,meningioma,143,/kaggle/input/datasets/briscdataset/brisc2025/brisc2025/classification_task/train/meningioma/brisc2025_train_01174_me_ax_t1.jpg,False,False,0.02502298028801961,0.1484151504748827,0.009454838060752363,0.028788034012908515,0.070347473886165,0.215476855635643,0.6612884998321533,0.13168703019618988,0.17087756097316742
D2,meningioma,144,/kaggle/input/datasets/briscdataset/brisc2025/brisc2025/classification_task/train/meningioma/brisc2025_train_01175_me_ax_t1.jpg,False,False,0.022790883646541384,0.1662986635676932,0.04760929661103717,0.012714429868819375,0.07451820128479657,0.35454192757606506,0.959041178226471,0.2129327356815338,0.508683979511261
D2,meningioma,145,/kaggle/input/datasets/briscdataset/brisc2025/brisc2025/classification_task/train/meningioma/brisc2025_train_01182_me_ax_t1.jpg,False,False,0.17848755284170972,0.15822273514137333,0.15822273514137333,0.1416221135251962,0.12033936146461263,0.1261119842529297,0.8170336484909058,0.07148859649896622,0.12077487260103226
D2,meningioma,146,/kaggle/input/datasets/briscdataset/brisc2025/brisc2025/classification_task/train/meningioma/brisc2025_train_01188_me_ax_t1.jpg,False,False,0.03325440131782147,0.06913816980931074,0.023663810689514484,0.017024726388325903,0.076939585792467,0.13520434498786926,0.35904690623283386,0.11421910673379898,0.09799506515264511
D2,meningioma,147,/kaggle/input/datasets/briscdataset/brisc2025/brisc2025/classification_task/train/meningioma/brisc2025_train_01194_me_ax_t1.jpg,False,False,0.027015963978714697,0.03357363542739444,0.05708868759216347,0.24593420235878335,0.061224489795918366,0.10587599873542786,0.614822506904602,0.16882415115833282,0.20713086426258087
D2,meningioma,148,/kaggle/input/datasets/briscdataset/brisc2025/brisc2025/classification_task/train/meningioma/brisc2025_train_01204_me_ax_t1.jpg,False,False,0.00833919421280016,0.0940804535048512,0.007832898172323759,0.03855297157622739,0.08744588744588745,0.12481461465358734,0.708299994468689,0.11880392581224442,0.051930785179138184
D2,meningioma,149,/kaggle/input/datasets/briscdataset/brisc2025/brisc2025/classification_task/train/meningioma/brisc2025_train_01211_me_ax_t1.jpg,False,False,0.16589219330855018,0.08614718614718615,0.023663810689514484,0.2216676810712112,0.06043956043956044,0.21723823249340057,0.8208051919937134,0.2031872719526291,0.2726077437400818
D2,meningioma,150,/kaggle/input/datasets/briscdataset/brisc2025/brisc2025/classification_task/train/meningioma/brisc2025_train_01212_me_ax_t1.jpg,False,False,0.02085240565557929,0.11784361773223435,0.054090956832265516,0.018883248730964468,0.061448968799576946,0.13360777497291565,0.8265281915664673,0.11409680545330048,0.14604195952415466
D2,meningioma,151,/kaggle/input/datasets/briscdataset/brisc2025/brisc2025/classification_task/train/meningioma/brisc2025_train_01223_me_ax_t1.jpg,False,False,0.03251028806584362,0.07647752869248096,0.012510088781275222,0.05511232416544195,0.019991881469454027,0.40967363119125366,0.9099311232566833,0.2599530518054962,0.13946330547332764
D2,meningioma,152,/kaggle/input/datasets/briscdataset/brisc2025/brisc2025/classification_task/train/meningioma/brisc2025_train_01225_me_ax_t1.jpg,False,False,0.025441912741391643,0.1030995823257859,0.06675170068027211,0.029333333333333333,0.10419188029486193,0.14239723980426788,0.7184862494468689,0.11618774384260178,0.11937178671360016
D2,meningioma,153,/kaggle/input/datasets/briscdataset/brisc2025/brisc2025/classification_task/train/meningioma/brisc2025_train_01254_me_ax_t1.jpg,False,False,0.044981257809246146,0.13993639254884144,0.03752713739274269,0.3582352145080525,0.11251524221261501,0.2435411661863327,0.9253889322280884,0.20952388644218445,0.5649651885032654
D2,meningioma,155,/kaggle/input/datasets/briscdataset/brisc2025/brisc2025/classification_task/train/meningioma/brisc2025_train_01275_me_ax_t1.jpg,False,False,0.007428227263601686,0.20610503545246966,0.0128166313452417,0.027752176139272913,0.027541722125524727,0.10244966298341751,0.9514034986495972,0.22103054821491241,0.29630252718925476
D2,meningioma,156,/kaggle/input/datasets/briscdataset/brisc2025/brisc2025/classification_task/train/meningioma/brisc2025_train_01279_me_ax_t1.jpg,False,False,0.029858403447568235,0.13401129943502824,0.03463560457684775,0.38389409817981246,0.10944063674552289,0.31394335627555847,0.9256572127342224,0.2103276550769806,0.588485062122345
D2,meningioma,157,/kaggle/input/datasets/briscdataset/brisc2025/brisc2025/classification_task/train/meningioma/brisc2025_train_01293_me_ax_t1.jpg,False,False,0.026280805808364862,0.17147192716236723,0.015070294325882472,0.33581791561293756,0.16983331390604967,0.32620441913604736,0.9049193859100342,0.18356747925281525,0.5352476835250854
D2,meningioma,158,/kaggle/input/datasets/briscdataset/brisc2025/brisc2025/classification_task/train/meningioma/brisc2025_train_01305_me_ax_t1.jpg,False,False,0.03431928269607338,0.22914880587875078,0.05386957891420771,0.16860735910572894,0.13094433175569078,0.11776946485042572,0.4676915407180786,0.0620739683508873,0.07167858630418777
D2,meningioma,159,/kaggle/input/datasets/briscdataset/brisc2025/brisc2025/classification_task/train/meningioma/brisc2025_train_01309_me_ax_t1.jpg,False,False,0.30779254626009905,0.12360053739364084,0.10944063674552289,0.3750855578370979,0.12738496071829405,0.6218762397766113,0.8957815170288086,0.3624802827835083,0.6042232513427734
D2,meningioma,160,/kaggle/input/datasets/briscdataset/brisc2025/brisc2025/classification_task/train/meningioma/brisc2025_train_01324_me_ax_t1.jpg,False,False,0.033360790774299834,0.14749599817059228,0.004001600640256103,0.03978450062163282,0.013634986365013636,0.15329612791538239,0.9731271266937256,0.22819586098194122,0.2830055058002472
D2,meningioma,161,/kaggle/input/datasets/briscdataset/brisc2025/brisc2025/classification_task/train/meningioma/brisc2025_train_01336_me_ax_t1.jpg,False,False,0.026385763959910002,0.16983331390604967,0.03144912641315519,0.10407040704070407,0.06347356151319275,0.12440184503793716,0.33285826444625854,0.05483173578977585,0.07991033792495728
D2,meningioma,162,/kaggle/input/datasets/briscdataset/brisc2025/brisc2025/classification_task/train/meningioma/brisc2025_train_01355_me_ax_t1.jpg,False,False,0.021995926680244398,0.19575837007029667,0.019193663044582105,0.020022359995934547,0.011183879093198993,0.23514442145824432,0.852532684803009,0.11827251315116882,0.18261291086673737
D2,meningioma,163,/kaggle/input/datasets/briscdataset/brisc2025/brisc2025/classification_task/train/meningioma/brisc2025_train_01368_me_ax_t1.jpg,False,False,0.013430273654448146,0.15568862275449102,0.04650677789363921,0.29039136979428,0.08056722689075631,0.24317002296447754,0.7888567447662354,0.08382506668567657,0.0640127956867218
D2,meningioma,164,/kaggle/input/datasets/briscdataset/brisc2025/brisc2025/classification_task/train/meningioma/brisc2025_train_01369_me_ax_t1.jpg,False,False,0.04692387904066736,0.12662775033677592,0.08976446325843916,0.10752095280105867,0.10277808279345559,0.09858283400535583,0.5094943046569824,0.09184014797210693,0.05639250576496124
D2,meningioma,165,/kaggle/input/datasets/briscdataset/brisc2025/brisc2025/classification_task/train/meningioma/brisc2025_train_01370_me_ax_t1.jpg,False,False,0.03602766594404873,0.09015859222246361,0.02210001018433649,0.10000797193877552,0.10000797193877552,0.11237376928329468,0.48393547534942627,0.10834706574678421,0.06438247859477997
D2,meningioma,166,/kaggle/input/datasets/briscdataset/brisc2025/brisc2025/classification_task/train/meningioma/brisc2025_train_01442_me_ax_t1.jpg,False,False,0.07692307692307693,0.16009709860131777,0.08156448658549725,0.0774020397208803,0.08485569127661874,0.4451007544994354,0.8598982095718384,0.17625677585601807,0.24663160741329193
D2,meningioma,168,/kaggle/input/datasets/briscdataset/brisc2025/brisc2025/classification_task/train/meningioma/brisc2025_train_01475_me_ax_t1.jpg,False,False,0.24463732176069436,0.1990442054958184,0.13270142180094788,0.024489795918367346,0.050099361991423494,0.1521180123090744,0.5306283235549927,0.08967985957860947,0.07968893647193909
D2,meningioma,169,/kaggle/input/datasets/briscdataset/brisc2025/brisc2025/classification_task/train/meningioma/brisc2025_train_01495_me_ax_t1.jpg,False,False,0.215748031496063,0.09241319255469685,0.05133040016760947,0.18558771411695216,0.03860084859774397,0.307297021150589,0.7957755923271179,0.1891678273677826,0.07656808942556381
D2,meningioma,170,/kaggle/input/datasets/briscdataset/brisc2025/brisc2025/classification_task/train/meningioma/brisc2025_train_01500_me_ax_t1.jpg,False,False,0.0036,0.21737020863658418,0.05089005235602094,0.18390940191105343,0.0881491922367993,0.17782214283943176,0.3661820888519287,0.13357670605182648,0.10145241022109985
D2,meningioma,171,/kaggle/input/datasets/briscdataset/brisc2025/brisc2025/classification_task/train/meningioma/brisc2025_train_01501_me_ax_t1.jpg,False,False,0.02345502753416276,0.20567035079288803,0.030919363122752952,0.1405841572906012,0.10297834926915046,0.14375609159469604,0.36958080530166626,0.08701261132955551,0.07746076583862305
D2,meningioma,172,/kaggle/input/datasets/briscdataset/brisc2025/brisc2025/classification_task/train/meningioma/brisc2025_train_01505_me_ax_t1.jpg,False,False,0.016715631648262588,0.15942698706099814,0.04,0.0840354288183193,0.04924202822791427,0.15969368815422058,0.2856336832046509,0.05920356884598732,0.13442568480968475
D2,meningioma,173,/kaggle/input/datasets/briscdataset/brisc2025/brisc2025/classification_task/train/meningioma/brisc2025_train_01509_me_ax_t1.jpg,False,False,0.10140474100087796,0.19747046891779024,0.09887222161392752,0.00864321608040201,0.04563450718899771,0.15954171121120453,0.38750118017196655,0.07161545008420944,0.08120888471603394
D2,meningioma,174,/kaggle/input/datasets/briscdataset/brisc2025/brisc2025/classification_task/train/meningioma/brisc2025_train_01523_me_ax_t1.jpg,False,False,0.14201183431952663,0.14894104178591872,0.09027702335687127,0.14201183431952663,0.0903954802259887,0.134377121925354,0.7846932411193848,0.05627783387899399,0.14828379452228546
D2,meningioma,175,/kaggle/input/datasets/briscdataset/brisc2025/brisc2025/classification_task/train/meningioma/brisc2025_train_01524_me_ax_t1.jpg,False,False,0.022516556291390728,0.12751376249859567,0.026280805808364862,0.030449046545007175,0.07623942606274761,0.12248101085424423,0.29166150093078613,0.13047586381435394,0.0784139558672905
D2,meningioma,176,/kaggle/input/datasets/briscdataset/brisc2025/brisc2025/classification_task/train/meningioma/brisc2025_train_01586_me_co_t1.jpg,False,False,0.06834149457100276,0.17476296383003628,0.06268530283778061,0.025232403718459494,0.01537838931606637,0.5193014144897461,0.9432138800621033,0.2013794630765915,0.16075612604618073
D2,meningioma,177,/kaggle/input/datasets/briscdataset/brisc2025/brisc2025/classification_task/train/meningioma/brisc2025_train_01592_me_co_t1.jpg,False,False,0.05298499632777253,0.20959382909485355,0.09336529033663797,0.053427101920856514,0.06731894076358609,0.11750677973031998,0.7913070917129517,0.09640739113092422,0.07526446133852005
D2,meningioma,178,/kaggle/input/datasets/briscdataset/brisc2025/brisc2025/classification_task/train/meningioma/brisc2025_train_01593_me_co_t1.jpg,False,False,0.036241610738255034,0.20523597934430166,0.04924202822791427,0.08163704900376952,0.06545724591555273,0.14409834146499634,0.8563081622123718,0.16026943922042847,0.08001324534416199
D2,meningioma,179,/kaggle/input/datasets/briscdataset/brisc2025/brisc2025/classification_task/train/meningioma/brisc2025_train_01600_me_co_t1.jpg,False,False,0.1044349070100143,0.20350161889914858,0.08838520767812602,0.017849898580121704,0.015583889900829791,0.16061373054981232,0.9150358438491821,0.1958664357662201,0.09674449265003204
D2,meningioma,180,/kaggle/input/datasets/briscdataset/brisc2025/brisc2025/classification_task/train/meningioma/brisc2025_train_01610_me_co_t1.jpg,False,False,0.14331282752335384,0.20567035079288803,0.188114123357405,0.19102990033222592,0.1856839121190645,0.19629144668579102,0.9539343118667603,0.08832353353500366,0.13293088972568512
D2,meningioma,181,/kaggle/input/datasets/briscdataset/brisc2025/brisc2025/classification_task/train/meningioma/brisc2025_train_01645_me_co_t1.jpg,False,False,0.09336529033663797,0.08497297297297297,0.054090956832265516,0.027857435477263416,0.0635862653666808,0.1798267960548401,0.8918871879577637,0.1502668857574463,0.09122304618358612
D2,meningioma,182,/kaggle/input/datasets/briscdataset/brisc2025/brisc2025/classification_task/train/meningioma/brisc2025_train_01655_me_co_t1.jpg,False,False,0.0832164058283864,0.1695606572660529,0.03431928269607338,0.19604337981170303,0.13670857401744252,0.17249982059001923,0.9431093335151672,0.2042887657880783,0.28715184330940247
D2,meningioma,183,/kaggle/input/datasets/briscdataset/brisc2025/brisc2025/classification_task/train/meningioma/brisc2025_train_01657_me_co_t1.jpg,False,False,0.00611467522052927,0.1518420750602548,0.07913127620685947,0.12171677657315301,0.13851389676687464,0.09918727725744247,0.6188209652900696,0.094782754778862,0.09210037440061569
D2,meningioma,184,/kaggle/input/datasets/briscdataset/brisc2025/brisc2025/classification_task/train/meningioma/brisc2025_train_01694_me_co_t1.jpg,False,False,0.14526988474266803,0.12979849150061917,0.07670850767085077,0.2397776405188388,0.12903588705141186,0.15838944911956787,0.7032495141029358,0.13720101118087769,0.06590326875448227
D2,meningioma,185,/kaggle/input/datasets/briscdataset/brisc2025/brisc2025/classification_task/train/meningioma/brisc2025_train_01722_me_co_t1.jpg,False,False,0.01630379746835443,0.134395840397875,0.0306017662764428,0.01486500151683689,0.1026148099318831,0.211174875497818,0.9105148911476135,0.18563607335090637,0.1533111035823822
D2,meningioma,186,/kaggle/input/datasets/briscdataset/brisc2025/brisc2025/classification_task/train/meningioma/brisc2025_train_01732_me_co_t1.jpg,False,False,0.053427101920856514,0.10200944328538487,0.0755546029364484,0.013111447302067574,0.02416394779771615,0.3313356041908264,0.8310642838478088,0.09743213653564453,0.08460438251495361
D2,meningioma,187,/kaggle/input/datasets/briscdataset/brisc2025/brisc2025/classification_task/train/meningioma/brisc2025_train_01750_me_co_t1.jpg,False,False,0.23840078973346496,0.0684552326200362,0.044654939106901215,0.296640826873385,0.0693660095897709,0.21284465491771698,0.899548351764679,0.17652517557144165,0.09954147785902023
D2,meningioma,188,/kaggle/input/datasets/briscdataset/brisc2025/brisc2025/classification_task/train/meningioma/brisc2025_train_01752_me_co_t1.jpg,False,False,0.0096579476861167,0.08638233383849318,0.04924202822791427,0.005510469892796313,0.0154811292117778,0.18476442992687225,0.8229900002479553,0.1133955791592598,0.13597655296325684
D2,meningioma,189,/kaggle/input/datasets/briscdataset/brisc2025/brisc2025/classification_task/train/meningioma/brisc2025_train_01800_me_co_t1.jpg,False,False,0.05691741188847975,0.1416221135251962,0.02751355221438069,0.058538128889357666,0.027541722125524727,0.4431091547012329,0.9324173331260681,0.20977024734020233,0.25108954310417175
D2,meningioma,190,/kaggle/input/datasets/briscdataset/brisc2025/brisc2025/classification_task/train/meningioma/brisc2025_train_01813_me_co_t1.jpg,False,False,0.03634861627426683,0.0987519159185461,0.01991869918699187,0.11821727019498607,0.07187867136601517,0.3175260126590729,0.463594526052475,0.1136137917637825,0.0873727947473526
D2,no_tumor,288,/kaggle/input/datasets/briscdataset/brisc2025/brisc2025/classification_task/train/no_tumor/brisc2025_train_02478_no_ax_t1.jpg,False,False,0.113997113997114,0.11896532500836214,0.08380129589632829,0.10589531680440771,0.0852076124567474,0.6102147698402405,0.5183945298194885,0.7649872899055481,0.20925675332546234
D2,no_tumor,289,/kaggle/input/datasets/briscdataset/brisc2025/brisc2025/classification_task/train/no_tumor/brisc2025_train_02486_no_ax_t1.jpg,False,False,0.08772879887360555,0.18181818181818182,0.03889521050998242,0.047763061841693606,0.031519507186858316,0.6868097186088562,0.48568832874298096,0.8416399359703064,0.768661618232727
D2,no_tumor,290,/kaggle/input/datasets/briscdataset/brisc2025/brisc2025/classification_task/train/no_tumor/brisc2025_train_02490_no_ax_t1.jpg,False,False,0.1606337458077946,0.2256961406936981,0.047817916057632075,0.20654003366193796,0.09122539958682178,0.5283352136611938,0.6693595051765442,0.7860114574432373,0.7248538136482239
D2,no_tumor,291,/kaggle/input/datasets/briscdataset/brisc2025/brisc2025/classification_task/train/no_tumor/brisc2025_train_02497_no_ax_t1.jpg,False,False,0.05307321166352003,0.09063247120191263,0.011994758592883781,0.10000797193877552,0.10000797193877552,0.7867321372032166,0.8610857725143433,0.8536512851715088,0.7313194870948792
D2,no_tumor,292,/kaggle/input/datasets/briscdataset/brisc2025/brisc2025/classification_task/train/no_tumor/brisc2025_train_02500_no_ax_t1.jpg,False,True,0.039569090532421795,0.054755648975302156,0.0022970138819534604,0.10000797193877552,0.10000797193877552,0.7316609025001526,0.8936803936958313,0.7958391904830933,0.8188915252685547
D2,no_tumor,293,/kaggle/input/datasets/briscdataset/brisc2025/brisc2025/classification_task/train/no_tumor/brisc2025_train_02504_no_ax_t1.jpg,False,False,0.07798066595059076,0.011795543905635648,0.002497253021676156,0.06156124391791834,0.02796271637816245,0.7190645337104797,0.8959463834762573,0.8354625701904297,0.8897485136985779
D2,no_tumor,294,/kaggle/input/datasets/briscdataset/brisc2025/brisc2025/classification_task/train/no_tumor/brisc2025_train_02542_no_ax_t1.jpg,False,False,0.012084592145015106,0.023872679045092837,0.015767131594906003,0.10000797193877552,0.10000797193877552,0.695436954498291,0.9094008803367615,0.8833298087120056,0.7174597382545471
D2,no_tumor,295,/kaggle/input/datasets/briscdataset/brisc2025/brisc2025/classification_task/train/no_tumor/brisc2025_train_02560_no_ax_t1.jpg,False,True,0.026070953890195276,0.14331282752335384,0.011693548387096775,0.10000797193877552,0.10000797193877552,0.7486740350723267,0.7637522220611572,0.781343400478363,0.9299560785293579
D2,no_tumor,296,/kaggle/input/datasets/briscdataset/brisc2025/brisc2025/classification_task/train/no_tumor/brisc2025_train_02578_no_ax_t1.jpg,False,False,0.020748576078112285,0.03485254691689008,0.015583889900829791,0.046909204628374855,0.04342857142857143,0.7619122862815857,0.617445707321167,0.8306024670600891,0.6681658625602722
D2,no_tumor,297,/kaggle/input/datasets/briscdataset/brisc2025/brisc2025/classification_task/train/no_tumor/brisc2025_train_02595_no_ax_t1.jpg,False,False,0.05976768743400211,0.0881491922367993,0.04356868046168244,0.15956094742923166,0.06902428632296549,0.8535025119781494,0.9292241930961609,0.8330142498016357,0.9063424468040466
D2,no_tumor,298,/kaggle/input/datasets/briscdataset/brisc2025/brisc2025/classification_task/train/no_tumor/brisc2025_train_02609_no_ax_t1.jpg,False,False,0.01148961902842169,0.09396119468061914,0.08661758336942399,0.05579489334874435,0.14978830529808904,0.6605729460716248,0.7617689371109009,0.8665148019790649,0.908026933670044
D2,no_tumor,299,/kaggle/input/datasets/briscdataset/brisc2025/brisc2025/classification_task/train/no_tumor/brisc2025_train_02612_no_ax_t1.jpg,False,False,0.057720665683589634,0.05155071248952221,0.0005978477481068154,0.03602766594404873,0.07983645362599527,0.7287651300430298,0.9086717367172241,0.8072964549064636,0.8297589421272278
D2,no_tumor,300,/kaggle/input/datasets/briscdataset/brisc2025/brisc2025/classification_task/train/no_tumor/brisc2025_train_02619_no_ax_t1.jpg,False,False,0.013306852035749751,0.014147130153597413,0.13126385809312638,0.016200891049007696,0.15942698706099814,0.7717352509498596,0.8801749348640442,0.838886022567749,0.8164657950401306
D2,no_tumor,301,/kaggle/input/datasets/briscdataset/brisc2025/brisc2025/classification_task/train/no_tumor/brisc2025_train_02625_no_ax_t1.jpg,False,False,0.010154836115021115,0.0315551444136088,0.10881801125703565,0.10504294208324158,0.0054097375275495895,0.678658127784729,0.9406632781028748,0.7499068975448608,0.8890044093132019
D2,no_tumor,302,/kaggle/input/datasets/briscdataset/brisc2025/brisc2025/classification_task/train/no_tumor/brisc2025_train_02632_no_ax_t1.jpg,False,False,0.08862132552337564,0.0451989168923141,0.0315551444136088,0.10162423178226515,0.009249949728534084,0.7333431243896484,0.7233560085296631,0.8446498513221741,0.7796941995620728
D2,no_tumor,303,/kaggle/input/datasets/briscdataset/brisc2025/brisc2025/classification_task/train/no_tumor/brisc2025_train_02639_no_ax_t1.jpg,False,False,0.007934116701817817,0.04411152725759467,0.11350271829579496,0.039536327882425996,0.07319158029704029,0.7397593855857849,0.7908605933189392,0.8387866616249084,0.6156377196311951
D2,no_tumor,304,/kaggle/input/datasets/briscdataset/brisc2025/brisc2025/classification_task/train/no_tumor/brisc2025_train_02643_no_ax_t1.jpg,False,True,0.027433718906745827,0.0423764021603656,0.04118257261410788,0.10000797193877552,0.10000797193877552,0.5551862716674805,0.8274542093276978,0.8422388434410095,0.8788740038871765
D2,no_tumor,305,/kaggle/input/datasets/briscdataset/brisc2025/brisc2025/classification_task/train/no_tumor/brisc2025_train_02668_no_ax_t1.jpg,False,False,0.04086289151628293,0.007731699969876493,0.007327110308140119,0.03346720214190094,0.09205658324265506,0.7388478517532349,0.9499743580818176,0.878852128982544,0.8834859132766724
D2,no_tumor,306,/kaggle/input/datasets/briscdataset/brisc2025/brisc2025/classification_task/train/no_tumor/brisc2025_train_02714_no_ax_t1.jpg,False,False,0.005001000200040008,0.00986113906218555,0.05512968602331198,0.04172721610961179,0.03495926575229452,0.7818579077720642,0.8754424452781677,0.8384032249450684,0.89613276720047
D2,no_tumor,307,/kaggle/input/datasets/briscdataset/brisc2025/brisc2025/classification_task/train/no_tumor/brisc2025_train_02716_no_ax_t1.jpg,False,True,0.030707610146862484,0.052101897473529724,0.055421179934798614,0.10000797193877552,0.10000797193877552,0.794181764125824,0.7136725783348083,0.8184406161308289,0.7845439314842224
D2,no_tumor,308,/kaggle/input/datasets/briscdataset/brisc2025/brisc2025/classification_task/train/no_tumor/brisc2025_train_02722_no_ax_t1.jpg,False,False,0.05544471280058805,0.10067997367843826,0.016998886977638367,0.10000797193877552,0.10000797193877552,0.8021021485328674,0.8174004554748535,0.7244430184364319,0.7440780997276306
D2,no_tumor,309,/kaggle/input/datasets/briscdataset/brisc2025/brisc2025/classification_task/train/no_tumor/brisc2025_train_02733_no_ax_t1.jpg,False,False,0.05453399180413996,0.11202216066481994,0.06021550813437566,0.05575426046707343,0.060663707461424646,0.8076916337013245,0.9178047776222229,0.8445814847946167,0.9412016868591309
D2,no_tumor,310,/kaggle/input/datasets/briscdataset/brisc2025/brisc2025/classification_task/train/no_tumor/brisc2025_train_02735_no_ax_t1.jpg,False,False,0.007822685788787484,0.03763440860215054,0.009138381201044387,0.04313480927138551,0.06156124391791834,0.7213295698165894,0.6161432862281799,0.8002099394798279,0.6508354544639587
D2,no_tumor,311,/kaggle/input/datasets/briscdataset/brisc2025/brisc2025/classification_task/train/no_tumor/brisc2025_train_02738_no_ax_t1.jpg,False,False,0.026385763959910002,0.08065037148702488,0.008237894313843681,0.0159789644012945,0.11983056515438635,0.5302973389625549,0.8664621710777283,0.8325125575065613,0.8481485843658447
D2,no_tumor,312,/kaggle/input/datasets/briscdataset/brisc2025/brisc2025/classification_task/train/no_tumor/brisc2025_train_02745_no_ax_t1.jpg,False,True,0.05188135415574888,0.0799526525341655,0.004906378291779313,0.10000797193877552,0.10000797193877552,0.7433775663375854,0.5896704792976379,0.6868338584899902,0.7482709288597107
D2,no_tumor,313,/kaggle/input/datasets/briscdataset/brisc2025/brisc2025/classification_task/train/no_tumor/brisc2025_train_02749_no_ax_t1.jpg,False,False,0.03989223914620246,0.022620745873242306,0.10858279023528113,0.01836258496499949,0.09394071490845685,0.6682374477386475,0.7370189428329468,0.8354588747024536,0.7656001448631287
D2,no_tumor,314,/kaggle/input/datasets/briscdataset/brisc2025/brisc2025/classification_task/train/no_tumor/brisc2025_train_02756_no_ax_t1.jpg,False,False,0.0423764021603656,0.06913816980931074,0.010878323932312651,0.040647034425549566,0.021579804560260585,0.7817067503929138,0.9285755753517151,0.8517205119132996,0.9333460330963135
D2,no_tumor,315,/kaggle/input/datasets/briscdataset/brisc2025/brisc2025/classification_task/train/no_tumor/brisc2025_train_02758_no_ax_t1.jpg,False,False,0.05209643605870021,0.1034634414513469,0.036558917690798304,0.10000797193877552,0.10000797193877552,0.7215487957000732,0.9349393844604492,0.8310767412185669,0.9500381946563721
D2,no_tumor,316,/kaggle/input/datasets/briscdataset/brisc2025/brisc2025/classification_task/train/no_tumor/brisc2025_train_02764_no_ax_t1.jpg,False,False,0.04748982360922659,0.05976768743400211,0.014352132605619567,0.07187099530115336,0.008338356439622262,0.6633769869804382,0.9243991374969482,0.7619369029998779,0.8536435961723328
D2,no_tumor,317,/kaggle/input/datasets/briscdataset/brisc2025/brisc2025/classification_task/train/no_tumor/brisc2025_train_02772_no_ax_t1.jpg,False,False,0.010267767263942018,0.013532619672793376,0.06494057724957555,0.0401947581062882,0.04659161976235147,0.7461667656898499,0.9165474772453308,0.8637445569038391,0.8403288722038269
D2,no_tumor,318,/kaggle/input/datasets/briscdataset/brisc2025/brisc2025/classification_task/train/no_tumor/brisc2025_train_02777_no_ax_t1.jpg,False,False,0.0519916142557652,0.04858426496708808,0.008136614766449021,0.021891864372263516,0.019711440764072344,0.6737496852874756,0.9025524854660034,0.8003851175308228,0.8984024524688721
D2,no_tumor,319,/kaggle/input/datasets/briscdataset/brisc2025/brisc2025/classification_task/train/no_tumor/brisc2025_train_02783_no_ax_t1.jpg,False,False,0.03935376967688484,0.010064412238325281,0.03389306685896776,0.024186141443004388,0.09300805924635155,0.8381492495536804,0.9061331152915955,0.7976503372192383,0.8877631425857544
D2,no_tumor,320,/kaggle/input/datasets/briscdataset/brisc2025/brisc2025/classification_task/train/no_tumor/brisc2025_train_02785_no_ax_t1.jpg,False,False,0.0006979758699770665,0.048255692500522245,0.019090170593013808,0.006922845389786295,0.03795635536249871,0.7846840023994446,0.9280505180358887,0.7246735692024231,0.8566215634346008
D2,no_tumor,321,/kaggle/input/datasets/briscdataset/brisc2025/brisc2025/classification_task/train/no_tumor/brisc2025_train_02789_no_ax_t1.jpg,False,False,0.04300405110626363,0.07382837577573294,0.0017958695001496557,0.05575426046707343,0.07313943541488452,0.5986385941505432,0.8048370480537415,0.6873643398284912,0.7056021094322205
D2,no_tumor,322,/kaggle/input/datasets/briscdataset/brisc2025/brisc2025/classification_task/train/no_tumor/brisc2025_train_02792_no_ax_t1.jpg,False,False,0.05386957891420771,0.1390307570082851,0.04075495177849217,0.053427101920856514,0.05232253329139142,0.5502588748931885,0.7648860216140747,0.7992168068885803,0.7810906171798706
D2,no_tumor,323,/kaggle/input/datasets/briscdataset/brisc2025/brisc2025/classification_task/train/no_tumor/brisc2025_train_02794_no_ax_t1.jpg,False,False,0.07153534059363656,0.05575426046707343,0.017127799736495388,0.124985988117924,0.008947421333065246,0.7819069623947144,0.7962651252746582,0.781036913394928,0.7779110670089722
D2,no_tumor,325,/kaggle/input/datasets/briscdataset/brisc2025/brisc2025/classification_task/train/no_tumor/brisc2025_train_02825_no_ax_t1.jpg,False,False,0.01906500354933577,0.02241238793806031,0.0445945945945946,0.029089419235890607,0.11410512308715902,0.7493169903755188,0.9323840737342834,0.772749662399292,0.7656074166297913
D2,no_tumor,326,/kaggle/input/datasets/briscdataset/brisc2025/brisc2025/classification_task/train/no_tumor/brisc2025_train_02827_no_ax_t1.jpg,False,False,0.021267935280350057,0.11821727019498607,0.1256168685509197,0.008540138651662815,0.11657397107897664,0.5679522752761841,0.6858735680580139,0.8595788478851318,0.8772550821304321
D2,no_tumor,327,/kaggle/input/datasets/briscdataset/brisc2025/brisc2025/classification_task/train/no_tumor/brisc2025_train_02829_no_co_t1.jpg,False,True,0.08685293480615118,0.07336898395721925,0.024081632653061225,0.10000797193877552,0.10000797193877552,0.586456298828125,0.9312332272529602,0.8252049684524536,0.6852297782897949
D2,no_tumor,328,/kaggle/input/datasets/briscdataset/brisc2025/brisc2025/classification_task/train/no_tumor/brisc2025_train_02855_no_co_t1.jpg,False,False,0.08111601852849294,0.1023725834797891,0.06369899311075782,0.029678068410462777,0.07725502578675929,0.6653623580932617,0.6376013159751892,0.8285861611366272,0.7477385401725769
D2,no_tumor,329,/kaggle/input/datasets/briscdataset/brisc2025/brisc2025/classification_task/train/no_tumor/brisc2025_train_02865_no_co_t1.jpg,False,False,0.08614718614718615,0.06032752245113576,0.02022974484090678,0.0437857514300572,0.03208556149732621,0.6287906169891357,0.8543621897697449,0.7523038983345032,0.7149708271026611
D2,no_tumor,330,/kaggle/input/datasets/briscdataset/brisc2025/brisc2025/classification_task/train/no_tumor/brisc2025_train_02869_no_co_t1.jpg,False,False,0.03219171037745552,0.1026148099318831,0.019815059445178335,0.10000797193877552,0.10000797193877552,0.6545766592025757,0.8595885038375854,0.679315984249115,0.7973455190658569
D2,no_tumor,331,/kaggle/input/datasets/briscdataset/brisc2025/brisc2025/classification_task/train/no_tumor/brisc2025_train_02875_no_co_t1.jpg,False,True,0.023768234214016117,0.044981257809246146,0.023768234214016117,0.10000797193877552,0.10000797193877552,0.693770170211792,0.7546085715293884,0.8267236948013306,0.669916570186615
D2,no_tumor,332,/kaggle/input/datasets/briscdataset/brisc2025/brisc2025/classification_task/train/no_tumor/brisc2025_train_02889_no_co_t1.jpg,False,False,0.03495926575229452,0.18028930965541573,0.03538636129165377,0.03293536434746809,0.01815968347367353,0.6812249422073364,0.7236635684967041,0.7865120768547058,0.7579609155654907
D2,no_tumor,333,/kaggle/input/datasets/briscdataset/brisc2025/brisc2025/classification_task/train/no_tumor/brisc2025_train_02898_no_co_t1.jpg,False,True,0.0882671871611364,0.15303308823529413,0.06868278138643381,0.10000797193877552,0.10000797193877552,0.6300867795944214,0.8877399563789368,0.8308733701705933,0.7061691880226135
D2,no_tumor,334,/kaggle/input/datasets/briscdataset/brisc2025/brisc2025/classification_task/train/no_tumor/brisc2025_train_02912_no_co_t1.jpg,False,False,0.0852076124567474,0.1286549707602339,0.050340136054421766,0.025232403718459494,0.05276408266023287,0.7504783272743225,0.9231535792350769,0.8362369537353516,0.8091548681259155
D2,no_tumor,335,/kaggle/input/datasets/briscdataset/brisc2025/brisc2025/classification_task/train/no_tumor/brisc2025_train_02914_no_co_t1.jpg,False,False,0.0556432102661197,0.1039489605103949,0.013839781796141024,0.010674723061430011,0.0830995035614073,0.6775950789451599,0.5408997535705566,0.697826087474823,0.7807766199111938
D2,no_tumor,336,/kaggle/input/datasets/briscdataset/brisc2025/brisc2025/classification_task/train/no_tumor/brisc2025_train_02918_no_co_t1.jpg,False,False,0.0668651004571064,0.11573096164535854,0.03495926575229452,0.03208556149732621,0.09241319255469685,0.6829712986946106,0.8713162541389465,0.8253425359725952,0.723263144493103
D2,no_tumor,337,/kaggle/input/datasets/briscdataset/brisc2025/brisc2025/classification_task/train/no_tumor/brisc2025_train_02945_no_co_t1.jpg,False,False,0.08933029414957126,0.057868662380099085,0.031873329220645695,0.10000797193877552,0.10000797193877552,0.5788475275039673,0.9385972619056702,0.7428752183914185,0.8016531467437744
D2,no_tumor,338,/kaggle/input/datasets/briscdataset/brisc2025/brisc2025/classification_task/train/no_tumor/brisc2025_train_02959_no_co_t1.jpg,False,False,0.15953397162302457,0.0366697655200909,0.008123558319125463,0.10000797193877552,0.10000797193877552,0.7576655745506287,0.9377491474151611,0.7946466207504272,0.7708370089530945
D2,pituitary,394,/kaggle/input/datasets/briscdataset/brisc2025/brisc2025/classification_task/train/pituitary/brisc2025_train_03549_pi_ax_t1.jpg,False,False,0.024918300653594773,0.09767034890079843,0.0881491922367993,0.03688397561731584,0.12890888638920134,0.15463948249816895,0.4359157681465149,0.07601335644721985,0.11673715710639954
D2,pituitary,395,/kaggle/input/datasets/briscdataset/brisc2025/brisc2025/classification_task/train/pituitary/brisc2025_train_03575_pi_ax_t1.jpg,False,False,0.03538636129165377,0.13916004540295118,0.030919363122752952,0.17531326853261506,0.11412078152753108,0.17736011743545532,0.6412848234176636,0.0916958898305893,0.2276998609304428
D2,pituitary,396,/kaggle/input/datasets/briscdataset/brisc2025/brisc2025/classification_task/train/pituitary/brisc2025_train_03581_pi_ax_t1.jpg,False,False,0.026908123593206466,0.11684843089249944,0.05275854835326201,0.1396774926186691,0.028911215911420957,0.16402652859687805,0.5527489185333252,0.07850003987550735,0.18625657260417938
D2,pituitary,397,/kaggle/input/datasets/briscdataset/brisc2025/brisc2025/classification_task/train/pituitary/brisc2025_train_03592_pi_ax_t1.jpg,False,False,0.15835641735918743,0.18390940191105343,0.12726047399752893,0.05697735650342285,0.029967159277504107,0.1275864988565445,0.2978530526161194,0.057394422590732574,0.16309110820293427
D2,pituitary,398,/kaggle/input/datasets/briscdataset/brisc2025/brisc2025/classification_task/train/pituitary/brisc2025_train_03596_pi_ax_t1.jpg,False,False,0.03013530135301353,0.11128335732477024,0.0231090298279548,0.009962765422159606,0.0020968547179231155,0.20220142602920532,0.5363974571228027,0.07416827231645584,0.2536182403564453
D2,pituitary,399,/kaggle/input/datasets/briscdataset/brisc2025/brisc2025/classification_task/train/pituitary/brisc2025_train_03597_pi_ax_t1.jpg,False,False,0.06811409110259685,0.10870525850640743,0.0317672458106302,0.06856899488926746,0.073483795058295,0.16216646134853363,0.6160564422607422,0.06292149424552917,0.21602672338485718
D2,pituitary,400,/kaggle/input/datasets/briscdataset/brisc2025/brisc2025/classification_task/train/pituitary/brisc2025_train_03619_pi_ax_t1.jpg,False,False,0.033680090637552784,0.2125166122991422,0.03208556149732621,0.11116031886625333,0.14999427065429127,0.10071737319231033,0.6778272390365601,0.08467882871627808,0.23441638052463531
D2,pituitary,401,/kaggle/input/datasets/briscdataset/brisc2025/brisc2025/classification_task/train/pituitary/brisc2025_train_03620_pi_ax_t1.jpg,False,False,0.03677685950413223,0.1497307824493069,0.11909009812667261,0.0203190084323885,0.03121470376835404,0.11884688585996628,0.7850894927978516,0.09499148279428482,0.1554442197084427
D2,pituitary,402,/kaggle/input/datasets/briscdataset/brisc2025/brisc2025/classification_task/train/pituitary/brisc2025_train_03621_pi_ax_t1.jpg,False,False,0.07463325837884142,0.19234881786859925,0.06754600574406978,0.04563450718899771,0.04847471792728792,0.09058191627264023,0.6448667645454407,0.07981331646442413,0.16461767256259918
D2,pituitary,403,/kaggle/input/datasets/briscdataset/brisc2025/brisc2025/classification_task/train/pituitary/brisc2025_train_03622_pi_ax_t1.jpg,False,False,0.056309862119776864,0.23398499938522072,0.0668651004571064,0.010064412238325281,0.058538128889357666,0.06765670329332352,0.6812639236450195,0.06327345222234726,0.15375055372714996
D2,pituitary,404,/kaggle/input/datasets/briscdataset/brisc2025/brisc2025/classification_task/train/pituitary/brisc2025_train_03631_pi_ax_t1.jpg,False,False,0.044654939106901215,0.14110289937464468,0.03645564391201074,0.06291040033891125,0.0546448087431694,0.05420279875397682,0.46344244480133057,0.04804451763629913,0.17427527904510498
D2,pituitary,405,/kaggle/input/datasets/briscdataset/brisc2025/brisc2025/classification_task/train/pituitary/brisc2025_train_03633_pi_ax_t1.jpg,False,False,0.03857290589451913,0.11226864679153276,0.04462242562929062,0.028278688524590163,0.08415253321810522,0.12093303352594376,0.5808019638061523,0.0862242802977562,0.20621441304683685
D2,pituitary,406,/kaggle/input/datasets/briscdataset/brisc2025/brisc2025/classification_task/train/pituitary/brisc2025_train_03638_pi_ax_t1.jpg,False,False,0.011387685175854076,0.16983331390604967,0.04650677789363921,0.055088309503784696,0.04792732588493265,0.16612215340137482,0.49324461817741394,0.05611049383878708,0.1762203723192215
D2,pituitary,407,/kaggle/input/datasets/briscdataset/brisc2025/brisc2025/classification_task/train/pituitary/brisc2025_train_03646_pi_ax_t1.jpg,False,False,0.270379746835443,0.15316557508904977,0.13542255911302184,0.26547333921593347,0.13051801801801802,0.20055359601974487,0.6918644905090332,0.0802718847990036,0.19304758310317993
D2,pituitary,408,/kaggle/input/datasets/briscdataset/brisc2025/brisc2025/classification_task/train/pituitary/brisc2025_train_03671_pi_ax_t1.jpg,False,False,0.08688595542090456,0.12979849150061917,0.04125634912408002,0.10000797193877552,0.10000797193877552,0.17883935570716858,0.3670662045478821,0.04359404742717743,0.15414422750473022
D2,pituitary,409,/kaggle/input/datasets/briscdataset/brisc2025/brisc2025/classification_task/train/pituitary/brisc2025_train_03688_pi_ax_t1.jpg,False,False,0.14513920584208123,0.1649448636099826,0.11387347391786903,0.010049241282283187,0.04599854303257363,0.13947048783302307,0.772083044052124,0.06770411133766174,0.24482637643814087
D2,pituitary,410,/kaggle/input/datasets/briscdataset/brisc2025/brisc2025/classification_task/train/pituitary/brisc2025_train_03689_pi_ax_t1.jpg,False,False,0.1832115067201132,0.14670932358318098,0.14513920584208123,0.11548293875736357,0.0424846785083619,0.16669924557209015,0.6745800375938416,0.07670964300632477,0.14886611700057983
D2,pituitary,411,/kaggle/input/datasets/briscdataset/brisc2025/brisc2025/classification_task/train/pituitary/brisc2025_train_03722_pi_ax_t1.jpg,False,False,0.0347458500876379,0.13260354361810178,0.030919363122752952,0.10407040704070407,0.03495926575229452,0.15676893293857574,0.569017231464386,0.09045245498418808,0.19750986993312836
D2,pituitary,412,/kaggle/input/datasets/briscdataset/brisc2025/brisc2025/classification_task/train/pituitary/brisc2025_train_03755_pi_ax_t1.jpg,False,True,0.27765754296626355,0.18474796364065635,0.18741126360624705,0.10000797193877552,0.10000797193877552,0.17718736827373505,0.523714542388916,0.07129451632499695,0.16997769474983215
D2,pituitary,413,/kaggle/input/datasets/briscdataset/brisc2025/brisc2025/classification_task/train/pituitary/brisc2025_train_03756_pi_ax_t1.jpg,False,False,0.3011692149556726,0.17256688865521674,0.15829806702504862,0.2328666175386883,0.07807969068843304,0.2608028054237366,0.5409528017044067,0.06800100952386856,0.18712669610977173
D2,pituitary,414,/kaggle/input/datasets/briscdataset/brisc2025/brisc2025/classification_task/train/pituitary/brisc2025_train_03768_pi_ax_t1.jpg,False,False,0.16833527357392317,0.16656980123212833,0.13916004540295118,0.14149226569608736,0.1327313769751693,0.07524824142456055,0.6568532586097717,0.0443173311650753,0.19152067601680756
D2,pituitary,415,/kaggle/input/datasets/briscdataset/brisc2025/brisc2025/classification_task/train/pituitary/brisc2025_train_03789_pi_ax_t1.jpg,False,False,0.037205456800330716,0.1409731696225557,0.06381174475302098,0.08378261807202933,0.06653225806451613,0.13391850888729095,0.48846304416656494,0.06506972014904022,0.23113848268985748
D2,pituitary,416,/kaggle/input/datasets/briscdataset/brisc2025/brisc2025/classification_task/train/pituitary/brisc2025_train_03790_pi_ax_t1.jpg,False,False,0.04574346149838491,0.1868495742667928,0.03538636129165377,0.0451989168923141,0.030813475760065736,0.14439919590950012,0.6310017704963684,0.0685223862528801,0.28654396533966064
D2,pituitary,417,/kaggle/input/datasets/briscdataset/brisc2025/brisc2025/classification_task/train/pituitary/brisc2025_train_03832_pi_ax_t1.jpg,False,False,0.02712107256166206,0.11946458449525935,0.06043956043956044,0.06310885218127912,0.0563973063973064,0.1500815749168396,0.6080039143562317,0.04992443323135376,0.29910174012184143
D2,pituitary,418,/kaggle/input/datasets/briscdataset/brisc2025/brisc2025/classification_task/train/pituitary/brisc2025_train_03836_pi_ax_t1.jpg,False,False,0.027436527436527438,0.16332444650515823,0.08980345314366381,0.017225656094842435,0.02240554027905082,0.19729900360107422,0.6159166097640991,0.07221969962120056,0.25443121790885925
D2,pituitary,419,/kaggle/input/datasets/briscdataset/brisc2025/brisc2025/classification_task/train/pituitary/brisc2025_train_03837_pi_ax_t1.jpg,False,False,0.06709197235513024,0.16697674418604652,0.1248598968841067,0.08729987018606664,0.042634854771784234,0.12736621499061584,0.4199787378311157,0.04812726750969887,0.18961147964000702
D2,pituitary,420,/kaggle/input/datasets/briscdataset/brisc2025/brisc2025/classification_task/train/pituitary/brisc2025_train_03849_pi_ax_t1.jpg,False,False,0.19618593563766387,0.16453933627291714,0.12121550664730198,0.16711245493662052,0.08169864194869585,0.14406920969486237,0.4330891966819763,0.05680878832936287,0.16192768514156342
D2,pituitary,421,/kaggle/input/datasets/briscdataset/brisc2025/brisc2025/classification_task/train/pituitary/brisc2025_train_03850_pi_ax_t1.jpg,False,False,0.027524813261025273,0.14867803593910953,0.026789366053169734,0.05276408266023287,0.051771117166212535,0.10809312015771866,0.44496509432792664,0.06726326793432236,0.14850685000419617
D2,pituitary,422,/kaggle/input/datasets/briscdataset/brisc2025/brisc2025/classification_task/train/pituitary/brisc2025_train_03859_pi_ax_t1.jpg,False,False,0.10626102292768959,0.15157773952954676,0.09599213716282626,0.13890149795733092,0.121466085596156,0.17630945146083832,0.5119356513023376,0.08601492643356323,0.20255829393863678
D2,pituitary,423,/kaggle/input/datasets/briscdataset/brisc2025/brisc2025/classification_task/train/pituitary/brisc2025_train_03875_pi_ax_t1.jpg,False,False,0.033041688111168296,0.08850325379609544,0.04032341660619882,0.03025330735309199,0.09255029907558456,0.08459010720252991,0.4196786880493164,0.043572500348091125,0.1391928493976593
D2,pituitary,424,/kaggle/input/datasets/briscdataset/brisc2025/brisc2025/classification_task/train/pituitary/brisc2025_train_03883_pi_ax_t1.jpg,False,False,0.11239193083573487,0.16942437660219062,0.13632246376811594,0.14796617915904936,0.1344850948509485,0.1687851995229721,0.4303930103778839,0.0325196348130703,0.20552940666675568
D2,pituitary,425,/kaggle/input/datasets/briscdataset/brisc2025/brisc2025/classification_task/train/pituitary/brisc2025_train_03895_pi_ax_t1.jpg,False,False,0.026070953890195276,0.15237111034561948,0.02022974484090678,0.039461418953909894,0.026175869120654397,0.18703630566596985,0.5526172518730164,0.06327922642230988,0.21523211896419525
D2,pituitary,426,/kaggle/input/datasets/briscdataset/brisc2025/brisc2025/classification_task/train/pituitary/brisc2025_train_03896_pi_ax_t1.jpg,False,False,0.07925583396064093,0.10601719197707736,0.05697735650342285,0.027331354283959462,0.008440514469453377,0.16816075146198273,0.5818613171577454,0.07731670141220093,0.26131391525268555
D2,pituitary,427,/kaggle/input/datasets/briscdataset/brisc2025/brisc2025/classification_task/train/pituitary/brisc2025_train_03901_pi_ax_t1.jpg,False,False,0.0370982742585512,0.12650129082949826,0.05056003349733068,0.10650496141124587,0.04291800893692196,0.1982438862323761,0.5889860391616821,0.08313792198896408,0.23010987043380737
D2,pituitary,428,/kaggle/input/datasets/briscdataset/brisc2025/brisc2025/classification_task/train/pituitary/brisc2025_train_03902_pi_ax_t1.jpg,False,False,0.02064476761924133,0.14697142857142856,0.036241610738255034,0.12903588705141186,0.08286577470867501,0.12257298827171326,0.6021250486373901,0.06977227330207825,0.2580573558807373
D2,pituitary,429,/kaggle/input/datasets/briscdataset/brisc2025/brisc2025/classification_task/train/pituitary/brisc2025_train_03903_pi_ax_t1.jpg,False,False,0.0653927813163482,0.1204644412191582,0.05012033064769279,0.17904135338345864,0.07601586791036775,0.17454376816749573,0.5940186381340027,0.06320355832576752,0.20839805901050568
D2,pituitary,430,/kaggle/input/datasets/briscdataset/brisc2025/brisc2025/classification_task/train/pituitary/brisc2025_train_03904_pi_ax_t1.jpg,False,False,0.012557305162447678,0.15595484911310759,0.037369818256075146,0.04924202822791427,0.05497739934826028,0.12180296331644058,0.5201671123504639,0.08440422266721725,0.22644948959350586
D2,pituitary,431,/kaggle/input/datasets/briscdataset/brisc2025/brisc2025/classification_task/train/pituitary/brisc2025_train_03905_pi_ax_t1.jpg,False,False,0.019190404797601198,0.1507854603829836,0.03459821428571429,0.12009366636931311,0.1213440500111632,0.16826823353767395,0.5868518948554993,0.0744592547416687,0.22922509908676147
D2,pituitary,432,/kaggle/input/datasets/briscdataset/brisc2025/brisc2025/classification_task/train/pituitary/brisc2025_train_03906_pi_ax_t1.jpg,False,False,0.008440514469453377,0.17106184364060678,0.028384055743416334,0.0044995500449955,0.03952814569536424,0.15828566253185272,0.7165657877922058,0.0717000737786293,0.20108121633529663
D2,pituitary,433,/kaggle/input/datasets/briscdataset/brisc2025/brisc2025/classification_task/train/pituitary/brisc2025_train_03920_pi_ax_t1.jpg,False,False,0.1211783084133006,0.1513135252953998,0.09264897781644194,0.01898669915727485,0.078907761771662,0.18345999717712402,0.3992425501346588,0.041130464524030685,0.10572125017642975
D2,pituitary,434,/kaggle/input/datasets/briscdataset/brisc2025/brisc2025/classification_task/train/pituitary/brisc2025_train_03921_pi_ax_t1.jpg,False,False,0.09310682783404116,0.14894104178591872,0.11101272827891533,0.009045226130653266,0.043225270157938485,0.10512582957744598,0.38464978337287903,0.05884188041090965,0.11714065074920654
D2,pituitary,435,/kaggle/input/datasets/briscdataset/brisc2025/brisc2025/classification_task/train/pituitary/brisc2025_train_03922_pi_ax_t1.jpg,False,False,0.04509007601791107,0.15528951306550018,0.04607046070460705,0.007220940728111524,0.04137287432600581,0.1585323065519333,0.5103972554206848,0.06330884248018265,0.22581110894680023
D2,pituitary,436,/kaggle/input/datasets/briscdataset/brisc2025/brisc2025/classification_task/train/pituitary/brisc2025_train_03934_pi_ax_t1.jpg,False,False,0.17311513734658096,0.18153991052507654,0.13516570523696414,0.009556382657680313,0.05453399180413996,0.27128270268440247,0.7514939308166504,0.060636550188064575,0.2537841796875
D2,pituitary,437,/kaggle/input/datasets/briscdataset/brisc2025/brisc2025/classification_task/train/pituitary/brisc2025_train_03935_pi_ax_t1.jpg,False,False,0.13851389676687464,0.14344308989404125,0.0347458500876379,0.12802068112847026,0.11461572634384717,0.1211351603269577,0.732732892036438,0.06709057837724686,0.2666739821434021
D2,pituitary,438,/kaggle/input/datasets/briscdataset/brisc2025/brisc2025/classification_task/train/pituitary/brisc2025_train_03936_pi_ax_t1.jpg,False,False,0.08933029414957126,0.18265378270091917,0.08909386869234943,0.2956364575264653,0.16779148242960204,0.1418047547340393,0.5963780879974365,0.07819510996341705,0.23676207661628723
D2,pituitary,439,/kaggle/input/datasets/briscdataset/brisc2025/brisc2025/classification_task/train/pituitary/brisc2025_train_03937_pi_ax_t1.jpg,False,False,0.13085058505850586,0.16399907214103457,0.06925531914893616,0.23840078973346496,0.11177578375983162,0.20115673542022705,0.6840014457702637,0.06280843168497086,0.16562332212924957
D2,pituitary,440,/kaggle/input/datasets/briscdataset/brisc2025/brisc2025/classification_task/train/pituitary/brisc2025_train_03945_pi_ax_t1.jpg,False,False,0.12675423823958684,0.14579289873273205,0.11659991099243436,0.06090352543804095,0.04220240564081294,0.1316865235567093,0.5496043562889099,0.06881427019834518,0.18183661997318268
D2,pituitary,441,/kaggle/input/datasets/briscdataset/brisc2025/brisc2025/classification_task/train/pituitary/brisc2025_train_03964_pi_ax_t1.jpg,False,False,0.04183535762483131,0.17393847233594573,0.05067001675041876,0.014235234729934376,0.034923251261975895,0.10207708925008774,0.6550998091697693,0.07086817175149918,0.1852763593196869
D2,pituitary,442,/kaggle/input/datasets/briscdataset/brisc2025/brisc2025/classification_task/train/pituitary/brisc2025_train_03980_pi_co_t1.jpg,False,False,0.06988388196441887,0.0834502860844219,0.14541514598540145,0.025643645279934613,0.17360299275192892,0.1191449835896492,0.3625447154045105,0.07949814200401306,0.1489737629890442
D2,pituitary,443,/kaggle/input/datasets/briscdataset/brisc2025/brisc2025/classification_task/train/pituitary/brisc2025_train_03981_pi_co_t1.jpg,False,False,0.07233678811838871,0.08897569444444445,0.06970795139629077,0.009150326797385621,0.15608800829397534,0.13521364331245422,0.4053986072540283,0.08903941512107849,0.16467727720737457
D3,glioma,0,/kaggle/input/datasets/denizkavi1/brain-tumor/2/10.png,False,False,0.025441912741391643,0.11573096164535854,0.03219171037745552,0.052317047599077376,0.08943883642678824,0.8768819570541382,0.9584475159645081,0.8663246631622314,0.9555205702781677
D3,glioma,1,/kaggle/input/datasets/denizkavi1/brain-tumor/2/100.png,False,False,0.10382754069511659,0.16440422322775264,0.06381174475302098,0.1241047448522829,0.04974396488661302,0.7864618301391602,0.9576542377471924,0.8536789417266846,0.9377262592315674
D3,glioma,2,/kaggle/input/datasets/denizkavi1/brain-tumor/2/1076.png,False,False,0.026060296371997957,0.11313220940550132,0.029426843022659695,0.01968144465861824,0.019784902597402596,0.8474637866020203,0.9665163159370422,0.8556208610534668,0.937268853187561
D3,glioma,3,/kaggle/input/datasets/denizkavi1/brain-tumor/2/1085.png,False,False,0.023768234214016117,0.13645113803646247,0.03763440860215054,0.029544521953221173,0.04183535762483131,0.8417646884918213,0.9672004580497742,0.8638258576393127,0.9482710957527161
D3,glioma,4,/kaggle/input/datasets/denizkavi1/brain-tumor/2/1088.png,False,False,0.04454157560620252,0.12372634643377002,0.11225620567375887,0.015686671389535473,0.008541855089940709,0.8465480804443359,0.9648373126983643,0.8644120097160339,0.9007866978645325
D3,glioma,5,/kaggle/input/datasets/denizkavi1/brain-tumor/2/1099.png,False,False,0.023977145189266403,0.09063247120191263,0.04183535762483131,0.023037716615698266,0.042592977353002284,0.8465356826782227,0.9668053984642029,0.8689413666725159,0.9468310475349426
D3,glioma,6,/kaggle/input/datasets/denizkavi1/brain-tumor/2/1100.png,False,False,0.02565150740929995,0.10993143109931432,0.030495944142109047,0.028173342895195165,0.021891864372263516,0.8667998909950256,0.9413139820098877,0.8513206243515015,0.9276663064956665
D3,glioma,7,/kaggle/input/datasets/denizkavi1/brain-tumor/2/1101.png,False,False,0.023452635872336085,0.05497739934826028,0.07658479030355037,0.03602766594404873,0.2158953234795251,0.8479027152061462,0.9658600091934204,0.8731531500816345,0.9396950602531433
D3,glioma,8,/kaggle/input/datasets/denizkavi1/brain-tumor/2/1103.png,False,False,0.022724956690104964,0.09851138353765324,0.031979434447300774,0.016487962775642323,0.03045529122231337,0.8518902659416199,0.9653968811035156,0.8803856372833252,0.941217839717865
D3,glioma,9,/kaggle/input/datasets/denizkavi1/brain-tumor/2/1126.png,False,False,0.09333046933734293,0.198900967626329,0.11014176663031625,0.061448968799576946,0.04814621409921671,0.8701664209365845,0.9409500360488892,0.8699368238449097,0.9527059197425842
D3,glioma,10,/kaggle/input/datasets/denizkavi1/brain-tumor/2/1150.png,False,False,0.22944995712360652,0.19618593563766387,0.12259507829977628,0.042995118911621145,0.09281828073993471,0.8661656379699707,0.9561123847961426,0.8753479719161987,0.9470124840736389
D3,glioma,11,/kaggle/input/datasets/denizkavi1/brain-tumor/2/1201.png,False,False,0.06743246117847267,0.08438681793625068,0.03219171037745552,0.022516556291390728,0.03549319026000825,0.8864279985427856,0.9733811020851135,0.8611871004104614,0.9572780132293701
D3,glioma,12,/kaggle/input/datasets/denizkavi1/brain-tumor/2/1216.png,False,False,0.016406724731618392,0.1728409489307,0.0280680188485966,0.007832898172323759,0.021787823253919772,0.8599453568458557,0.9627009630203247,0.8755294680595398,0.9543883204460144
D3,glioma,13,/kaggle/input/datasets/denizkavi1/brain-tumor/2/1218.png,False,False,0.01517297187942545,0.09491599389046476,0.0713065755764304,0.015375278171151122,0.05507672903090183,0.805996298789978,0.9703760147094727,0.8604451417922974,0.9642009735107422
D3,glioma,14,/kaggle/input/datasets/denizkavi1/brain-tumor/2/1220.png,False,False,0.03634861627426683,0.1598289610539697,0.05619869501157651,0.019191714053614948,0.019295216817304763,0.8630110621452332,0.9637567400932312,0.8802121877670288,0.9510380625724792
D3,glioma,15,/kaggle/input/datasets/denizkavi1/brain-tumor/2/1225.png,False,False,0.033360790774299834,0.13619381863466545,0.013123359580052493,0.05999155048584706,0.029438916811980714,0.8775311708450317,0.9740776419639587,0.8633832931518555,0.9259070158004761
D3,glioma,16,/kaggle/input/datasets/denizkavi1/brain-tumor/2/1228.png,False,False,0.016818642350557245,0.13748158222826704,0.05155071248952221,0.025015315499285276,0.040203087762926124,0.799113929271698,0.9658002853393555,0.8692681193351746,0.9615500569343567
D3,glioma,17,/kaggle/input/datasets/denizkavi1/brain-tumor/2/1232.png,False,False,0.01950426655830963,0.1308169014084507,0.0519916142557652,0.13401129943502824,0.05664350389555696,0.862234890460968,0.9679190516471863,0.8648873567581177,0.9565461874008179
D3,glioma,18,/kaggle/input/datasets/denizkavi1/brain-tumor/2/1234.png,False,False,0.03795635536249871,0.11684843089249944,0.030919363122752952,0.03282906246783987,0.03677685950413223,0.8718990087509155,0.9707792401313782,0.8726612329483032,0.9562044143676758
D3,glioma,19,/kaggle/input/datasets/denizkavi1/brain-tumor/2/1244.png,False,False,0.024395223027457384,0.21207729468599035,0.061224489795918366,0.0653927813163482,0.10092145677928917,0.8457567691802979,0.883562445640564,0.8693864345550537,0.9294391870498657
D3,glioma,20,/kaggle/input/datasets/denizkavi1/brain-tumor/2/1249.png,False,False,0.1359366157328806,0.07210768080333298,0.07302469795787447,0.10455646048866388,0.061898211829436035,0.8732407093048096,0.9739851951599121,0.8542526960372925,0.9505792260169983
D3,glioma,21,/kaggle/input/datasets/denizkavi1/brain-tumor/2/1251.png,False,False,0.019815059445178335,0.1324757391108102,0.023768234214016117,0.013839781796141024,0.054090956832265516,0.8521555662155151,0.9606936573982239,0.8708444237709045,0.9130586385726929
D3,glioma,22,/kaggle/input/datasets/denizkavi1/brain-tumor/2/1257.png,False,False,0.02710720130932897,0.20552552552552553,0.0242782821585229,0.047589229805886035,0.06775874906924795,0.8740347027778625,0.9383528828620911,0.862054169178009,0.6224355101585388
D3,glioma,23,/kaggle/input/datasets/denizkavi1/brain-tumor/2/1265.png,False,False,0.03240407365497377,0.18488783943329398,0.03870834195818671,0.1333709768492377,0.1252382554097993,0.8338145017623901,0.9570649862289429,0.8721477389335632,0.9505188465118408
D3,glioma,24,/kaggle/input/datasets/denizkavi1/brain-tumor/2/1269.png,False,False,0.1096859796550199,0.14684036110158838,0.11239193083573487,0.0950354609929078,0.07187867136601517,0.8426091074943542,0.9367992281913757,0.875453770160675,0.9441056847572327
D3,glioma,25,/kaggle/input/datasets/denizkavi1/brain-tumor/2/1278.png,False,False,0.03560004127541017,0.2654141974530324,0.04509007601791107,0.06324822544761098,0.06257278983589201,0.8473122119903564,0.8668346405029297,0.8559798002243042,0.9326216578483582
D3,glioma,26,/kaggle/input/datasets/denizkavi1/brain-tumor/2/1279.png,False,False,0.04705268648930621,0.15052160953800298,0.029227771510614297,0.04313480927138551,0.06178586542530681,0.8410598039627075,0.9643540978431702,0.8722459673881531,0.955523669719696
D3,glioma,27,/kaggle/input/datasets/denizkavi1/brain-tumor/2/1283.png,False,False,0.1030995823257859,0.21105345722215518,0.08992180712423979,0.1051126992853216,0.10220418905581752,0.8339313268661499,0.9448413252830505,0.8650305271148682,0.949593722820282
D3,glioma,28,/kaggle/input/datasets/denizkavi1/brain-tumor/2/1286.png,False,False,0.008035355564483728,0.12159141707644167,0.014044659997979186,0.018262987012987012,0.013942210547585371,0.8627735376358032,0.9615747332572937,0.8667507171630859,0.9515989422798157
D3,glioma,29,/kaggle/input/datasets/denizkavi1/brain-tumor/2/1295.png,False,False,0.12624845696330378,0.0987519159185461,0.046834254719933244,0.04291800893692196,0.0317672458106302,0.8438766002655029,0.963703453540802,0.8697804808616638,0.9617176055908203
D3,glioma,30,/kaggle/input/datasets/denizkavi1/brain-tumor/2/1296.png,False,False,0.018883248730964468,0.13709494674824382,0.028384055743416334,0.03282906246783987,0.03378656777915121,0.8669175505638123,0.9558255076408386,0.8674994707107544,0.9606042504310608
D3,glioma,31,/kaggle/input/datasets/denizkavi1/brain-tumor/2/1312.png,False,False,0.020748576078112285,0.1333709768492377,0.02241238793806031,0.03538636129165377,0.029861467419189328,0.8627151250839233,0.9619635939598083,0.8753416538238525,0.9475319981575012
D3,glioma,32,/kaggle/input/datasets/denizkavi1/brain-tumor/2/1314.png,False,False,0.026595744680851064,0.17545092527524012,0.04313480927138551,0.19476190476190477,0.17490049168812924,0.8049807548522949,0.9485570192337036,0.860120415687561,0.9503152370452881
D3,glioma,33,/kaggle/input/datasets/denizkavi1/brain-tumor/2/1325.png,False,False,0.06595857673924588,0.13748158222826704,0.04803675856307435,0.016921673928462864,0.0222041148910165,0.7879806756973267,0.9612411856651306,0.864853024482727,0.9563335180282593
D3,glioma,34,/kaggle/input/datasets/denizkavi1/brain-tumor/2/1332.png,False,False,0.01464350636235104,0.121466085596156,0.01628565648391665,0.019090170593013808,0.01815968347367353,0.839237630367279,0.9661877751350403,0.8742951154708862,0.9597470760345459
D3,glioma,35,/kaggle/input/datasets/denizkavi1/brain-tumor/2/134.png,False,False,0.06607180794561292,0.0977904178516736,0.030919363122752952,0.04705268648930621,0.009556382657680313,0.8616014719009399,0.9627682566642761,0.8650619387626648,0.946790874004364
D3,glioma,36,/kaggle/input/datasets/denizkavi1/brain-tumor/2/154.png,False,True,0.030996612952889253,0.12008928571428572,0.01056338028169014,0.10000797193877552,0.10000797193877552,0.8261035680770874,0.9386048316955566,0.8232251405715942,0.9451198577880859
D3,glioma,37,/kaggle/input/datasets/denizkavi1/brain-tumor/2/165.png,False,False,0.19051008303677341,0.13851389676687464,0.08873942286830115,0.22884780213052527,0.15290063182079264,0.8493340611457825,0.9526866674423218,0.8561491966247559,0.9484378099441528
D3,glioma,38,/kaggle/input/datasets/denizkavi1/brain-tumor/2/1848.png,False,False,0.07972027972027972,0.11473953126735532,0.0700501119522337,0.03677685950413223,0.035920726672171756,0.7798820734024048,0.9757335782051086,0.7885105013847351,0.9682722687721252
D3,glioma,39,/kaggle/input/datasets/denizkavi1/brain-tumor/2/1856.png,False,False,0.07084933845497225,0.12878191429535485,0.08602965047072827,0.15343064015630387,0.0969504863919554,0.8521103858947754,0.974936306476593,0.8479585647583008,0.9599778652191162
D3,glioma,40,/kaggle/input/datasets/denizkavi1/brain-tumor/2/1859.png,False,False,0.044981257809246146,0.12109025915996426,0.026070953890195276,0.0472712094333716,0.029016712806316004,0.8455337882041931,0.8482717871665955,0.8388744592666626,0.857725203037262
D3,glioma,42,/kaggle/input/datasets/denizkavi1/brain-tumor/2/1877.png,False,False,0.02238274493844745,0.17462546816479402,0.02394538414509884,0.018969364982755123,0.03781382374212212,0.8038660287857056,0.9435145258903503,0.8234814405441284,0.9034821391105652
D3,glioma,43,/kaggle/input/datasets/denizkavi1/brain-tumor/2/1879.png,False,False,0.038385928608380755,0.1604995374653099,0.016818642350557245,0.004805766920304365,0.02085240565557929,0.7930893898010254,0.9612219929695129,0.8516228795051575,0.9378485679626465
D3,glioma,44,/kaggle/input/datasets/denizkavi1/brain-tumor/2/1895.png,False,False,0.0755546029364484,0.14933577645442053,0.05497739934826028,0.057868662380099085,0.05820328975115985,0.7802389860153198,0.8419002890586853,0.8282614350318909,0.7813814282417297
D3,glioma,45,/kaggle/input/datasets/denizkavi1/brain-tumor/2/1942.png,False,False,0.08813008130081301,0.16724819725517562,0.04780793319415449,0.11300876122879007,0.050340136054421766,0.8635885715484619,0.9281854033470154,0.8431398868560791,0.9392634034156799
D3,glioma,46,/kaggle/input/datasets/denizkavi1/brain-tumor/2/1946.png,False,False,0.03335048893463716,0.28190062587814535,0.0342021221798702,0.1696969696969697,0.1314543404735062,0.8519923686981201,0.8588330745697021,0.8442590236663818,0.8523485064506531
D3,glioma,48,/kaggle/input/datasets/denizkavi1/brain-tumor/2/205.png,False,False,0.15356321839080458,0.12448179271708683,0.09635132182652392,0.15449212009662946,0.10907282572659963,0.8559938073158264,0.9764055013656616,0.8646283745765686,0.9534381031990051
D3,glioma,49,/kaggle/input/datasets/denizkavi1/brain-tumor/2/208.png,False,False,0.11214539007092199,0.10699316126185748,0.03752713739274269,0.09004018681438036,0.05254326166754064,0.872421383857727,0.9326319694519043,0.8538949489593506,0.9042811989784241
D3,glioma,50,/kaggle/input/datasets/denizkavi1/brain-tumor/2/211.png,False,False,0.07763341565553528,0.10723742277140336,0.09827095644561173,0.06550589234525958,0.028173342895195165,0.8080320358276367,0.9719486832618713,0.8617510795593262,0.9677317142486572
D3,glioma,51,/kaggle/input/datasets/denizkavi1/brain-tumor/2/270.png,False,False,0.1315819145337693,0.13388317704214214,0.11846651064304023,0.13632246376811594,0.1026148099318831,0.8363548517227173,0.9631094336509705,0.8500968813896179,0.9507943391799927
D3,meningioma,127,/kaggle/input/datasets/denizkavi1/brain-tumor/1/2310.png,False,False,0.014444444444444444,0.1769672804034244,0.037392831319078605,0.011073082343466881,0.07113149194838435,0.04394634813070297,0.462356835603714,0.051408957690000534,0.05653096362948418
D3,meningioma,128,/kaggle/input/datasets/denizkavi1/brain-tumor/1/2320.png,False,False,0.05876147272919084,0.14788974036371955,0.046725073007926575,0.0088261253309797,0.056485570504262096,0.051004234701395035,0.6645041108131409,0.05059021711349487,0.06920915096998215
D3,meningioma,129,/kaggle/input/datasets/denizkavi1/brain-tumor/1/2337.png,False,False,0.037419888360554064,0.16751977664029782,0.07543934847835405,0.06720544449170565,0.04990061721937441,0.05055539682507515,0.4991738200187683,0.05202934145927429,0.042049940675497055
D3,meningioma,131,/kaggle/input/datasets/denizkavi1/brain-tumor/1/2350.png,False,False,0.1661631419939577,0.15755478662053057,0.12284627433430298,0.06959394649898754,0.060775816509882674,0.04284500330686569,0.5547389984130859,0.05203783139586449,0.07845896482467651
D3,meningioma,132,/kaggle/input/datasets/denizkavi1/brain-tumor/1/2366.png,False,False,0.10638297872340426,0.11548293875736357,0.06993603411513859,0.10092145677928917,0.048803427735395546,0.05342886969447136,0.4649101495742798,0.05522584915161133,0.13000375032424927
D3,meningioma,133,/kaggle/input/datasets/denizkavi1/brain-tumor/1/2369.png,False,False,0.029333333333333333,0.16847130050064035,0.05954391891891892,0.08292893346274129,0.04636865687193915,0.03758731484413147,0.521076500415802,0.05508631467819214,0.06440134346485138
D3,meningioma,134,/kaggle/input/datasets/denizkavi1/brain-tumor/1/2382.png,False,False,0.08181524199633503,0.17682926829268292,0.11374986128065698,0.08956682227771143,0.0987519159185461,0.05248759314417839,0.5316173434257507,0.05707148090004921,0.07760169357061386
D3,meningioma,135,/kaggle/input/datasets/denizkavi1/brain-tumor/1/2391.png,False,False,0.035920726672171756,0.14723365340649291,0.015070294325882472,0.12297191451270001,0.13298713027771505,0.06830846518278122,0.7154474854469299,0.062307070940732956,0.5153246521949768
D3,meningioma,136,/kaggle/input/datasets/denizkavi1/brain-tumor/1/2397.png,False,False,0.12196757965343767,0.21560077519379844,0.06573218647127535,0.12297191451270001,0.0668651004571064,0.042789701372385025,0.45393529534339905,0.04922812432050705,0.0913630872964859
D3,meningioma,137,/kaggle/input/datasets/denizkavi1/brain-tumor/1/2406.png,False,False,0.0977904178516736,0.15768831468450803,0.06133671742808799,0.1039489605103949,0.06313559322033899,0.04324192926287651,0.2906298339366913,0.04712489992380142,0.07243840396404266
D3,meningioma,138,/kaggle/input/datasets/denizkavi1/brain-tumor/1/2407.png,False,False,0.035920726672171756,0.149204168098019,0.02481364239763096,0.06111228589553817,0.03699111386650134,0.04755527526140213,0.6685888171195984,0.06195538863539696,0.2958596646785736
D3,meningioma,139,/kaggle/input/datasets/denizkavi1/brain-tumor/1/2409.png,False,False,0.19632852544999405,0.1511814636384492,0.1455313320397215,0.19093390293105494,0.14670932358318098,0.04783329740166664,0.7296412587165833,0.04980931803584099,0.3354816734790802
D3,meningioma,140,/kaggle/input/datasets/denizkavi1/brain-tumor/1/2440.png,False,False,0.12916291629162915,0.11374986128065698,0.10760401721664276,0.13226565124874007,0.10600590744995077,0.050463683903217316,0.5964220762252808,0.05300868675112724,0.11373244971036911
D3,meningioma,141,/kaggle/input/datasets/denizkavi1/brain-tumor/1/2452.png,False,False,0.015275670207384927,0.1518420750602548,0.03261652433377919,0.03495926575229452,0.0427012987012987,0.04231645539402962,0.41304630041122437,0.05067621171474457,0.07999696582555771
D3,meningioma,142,/kaggle/input/datasets/denizkavi1/brain-tumor/1/2458.png,False,False,0.20263630916716596,0.16318961520630507,0.19504643962848298,0.014751945033848642,0.05526951770515919,0.045903049409389496,0.588270902633667,0.05639009550213814,0.058722157031297684
D3,meningioma,143,/kaggle/input/datasets/denizkavi1/brain-tumor/1/2461.png,False,False,0.17545092527524012,0.18572778827977315,0.2493464459106187,0.1991874775958896,0.27102330293819654,0.057830117642879486,0.74932861328125,0.07404135912656784,0.0896848663687706
D3,meningioma,144,/kaggle/input/datasets/denizkavi1/brain-tumor/1/2467.png,False,False,0.03913853799958584,0.179873030801787,0.06584536958368734,0.03389306685896776,0.054090956832265516,0.05203763768076897,0.7083210945129395,0.05336108058691025,0.11560545861721039
D3,meningioma,145,/kaggle/input/datasets/denizkavi1/brain-tumor/1/2479.png,False,False,0.0206154158626993,0.15608800829397534,0.08754463802618764,0.03795635536249871,0.044654939106901215,0.0935617983341217,0.6731769442558289,0.07190902531147003,0.15724608302116394
D3,meningioma,146,/kaggle/input/datasets/denizkavi1/brain-tumor/1/2488.png,False,False,0.018883248730964468,0.19079259610821073,0.04759916492693111,0.0055099178521338405,0.05619278122698095,0.053789883852005005,0.7180864810943604,0.0800023004412651,0.15273770689964294
D3,meningioma,147,/kaggle/input/datasets/denizkavi1/brain-tumor/1/2517.png,False,False,0.24377246251084397,0.2350479940930347,0.16143964818886702,0.18769230769230769,0.09241319255469685,0.05369652062654495,0.7583816647529602,0.05288148671388626,0.08314301073551178
D3,meningioma,148,/kaggle/input/datasets/denizkavi1/brain-tumor/1/2528.png,False,False,0.21017725792837333,0.13890149795733092,0.17917988485489367,0.04361370716510903,0.043505347315958884,0.04682055115699768,0.6556717157363892,0.05306345224380493,0.1497982293367386
D3,meningioma,149,/kaggle/input/datasets/denizkavi1/brain-tumor/1/2530.png,False,False,0.02168380331874173,0.1695606572660529,0.10809318758970962,0.009137463600763129,0.10695010463707456,0.05056305602192879,0.19873829185962677,0.048924099653959274,0.05292334407567978
D3,meningioma,150,/kaggle/input/datasets/denizkavi1/brain-tumor/1/2585.png,False,False,0.07659300579274833,0.15144561725562183,0.06460167603691525,0.01701093560145808,0.03407803974055389,0.05736064538359642,0.46706992387771606,0.05626343935728073,0.08409406244754791
D3,meningioma,151,/kaggle/input/datasets/denizkavi1/brain-tumor/1/2635.png,False,False,0.07177901023890786,0.1717454757734968,0.05678830581554317,0.03740828769246667,0.04225498338870432,0.05824405327439308,0.7054106593132019,0.0714535191655159,0.12040337920188904
D3,meningioma,152,/kaggle/input/datasets/denizkavi1/brain-tumor/1/2660.png,False,False,0.06744556558682953,0.14867803593910953,0.05656013456686291,0.08075804888553892,0.052427388067526476,0.0514121912419796,0.5396689772605896,0.06983749568462372,0.13706055283546448
D3,meningioma,153,/kaggle/input/datasets/denizkavi1/brain-tumor/1/2662.png,False,False,0.1252382554097993,0.13285923919178236,0.09443838604143948,0.037419888360554064,0.02596606011040687,0.044745661318302155,0.6701346039772034,0.059921994805336,0.2757556438446045
D3,meningioma,154,/kaggle/input/datasets/denizkavi1/brain-tumor/1/2692.png,False,False,0.06347356151319275,0.1727039027810236,0.09300805924635155,0.01660423205426749,0.015781487101669194,0.05134636536240578,0.37313637137413025,0.053976744413375854,0.05176699906587601
D3,meningioma,155,/kaggle/input/datasets/denizkavi1/brain-tumor/1/2701.png,False,False,0.029227771510614297,0.113997113997114,0.0519916142557652,0.035920726672171756,0.042592977353002284,0.049129668623209,0.5527470707893372,0.056004468351602554,0.20139554142951965
D3,meningioma,156,/kaggle/input/datasets/denizkavi1/brain-tumor/1/2761.png,False,False,0.018469656992084433,0.18488783943329398,0.027752176139272913,0.029438916811980714,0.012918853451756156,0.0422477163374424,0.5983356833457947,0.05381297320127487,0.3167511522769928
D3,meningioma,157,/kaggle/input/datasets/denizkavi1/brain-tumor/1/2762.png,False,False,0.1347806422433288,0.1832115067201132,0.09348441926345609,0.2768447837150127,0.17380116959064326,0.04540848359465599,0.2871214747428894,0.04743872582912445,0.26085737347602844
D3,meningioma,158,/kaggle/input/datasets/denizkavi1/brain-tumor/1/2763.png,False,False,0.03219171037745552,0.2387064922241422,0.038385928608380755,0.026687116564417177,0.02584797711483449,0.03716140240430832,0.42263928055763245,0.047764770686626434,0.20071366429328918
D3,meningioma,159,/kaggle/input/datasets/denizkavi1/brain-tumor/1/2764.png,False,False,0.08415253321810522,0.2265949645563432,0.07983645362599527,0.029830855971296772,0.04787733388964222,0.042397767305374146,0.5748517513275146,0.04845486581325531,0.16872760653495789
D3,meningioma,160,/kaggle/input/datasets/denizkavi1/brain-tumor/1/2778.png,False,False,0.1642691415313225,0.17421317421317423,0.16103655714946785,0.061448968799576946,0.07417317778015627,0.05806225165724754,0.4331546723842621,0.06495536863803864,0.07275810092687607
D3,meningioma,161,/kaggle/input/datasets/denizkavi1/brain-tumor/1/2799.png,False,False,0.12586941889163114,0.17435057336765739,0.07751771526733948,0.2075562507520154,0.124985988117924,0.06095510348677635,0.44225695729255676,0.05590933933854103,0.11869511008262634
D3,meningioma,162,/kaggle/input/datasets/denizkavi1/brain-tumor/1/2804.png,False,False,0.10723742277140336,0.22929936305732485,0.07578518597920463,0.1459237268782827,0.11140642303433002,0.0659819021821022,0.26759710907936096,0.05504337325692177,0.07836621254682541
D3,meningioma,163,/kaggle/input/datasets/denizkavi1/brain-tumor/1/2808.png,False,False,0.00039832702648874725,0.19533111005240592,0.10322864045684164,0.00029871552325002487,0.10432010552929537,0.04449671506881714,0.23816314339637756,0.04589966684579849,0.0380299836397171
D3,meningioma,164,/kaggle/input/datasets/denizkavi1/brain-tumor/1/2813.png,False,False,0.14618547281863864,0.20523597934430166,0.0840354288183193,0.14579289873273205,0.08391834971379199,0.0647505670785904,0.2886515259742737,0.057037919759750366,0.04834585636854172
D3,meningioma,165,/kaggle/input/datasets/denizkavi1/brain-tumor/1/2817.png,False,False,0.03346720214190094,0.12916291629162915,0.024081632653061225,0.15237111034561948,0.13196480938416422,0.06368272006511688,0.6598708629608154,0.06373277306556702,0.4465504288673401
D3,meningioma,166,/kaggle/input/datasets/denizkavi1/brain-tumor/1/2823.png,False,False,0.03994618648452861,0.1771053248885761,0.006510416666666667,0.00852899859522376,0.043934358122143746,0.06236124038696289,0.7351257801055908,0.0619501918554306,0.44282928109169006
D3,meningioma,167,/kaggle/input/datasets/denizkavi1/brain-tumor/1/2824.png,False,False,0.2404557023391104,0.15675426463808206,0.16214374929033723,0.20422366210703144,0.1657567661749332,0.05003238841891289,0.5404142737388611,0.046150144189596176,0.09881915897130966
D3,meningioma,168,/kaggle/input/datasets/denizkavi1/brain-tumor/1/2825.png,False,False,0.18265378270091917,0.19604337981170303,0.13465234595816847,0.10735959395343705,0.0832164058283864,0.06469783186912537,0.6313619017601013,0.05892474949359894,0.3800569772720337
D3,meningioma,169,/kaggle/input/datasets/denizkavi1/brain-tumor/1/2829.png,False,False,0.01486500151683689,0.21796116504854368,0.003098450774612694,0.014249621020717534,0.0032990102969109266,0.03970831260085106,0.4874061942100525,0.044625505805015564,0.3534482419490814
D3,meningioma,170,/kaggle/input/datasets/denizkavi1/brain-tumor/1/2830.png,False,False,0.011693548387096775,0.23125996810207336,0.024081632653061225,0.0196078431372549,0.01517297187942545,0.042445454746484756,0.38523685932159424,0.04822603613138199,0.362673819065094
D3,meningioma,171,/kaggle/input/datasets/denizkavi1/brain-tumor/1/2832.png,False,False,0.24207920792079207,0.20033488817127137,0.1999043519846963,0.20625,0.15889145496535798,0.05284279212355614,0.6848211884498596,0.044694315642118454,0.4767884612083435
D3,meningioma,172,/kaggle/input/datasets/denizkavi1/brain-tumor/1/2833.png,False,False,0.1607163489312536,0.19976090854751943,0.12509799529622578,0.008035355564483728,0.01898669915727485,0.04006292670965195,0.5598118305206299,0.06560114026069641,0.30673748254776
D3,meningioma,174,/kaggle/input/datasets/denizkavi1/brain-tumor/1/2841.png,False,False,0.04161909704203425,0.20249221183800623,0.073483795058295,0.00893664022492218,0.048414023372287146,0.04656623676419258,0.6722299456596375,0.057930927723646164,0.20113103091716766
D3,meningioma,176,/kaggle/input/datasets/denizkavi1/brain-tumor/1/2846.png,False,False,0.03088446542171147,0.19761336515513125,0.024159021406727828,0.07153534059363656,0.0668651004571064,0.05717657133936882,0.3861897885799408,0.04967077076435089,0.18028554320335388
D3,meningioma,177,/kaggle/input/datasets/denizkavi1/brain-tumor/1/2848.png,False,False,0.009150326797385621,0.13877226824009986,0.027752176139272913,0.02565150740929995,0.04454621149042465,0.03455038741230965,0.7667832374572754,0.058795735239982605,0.17103122174739838
D3,meningioma,178,/kaggle/input/datasets/denizkavi1/brain-tumor/1/2872.png,False,False,0.14788974036371955,0.2267448967118934,0.10797085449326563,0.13252876156101961,0.09797703663203937,0.04695764183998108,0.13211609423160553,0.05429770052433014,0.040456049144268036
D3,meningioma,179,/kaggle/input/datasets/denizkavi1/brain-tumor/1/2873.png,False,False,0.04585243851604835,0.11983932158000446,0.04738050511375496,0.09671074199541034,0.053316540722082285,0.06648176163434982,0.5607399940490723,0.05273515358567238,0.14377419650554657
D3,pituitary,211,/kaggle/input/datasets/denizkavi1/brain-tumor/3/1057.png,False,True,0.03688397561731584,0.09051396283820494,0.08626474726702024,0.10000797193877552,0.10000797193877552,0.25752007961273193,0.47698208689689636,0.14059101045131683,0.27881574630737305
D3,pituitary,212,/kaggle/input/datasets/denizkavi1/brain-tumor/3/1063.png,False,False,0.023142012437557345,0.08968512486427796,0.10007672914611422,0.028173342895195165,0.11042265988050454,0.20759527385234833,0.4324895441532135,0.12229315936565399,0.22164708375930786
D3,pituitary,213,/kaggle/input/datasets/denizkavi1/brain-tumor/3/1066.png,False,False,0.05801221309749421,0.11226864679153276,0.041995022812111156,0.05130890052356021,0.09177903436276642,0.17194406688213348,0.36116817593574524,0.1097482368350029,0.21007899940013885
D3,pituitary,214,/kaggle/input/datasets/denizkavi1/brain-tumor/3/1068.png,False,False,0.0347458500876379,0.16238128329858698,0.029861467419189328,0.02345502753416276,0.03463917525773196,0.20392073690891266,0.5925893783569336,0.14115750789642334,0.26863113045692444
D3,pituitary,215,/kaggle/input/datasets/denizkavi1/brain-tumor/3/1069.png,False,False,0.031442663378545004,0.18223583460949463,0.043234254832675116,0.02691087690576077,0.01898669915727485,0.27119290828704834,0.3365294933319092,0.13414958119392395,0.2095760554075241
D3,pituitary,218,/kaggle/input/datasets/denizkavi1/brain-tumor/3/1398.png,False,False,0.07119222969367062,0.19476190476190477,0.06381174475302098,0.06959394649898754,0.06268530283778061,0.1443447321653366,0.09699785709381104,0.10599201917648315,0.08251078426837921
D3,pituitary,221,/kaggle/input/datasets/denizkavi1/brain-tumor/3/1479.png,False,False,0.04432882414151925,0.16792738275340394,0.037205456800330716,0.02848944455831113,0.013839781796141024,0.2052655667066574,0.5244035720825195,0.16124700009822845,0.18888388574123383
D3,pituitary,222,/kaggle/input/datasets/denizkavi1/brain-tumor/3/1494.png,False,False,0.07925583396064093,0.10407040704070407,0.06291040033891125,0.08144796380090498,0.05752212389380531,0.24633663892745972,0.47644734382629395,0.104962557554245,0.26526281237602234
D3,pituitary,223,/kaggle/input/datasets/denizkavi1/brain-tumor/3/1497.png,False,False,0.09767034890079843,0.10601719197707736,0.0834502860844219,0.0741652397260274,0.0711846318036286,0.21559834480285645,0.49186497926712036,0.11501618474721909,0.24138665199279785
D3,pituitary,224,/kaggle/input/datasets/denizkavi1/brain-tumor/3/1509.png,True,True,0.10000797193877552,0.13005292196824683,0.10000797193877552,0.10000797193877552,0.10000797193877552,0.14786601066589355,0.4952578842639923,0.10470370948314667,0.4233039915561676
D3,pituitary,225,/kaggle/input/datasets/denizkavi1/brain-tumor/3/1512.png,False,False,0.07451820128479657,0.13890149795733092,0.05144054478784704,0.011999596652213371,0.06010351748177881,0.20943580567836761,0.6229044795036316,0.10768356919288635,0.21874085068702698
D3,pituitary,226,/kaggle/input/datasets/denizkavi1/brain-tumor/3/1513.png,False,False,0.019815059445178335,0.1572878228782288,0.02335066789028245,0.051000104723007644,0.03378656777915121,0.12729275226593018,0.4689244031906128,0.11097553372383118,0.42320573329925537
D3,pituitary,227,/kaggle/input/datasets/denizkavi1/brain-tumor/3/1527.png,False,False,0.04205170802616551,0.11821727019498607,0.06279783966959653,0.02848944455831113,0.052212203816313696,0.1561139076948166,0.5162565112113953,0.09953497350215912,0.36689239740371704
D3,pituitary,228,/kaggle/input/datasets/denizkavi1/brain-tumor/3/1533.png,False,False,0.04476368936081616,0.06652497343251859,0.06970795139629077,0.03634861627426683,0.0740582191780822,0.147691547870636,0.4007496237754822,0.08274170011281967,0.2029029130935669
D3,pituitary,229,/kaggle/input/datasets/denizkavi1/brain-tumor/3/1552.png,False,False,0.03560004127541017,0.1680633147113594,0.0560875512995896,0.035706914344685245,0.05653226655437414,0.24948179721832275,0.3406485617160797,0.1413244754076004,0.21387524902820587
D3,pituitary,230,/kaggle/input/datasets/denizkavi1/brain-tumor/3/1569.png,False,False,0.034532522420369034,0.11177578375983162,0.05553218342448465,0.060663707461424646,0.09217542714114703,0.21525368094444275,0.3572080135345459,0.09157989919185638,0.17805810272693634
D3,pituitary,231,/kaggle/input/datasets/denizkavi1/brain-tumor/3/1586.png,False,False,0.05254326166754064,0.11684843089249944,0.04814621409921671,0.021060128192084648,0.03602766594404873,0.20843257009983063,0.39882099628448486,0.10311099886894226,0.18833129107952118
D3,pituitary,232,/kaggle/input/datasets/denizkavi1/brain-tumor/3/1599.png,False,False,0.05686604886267902,0.12234399463207336,0.08980345314366381,0.053537686332143605,0.08239861949956859,0.19038207828998566,0.4399014413356781,0.13598348200321198,0.24372290074825287
D3,pituitary,233,/kaggle/input/datasets/denizkavi1/brain-tumor/3/1611.png,False,False,0.033041688111168296,0.18642865586948812,0.025232403718459494,0.026805811336198075,0.025546699366441855,0.19167914986610413,0.23014457523822784,0.12079854309558868,0.1967962384223938
D3,pituitary,234,/kaggle/input/datasets/denizkavi1/brain-tumor/3/1630.png,False,False,0.03495926575229452,0.1365798414496036,0.013225643614336193,0.025337147527584796,0.023977145189266403,0.15250322222709656,0.504585325717926,0.0976090282201767,0.1625497043132782
D3,pituitary,235,/kaggle/input/datasets/denizkavi1/brain-tumor/3/1633.png,False,False,0.061224489795918366,0.15462494247583985,0.039569090532421795,0.134395840397875,0.10601719197707736,0.21685191988945007,0.47178915143013,0.1281067430973053,0.17638546228408813
D3,pituitary,236,/kaggle/input/datasets/denizkavi1/brain-tumor/3/1634.png,False,True,0.1318371489793617,0.09671074199541034,0.09051396283820494,0.10000797193877552,0.10000797193877552,0.18073616921901703,0.4599454402923584,0.149705708026886,0.2510797381401062
D3,pituitary,237,/kaggle/input/datasets/denizkavi1/brain-tumor/3/1639.png,True,True,0.10000797193877552,0.08626474726702024,0.10000797193877552,0.10000797193877552,0.10000797193877552,0.14022357761859894,0.39570343494415283,0.10566087067127228,0.18715448677539825
D3,pituitary,238,/kaggle/input/datasets/denizkavi1/brain-tumor/3/1646.png,False,True,0.08873942286830115,0.1035847811744007,0.08274894810659186,0.10000797193877552,0.10000797193877552,0.17322948575019836,0.47439172863960266,0.1315193921327591,0.19819395244121552
D3,pituitary,239,/kaggle/input/datasets/denizkavi1/brain-tumor/3/1647.png,False,False,0.06709197235513024,0.09158146617359147,0.04661591406820315,0.026175869120654397,0.0852076124567474,0.2044893354177475,0.3173438310623169,0.15166258811950684,0.14586474001407623
D3,pituitary,240,/kaggle/input/datasets/denizkavi1/brain-tumor/3/1655.png,False,False,0.11042265988050454,0.1281474820143885,0.11597909485155121,0.053427101920856514,0.12624845696330378,0.22909319400787354,0.36825624108314514,0.1310335099697113,0.14538991451263428
D3,pituitary,241,/kaggle/input/datasets/denizkavi1/brain-tumor/3/1659.png,False,False,0.1037061475860552,0.10687107091651042,0.0583148792576189,0.042268148302004364,0.03527955436352383,0.16637694835662842,0.2498493790626526,0.13299335539340973,0.18073585629463196
D3,pituitary,242,/kaggle/input/datasets/denizkavi1/brain-tumor/3/1678.png,False,False,0.08485569127661874,0.11350271829579496,0.07279529663281667,0.02920081967213115,0.042336826813323646,0.18409614264965057,0.2114824801683426,0.1097773015499115,0.137617290019989
D3,pituitary,243,/kaggle/input/datasets/denizkavi1/brain-tumor/3/1679.png,True,True,0.10000797193877552,0.1484151504748827,0.10000797193877552,0.10000797193877552,0.10000797193877552,0.17075009644031525,0.5083303451538086,0.12412867695093155,0.24511833488941193
D3,pituitary,244,/kaggle/input/datasets/denizkavi1/brain-tumor/3/1692.png,False,False,0.040647034425549566,0.12083984811257538,0.06010351748177881,0.03826662529734202,0.05851961197806833,0.1855798214673996,0.5331366062164307,0.1250385344028473,0.34590277075767517
D3,pituitary,245,/kaggle/input/datasets/denizkavi1/brain-tumor/3/1697.png,False,False,0.19305753685211602,0.17338945399275107,0.1324757391108102,0.028278688524590163,0.029227771510614297,0.12817133963108063,0.48512470722198486,0.1314106583595276,0.3086727261543274
D3,pituitary,246,/kaggle/input/datasets/denizkavi1/brain-tumor/3/1701.png,False,False,0.04086289151628293,0.17572633552014996,0.1205895489057615,0.0396767844193515,0.12726047399752893,0.17298199236392975,0.20180770754814148,0.0935329794883728,0.13978400826454163
D3,pituitary,247,/kaggle/input/datasets/denizkavi1/brain-tumor/3/1705.png,False,False,0.04949874686716792,0.10589531680440771,0.03150980190906292,0.10104223806911684,0.04151100041511,0.1643742322921753,0.45533350110054016,0.12833447754383087,0.3210690915584564
D3,pituitary,248,/kaggle/input/datasets/denizkavi1/brain-tumor/3/1706.png,False,False,0.008845999195818254,0.13645113803646247,0.057534246575342465,0.008744597446979595,0.05731142014327855,0.14999307692050934,0.4025114178657532,0.09890436381101608,0.2182636559009552
D3,pituitary,249,/kaggle/input/datasets/denizkavi1/brain-tumor/3/1707.png,False,False,0.06765957446808511,0.1598289610539697,0.04,0.07062086622573074,0.04738050511375496,0.12311042845249176,0.5494765639305115,0.13544422388076782,0.30225875973701477
D3,pituitary,250,/kaggle/input/datasets/denizkavi1/brain-tumor/3/1718.png,True,False,0.10000797193877552,0.10577346848832085,0.10000797193877552,0.10000797193877552,0.10000797193877552,0.15384064614772797,0.3562779724597931,0.10625699907541275,0.22519995272159576
D3,pituitary,251,/kaggle/input/datasets/denizkavi1/brain-tumor/3/1729.png,False,False,0.1408434693645561,0.11276194700077614,0.10249368340107656,0.0280680188485966,0.08509028003027354,0.16854524612426758,0.4263131022453308,0.11573339998722076,0.2878960072994232
D3,pituitary,252,/kaggle/input/datasets/denizkavi1/brain-tumor/3/1742.png,False,False,0.1471575649059982,0.11921489907438385,0.10618323081903529,0.05045007326774126,0.08779536093648385,0.15399985015392303,0.5990726947784424,0.13855618238449097,0.36161983013153076
D3,pituitary,253,/kaggle/input/datasets/denizkavi1/brain-tumor/3/1746.png,False,False,0.09546148810822605,0.1273871040215682,0.06400339090812758,0.09932106876916338,0.09143292020004348,0.1378602236509323,0.7464140057563782,0.11728384345769882,0.26308920979499817
D3,pituitary,254,/kaggle/input/datasets/denizkavi1/brain-tumor/3/1748.png,False,False,0.1350435077409877,0.11486336369695624,0.06454689984101748,0.012407949157671743,0.010166079516859588,0.11316676437854767,0.517721951007843,0.12828941643238068,0.20752966403961182
D3,pituitary,255,/kaggle/input/datasets/denizkavi1/brain-tumor/3/1759.png,False,True,0.10000797193877552,0.12259507829977628,0.10000797193877552,0.10000797193877552,0.10000797193877552,0.14738330245018005,0.37884148955345154,0.11653175204992294,0.20712769031524658
D3,pituitary,256,/kaggle/input/datasets/denizkavi1/brain-tumor/3/1760.png,False,False,0.13324299909665763,0.12422986445614428,0.07728638900815801,0.046725073007926575,0.029861467419189328,0.14429934322834015,0.4487149715423584,0.10396309196949005,0.19084811210632324
D3,pituitary,257,/kaggle/input/datasets/denizkavi1/brain-tumor/3/1764.png,False,True,0.09851138353765324,0.11276194700077614,0.0427012987012987,0.10000797193877552,0.10000797193877552,0.12280432134866714,0.5552005767822266,0.12858669459819794,0.24565213918685913
D3,pituitary,258,/kaggle/input/datasets/denizkavi1/brain-tumor/3/1767.png,False,False,0.1488095238095238,0.13030746705710103,0.06561902739435124,0.022188295165394403,0.06636228498619665,0.19315513968467712,0.37111762166023254,0.09698108583688736,0.2036752998828888
D3,pituitary,259,/kaggle/input/datasets/denizkavi1/brain-tumor/3/1778.png,False,False,0.04719733277766201,0.09755030621172353,0.08847736625514403,0.025229826353421858,0.02397469904101204,0.19969478249549866,0.4040747880935669,0.138545423746109,0.18093067407608032
D3,pituitary,260,/kaggle/input/datasets/denizkavi1/brain-tumor/3/1782.png,False,False,0.11647569251307154,0.12159141707644167,0.10334212840809147,0.07534246575342465,0.11211953514111787,0.15508872270584106,0.4223063588142395,0.11770684272050858,0.25893059372901917
D3,pituitary,261,/kaggle/input/datasets/denizkavi1/brain-tumor/3/1836.png,False,False,0.010776513244032632,0.11511111111111111,0.0940804535048512,0.03314803376569899,0.05155071248952221,0.21404621005058289,0.23978734016418457,0.09354349970817566,0.22257737815380096
D3,pituitary,262,/kaggle/input/datasets/denizkavi1/brain-tumor/3/1997.png,False,True,0.05232253329139142,0.09360357415277323,0.09899255365746824,0.10000797193877552,0.10000797193877552,0.10535728931427002,0.3752470910549164,0.11320450901985168,0.2542779743671417
D3,pituitary,263,/kaggle/input/datasets/denizkavi1/brain-tumor/3/2005.png,False,False,0.030707610146862484,0.17256688865521674,0.042268148302004364,0.2266845703125,0.13947159541898174,0.1381717175245285,0.5479138493537903,0.11594481766223907,0.33071258664131165
D3,pituitary,264,/kaggle/input/datasets/denizkavi1/brain-tumor/3/2035.png,False,False,0.11958946898705936,0.12574312955692654,0.06324822544761098,0.11152951600398715,0.05764569501528085,0.20826955139636993,0.637783944606781,0.12408465892076492,0.27289724349975586
D4,glioma,0,/kaggle/input/datasets/masoudnickparvar/brain-tumor-mri-dataset/Training/glioma/Tr-gl_1001.jpg,False,False,0.04949357836483241,0.1641340911727178,0.04447677439467941,0.03007287283177666,0.03357363542739444,0.3042740523815155,0.898573637008667,0.39128604531288147,0.20282068848609924
D4,glioma,1,/kaggle/input/datasets/masoudnickparvar/brain-tumor-mri-dataset/Training/glioma/Tr-gl_1010.jpg,False,False,0.09995615957913195,0.11971438134553163,0.04389432078219264,0.06814074625279047,0.023009570352270414,0.4302227199077606,0.6064528822898865,0.40780407190322876,0.6013016104698181
D4,glioma,2,/kaggle/input/datasets/masoudnickparvar/brain-tumor-mri-dataset/Training/glioma/Tr-gl_1012.jpg,False,False,0.051771117166212535,0.1286549707602339,0.019815059445178335,0.15542251899608567,0.07636207636207636,0.341198593378067,0.9468942880630493,0.343131959438324,0.7084381580352783
D4,glioma,3,/kaggle/input/datasets/masoudnickparvar/brain-tumor-mri-dataset/Training/glioma/Tr-gl_1018.jpg,False,False,0.0096579476861167,0.13196480938416422,0.04748982360922659,0.010466988727858293,0.04757929883138564,0.40981683135032654,0.9518368244171143,0.4171477258205414,0.6639541983604431
D4,glioma,4,/kaggle/input/datasets/masoudnickparvar/brain-tumor-mri-dataset/Training/glioma/Tr-gl_1019.jpg,False,False,0.008744597446979595,0.11337918792988684,0.021787823253919772,0.0070238811960666265,0.017437145174371452,0.41788291931152344,0.9218209385871887,0.4343639314174652,0.4999218285083771
D4,glioma,6,/kaggle/input/datasets/masoudnickparvar/brain-tumor-mri-dataset/Training/glioma/Tr-gl_1045.jpg,False,False,0.02064476761924133,0.13542255911302184,0.0472712094333716,0.10019732514799386,0.08356726408982941,0.35016870498657227,0.9335709810256958,0.3567436933517456,0.6620801091194153
D4,glioma,7,/kaggle/input/datasets/masoudnickparvar/brain-tumor-mri-dataset/Training/glioma/Tr-gl_1071.jpg,False,False,0.0427012987012987,0.15157773952954676,0.06891042709553732,0.0472712094333716,0.0381710975483604,0.3413228392601013,0.9367967247962952,0.3876311480998993,0.7656896114349365
D4,glioma,8,/kaggle/input/datasets/masoudnickparvar/brain-tumor-mri-dataset/Training/glioma/Tr-gl_1102.jpg,False,False,0.13606520262621688,0.0987519159185461,0.09027702335687127,0.0437857514300572,0.005309025343083242,0.1714690774679184,0.8694134950637817,0.3030151128768921,0.6845355033874512
D4,glioma,9,/kaggle/input/datasets/masoudnickparvar/brain-tumor-mri-dataset/Training/glioma/Tr-gl_1106.jpg,False,False,0.025724785626786442,0.23095792959646755,0.043297684560274115,0.019703432866138532,0.034411704100556356,0.282393217086792,0.887855589389801,0.5435930490493774,0.7636767029762268
D4,glioma,10,/kaggle/input/datasets/masoudnickparvar/brain-tumor-mri-dataset/Training/glioma/Tr-gl_1108.jpg,False,False,0.02404727939678011,0.08555976203353163,0.01361573373676248,0.03763440860215054,0.01723089397932293,0.2847265303134918,0.9158178567886353,0.33520323038101196,0.5051495432853699
D4,glioma,11,/kaggle/input/datasets/masoudnickparvar/brain-tumor-mri-dataset/Training/glioma/Tr-gl_1114.jpg,False,False,0.0280680188485966,0.1347806422433288,0.028911215911420957,0.05619869501157651,0.05575426046707343,0.29672396183013916,0.9094407558441162,0.4692176580429077,0.5399635434150696
D4,glioma,12,/kaggle/input/datasets/masoudnickparvar/brain-tumor-mri-dataset/Training/glioma/Tr-gl_1138.jpg,False,False,0.05012033064769279,0.1606337458077946,0.050340136054421766,0.05012033064769279,0.05287452790600084,0.33675798773765564,0.9286662936210632,0.2959299385547638,0.6816898584365845
D4,glioma,13,/kaggle/input/datasets/masoudnickparvar/brain-tumor-mri-dataset/Training/glioma/Tr-gl_1150.jpg,False,False,0.08956682227771143,0.2657333837810569,0.04990061721937441,0.07164975974372664,0.054090956832265516,0.344685822725296,0.9217914938926697,0.4895428717136383,0.47384318709373474
D4,glioma,14,/kaggle/input/datasets/masoudnickparvar/brain-tumor-mri-dataset/Training/glioma/Tr-gl_1156.jpg,False,False,0.07474337040205303,0.10919540229885058,0.04621630061413553,0.07983645362599527,0.042159916926272065,0.3373531997203827,0.9290167689323425,0.28650063276290894,0.4493190050125122
D4,glioma,15,/kaggle/input/datasets/masoudnickparvar/brain-tumor-mri-dataset/Training/glioma/Tr-gl_1188.jpg,False,False,0.056754764662525006,0.24562492242770262,0.04097085364588736,0.10000797193877552,0.10000797193877552,0.229496031999588,0.7699685096740723,0.3390774726867676,0.2526276111602783
D4,glioma,16,/kaggle/input/datasets/masoudnickparvar/brain-tumor-mri-dataset/Training/glioma/Tr-gl_1197.jpg,False,False,0.12083984811257538,0.18572778827977315,0.076939585792467,0.10356946732564525,0.08345913306016821,0.27411678433418274,0.8555551171302795,0.3690648078918457,0.679648220539093
D4,glioma,17,/kaggle/input/datasets/masoudnickparvar/brain-tumor-mri-dataset/Training/glioma/Tr-gl_1223.jpg,False,False,0.07996560619088564,0.21501210653753028,0.10272168568920105,0.003296373988612526,0.013010590015128594,0.3229268789291382,0.8706874251365662,0.37771931290626526,0.5676134824752808
D4,glioma,18,/kaggle/input/datasets/masoudnickparvar/brain-tumor-mri-dataset/Training/glioma/Tr-gl_1226.jpg,False,False,0.01898669915727485,0.18797348484848486,0.0222041148910165,0.06581740976645435,0.03633360858794385,0.2107260823249817,0.9419945478439331,0.30565640330314636,0.4229489862918854
D4,glioma,19,/kaggle/input/datasets/masoudnickparvar/brain-tumor-mri-dataset/Training/glioma/Tr-gl_1228.jpg,False,False,0.09527447342573393,0.0680004256677663,0.1412326586308847,0.045525575580789665,0.11140642303433002,0.3999420702457428,0.9140013456344604,0.33277273178100586,0.6911285519599915
D4,glioma,21,/kaggle/input/datasets/masoudnickparvar/brain-tumor-mri-dataset/Training/glioma/Tr-gl_1240.jpg,False,False,0.0653927813163482,0.10589531680440771,0.035706914344685245,0.04572916666666667,0.015373723070698897,0.3227263391017914,0.9383857250213623,0.44830796122550964,0.741412341594696
D4,glioma,22,/kaggle/input/datasets/masoudnickparvar/brain-tumor-mri-dataset/Training/glioma/Tr-gl_1245.jpg,False,False,0.04933110367892977,0.1405841572906012,0.03686873902716101,0.08204851752021564,0.05708868759216347,0.29967060685157776,0.9547905921936035,0.34196722507476807,0.7266060709953308
D4,glioma,23,/kaggle/input/datasets/masoudnickparvar/brain-tumor-mri-dataset/Training/glioma/Tr-gl_125.jpg,False,False,0.0196078431372549,0.06607180794561292,0.04770852907401608,0.1801505174035748,0.04858426496708808,0.4023045003414154,0.8863400220870972,0.3436044156551361,0.43659883737564087
D4,glioma,24,/kaggle/input/datasets/masoudnickparvar/brain-tumor-mri-dataset/Training/glioma/Tr-gl_1256.jpg,False,False,0.08239861949956859,0.1422717960391532,0.06234783529162697,0.1592930576412152,0.14540059347181009,0.2506886422634125,0.8255026936531067,0.3415255546569824,0.4204567074775696
D4,glioma,25,/kaggle/input/datasets/masoudnickparvar/brain-tumor-mri-dataset/Training/glioma/Tr-gl_1258.jpg,False,False,0.032822306821689476,0.124985988117924,0.033886085075702954,0.13748158222826704,0.17435057336765739,0.4080713391304016,0.8663153052330017,0.2152540534734726,0.4044632315635681
D4,glioma,26,/kaggle/input/datasets/masoudnickparvar/brain-tumor-mri-dataset/Training/glioma/Tr-gl_126.jpg,False,False,0.038903259182617694,0.07590051457975987,0.022921760391198046,0.040107783189967876,0.024604389994895354,0.3718099892139435,0.9271401166915894,0.3783966600894928,0.43973052501678467
D4,glioma,27,/kaggle/input/datasets/masoudnickparvar/brain-tumor-mri-dataset/Training/glioma/Tr-gl_1262.jpg,False,False,0.007327110308140119,0.10552985239039436,0.028278688524590163,0.009347673132978188,0.10765497463048754,0.22095736861228943,0.9451571106910706,0.38960450887680054,0.43873798847198486
D4,glioma,28,/kaggle/input/datasets/masoudnickparvar/brain-tumor-mri-dataset/Training/glioma/Tr-gl_1275.jpg,False,False,0.10638297872340426,0.05309548793284365,0.04043126684636118,0.0315130363375077,0.09633427885664413,0.3272298574447632,0.6584434509277344,0.3311770260334015,0.44359683990478516
D4,glioma,29,/kaggle/input/datasets/masoudnickparvar/brain-tumor-mri-dataset/Training/glioma/Tr-gl_129.jpg,False,True,0.03870834195818671,0.16562137049941927,0.07164975974372664,0.10000797193877552,0.10000797193877552,0.4053598642349243,0.9403855204582214,0.36196407675743103,0.738875687122345
D4,glioma,30,/kaggle/input/datasets/masoudnickparvar/brain-tumor-mri-dataset/Training/glioma/Tr-gl_1304.jpg,False,False,0.044981257809246146,0.15303308823529413,0.06437586170325592,0.09419973833406019,0.06505359227422265,0.31379660964012146,0.835663378238678,0.30399516224861145,0.5668614506721497
D4,glioma,31,/kaggle/input/datasets/masoudnickparvar/brain-tumor-mri-dataset/Training/glioma/Tr-gl_1324.jpg,False,False,0.1699696899044066,0.18895865418789243,0.18335101992689543,0.09360357415277323,0.11684843089249944,0.2894425392150879,0.9327075481414795,0.35865747928619385,0.5736576318740845
D4,glioma,32,/kaggle/input/datasets/masoudnickparvar/brain-tumor-mri-dataset/Training/glioma/Tr-gl_1333.jpg,False,False,0.07879178759539933,0.09899255365746824,0.05023022185014651,0.10080070198530218,0.0950354609929078,0.31374427676200867,0.7598890662193298,0.3314361572265625,0.3311614692211151
D4,glioma,33,/kaggle/input/datasets/masoudnickparvar/brain-tumor-mri-dataset/Training/glioma/Tr-gl_1347.jpg,False,False,0.058426492301202275,0.0782122905027933,0.05597643097643098,0.09241319255469685,0.09110676233963905,0.3331088125705719,0.9265355467796326,0.3553568422794342,0.722875714302063
D4,glioma,34,/kaggle/input/datasets/masoudnickparvar/brain-tumor-mri-dataset/Training/glioma/Tr-gl_1354.jpg,False,False,0.0424846785083619,0.15303308823529413,0.026385763959910002,0.10000797193877552,0.10000797193877552,0.16166144609451294,0.47059500217437744,0.2818550169467926,0.19144780933856964
D4,glioma,35,/kaggle/input/datasets/masoudnickparvar/brain-tumor-mri-dataset/Training/glioma/Tr-gl_1393.jpg,False,False,0.11747021489811825,0.15996301433194637,0.022308240806763777,0.03538636129165377,0.023872679045092837,0.3739779591560364,0.9539235234260559,0.28103455901145935,0.7746047973632812
D4,glioma,36,/kaggle/input/datasets/masoudnickparvar/brain-tumor-mri-dataset/Training/glioma/Tr-gl_1395.jpg,False,False,0.024186141443004388,0.11276194700077614,0.022724956690104964,0.02565150740929995,0.0090488638648703,0.3532407879829407,0.9142377376556396,0.4325479567050934,0.7975860834121704
D4,glioma,37,/kaggle/input/datasets/masoudnickparvar/brain-tumor-mri-dataset/Training/glioma/Tr-gl_156.jpg,False,False,0.04759916492693111,0.12083984811257538,0.06043956043956044,0.1373526745240254,0.03282906246783987,0.42890945076942444,0.9312295913696289,0.46256381273269653,0.7695004343986511
D4,glioma,38,/kaggle/input/datasets/masoudnickparvar/brain-tumor-mri-dataset/Training/glioma/Tr-gl_160.jpg,False,False,0.15237111034561948,0.1779342723004695,0.07705516205194247,0.09659090909090909,0.07925583396064093,0.35815516114234924,0.9296756386756897,0.40471577644348145,0.5172418355941772
D4,glioma,39,/kaggle/input/datasets/masoudnickparvar/brain-tumor-mri-dataset/Training/glioma/Tr-gl_172.jpg,False,False,0.02912223133716161,0.13260354361810178,0.06471461913855293,0.01486500151683689,0.023663810689514484,0.3293798267841339,0.9183346033096313,0.32276225090026855,0.5554947853088379
D4,glioma,40,/kaggle/input/datasets/masoudnickparvar/brain-tumor-mri-dataset/Training/glioma/Tr-gl_179.jpg,False,False,0.03495926575229452,0.11784361773223435,0.015892296791173197,0.076939585792467,0.03325440131782147,0.417863667011261,0.8493632674217224,0.4255959689617157,0.5935260653495789
D4,glioma,41,/kaggle/input/datasets/masoudnickparvar/brain-tumor-mri-dataset/Training/glioma/Tr-gl_196.jpg,False,False,0.06709197235513024,0.11103730764972877,0.07601586791036775,0.06675170068027211,0.10699316126185748,0.30703797936439514,0.8768220543861389,0.3184397220611572,0.5042375922203064
D4,glioma,42,/kaggle/input/datasets/masoudnickparvar/brain-tumor-mri-dataset/Training/glioma/Tr-gl_228.jpg,False,False,0.045525575580789665,0.11165263624280018,0.06970795139629077,0.03410261693797651,0.012713147008374533,0.3757825195789337,0.9053838849067688,0.23285110294818878,0.39413824677467346
D4,glioma,43,/kaggle/input/datasets/masoudnickparvar/brain-tumor-mri-dataset/Training/glioma/Tr-gl_231.jpg,False,False,0.055151641046946406,0.10540808459081397,0.0860594398118452,0.08308157099697885,0.08063300678221552,0.27310711145401,0.844463050365448,0.1945813000202179,0.49130651354789734
D4,glioma,44,/kaggle/input/datasets/masoudnickparvar/brain-tumor-mri-dataset/Training/glioma/Tr-gl_237.jpg,False,False,0.03066352169008307,0.15065351983490025,0.05889790327678854,0.01609800546724714,0.016406724731618392,0.3622346520423889,0.9372002482414246,0.39988064765930176,0.5455046892166138
D4,glioma,45,/kaggle/input/datasets/masoudnickparvar/brain-tumor-mri-dataset/Training/glioma/Tr-gl_239.jpg,False,False,0.03229788109442502,0.10407040704070407,0.04313480927138551,0.06046855213170114,0.0370485036119711,0.3094548285007477,0.935302197933197,0.3884931206703186,0.7646037936210632
D4,glioma,46,/kaggle/input/datasets/masoudnickparvar/brain-tumor-mri-dataset/Training/glioma/Tr-gl_244.jpg,False,False,0.027752176139272913,0.14867803593910953,0.05642105263157895,0.03788736744569134,0.04563841925111503,0.4556497037410736,0.9361258149147034,0.6349306702613831,0.7338792085647583
D4,glioma,47,/kaggle/input/datasets/masoudnickparvar/brain-tumor-mri-dataset/Training/glioma/Tr-gl_245.jpg,False,False,0.020820637822465977,0.14305239179954443,0.04676109143928348,0.03527955436352383,0.06415014314494752,0.1728600114583969,0.7421815395355225,0.3654100000858307,0.3080623149871826
D4,glioma,48,/kaggle/input/datasets/masoudnickparvar/brain-tumor-mri-dataset/Training/glioma/Tr-gl_25.jpg,False,False,0.02575370464997445,0.19249049429657794,0.027644107709634484,0.02846027846027846,0.03205259913704541,0.3399074077606201,0.8153406381607056,0.33639460802078247,0.35747775435447693
D4,glioma,49,/kaggle/input/datasets/masoudnickparvar/brain-tumor-mri-dataset/Training/glioma/Tr-gl_253.jpg,False,False,0.06561902739435124,0.0918189730200174,0.027436527436527438,0.11672415711583398,0.05820328975115985,0.3251172602176666,0.9558119773864746,0.3516388535499573,0.6303615570068359
D4,glioma,50,/kaggle/input/datasets/masoudnickparvar/brain-tumor-mri-dataset/Training/glioma/Tr-gl_259.jpg,False,False,0.10382754069511659,0.22077606130641042,0.07199316385387737,0.08149424049951555,0.0758192332405226,0.25819137692451477,0.8299044966697693,0.397786408662796,0.37153494358062744
D4,glioma,51,/kaggle/input/datasets/masoudnickparvar/brain-tumor-mri-dataset/Training/glioma/Tr-gl_274.jpg,False,False,0.014249621020717534,0.1308169014084507,0.02449979583503471,0.01465090431443872,0.021358828315703824,0.3549242913722992,0.8981059193611145,0.3793736398220062,0.6988033056259155
D4,meningioma,131,/kaggle/input/datasets/masoudnickparvar/brain-tumor-mri-dataset/Training/meningioma/Tr-aug-me_27.jpg,False,False,0.054178916421671566,0.11610320284697509,0.04670558798999166,0.20579048534358482,0.14056818181818181,0.2997960150241852,0.8883250951766968,0.3292940557003021,0.23089072108268738
D4,meningioma,132,/kaggle/input/datasets/masoudnickparvar/brain-tumor-mri-dataset/Training/meningioma/Tr-aug-me_28.jpg,False,False,0.033309345121825845,0.11909009812667261,0.015252525252525252,0.0396767844193515,0.007630522088353414,0.2776295840740204,0.6138685345649719,0.40926358103752136,0.21904191374778748
D4,meningioma,133,/kaggle/input/datasets/masoudnickparvar/brain-tumor-mri-dataset/Training/meningioma/Tr-aug-me_37.jpg,False,False,0.038923395445134575,0.10213046343070503,0.06595857673924588,0.04607046070460705,0.07717076312117635,0.2922407388687134,0.8357940316200256,0.3379405736923218,0.11904356628656387
D4,meningioma,134,/kaggle/input/datasets/masoudnickparvar/brain-tumor-mri-dataset/Training/meningioma/Tr-aug-me_43.jpg,False,False,0.06731894076358609,0.18418879056047197,0.05954391891891892,0.013634986365013636,0.13516570523696414,0.3169931173324585,0.19194985926151276,0.36798834800720215,0.20720192790031433
D4,meningioma,135,/kaggle/input/datasets/masoudnickparvar/brain-tumor-mri-dataset/Training/meningioma/Tr-aug-me_63.jpg,False,False,0.024910668708524757,0.1095632946379215,0.061541715131648515,0.003796203796203796,0.13729485002829656,0.3056093156337738,0.8713647723197937,0.5902355313301086,0.14334021508693695
D4,meningioma,136,/kaggle/input/datasets/masoudnickparvar/brain-tumor-mri-dataset/Training/meningioma/Tr-aug-me_66.jpg,False,False,0.042159916926272065,0.121466085596156,0.03282906246783987,0.07647752869248096,0.036241610738255034,0.24844422936439514,0.7235156893730164,0.2219618707895279,0.17832377552986145
D4,meningioma,137,/kaggle/input/datasets/masoudnickparvar/brain-tumor-mri-dataset/Training/meningioma/Tr-aug-me_72.jpg,False,False,0.030495944142109047,0.12713387241689128,0.0940804535048512,0.041294874455281176,0.049571219410165235,0.2242199182510376,0.8522828221321106,0.3475884199142456,0.26338061690330505
D4,meningioma,138,/kaggle/input/datasets/masoudnickparvar/brain-tumor-mri-dataset/Training/meningioma/Tr-aug-me_84.jpg,False,False,0.073483795058295,0.19575837007029667,0.08391834971379199,0.06550589234525958,0.09839115683484732,0.31169092655181885,0.6896570920944214,0.2885792851448059,0.22307182848453522
D4,meningioma,139,/kaggle/input/datasets/masoudnickparvar/brain-tumor-mri-dataset/Training/meningioma/Tr-me_1000.jpg,False,False,0.11498722364181757,0.16656980123212833,0.03261652433377919,0.11548293875736357,0.02670076726342711,0.1957114040851593,0.3256892263889313,0.3089047968387604,0.12973037362098694
D4,meningioma,140,/kaggle/input/datasets/masoudnickparvar/brain-tumor-mri-dataset/Training/meningioma/Tr-me_1011.jpg,False,False,0.12473383391236131,0.11276194700077614,0.04432882414151925,0.10139361351914847,0.07831972496776966,0.3084118068218231,0.9089049100875854,0.39380624890327454,0.4659789800643921
D4,meningioma,141,/kaggle/input/datasets/masoudnickparvar/brain-tumor-mri-dataset/Training/meningioma/Tr-me_1044.jpg,False,False,0.02345502753416276,0.1650801021592756,0.005913601282950787,0.20937236477532828,0.12911933415813745,0.2991310954093933,0.9178054332733154,0.36293601989746094,0.31195732951164246
D4,meningioma,142,/kaggle/input/datasets/masoudnickparvar/brain-tumor-mri-dataset/Training/meningioma/Tr-me_1046.jpg,False,False,0.09170020667899488,0.10858279023528113,0.08767746829955565,0.09851138353765324,0.09647110237080739,0.28524458408355713,0.8575905561447144,0.42714306712150574,0.2704983949661255
D4,meningioma,143,/kaggle/input/datasets/masoudnickparvar/brain-tumor-mri-dataset/Training/meningioma/Tr-me_1051.jpg,False,False,0.09563318777292576,0.05864978902953587,0.006922845389786295,0.0,0.20177224284516823,0.16668203473091125,0.7716946601867676,0.19901645183563232,0.13061058521270752
D4,meningioma,144,/kaggle/input/datasets/masoudnickparvar/brain-tumor-mri-dataset/Training/meningioma/Tr-me_1064.jpg,False,False,0.18741126360624705,0.16901572510192195,0.11029981192609802,0.18234543556431967,0.12072567344694887,0.09745452553033829,0.32403552532196045,0.36492493748664856,0.05849617347121239
D4,meningioma,145,/kaggle/input/datasets/masoudnickparvar/brain-tumor-mri-dataset/Training/meningioma/Tr-me_1080.jpg,False,False,0.05284680717206669,0.16901572510192195,0.0604076460027458,0.05076939181408981,0.05176026823134954,0.1921962946653366,0.812414288520813,0.2569994330406189,0.08787626028060913
D4,meningioma,146,/kaggle/input/datasets/masoudnickparvar/brain-tumor-mri-dataset/Training/meningioma/Tr-me_1084.jpg,False,False,0.08123249299719888,0.07463325837884142,0.06811409110259685,0.2726350494547299,0.07937190793719079,0.5949418544769287,0.9423551559448242,0.6552768349647522,0.6107386946678162
D4,meningioma,147,/kaggle/input/datasets/masoudnickparvar/brain-tumor-mri-dataset/Training/meningioma/Tr-me_1089.jpg,False,False,0.036241610738255034,0.08944854537559704,0.0742881609933633,0.013839781796141024,0.07382837577573294,0.20763887465000153,0.6861732602119446,0.3327541947364807,0.15865781903266907
D4,meningioma,148,/kaggle/input/datasets/masoudnickparvar/brain-tumor-mri-dataset/Training/meningioma/Tr-me_1097.jpg,False,False,0.10662697100011026,0.12083984811257538,0.10931800596882944,0.09659090909090909,0.09935370796363238,0.18708384037017822,0.33256739377975464,0.2991730272769928,0.17892064154148102
D4,meningioma,149,/kaggle/input/datasets/masoudnickparvar/brain-tumor-mri-dataset/Training/meningioma/Tr-me_1113.jpg,False,False,0.035706914344685245,0.12309758281110117,0.06336088154269973,0.027331354283959462,0.0666383250079711,0.2703106999397278,0.6005901098251343,0.27258750796318054,0.11498686671257019
D4,meningioma,150,/kaggle/input/datasets/masoudnickparvar/brain-tumor-mri-dataset/Training/meningioma/Tr-me_1115.jpg,False,False,0.03240407365497377,0.15555555555555556,0.009454838060752363,0.13349898351027784,0.05188135415574888,0.2399505227804184,0.8412322998046875,0.796596884727478,0.4816943109035492
D4,meningioma,151,/kaggle/input/datasets/masoudnickparvar/brain-tumor-mri-dataset/Training/meningioma/Tr-me_1135.jpg,False,False,0.0378216389376873,0.09027702335687127,0.009143890675241158,0.025861187774711233,0.06381174475302098,0.1542316973209381,0.9165908098220825,0.32887688279151917,0.3475005328655243
D4,meningioma,152,/kaggle/input/datasets/masoudnickparvar/brain-tumor-mri-dataset/Training/meningioma/Tr-me_1144.jpg,False,False,0.0519916142557652,0.23489602559370001,0.037205456800330716,0.04639766447711396,0.04335169976088991,0.22412341833114624,0.482374906539917,0.2626345157623291,0.18449892103672028
D4,meningioma,153,/kaggle/input/datasets/masoudnickparvar/brain-tumor-mri-dataset/Training/meningioma/Tr-me_1158.jpg,False,False,0.011999596652213371,0.14867803593910953,0.02282918874847126,0.01599514071674428,0.05133040016760947,0.24725575745105743,0.40567299723625183,0.32520046830177307,0.1409328728914261
D4,meningioma,154,/kaggle/input/datasets/masoudnickparvar/brain-tumor-mri-dataset/Training/meningioma/Tr-me_1164.jpg,False,False,0.22554646476981316,0.16711245493662052,0.10116304586350669,0.10000797193877552,0.10000797193877552,0.24968932569026947,0.8913924694061279,0.4541974365711212,0.20708544552326202
D4,meningioma,155,/kaggle/input/datasets/masoudnickparvar/brain-tumor-mri-dataset/Training/meningioma/Tr-me_1192.jpg,False,False,0.010267767263942018,0.15568862275449102,0.07705516205194247,0.007428227263601686,0.09911291205782499,0.21233084797859192,0.39124181866645813,0.3967776298522949,0.12155533581972122
D4,meningioma,156,/kaggle/input/datasets/masoudnickparvar/brain-tumor-mri-dataset/Training/meningioma/Tr-me_1217.jpg,False,False,0.08251537051019307,0.11684843089249944,0.07417317778015627,0.0106682769726248,0.05738654311887965,0.3008275628089905,0.8050988912582397,0.4709551930427551,0.1387411504983902
D4,meningioma,157,/kaggle/input/datasets/masoudnickparvar/brain-tumor-mri-dataset/Training/meningioma/Tr-me_124.jpg,False,False,0.09647110237080739,0.06868278138643381,0.025232403718459494,0.2296105804555474,0.051854179761156506,0.4606710970401764,0.877047061920166,0.5051783919334412,0.5126364231109619
D4,meningioma,158,/kaggle/input/datasets/masoudnickparvar/brain-tumor-mri-dataset/Training/meningioma/Tr-me_1240.jpg,False,False,0.05976768743400211,0.12284627433430298,0.03282906246783987,0.21944106925880924,0.21237013771442378,0.5152531862258911,0.9610497951507568,0.6574124097824097,0.18876761198043823
D4,meningioma,159,/kaggle/input/datasets/masoudnickparvar/brain-tumor-mri-dataset/Training/meningioma/Tr-me_1265.jpg,False,False,0.05232253329139142,0.05012033064769279,0.01815968347367353,0.32278898115197047,0.08111601852849294,0.2828295826911926,0.9061996340751648,0.6694878935813904,0.24732720851898193
D4,meningioma,160,/kaggle/input/datasets/masoudnickparvar/brain-tumor-mri-dataset/Training/meningioma/Tr-me_128.jpg,False,False,0.15956094742923166,0.14579289873273205,0.07050666666666666,0.2537164272329794,0.10735959395343705,0.17659470438957214,0.507167637348175,0.2044350504875183,0.11755456030368805
D4,meningioma,161,/kaggle/input/datasets/masoudnickparvar/brain-tumor-mri-dataset/Training/meningioma/Tr-me_1284.jpg,False,False,0.05155071248952221,0.14867803593910953,0.026280805808364862,0.07520891364902507,0.0381710975483604,0.3883340656757355,0.6583739519119263,0.3749936521053314,0.2132173478603363
D4,meningioma,162,/kaggle/input/datasets/masoudnickparvar/brain-tumor-mri-dataset/Training/meningioma/Tr-me_1296.jpg,False,False,0.01517297187942545,0.15808908377567504,0.007630522088353414,0.05965579136310844,0.018883248730964468,0.23656679689884186,0.3681931793689728,0.274269163608551,0.1082659363746643
D4,meningioma,163,/kaggle/input/datasets/masoudnickparvar/brain-tumor-mri-dataset/Training/meningioma/Tr-me_142.jpg,False,False,0.012714429868819375,0.05287452790600084,0.023663810689514484,0.000996512207274539,0.20400335610691597,0.13318537175655365,0.7197631001472473,0.3095664978027344,0.10606728494167328
D4,meningioma,164,/kaggle/input/datasets/masoudnickparvar/brain-tumor-mri-dataset/Training/meningioma/Tr-me_147.jpg,False,False,0.08850325379609544,0.13542255911302184,0.08567719601903938,0.10000797193877552,0.10000797193877552,0.2143581658601761,0.8540064692497253,0.483842670917511,0.13083824515342712
D4,meningioma,165,/kaggle/input/datasets/masoudnickparvar/brain-tumor-mri-dataset/Training/meningioma/Tr-me_159.jpg,False,False,0.01898477157360406,0.17959567465914433,0.022514262428687856,0.020534715868659143,0.06991367366513908,0.197427898645401,0.26640012860298157,0.3185843229293823,0.10626675188541412
D4,meningioma,166,/kaggle/input/datasets/masoudnickparvar/brain-tumor-mri-dataset/Training/meningioma/Tr-me_163.jpg,False,False,0.06100010571942066,0.10662697100011026,0.027752176139272913,0.1890904806786051,0.1391647855530474,0.2885242998600006,0.41305193305015564,0.3577008843421936,0.26007944345474243
D4,meningioma,167,/kaggle/input/datasets/masoudnickparvar/brain-tumor-mri-dataset/Training/meningioma/Tr-me_166.jpg,False,False,0.05442319815087203,0.17078861409239385,0.09193776520509193,0.07279529663281667,0.08076674563859573,0.2771165370941162,0.7637519240379333,0.48896321654319763,0.08673515915870667
D4,meningioma,168,/kaggle/input/datasets/masoudnickparvar/brain-tumor-mri-dataset/Training/meningioma/Tr-me_178.jpg,False,False,0.0693660095897709,0.09229429690901175,0.05254326166754064,0.10150334686711292,0.15939015939015938,0.166215717792511,0.45842817425727844,0.2435121089220047,0.1154215857386589
D4,meningioma,169,/kaggle/input/datasets/masoudnickparvar/brain-tumor-mri-dataset/Training/meningioma/Tr-me_195.jpg,False,False,0.10540808459081397,0.17862595419847327,0.10540808459081397,0.12209302325581395,0.11263858093126386,0.27715054154396057,0.8558623790740967,0.29891371726989746,0.18996645510196686
D4,meningioma,170,/kaggle/input/datasets/masoudnickparvar/brain-tumor-mri-dataset/Training/meningioma/Tr-me_232.jpg,False,False,0.02712107256166206,0.1481523853106052,0.028384055743416334,0.03634861627426683,0.033360790774299834,0.24666336178779602,0.27974632382392883,0.31042665243148804,0.10497134178876877
D4,meningioma,171,/kaggle/input/datasets/masoudnickparvar/brain-tumor-mri-dataset/Training/meningioma/Tr-me_238.jpg,False,False,0.024604389994895354,0.15662095194191542,0.005913601282950787,0.2150810941660615,0.12911933415813745,0.2779645621776581,0.9155260920524597,0.3480582535266876,0.3604300916194916
D4,meningioma,172,/kaggle/input/datasets/masoudnickparvar/brain-tumor-mri-dataset/Training/meningioma/Tr-me_24.jpg,False,False,0.04302639783828726,0.18279316440777843,0.07164975974372664,0.032390745501285345,0.06797149239442613,0.3135577142238617,0.16484355926513672,0.2519141435623169,0.10968372225761414
D4,meningioma,173,/kaggle/input/datasets/masoudnickparvar/brain-tumor-mri-dataset/Training/meningioma/Tr-me_241.jpg,False,False,0.15065351983490025,0.23156215486562767,0.1035847811744007,0.30117982626734086,0.3608135593220339,0.234638512134552,0.8330316543579102,0.2606387734413147,0.31909868121147156
D4,meningioma,174,/kaggle/input/datasets/masoudnickparvar/brain-tumor-mri-dataset/Training/meningioma/Tr-me_247.jpg,False,False,0.1717454757734968,0.15648766997003918,0.11054553502268452,0.14894104178591872,0.10407040704070407,0.22438941895961761,0.08278456330299377,0.25787171721458435,0.18838529288768768
D4,meningioma,175,/kaggle/input/datasets/masoudnickparvar/brain-tumor-mri-dataset/Training/meningioma/Tr-me_253.jpg,False,False,0.08638233383849318,0.1324757391108102,0.10504294208324158,0.07153534059363656,0.049022682136510926,0.23664264380931854,0.7700192928314209,0.372681587934494,0.18133802711963654
D4,meningioma,176,/kaggle/input/datasets/masoudnickparvar/brain-tumor-mri-dataset/Training/meningioma/Tr-me_262.jpg,False,False,0.018883248730964468,0.21737020863658418,0.05254326166754064,0.08204851752021564,0.10833793484262838,0.2994760274887085,0.26778915524482727,0.2720915675163269,0.09387845546007156
D4,meningioma,177,/kaggle/input/datasets/masoudnickparvar/brain-tumor-mri-dataset/Training/meningioma/Tr-me_290.jpg,False,False,0.1333709768492377,0.0560875512995896,0.05586533403471857,0.19871106337271752,0.10934393638170974,0.5931668877601624,0.9366167187690735,0.810318112373352,0.35714709758758545
D4,meningioma,178,/kaggle/input/datasets/masoudnickparvar/brain-tumor-mri-dataset/Training/meningioma/Tr-me_304.jpg,False,False,0.09348441926345609,0.08720615317950385,0.05442319815087203,0.06852521813151734,0.07057569296375267,0.5120442509651184,0.8404528498649597,0.5247129797935486,0.42235520482063293
D4,meningioma,179,/kaggle/input/datasets/masoudnickparvar/brain-tumor-mri-dataset/Training/meningioma/Tr-me_314.jpg,False,False,0.08368426735773675,0.16942437660219062,0.09431904917675281,0.017127799736495388,0.017849898580121704,0.41453197598457336,0.5491150617599487,0.40796178579330444,0.1957618147134781
D4,meningioma,180,/kaggle/input/datasets/masoudnickparvar/brain-tumor-mri-dataset/Training/meningioma/Tr-me_315.jpg,False,False,0.04021558872305141,0.15396113602391628,0.05232253329139142,0.007327110308140119,0.01486500151683689,0.24769903719425201,0.5792837738990784,0.3287835717201233,0.16462118923664093
D4,no_tumor,234,/kaggle/input/datasets/masoudnickparvar/brain-tumor-mri-dataset/Training/notumor/Tr-no_1004.jpg,False,True,0.029224774405250203,0.034425891568748715,0.04193916744524032,0.10000797193877552,0.10000797193877552,0.6903538107872009,0.840684711933136,0.4998135268688202,0.8583978414535522
D4,no_tumor,235,/kaggle/input/datasets/masoudnickparvar/brain-tumor-mri-dataset/Training/notumor/Tr-no_1005.jpg,False,False,0.040082858622475404,0.049022682136510926,0.026789366053169734,0.11064394777605666,0.02922177791448785,0.6261976361274719,0.7363303303718567,0.3826085925102234,0.598331868648529
D4,no_tumor,236,/kaggle/input/datasets/masoudnickparvar/brain-tumor-mri-dataset/Training/notumor/Tr-no_1016.jpg,False,False,0.04127346261536866,0.06788678442221749,0.050313807531380754,0.038023982781592705,0.047688010758249716,0.5878381133079529,0.8072504997253418,0.47471946477890015,0.5633513331413269
D4,no_tumor,237,/kaggle/input/datasets/masoudnickparvar/brain-tumor-mri-dataset/Training/notumor/Tr-no_1024.jpg,False,False,0.03634486319050077,0.11412078152753108,0.12383831597805398,0.031025272241627287,0.12422986445614428,0.5633962154388428,0.6633775234222412,0.33301910758018494,0.8532621264457703
D4,no_tumor,238,/kaggle/input/datasets/masoudnickparvar/brain-tumor-mri-dataset/Training/notumor/Tr-no_1043.jpg,False,True,0.053537686332143605,0.031237155774763666,0.0382785019656528,0.10000797193877552,0.10000797193877552,0.6408429741859436,0.7996584177017212,0.41315141320228577,0.5751679539680481
D4,no_tumor,239,/kaggle/input/datasets/masoudnickparvar/brain-tumor-mri-dataset/Training/notumor/Tr-no_1045.jpg,False,False,0.009453887156793725,0.06856899488926746,0.012100433598870626,0.07947588873375577,0.07566352739726027,0.6962095499038696,0.8845775127410889,0.4252162277698517,0.6865049600601196
D4,no_tumor,240,/kaggle/input/datasets/masoudnickparvar/brain-tumor-mri-dataset/Training/notumor/Tr-no_1046.jpg,False,False,0.032168550873586846,0.04596143824908807,0.02042267831741516,0.00864321608040201,0.03560004127541017,0.6395007967948914,0.7930951118469238,0.47313326597213745,0.874965488910675
D4,no_tumor,241,/kaggle/input/datasets/masoudnickparvar/brain-tumor-mri-dataset/Training/notumor/Tr-no_1057.jpg,False,False,0.03208556149732621,0.05764569501528085,0.017540302139308527,0.06947996589940324,0.014659791729855425,0.5975774526596069,0.6441503763198853,0.49035048484802246,0.749643087387085
D4,no_tumor,242,/kaggle/input/datasets/masoudnickparvar/brain-tumor-mri-dataset/Training/notumor/Tr-no_1065.jpg,False,False,0.056929390718720406,0.05531019978969506,0.02416641174671153,0.09815078236130868,0.008947421333065246,0.5921204090118408,0.6558974385261536,0.24241413176059723,0.7727376222610474
D4,no_tumor,243,/kaggle/input/datasets/masoudnickparvar/brain-tumor-mri-dataset/Training/notumor/Tr-no_1067.jpg,False,False,0.03258634868421053,0.11189895856414801,0.01086847136962866,0.08953766008248318,0.08400820645718605,0.36413684487342834,0.8353622555732727,0.3027831017971039,0.6465451717376709
D4,no_tumor,244,/kaggle/input/datasets/masoudnickparvar/brain-tumor-mri-dataset/Training/notumor/Tr-no_1071.jpg,False,False,0.05642105263157895,0.03378656777915121,0.012203731719616742,0.03293536434746809,0.030707610146862484,0.7350728511810303,0.839491069316864,0.4928645193576813,0.791576087474823
D4,no_tumor,245,/kaggle/input/datasets/masoudnickparvar/brain-tumor-mri-dataset/Training/notumor/Tr-no_110.jpg,True,False,0.10000797193877552,0.037419888360554064,0.10000797193877552,0.10000797193877552,0.10000797193877552,0.6407070159912109,0.7851747870445251,0.30422818660736084,0.8176864385604858
D4,no_tumor,246,/kaggle/input/datasets/masoudnickparvar/brain-tumor-mri-dataset/Training/notumor/Tr-no_1105.jpg,False,False,0.019193663044582105,0.025858544562551104,0.006720160481444333,0.004705175693262589,0.12484590384399866,0.7308593392372131,0.742355227470398,0.4599912464618683,0.8303012251853943
D4,no_tumor,247,/kaggle/input/datasets/masoudnickparvar/brain-tumor-mri-dataset/Training/notumor/Tr-no_1116.jpg,False,False,0.012096774193548387,0.09300805924635155,0.009857171595252465,0.00955446042441919,0.0682132595509205,0.6742119789123535,0.9493336081504822,0.4923648238182068,0.8494100570678711
D4,no_tumor,248,/kaggle/input/datasets/masoudnickparvar/brain-tumor-mri-dataset/Training/notumor/Tr-no_1124.jpg,False,False,0.022308240806763777,0.05653226655437414,0.024290671565625636,0.01599514071674428,0.04075495177849217,0.6490151882171631,0.7435623407363892,0.3497816324234009,0.8655511736869812
D4,no_tumor,249,/kaggle/input/datasets/masoudnickparvar/brain-tumor-mri-dataset/Training/notumor/Tr-no_1130.jpg,False,False,0.03282568429718049,0.0834502860844219,0.09407019838674514,0.011999596652213371,0.14867803593910953,0.6008338332176208,0.8341560363769531,0.4177655279636383,0.7504854202270508
D4,no_tumor,250,/kaggle/input/datasets/masoudnickparvar/brain-tumor-mri-dataset/Training/notumor/Tr-no_1131.jpg,False,True,0.013820236053666902,0.038385928608380755,0.04709314440508439,0.10000797193877552,0.10000797193877552,0.5640395283699036,0.6829245090484619,0.2881978452205658,0.687817394733429
D4,no_tumor,251,/kaggle/input/datasets/masoudnickparvar/brain-tumor-mri-dataset/Training/notumor/Tr-no_1132.jpg,False,False,0.08803122289679098,0.1488095238095238,0.07302469795787447,0.10000797193877552,0.10000797193877552,0.5390863418579102,0.6867519617080688,0.2542054057121277,0.7746974229812622
D4,no_tumor,252,/kaggle/input/datasets/masoudnickparvar/brain-tumor-mri-dataset/Training/notumor/Tr-no_1136.jpg,False,False,0.015672396359959553,0.06494057724957555,0.014748964541872916,0.05987960713908544,0.020022359995934547,0.6808909177780151,0.8039566278457642,0.4329131841659546,0.8566508293151855
D4,no_tumor,253,/kaggle/input/datasets/masoudnickparvar/brain-tumor-mri-dataset/Training/notumor/Tr-no_1138.jpg,False,False,0.042268148302004364,0.03677685950413223,0.017334009123162696,0.04537885095753539,0.031211498973305954,0.7429084181785583,0.8775702118873596,0.5696948766708374,0.7306906580924988
D4,no_tumor,254,/kaggle/input/datasets/masoudnickparvar/brain-tumor-mri-dataset/Training/notumor/Tr-no_1141.jpg,False,False,0.04032341660619882,0.11684843089249944,0.04770852907401608,0.08123249299719888,0.13298713027771505,0.4534280598163605,0.5115435719490051,0.423753947019577,0.7830941677093506
D4,no_tumor,255,/kaggle/input/datasets/masoudnickparvar/brain-tumor-mri-dataset/Training/notumor/Tr-no_1167.jpg,False,False,0.0036,0.017437145174371452,0.011387685175854076,0.012305830139197095,0.048255692500522245,0.7037513852119446,0.8901220560073853,0.5671083927154541,0.7683147192001343
D4,no_tumor,256,/kaggle/input/datasets/masoudnickparvar/brain-tumor-mri-dataset/Training/notumor/Tr-no_1175.jpg,False,False,0.02043721403152008,0.0653927813163482,0.02449979583503471,0.038923395445134575,0.036241610738255034,0.7303778529167175,0.7138282060623169,0.5887941122055054,0.8522883653640747
D4,no_tumor,257,/kaggle/input/datasets/masoudnickparvar/brain-tumor-mri-dataset/Training/notumor/Tr-no_1179.jpg,False,False,0.01955420466058764,0.07751771526733948,0.08402456102553053,0.04968099571174563,0.03860084859774397,0.6492608189582825,0.683814525604248,0.30489638447761536,0.7064633369445801
D4,no_tumor,258,/kaggle/input/datasets/masoudnickparvar/brain-tumor-mri-dataset/Training/notumor/Tr-no_1180.jpg,False,False,0.030919363122752952,0.046725073007926575,0.0037003700370037006,0.024395223027457384,0.008947421333065246,0.7020670175552368,0.7907351851463318,0.36055636405944824,0.8698485493659973
D4,no_tumor,259,/kaggle/input/datasets/masoudnickparvar/brain-tumor-mri-dataset/Training/notumor/Tr-no_1182.jpg,False,False,0.004504053648283455,0.029438916811980714,0.020333468889792598,0.02965014876372217,0.035813809474661985,0.7285244464874268,0.7983944416046143,0.48304611444473267,0.7453895807266235
D4,no_tumor,260,/kaggle/input/datasets/masoudnickparvar/brain-tumor-mri-dataset/Training/notumor/Tr-no_1186.jpg,True,False,0.10000797193877552,0.1769672804034244,0.10000797193877552,0.004603682946357086,0.002997601918465228,0.5868258476257324,0.8530309796333313,0.29115524888038635,0.8685341477394104
D4,no_tumor,261,/kaggle/input/datasets/masoudnickparvar/brain-tumor-mri-dataset/Training/notumor/Tr-no_1195.jpg,False,True,0.025861187774711233,0.073483795058295,0.04356868046168244,0.10000797193877552,0.10000797193877552,0.6615771651268005,0.8268211483955383,0.438493013381958,0.7875664830207825
D4,no_tumor,262,/kaggle/input/datasets/masoudnickparvar/brain-tumor-mri-dataset/Training/notumor/Tr-no_120.jpg,False,False,0.07532411871852566,0.053316540722082285,0.009556382657680313,0.06584536958368734,0.053316540722082285,0.6091396808624268,0.8804311752319336,0.5898346900939941,0.8321431875228882
D4,no_tumor,263,/kaggle/input/datasets/masoudnickparvar/brain-tumor-mri-dataset/Training/notumor/Tr-no_1204.jpg,False,False,0.05188135415574888,0.012510088781275222,0.0017967658215212617,0.05023022185014651,0.009759533152228595,0.6775572299957275,0.8550902605056763,0.5508137941360474,0.7818431258201599
D4,no_tumor,264,/kaggle/input/datasets/masoudnickparvar/brain-tumor-mri-dataset/Training/notumor/Tr-no_1212.jpg,False,False,0.06925207756232687,0.05597643097643098,0.03495926575229452,0.11784361773223435,0.0187798193076845,0.7847225666046143,0.9501445293426514,0.46649840474128723,0.9085447192192078
D4,no_tumor,265,/kaggle/input/datasets/masoudnickparvar/brain-tumor-mri-dataset/Training/notumor/Tr-no_1214.jpg,False,False,0.03870834195818671,0.17256688865521674,0.02022974484090678,0.04694345921134988,0.030284365054922494,0.4661548435688019,0.5786949992179871,0.2722427546977997,0.727729320526123
D4,no_tumor,266,/kaggle/input/datasets/masoudnickparvar/brain-tumor-mri-dataset/Training/notumor/Tr-no_1218.jpg,False,False,0.02670076726342711,0.07774914089347079,0.03774170199565712,0.04097085364588736,0.06754600574406978,0.6072699427604675,0.7931445240974426,0.39510494470596313,0.7669553160667419
D4,no_tumor,267,/kaggle/input/datasets/masoudnickparvar/brain-tumor-mri-dataset/Training/notumor/Tr-no_1226.jpg,False,False,0.055421179934798614,0.0774020397208803,0.05775716694772344,0.010368431648882626,0.026698036006546647,0.6721431612968445,0.941864013671875,0.564538836479187,0.8664581179618835
D4,no_tumor,268,/kaggle/input/datasets/masoudnickparvar/brain-tumor-mri-dataset/Training/notumor/Tr-no_1232.jpg,False,True,0.029004817054422465,0.09527447342573393,0.03601279537715406,0.10000797193877552,0.10000797193877552,0.6884974837303162,0.8157164454460144,0.4538164436817169,0.7644283175468445
D4,no_tumor,269,/kaggle/input/datasets/masoudnickparvar/brain-tumor-mri-dataset/Training/notumor/Tr-no_1238.jpg,False,False,0.04748982360922659,0.07636207636207636,0.044654939106901215,0.04161909704203425,0.017540302139308527,0.6047017574310303,0.8876057267189026,0.4396889805793762,0.7273955345153809
D4,no_tumor,270,/kaggle/input/datasets/masoudnickparvar/brain-tumor-mri-dataset/Training/notumor/Tr-no_128.jpg,False,False,0.013114092605669323,0.07279529663281667,0.07319940158153451,0.015322261763542903,0.07011877474473849,0.4046493172645569,0.8437020182609558,0.3894399404525757,0.8062828779220581
D4,no_tumor,271,/kaggle/input/datasets/masoudnickparvar/brain-tumor-mri-dataset/Training/notumor/Tr-no_1292.jpg,False,False,0.015765538150581102,0.025441912741391643,0.17212827988338192,0.017334009123162696,0.16833527357392317,0.6055317521095276,0.853959858417511,0.3329112231731415,0.8152227401733398
D4,no_tumor,272,/kaggle/input/datasets/masoudnickparvar/brain-tumor-mri-dataset/Training/notumor/Tr-no_1302.jpg,True,True,0.10000797193877552,0.0451989168923141,0.10000797193877552,0.10000797193877552,0.10000797193877552,0.6468740105628967,0.7854385375976562,0.500206708908081,0.8507199287414551
D4,no_tumor,273,/kaggle/input/datasets/masoudnickparvar/brain-tumor-mri-dataset/Training/notumor/Tr-no_1307.jpg,False,False,0.11809269162210338,0.12852805577420442,0.010064412238325281,0.039341546743969356,0.008640610871094143,0.6103188395500183,0.620625376701355,0.4458177387714386,0.9154074788093567
D4,no_tumor,274,/kaggle/input/datasets/masoudnickparvar/brain-tumor-mri-dataset/Training/notumor/Tr-no_1310.jpg,False,False,0.07050666666666666,0.08649994586987117,0.003198720511795282,0.06302298485329944,0.003098450774612694,0.5459182858467102,0.8505443930625916,0.46455472707748413,0.7374997138977051
D4,no_tumor,275,/kaggle/input/datasets/masoudnickparvar/brain-tumor-mri-dataset/Training/notumor/Tr-no_1318.jpg,False,False,0.032613168724279835,0.12309758281110117,0.0173322521792013,0.03248689215585484,0.0925805047867711,0.3371947705745697,0.306628942489624,0.34894075989723206,0.4012434184551239
D4,no_tumor,276,/kaggle/input/datasets/masoudnickparvar/brain-tumor-mri-dataset/Training/notumor/Tr-no_1320.jpg,False,False,0.013597904915390814,0.08380129589632829,0.08402456102553053,0.0493517356754496,0.03860084859774397,0.7061862945556641,0.7176946997642517,0.28059959411621094,0.6473239064216614
D4,no_tumor,277,/kaggle/input/datasets/masoudnickparvar/brain-tumor-mri-dataset/Training/notumor/Tr-no_1328.jpg,False,False,0.0580917237743806,0.031873329220645695,0.02064476761924133,0.09265106151333696,0.018573023444636152,0.5801467299461365,0.7062117457389832,0.26337650418281555,0.743820309638977
D4,no_tumor,278,/kaggle/input/datasets/masoudnickparvar/brain-tumor-mri-dataset/Training/notumor/Tr-no_1354.jpg,True,True,0.10000797193877552,0.060663707461424646,0.10000797193877552,0.10000797193877552,0.10000797193877552,0.4947578012943268,0.2404910922050476,0.24782228469848633,0.546912431716919
D4,no_tumor,279,/kaggle/input/datasets/masoudnickparvar/brain-tumor-mri-dataset/Training/notumor/Tr-no_1356.jpg,False,False,0.04356868046168244,0.10723742277140336,0.02870028700287003,0.020126041878430576,0.026280805808364862,0.6636253595352173,0.7373548150062561,0.417299747467041,0.8166165947914124
D4,no_tumor,280,/kaggle/input/datasets/masoudnickparvar/brain-tumor-mri-dataset/Training/notumor/Tr-no_1365.jpg,False,False,0.21619001454192924,0.07543934847835405,0.03495926575229452,0.022724956690104964,0.027857435477263416,0.4585476517677307,0.7687923908233643,0.29937440156936646,0.7268495559692383
D4,no_tumor,281,/kaggle/input/datasets/masoudnickparvar/brain-tumor-mri-dataset/Training/notumor/Tr-no_145.jpg,False,True,0.022489060750992166,0.07879178759539933,0.026143790849673203,0.10000797193877552,0.10000797193877552,0.6180475950241089,0.8171458840370178,0.39747893810272217,0.8024274110794067
D4,no_tumor,282,/kaggle/input/datasets/masoudnickparvar/brain-tumor-mri-dataset/Training/notumor/Tr-no_160.jpg,False,False,0.020748576078112285,0.060663707461424646,0.09683060109289618,0.07867583834909717,0.13761051915665382,0.5251424312591553,0.640785813331604,0.37403571605682373,0.7277011275291443
D4,no_tumor,283,/kaggle/input/datasets/masoudnickparvar/brain-tumor-mri-dataset/Training/notumor/Tr-no_172.jpg,False,False,0.14618547281863864,0.030390143737166326,0.019193663044582105,0.08309980599267083,0.08508800345535039,0.6675091981887817,0.8175855875015259,0.5535202622413635,0.7232368588447571
D4,pituitary,348,/kaggle/input/datasets/masoudnickparvar/brain-tumor-mri-dataset/Training/pituitary/Tr-pi_1016.jpg,False,False,0.07062086622573074,0.1598289610539697,0.056309862119776864,0.10601719197707736,0.08803122289679098,0.25371548533439636,0.5973227024078369,0.08547526597976685,0.22671855986118317
D4,pituitary,349,/kaggle/input/datasets/masoudnickparvar/brain-tumor-mri-dataset/Training/pituitary/Tr-pi_1038.jpg,False,False,0.17600187485352706,0.20321304399952045,0.1368373357498867,0.22944995712360652,0.13018018018018018,0.13731393218040466,0.5474458336830139,0.1439223289489746,0.22013792395591736
D4,pituitary,350,/kaggle/input/datasets/masoudnickparvar/brain-tumor-mri-dataset/Training/pituitary/Tr-pi_1049.jpg,False,False,0.027223416231706068,0.129925692411619,0.17929737986135588,0.16157407407407406,0.07786489098915261,0.19989217817783356,0.5245570540428162,0.099372498691082,0.23691044747829437
D4,pituitary,351,/kaggle/input/datasets/masoudnickparvar/brain-tumor-mri-dataset/Training/pituitary/Tr-pi_1051.jpg,False,False,0.023037716615698266,0.12688075454749606,0.012612249016244578,0.004202521512907745,0.021164021164021163,0.2416197955608368,0.6793105006217957,0.13023161888122559,0.22046871483325958
D4,pituitary,352,/kaggle/input/datasets/masoudnickparvar/brain-tumor-mri-dataset/Training/pituitary/Tr-pi_1058.jpg,False,False,0.027541722125524727,0.14605458490350576,0.06834149457100276,0.05133040016760947,0.07948800688394106,0.10638697445392609,0.325876921415329,0.08289064466953278,0.20847249031066895
D4,pituitary,353,/kaggle/input/datasets/masoudnickparvar/brain-tumor-mri-dataset/Training/pituitary/Tr-pi_106.jpg,False,False,0.04026081556613537,0.11971438134553163,0.0488364812689137,0.0635862653666808,0.025337147527584796,0.12675787508487701,0.5780419111251831,0.12820714712142944,0.2554553747177124
D4,pituitary,354,/kaggle/input/datasets/masoudnickparvar/brain-tumor-mri-dataset/Training/pituitary/Tr-pi_1062.jpg,False,False,0.07705516205194247,0.13018018018018018,0.05232253329139142,0.023644516918059518,0.012193892975914541,0.14429152011871338,0.38781648874282837,0.08666375279426575,0.14114414155483246
D4,pituitary,355,/kaggle/input/datasets/masoudnickparvar/brain-tumor-mri-dataset/Training/pituitary/Tr-pi_1074.jpg,False,False,0.1347806422433288,0.1034634414513469,0.06279783966959653,0.11152951600398715,0.1173458027165442,0.1413540244102478,0.5383785963058472,0.13548091053962708,0.18765093386173248
D4,pituitary,356,/kaggle/input/datasets/masoudnickparvar/brain-tumor-mri-dataset/Training/pituitary/Tr-pi_1078.jpg,False,False,0.03144912641315519,0.14907258987863523,0.04302639783828726,0.02940875089660826,0.05028750653423941,0.18891336023807526,0.5916866064071655,0.10874990373849869,0.2966102361679077
D4,pituitary,357,/kaggle/input/datasets/masoudnickparvar/brain-tumor-mri-dataset/Training/pituitary/Tr-pi_1083.jpg,False,False,0.0192971765183831,0.18140082401412597,0.025546699366441855,0.03966445733222867,0.012914942992634447,0.11981499940156937,0.6170856356620789,0.1440856158733368,0.3204876184463501
D4,pituitary,358,/kaggle/input/datasets/masoudnickparvar/brain-tumor-mri-dataset/Training/pituitary/Tr-pi_1084.jpg,False,False,0.048255692500522245,0.1046780407264722,0.05486651250788312,0.0546448087431694,0.04075495177849217,0.1469200849533081,0.6220683455467224,0.12260330468416214,0.27281904220581055
D4,pituitary,359,/kaggle/input/datasets/masoudnickparvar/brain-tumor-mri-dataset/Training/pituitary/Tr-pi_1087.jpg,False,False,0.35274295727186955,0.2670117409418003,0.22420102464015615,0.008845999195818254,0.051771117166212535,0.10047873854637146,0.590236246585846,0.1231071874499321,0.19957567751407623
D4,pituitary,360,/kaggle/input/datasets/masoudnickparvar/brain-tumor-mri-dataset/Training/pituitary/Tr-pi_1107.jpg,False,False,0.1322202166064982,0.21619001454192924,0.09791051307296794,0.007724719101123595,0.016083350192190978,0.12475494295358658,0.7757452726364136,0.11222422122955322,0.28346315026283264
D4,pituitary,361,/kaggle/input/datasets/masoudnickparvar/brain-tumor-mri-dataset/Training/pituitary/Tr-pi_1111.jpg,False,False,0.0020966453674121405,0.1657567661749332,0.032082262210796915,0.0007976867085452188,0.032719415577734334,0.1282917708158493,0.5609531998634338,0.12125881761312485,0.17014069855213165
D4,pituitary,363,/kaggle/input/datasets/masoudnickparvar/brain-tumor-mri-dataset/Training/pituitary/Tr-pi_1127.jpg,False,False,0.005812788133894568,0.1143681989784588,0.055088309503784696,0.0056112224448897794,0.049022682136510926,0.12325922399759293,0.7801381945610046,0.13351979851722717,0.27793920040130615
D4,pituitary,365,/kaggle/input/datasets/masoudnickparvar/brain-tumor-mri-dataset/Training/pituitary/Tr-pi_1134.jpg,False,False,0.018573023444636152,0.15742128935532235,0.00986113906218555,0.08944854537559704,0.04075495177849217,0.23104751110076904,0.5368478298187256,0.1391673982143402,0.18186499178409576
D4,pituitary,366,/kaggle/input/datasets/masoudnickparvar/brain-tumor-mri-dataset/Training/pituitary/Tr-pi_1135.jpg,False,False,0.03784901758014478,0.1034634414513469,0.04205170802616551,0.07670850767085077,0.07590051457975987,0.099339060485363,0.5351538062095642,0.10649757087230682,0.15862469375133514
D4,pituitary,367,/kaggle/input/datasets/masoudnickparvar/brain-tumor-mri-dataset/Training/pituitary/Tr-pi_114.jpg,False,True,0.10000797193877552,0.1446167883211679,0.10000797193877552,0.10000797193877552,0.10000797193877552,0.3223039507865906,0.5877074003219604,0.06267114728689194,0.3421977758407593
D4,pituitary,368,/kaggle/input/datasets/masoudnickparvar/brain-tumor-mri-dataset/Training/pituitary/Tr-pi_1150.jpg,False,False,0.07107790821771612,0.11971438134553163,0.016406724731618392,0.07867583834909717,0.026280805808364862,0.19835470616817474,0.5638906955718994,0.11985855549573898,0.2603827118873596
D4,pituitary,369,/kaggle/input/datasets/masoudnickparvar/brain-tumor-mri-dataset/Training/pituitary/Tr-pi_1157.jpg,False,False,0.0232463295269168,0.13324299909665763,0.04803675856307435,0.0451989168923141,0.06584536958368734,0.15605907142162323,0.31804683804512024,0.11079127341508865,0.1962667852640152
D4,pituitary,370,/kaggle/input/datasets/masoudnickparvar/brain-tumor-mri-dataset/Training/pituitary/Tr-pi_1169.jpg,False,False,0.048867077372872506,0.10140474100087796,0.02846319238251254,0.029544521953221173,0.034212695795548226,0.15666650235652924,0.6148968935012817,0.11387041211128235,0.23493404686450958
D4,pituitary,371,/kaggle/input/datasets/masoudnickparvar/brain-tumor-mri-dataset/Training/pituitary/Tr-pi_1180.jpg,False,False,0.007630522088353414,0.16765561372891216,0.034532522420369034,0.10650496141124587,0.0854423534501406,0.1559736281633377,0.6757184267044067,0.09601963311433792,0.2338254451751709
D4,pituitary,373,/kaggle/input/datasets/masoudnickparvar/brain-tumor-mri-dataset/Training/pituitary/Tr-pi_1189.jpg,False,False,0.01537838931606637,0.14045454545454544,0.09983561643835616,0.009749723590310583,0.10809618354290756,0.1366206258535385,0.5996812582015991,0.104311004281044,0.13901902735233307
D4,pituitary,374,/kaggle/input/datasets/masoudnickparvar/brain-tumor-mri-dataset/Training/pituitary/Tr-pi_1190.jpg,False,False,0.010166079516859588,0.21663231906897806,0.027331354283959462,0.10000797193877552,0.10000797193877552,0.11976079642772675,0.6573975086212158,0.1083860993385315,0.1847658008337021
D4,pituitary,375,/kaggle/input/datasets/masoudnickparvar/brain-tumor-mri-dataset/Training/pituitary/Tr-pi_1191.jpg,False,False,0.02085240565557929,0.18909952606635072,0.08298262652422575,0.006216162021255264,0.027226202661207777,0.10785944759845734,0.6327444314956665,0.1261393278837204,0.23931095004081726
D4,pituitary,377,/kaggle/input/datasets/masoudnickparvar/brain-tumor-mri-dataset/Training/pituitary/Tr-pi_121.jpg,False,False,0.027541722125524727,0.09419973833406019,0.07084933845497225,0.013123359580052493,0.21515922024458167,0.1429806500673294,0.459369957447052,0.14526735246181488,0.21779800951480865
D4,pituitary,378,/kaggle/input/datasets/masoudnickparvar/brain-tumor-mri-dataset/Training/pituitary/Tr-pi_1215.jpg,False,False,0.02168380331874173,0.12171677657315301,0.03240407365497377,0.06019643045728166,0.04279630206710294,0.13576385378837585,0.6302621364593506,0.13592639565467834,0.2878733277320862
D4,pituitary,379,/kaggle/input/datasets/masoudnickparvar/brain-tumor-mri-dataset/Training/pituitary/Tr-pi_1217.jpg,False,False,0.03451075923670321,0.12802068112847026,0.012014695660808261,0.049236880618858454,0.014248181083265966,0.13851423561573029,0.4775660037994385,0.11106297373771667,0.2607223391532898
D4,pituitary,380,/kaggle/input/datasets/masoudnickparvar/brain-tumor-mri-dataset/Training/pituitary/Tr-pi_1221.jpg,False,True,0.017437145174371452,0.06381174475302098,0.03378656777915121,0.10000797193877552,0.10000797193877552,0.15098851919174194,0.5550522804260254,0.08275356888771057,0.24877020716667175
D4,pituitary,381,/kaggle/input/datasets/masoudnickparvar/brain-tumor-mri-dataset/Training/pituitary/Tr-pi_1234.jpg,False,False,0.017721518987341773,0.13311505024274586,0.028238182934315532,0.0451989168923141,0.05001046243984097,0.14741145074367523,0.47015509009361267,0.1274622678756714,0.14357560873031616
D4,pituitary,383,/kaggle/input/datasets/masoudnickparvar/brain-tumor-mri-dataset/Training/pituitary/Tr-pi_1243.jpg,False,False,0.0037003700370037006,0.11300876122879007,0.040647034425549566,0.002594292556375973,0.027402862985685072,0.2000141739845276,0.5348508358001709,0.09682820737361908,0.25564444065093994
D4,pituitary,384,/kaggle/input/datasets/masoudnickparvar/brain-tumor-mri-dataset/Training/pituitary/Tr-pi_1253.jpg,False,False,0.02144526882813294,0.1185911725367811,0.026557711950970377,0.02168380331874173,0.15250344510794672,0.15254315733909607,0.4478095769882202,0.10514823347330093,0.20177893340587616
D4,pituitary,385,/kaggle/input/datasets/masoudnickparvar/brain-tumor-mri-dataset/Training/pituitary/Tr-pi_1271.jpg,False,False,0.021060128192084648,0.14045454545454544,0.02712107256166206,0.03538636129165377,0.030284365054922494,0.11691652238368988,0.6621426939964294,0.12943558394908905,0.3016044497489929
D4,pituitary,386,/kaggle/input/datasets/masoudnickparvar/brain-tumor-mri-dataset/Training/pituitary/Tr-pi_1279.jpg,False,False,0.06516663128847379,0.10626102292768959,0.027752176139272913,0.08767746829955565,0.02137187054752697,0.17798857390880585,0.5740009546279907,0.10694151371717453,0.20498155057430267
D4,pituitary,388,/kaggle/input/datasets/masoudnickparvar/brain-tumor-mri-dataset/Training/pituitary/Tr-pi_1325.jpg,False,False,0.017437145174371452,0.08933029414957126,0.05987960713908544,0.015373723070698897,0.17127523042818807,0.13777440786361694,0.4715083837509155,0.13221462070941925,0.2266882359981537
D4,pituitary,389,/kaggle/input/datasets/masoudnickparvar/brain-tumor-mri-dataset/Training/pituitary/Tr-pi_1326.jpg,False,False,0.018462162710488943,0.1511814636384492,0.01403898596101404,0.015901234567901233,0.16121020546398734,0.18504036962985992,0.4667034447193146,0.1167803630232811,0.215776726603508
D4,pituitary,390,/kaggle/input/datasets/masoudnickparvar/brain-tumor-mri-dataset/Training/pituitary/Tr-pi_1341.jpg,False,False,0.07302469795787447,0.18042813455657492,0.07187867136601517,0.0437857514300572,0.05575426046707343,0.15678571164608002,0.5771251916885376,0.11584357917308807,0.2335251420736313
D4,pituitary,391,/kaggle/input/datasets/masoudnickparvar/brain-tumor-mri-dataset/Training/pituitary/Tr-pi_1381.jpg,False,True,0.046179505889711245,0.13606520262621688,0.05122027862155651,0.10000797193877552,0.10000797193877552,0.16872121393680573,0.5823097229003906,0.11966384947299957,0.263555645942688
D4,pituitary,392,/kaggle/input/datasets/masoudnickparvar/brain-tumor-mri-dataset/Training/pituitary/Tr-pi_1388.jpg,False,False,0.0666383250079711,0.15223880597014924,0.07142094587381231,0.02975579725015391,0.004303012108475933,0.17176876962184906,0.5602737665176392,0.1079699769616127,0.28145819902420044
D4,pituitary,393,/kaggle/input/datasets/masoudnickparvar/brain-tumor-mri-dataset/Training/pituitary/Tr-pi_143.jpg,False,False,0.03527955436352383,0.1315819145337693,0.02481364239763096,0.030598624088715474,0.026908123593206466,0.17345792055130005,0.3680269420146942,0.11252276599407196,0.10046589374542236
D4,pituitary,394,/kaggle/input/datasets/masoudnickparvar/brain-tumor-mri-dataset/Training/pituitary/Tr-pi_148.jpg,False,False,0.03763440860215054,0.15648766997003918,0.0560875512995896,0.008940231039678554,0.04985888993414864,0.11128714680671692,0.5086100697517395,0.12341335415840149,0.2655094563961029
D4,pituitary,395,/kaggle/input/datasets/masoudnickparvar/brain-tumor-mri-dataset/Training/pituitary/Tr-pi_167.jpg,False,False,0.06607180794561292,0.10846034901700906,0.026805811336198075,0.06657479062864412,0.03263881761264498,0.18909117579460144,0.5832661986351013,0.1384061574935913,0.22690574824810028
D4,pituitary,396,/kaggle/input/datasets/masoudnickparvar/brain-tumor-mri-dataset/Training/pituitary/Tr-pi_186.jpg,False,False,0.09491599389046476,0.1927739481816021,0.05619869501157651,0.025546699366441855,0.015789473684210527,0.2011747807264328,0.39119988679885864,0.13320718705654144,0.1703474223613739
D4,pituitary,397,/kaggle/input/datasets/masoudnickparvar/brain-tumor-mri-dataset/Training/pituitary/Tr-pi_232.jpg,False,False,0.013225643614336193,0.14344308989404125,0.030919363122752952,0.2589061716006021,0.07983645362599527,0.2060491293668747,0.802186131477356,0.12133100628852844,0.3542005121707916
D4,pituitary,398,/kaggle/input/datasets/masoudnickparvar/brain-tumor-mri-dataset/Training/pituitary/Tr-pi_241.jpg,False,False,0.01537838931606637,0.1248598968841067,0.03860084859774397,0.02290542604092436,0.0886240520043337,0.14458110928535461,0.5585246086120605,0.09213051199913025,0.22314178943634033
D4,pituitary,399,/kaggle/input/datasets/masoudnickparvar/brain-tumor-mri-dataset/Training/pituitary/Tr-pi_26.jpg,False,False,0.0192971765183831,0.09193776520509193,0.030390143737166326,0.02502298028801961,0.03913853799958584,0.16859494149684906,0.6612035632133484,0.13572128117084503,0.22118675708770752
D4,pituitary,400,/kaggle/input/datasets/masoudnickparvar/brain-tumor-mri-dataset/Training/pituitary/Tr-pi_262.jpg,False,False,0.06028406102051552,0.13877226824009986,0.021073961499493414,0.1238521836506159,0.04411152725759467,0.20312926173210144,0.5433845520019531,0.10105808079242706,0.22772639989852905
D4,pituitary,401,/kaggle/input/datasets/masoudnickparvar/brain-tumor-mri-dataset/Training/pituitary/Tr-pi_268.jpg,False,False,0.07705516205194247,0.10711527854384997,0.024395223027457384,0.10066893299703915,0.034315746084089035,0.2243502140045166,0.5691645741462708,0.10225079208612442,0.24272370338439941
D4,pituitary,402,/kaggle/input/datasets/masoudnickparvar/brain-tumor-mri-dataset/Training/pituitary/Tr-pi_27.jpg,False,True,0.0382785019656528,0.12033936146461263,0.049461466067133746,0.10000797193877552,0.10000797193877552,0.174678772687912,0.4399206042289734,0.08695399761199951,0.15878015756607056
D4,pituitary,403,/kaggle/input/datasets/masoudnickparvar/brain-tumor-mri-dataset/Training/pituitary/Tr-pi_3.jpg,False,False,0.06879659211927583,0.18251443383999058,0.09611183923110529,0.06773713313483624,0.10255847150543539,0.18437519669532776,0.4540312588214874,0.14074917137622833,0.1180851012468338
