kind,hamming,path_a,label_a,path_b,label_b
exact,0,/kaggle/input/datasets/sartajbhuvaji/brain-tumor-classification-mri/Training/glioma_tumor/gg (104).jpg,glioma,/kaggle/input/datasets/sartajbhuvaji/brain-tumor-classification-mri/Training/glioma_tumor/gg (86).jpg,glioma
exact,0,/kaggle/input/datasets/sartajbhuvaji/brain-tumor-classification-mri/Training/glioma_tumor/gg (12).jpg,glioma,/kaggle/input/datasets/sartajbhuvaji/brain-tumor-classification-mri/Testing/glioma_tumor/image(76).jpg,glioma
exact,0,/kaggle/input/datasets/sartajbhuvaji/brain-tumor-classification-mri/Training/glioma_tumor/gg (126).jpg,glioma,/kaggle/input/datasets/sartajbhuvaji/brain-tumor-classification-mri/Training/glioma_tumor/gg (2).jpg,glioma
exact,0,/kaggle/input/datasets/sartajbhuvaji/brain-tumor-classification-mri/Training/glioma_tumor/gg (162).jpg,glioma,/kaggle/input/datasets/sartajbhuvaji/brain-tumor-classification-mri/Training/glioma_tumor/gg (184).jpg,glioma
exact,0,/kaggle/input/datasets/sartajbhuvaji/brain-tumor-classification-mri/Training/glioma_tumor/gg (271).jpg,glioma,/kaggle/input/datasets/sartajbhuvaji/brain-tumor-classification-mri/Training/glioma_tumor/gg (272).jpg,glioma
exact,0,/kaggle/input/datasets/sartajbhuvaji/brain-tumor-classification-mri/Training/glioma_tumor/gg (289).jpg,glioma,/kaggle/input/datasets/sartajbhuvaji/brain-tumor-classification-mri/Training/glioma_tumor/gg (294).jpg,glioma
exact,0,/kaggle/input/datasets/sartajbhuvaji/brain-tumor-classification-mri/Training/glioma_tumor/gg (335).jpg,glioma,/kaggle/input/datasets/sartajbhuvaji/brain-tumor-classification-mri/Training/glioma_tumor/gg (336).jpg,glioma
exact,0,/kaggle/input/datasets/sartajbhuvaji/brain-tumor-classification-mri/Training/glioma_tumor/gg (369).jpg,glioma,/kaggle/input/datasets/sartajbhuvaji/brain-tumor-classification-mri/Testing/glioma_tumor/image(64).jpg,glioma
exact,0,/kaggle/input/datasets/sartajbhuvaji/brain-tumor-classification-mri/Training/glioma_tumor/gg (369).jpg,glioma,/kaggle/input/datasets/sartajbhuvaji/brain-tumor-classification-mri/Testing/glioma_tumor/image(65).jpg,glioma
exact,0,/kaggle/input/datasets/sartajbhuvaji/brain-tumor-classification-mri/Training/glioma_tumor/gg (444).jpg,glioma,/kaggle/input/datasets/sartajbhuvaji/brain-tumor-classification-mri/Testing/glioma_tumor/image(59).jpg,glioma
exact,0,/kaggle/input/datasets/sartajbhuvaji/brain-tumor-classification-mri/Training/glioma_tumor/gg (447).jpg,glioma,/kaggle/input/datasets/sartajbhuvaji/brain-tumor-classification-mri/Testing/glioma_tumor/image(60).jpg,glioma
exact,0,/kaggle/input/datasets/sartajbhuvaji/brain-tumor-classification-mri/Training/glioma_tumor/gg (589).jpg,glioma,/kaggle/input/datasets/sartajbhuvaji/brain-tumor-classification-mri/Testing/glioma_tumor/image(66).jpg,glioma
exact,0,/kaggle/input/datasets/sartajbhuvaji/brain-tumor-classification-mri/Training/glioma_tumor/gg (624).jpg,glioma,/kaggle/input/datasets/sartajbhuvaji/brain-tumor-classification-mri/Testing/glioma_tumor/image(67).jpg,glioma
exact,0,/kaggle/input/datasets/sartajbhuvaji/brain-tumor-classification-mri/Training/glioma_tumor/gg (629).jpg,glioma,/kaggle/input/datasets/sartajbhuvaji/brain-tumor-classification-mri/Training/glioma_tumor/gg (649).jpg,glioma
exact,0,/kaggle/input/datasets/sartajbhuvaji/brain-tumor-classification-mri/Training/glioma_tumor/gg (651).jpg,glioma,/kaggle/input/datasets/sartajbhuvaji/brain-tumor-classification-mri/Testing/glioma_tumor/image(61).jpg,glioma
exact,0,/kaggle/input/datasets/sartajbhuvaji/brain-tumor-classification-mri/Training/glioma_tumor/gg (652).jpg,glioma,/kaggle/input/datasets/sartajbhuvaji/brain-tumor-classification-mri/Testing/glioma_tumor/image(62).jpg,glioma
exact,0,/kaggle/input/datasets/sartajbhuvaji/brain-tumor-classification-mri/Training/glioma_tumor/gg (7).jpg,glioma,/kaggle/input/datasets/sartajbhuvaji/brain-tumor-classification-mri/Testing/glioma_tumor/image(74).jpg,glioma
exact,0,/kaggle/input/datasets/sartajbhuvaji/brain-tumor-classification-mri/Training/glioma_tumor/gg (707).jpg,glioma,/kaggle/input/datasets/sartajbhuvaji/brain-tumor-classification-mri/Testing/glioma_tumor/image(63).jpg,glioma
exact,0,/kaggle/input/datasets/sartajbhuvaji/brain-tumor-classification-mri/Training/glioma_tumor/gg (762).jpg,glioma,/kaggle/input/datasets/sartajbhuvaji/brain-tumor-classification-mri/Training/glioma_tumor/gg (763).jpg,glioma
exact,0,/kaggle/input/datasets/sartajbhuvaji/brain-tumor-classification-mri/Training/glioma_tumor/gg (772).jpg,glioma,/kaggle/input/datasets/sartajbhuvaji/brain-tumor-classification-mri/Testing/glioma_tumor/image(68).jpg,glioma
exact,0,/kaggle/input/datasets/sartajbhuvaji/brain-tumor-classification-mri/Training/glioma_tumor/gg (774).jpg,glioma,/kaggle/input/datasets/sartajbhuvaji/brain-tumor-classification-mri/Testing/glioma_tumor/image(69).jpg,glioma
exact,0,/kaggle/input/datasets/sartajbhuvaji/brain-tumor-classification-mri/Training/glioma_tumor/gg (775).jpg,glioma,/kaggle/input/datasets/sartajbhuvaji/brain-tumor-classification-mri/Testing/glioma_tumor/image(70).jpg,glioma
exact,0,/kaggle/input/datasets/sartajbhuvaji/brain-tumor-classification-mri/Training/glioma_tumor/gg (775).jpg,glioma,/kaggle/input/datasets/sartajbhuvaji/brain-tumor-classification-mri/Testing/glioma_tumor/image(71).jpg,glioma
exact,0,/kaggle/input/datasets/sartajbhuvaji/brain-tumor-classification-mri/Training/glioma_tumor/gg (797).jpg,glioma,/kaggle/input/datasets/sartajbhuvaji/brain-tumor-classification-mri/Testing/glioma_tumor/image(72).jpg,glioma
exact,0,/kaggle/input/datasets/sartajbhuvaji/brain-tumor-classification-mri/Training/glioma_tumor/gg (805).jpg,glioma,/kaggle/input/datasets/sartajbhuvaji/brain-tumor-classification-mri/Testing/glioma_tumor/image(73).jpg,glioma
exact,0,/kaggle/input/datasets/sartajbhuvaji/brain-tumor-classification-mri/Training/glioma_tumor/gg (9).jpg,glioma,/kaggle/input/datasets/sartajbhuvaji/brain-tumor-classification-mri/Testing/glioma_tumor/image(75).jpg,glioma
exact,0,/kaggle/input/datasets/sartajbhuvaji/brain-tumor-classification-mri/Training/meningioma_tumor/m (118).jpg,meningioma,/kaggle/input/datasets/sartajbhuvaji/brain-tumor-classification-mri/Training/meningioma_tumor/m (119).jpg,meningioma
exact,0,/kaggle/input/datasets/sartajbhuvaji/brain-tumor-classification-mri/Training/meningioma_tumor/m (182).jpg,meningioma,/kaggle/input/datasets/sartajbhuvaji/brain-tumor-classification-mri/Training/meningioma_tumor/m (183).jpg,meningioma
exact,0,/kaggle/input/datasets/sartajbhuvaji/brain-tumor-classification-mri/Training/meningioma_tumor/m1(10).jpg,meningioma,/kaggle/input/datasets/sartajbhuvaji/brain-tumor-classification-mri/Testing/meningioma_tumor/image(100).jpg,meningioma
exact,0,/kaggle/input/datasets/sartajbhuvaji/brain-tumor-classification-mri/Training/meningioma_tumor/m1(100).jpg,meningioma,/kaggle/input/datasets/sartajbhuvaji/brain-tumor-classification-mri/Training/meningioma_tumor/m1(129).jpg,meningioma
exact,0,/kaggle/input/datasets/sartajbhuvaji/brain-tumor-classification-mri/Training/meningioma_tumor/m1(100).jpg,meningioma,/kaggle/input/datasets/sartajbhuvaji/brain-tumor-classification-mri/Training/meningioma_tumor/m1(200).jpg,meningioma
exact,0,/kaggle/input/datasets/sartajbhuvaji/brain-tumor-classification-mri/Training/meningioma_tumor/m1(100).jpg,meningioma,/kaggle/input/datasets/sartajbhuvaji/brain-tumor-classification-mri/Testing/meningioma_tumor/image(19).jpg,meningioma
exact,0,/kaggle/input/datasets/sartajbhuvaji/brain-tumor-classification-mri/Training/meningioma_tumor/m1(100).jpg,meningioma,/kaggle/input/datasets/sartajbhuvaji/brain-tumor-classification-mri/Testing/meningioma_tumor/image(90).jpg,meningioma
exact,0,/kaggle/input/datasets/sartajbhuvaji/brain-tumor-classification-mri/Training/meningioma_tumor/m1(101).jpg,meningioma,/kaggle/input/datasets/sartajbhuvaji/brain-tumor-classification-mri/Training/meningioma_tumor/m1(134).jpg,meningioma
exact,0,/kaggle/input/datasets/sartajbhuvaji/brain-tumor-classification-mri/Training/meningioma_tumor/m1(101).jpg,meningioma,/kaggle/input/datasets/sartajbhuvaji/brain-tumor-classification-mri/Training/meningioma_tumor/m1(98).jpg,meningioma
exact,0,/kaggle/input/datasets/sartajbhuvaji/brain-tumor-classification-mri/Training/meningioma_tumor/m1(101).jpg,meningioma,/kaggle/input/datasets/sartajbhuvaji/brain-tumor-classification-mri/Testing/meningioma_tumor/image(118).jpg,meningioma
exact,0,/kaggle/input/datasets/sartajbhuvaji/brain-tumor-classification-mri/Training/meningioma_tumor/m1(101).jpg,meningioma,/kaggle/input/datasets/sartajbhuvaji/brain-tumor-classification-mri/Testing/meningioma_tumor/image(24).jpg,meningioma
exact,0,/kaggle/input/datasets/sartajbhuvaji/brain-tumor-classification-mri/Training/meningioma_tumor/m1(103).jpg,meningioma,/kaggle/input/datasets/sartajbhuvaji/brain-tumor-classification-mri/Testing/meningioma_tumor/image(120).jpg,meningioma
exact,0,/kaggle/input/datasets/sartajbhuvaji/brain-tumor-classification-mri/Training/meningioma_tumor/m1(104).jpg,meningioma,/kaggle/input/datasets/sartajbhuvaji/brain-tumor-classification-mri/Testing/meningioma_tumor/image(121).jpg,meningioma
exact,0,/kaggle/input/datasets/sartajbhuvaji/brain-tumor-classification-mri/Training/meningioma_tumor/m1(107).jpg,meningioma,/kaggle/input/datasets/sartajbhuvaji/brain-tumor-classification-mri/Testing/meningioma_tumor/image(124).jpg,meningioma
exact,0,/kaggle/input/datasets/sartajbhuvaji/brain-tumor-classification-mri/Training/meningioma_tumor/m1(108).jpg,meningioma,/kaggle/input/datasets/sartajbhuvaji/brain-tumor-classification-mri/Testing/meningioma_tumor/image(125).jpg,meningioma
exact,0,/kaggle/input/datasets/sartajbhuvaji/brain-tumor-classification-mri/Training/meningioma_tumor/m1(109).jpg,meningioma,/kaggle/input/datasets/sartajbhuvaji/brain-tumor-classification-mri/Testing/meningioma_tumor/image.jpg,meningioma
exact,0,/kaggle/input/datasets/sartajbhuvaji/brain-tumor-classification-mri/Training/meningioma_tumor/m1(111).jpg,meningioma,/kaggle/input/datasets/sartajbhuvaji/brain-tumor-classification-mri/Training/meningioma_tumor/m1(168).jpg,meningioma
exact,0,/kaggle/input/datasets/sartajbhuvaji/brain-tumor-classification-mri/Training/meningioma_tumor/m1(111).jpg,meningioma,/kaggle/input/datasets/sartajbhuvaji/brain-tumor-classification-mri/Training/meningioma_tumor/m1(192).jpg,meningioma
exact,0,/kaggle/input/datasets/sartajbhuvaji/brain-tumor-classification-mri/Training/meningioma_tumor/m1(111).jpg,meningioma,/kaggle/input/datasets/sartajbhuvaji/brain-tumor-classification-mri/Testing/glioma_tumor/image(48).jpg,glioma
exact,0,/kaggle/input/datasets/sartajbhuvaji/brain-tumor-classification-mri/Training/meningioma_tumor/m1(111).jpg,meningioma,/kaggle/input/datasets/sartajbhuvaji/brain-tumor-classification-mri/Testing/meningioma_tumor/image(2).jpg,meningioma
exact,0,/kaggle/input/datasets/sartajbhuvaji/brain-tumor-classification-mri/Training/meningioma_tumor/m1(111).jpg,meningioma,/kaggle/input/datasets/sartajbhuvaji/brain-tumor-classification-mri/Testing/meningioma_tumor/image(58).jpg,meningioma
exact,0,/kaggle/input/datasets/sartajbhuvaji/brain-tumor-classification-mri/Training/meningioma_tumor/m1(111).jpg,meningioma,/kaggle/input/datasets/sartajbhuvaji/brain-tumor-classification-mri/Testing/meningioma_tumor/image(82).jpg,meningioma
exact,0,/kaggle/input/datasets/sartajbhuvaji/brain-tumor-classification-mri/Training/meningioma_tumor/m1(112).jpg,meningioma,/kaggle/input/datasets/sartajbhuvaji/brain-tumor-classification-mri/Testing/meningioma_tumor/image(3).jpg,meningioma
exact,0,/kaggle/input/datasets/sartajbhuvaji/brain-tumor-classification-mri/Training/meningioma_tumor/m1(113).jpg,meningioma,/kaggle/input/datasets/sartajbhuvaji/brain-tumor-classification-mri/Testing/meningioma_tumor/image(4).jpg,meningioma
exact,0,/kaggle/input/datasets/sartajbhuvaji/brain-tumor-classification-mri/Training/meningioma_tumor/m1(114).jpg,meningioma,/kaggle/input/datasets/sartajbhuvaji/brain-tumor-classification-mri/Training/meningioma_tumor/m1(3).jpg,meningioma
exact,0,/kaggle/input/datasets/sartajbhuvaji/brain-tumor-classification-mri/Training/meningioma_tumor/m1(114).jpg,meningioma,/kaggle/input/datasets/sartajbhuvaji/brain-tumor-classification-mri/Training/meningioma_tumor/m3 (145).jpg,meningioma
exact,0,/kaggle/input/datasets/sartajbhuvaji/brain-tumor-classification-mri/Training/meningioma_tumor/m1(114).jpg,meningioma,/kaggle/input/datasets/sartajbhuvaji/brain-tumor-classification-mri/Testing/meningioma_tumor/image(106).jpg,meningioma
exact,0,/kaggle/input/datasets/sartajbhuvaji/brain-tumor-classification-mri/Training/meningioma_tumor/m1(114).jpg,meningioma,/kaggle/input/datasets/sartajbhuvaji/brain-tumor-classification-mri/Testing/meningioma_tumor/image(126).jpg,meningioma
exact,0,/kaggle/input/datasets/sartajbhuvaji/brain-tumor-classification-mri/Training/meningioma_tumor/m1(114).jpg,meningioma,/kaggle/input/datasets/sartajbhuvaji/brain-tumor-classification-mri/Testing/meningioma_tumor/image(93).jpg,meningioma
exact,0,/kaggle/input/datasets/sartajbhuvaji/brain-tumor-classification-mri/Training/meningioma_tumor/m1(116).jpg,meningioma,/kaggle/input/datasets/sartajbhuvaji/brain-tumor-classification-mri/Testing/meningioma_tumor/image(6).jpg,meningioma
exact,0,/kaggle/input/datasets/sartajbhuvaji/brain-tumor-classification-mri/Training/meningioma_tumor/m1(117).jpg,meningioma,/kaggle/input/datasets/sartajbhuvaji/brain-tumor-classification-mri/Testing/meningioma_tumor/image(7).jpg,meningioma
exact,0,/kaggle/input/datasets/sartajbhuvaji/brain-tumor-classification-mri/Training/meningioma_tumor/m1(118).jpg,meningioma,/kaggle/input/datasets/sartajbhuvaji/brain-tumor-classification-mri/Testing/meningioma_tumor/image(8).jpg,meningioma
exact,0,/kaggle/input/datasets/sartajbhuvaji/brain-tumor-classification-mri/Training/meningioma_tumor/m1(119).jpg,meningioma,/kaggle/input/datasets/sartajbhuvaji/brain-tumor-classification-mri/Testing/meningioma_tumor/image(9).jpg,meningioma
exact,0,/kaggle/input/datasets/sartajbhuvaji/brain-tumor-classification-mri/Training/meningioma_tumor/m1(12).jpg,meningioma,/kaggle/input/datasets/sartajbhuvaji/brain-tumor-classification-mri/Testing/meningioma_tumor/image(102).jpg,meningioma
exact,0,/kaggle/input/datasets/sartajbhuvaji/brain-tumor-classification-mri/Training/meningioma_tumor/m1(120).jpg,meningioma,/kaggle/input/datasets/sartajbhuvaji/brain-tumor-classification-mri/Testing/meningioma_tumor/image(10).jpg,meningioma
exact,0,/kaggle/input/datasets/sartajbhuvaji/brain-tumor-classification-mri/Training/meningioma_tumor/m1(121).jpg,meningioma,/kaggle/input/datasets/sartajbhuvaji/brain-tumor-classification-mri/Testing/meningioma_tumor/image(11).jpg,meningioma
exact,0,/kaggle/input/datasets/sartajbhuvaji/brain-tumor-classification-mri/Training/meningioma_tumor/m1(122).jpg,meningioma,/kaggle/input/datasets/sartajbhuvaji/brain-tumor-classification-mri/Testing/meningioma_tumor/image(12).jpg,meningioma
exact,0,/kaggle/input/datasets/sartajbhuvaji/brain-tumor-classification-mri/Training/meningioma_tumor/m1(123).jpg,meningioma,/kaggle/input/datasets/sartajbhuvaji/brain-tumor-classification-mri/Testing/glioma_tumor/image(2).jpg,glioma
exact,0,/kaggle/input/datasets/sartajbhuvaji/brain-tumor-classification-mri/Training/meningioma_tumor/m1(123).jpg,meningioma,/kaggle/input/datasets/sartajbhuvaji/brain-tumor-classification-mri/Testing/meningioma_tumor/image(13).jpg,meningioma
exact,0,/kaggle/input/datasets/sartajbhuvaji/brain-tumor-classification-mri/Training/meningioma_tumor/m1(124).jpg,meningioma,/kaggle/input/datasets/sartajbhuvaji/brain-tumor-classification-mri/Testing/meningioma_tumor/image(14).jpg,meningioma
exact,0,/kaggle/input/datasets/sartajbhuvaji/brain-tumor-classification-mri/Training/meningioma_tumor/m1(125).jpg,meningioma,/kaggle/input/datasets/sartajbhuvaji/brain-tumor-classification-mri/Testing/meningioma_tumor/image(15).jpg,meningioma
exact,0,/kaggle/input/datasets/sartajbhuvaji/brain-tumor-classification-mri/Training/meningioma_tumor/m1(126).jpg,meningioma,/kaggle/input/datasets/sartajbhuvaji/brain-tumor-classification-mri/Testing/meningioma_tumor/image(16).jpg,meningioma
exact,0,/kaggle/input/datasets/sartajbhuvaji/brain-tumor-classification-mri/Training/meningioma_tumor/m1(127).jpg,meningioma,/kaggle/input/datasets/sartajbhuvaji/brain-tumor-classification-mri/Testing/meningioma_tumor/image(17).jpg,meningioma
exact,0,/kaggle/input/datasets/sartajbhuvaji/brain-tumor-classification-mri/Training/meningioma_tumor/m1(128).jpg,meningioma,/kaggle/input/datasets/sartajbhuvaji/brain-tumor-classification-mri/Testing/meningioma_tumor/image(18).jpg,meningioma
exact,0,/kaggle/input/datasets/sartajbhuvaji/brain-tumor-classification-mri/Training/meningioma_tumor/m1(129).jpg,meningioma,/kaggle/input/datasets/sartajbhuvaji/brain-tumor-classification-mri/Training/meningioma_tumor/m1(200).jpg,meningioma
exact,0,/kaggle/input/datasets/sartajbhuvaji/brain-tumor-classification-mri/Training/meningioma_tumor/m1(129).jpg,meningioma,/kaggle/input/datasets/sartajbhuvaji/brain-tumor-classification-mri/Testing/meningioma_tumor/image(19).jpg,meningioma
exact,0,/kaggle/input/datasets/sartajbhuvaji/brain-tumor-classification-mri/Training/meningioma_tumor/m1(129).jpg,meningioma,/kaggle/input/datasets/sartajbhuvaji/brain-tumor-classification-mri/Testing/meningioma_tumor/image(90).jpg,meningioma
exact,0,/kaggle/input/datasets/sartajbhuvaji/brain-tumor-classification-mri/Training/meningioma_tumor/m1(130).jpg,meningioma,/kaggle/input/datasets/sartajbhuvaji/brain-tumor-classification-mri/Testing/meningioma_tumor/image(20).jpg,meningioma
exact,0,/kaggle/input/datasets/sartajbhuvaji/brain-tumor-classification-mri/Training/meningioma_tumor/m1(131).jpg,meningioma,/kaggle/input/datasets/sartajbhuvaji/brain-tumor-classification-mri/Testing/meningioma_tumor/image(21).jpg,meningioma
exact,0,/kaggle/input/datasets/sartajbhuvaji/brain-tumor-classification-mri/Training/meningioma_tumor/m1(132).jpg,meningioma,/kaggle/input/datasets/sartajbhuvaji/brain-tumor-classification-mri/Testing/meningioma_tumor/image(22).jpg,meningioma
exact,0,/kaggle/input/datasets/sartajbhuvaji/brain-tumor-classification-mri/Training/meningioma_tumor/m1(133).jpg,meningioma,/kaggle/input/datasets/sartajbhuvaji/brain-tumor-classification-mri/Testing/meningioma_tumor/image(23).jpg,meningioma
exact,0,/kaggle/input/datasets/sartajbhuvaji/brain-tumor-classification-mri/Training/meningioma_tumor/m1(134).jpg,meningioma,/kaggle/input/datasets/sartajbhuvaji/brain-tumor-classification-mri/Training/meningioma_tumor/m1(98).jpg,meningioma
exact,0,/kaggle/input/datasets/sartajbhuvaji/brain-tumor-classification-mri/Training/meningioma_tumor/m1(134).jpg,meningioma,/kaggle/input/datasets/sartajbhuvaji/brain-tumor-classification-mri/Testing/meningioma_tumor/image(118).jpg,meningioma
exact,0,/kaggle/input/datasets/sartajbhuvaji/brain-tumor-classification-mri/Training/meningioma_tumor/m1(134).jpg,meningioma,/kaggle/input/datasets/sartajbhuvaji/brain-tumor-classification-mri/Testing/meningioma_tumor/image(24).jpg,meningioma
exact,0,/kaggle/input/datasets/sartajbhuvaji/brain-tumor-classification-mri/Training/meningioma_tumor/m1(135).jpg,meningioma,/kaggle/input/datasets/sartajbhuvaji/brain-tumor-classification-mri/Training/meningioma_tumor/m1(190).jpg,meningioma
exact,0,/kaggle/input/datasets/sartajbhuvaji/brain-tumor-classification-mri/Training/meningioma_tumor/m1(135).jpg,meningioma,/kaggle/input/datasets/sartajbhuvaji/brain-tumor-classification-mri/Testing/meningioma_tumor/image(25).jpg,meningioma
exact,0,/kaggle/input/datasets/sartajbhuvaji/brain-tumor-classification-mri/Training/meningioma_tumor/m1(135).jpg,meningioma,/kaggle/input/datasets/sartajbhuvaji/brain-tumor-classification-mri/Testing/meningioma_tumor/image(80).jpg,meningioma
exact,0,/kaggle/input/datasets/sartajbhuvaji/brain-tumor-classification-mri/Training/meningioma_tumor/m1(137).jpg,meningioma,/kaggle/input/datasets/sartajbhuvaji/brain-tumor-classification-mri/Testing/meningioma_tumor/image(27).jpg,meningioma
exact,0,/kaggle/input/datasets/sartajbhuvaji/brain-tumor-classification-mri/Training/meningioma_tumor/m1(138).jpg,meningioma,/kaggle/input/datasets/sartajbhuvaji/brain-tumor-classification-mri/Testing/meningioma_tumor/image(28).jpg,meningioma
exact,0,/kaggle/input/datasets/sartajbhuvaji/brain-tumor-classification-mri/Training/meningioma_tumor/m1(139).jpg,meningioma,/kaggle/input/datasets/sartajbhuvaji/brain-tumor-classification-mri/Testing/meningioma_tumor/image(29).jpg,meningioma
exact,0,/kaggle/input/datasets/sartajbhuvaji/brain-tumor-classification-mri/Training/meningioma_tumor/m1(140).jpg,meningioma,/kaggle/input/datasets/sartajbhuvaji/brain-tumor-classification-mri/Testing/meningioma_tumor/image(30).jpg,meningioma
exact,0,/kaggle/input/datasets/sartajbhuvaji/brain-tumor-classification-mri/Training/meningioma_tumor/m1(141).jpg,meningioma,/kaggle/input/datasets/sartajbhuvaji/brain-tumor-classification-mri/Testing/meningioma_tumor/image(31).jpg,meningioma
exact,0,/kaggle/input/datasets/sartajbhuvaji/brain-tumor-classification-mri/Training/meningioma_tumor/m1(142).jpg,meningioma,/kaggle/input/datasets/sartajbhuvaji/brain-tumor-classification-mri/Testing/meningioma_tumor/image(32).jpg,meningioma
exact,0,/kaggle/input/datasets/sartajbhuvaji/brain-tumor-classification-mri/Training/meningioma_tumor/m1(143).jpg,meningioma,/kaggle/input/datasets/sartajbhuvaji/brain-tumor-classification-mri/Testing/meningioma_tumor/image(33).jpg,meningioma
exact,0,/kaggle/input/datasets/sartajbhuvaji/brain-tumor-classification-mri/Training/meningioma_tumor/m1(144).jpg,meningioma,/kaggle/input/datasets/sartajbhuvaji/brain-tumor-classification-mri/Training/meningioma_tumor/m1(155).jpg,meningioma
exact,0,/kaggle/input/datasets/sartajbhuvaji/brain-tumor-classification-mri/Training/meningioma_tumor/m1(144).jpg,meningioma,/kaggle/input/datasets/sartajbhuvaji/brain-tumor-classification-mri/Testing/meningioma_tumor/image(34).jpg,meningioma
exact,0,/kaggle/input/datasets/sartajbhuvaji/brain-tumor-classification-mri/Training/meningioma_tumor/m1(144).jpg,meningioma,/kaggle/input/datasets/sartajbhuvaji/brain-tumor-classification-mri/Testing/meningioma_tumor/image(45).jpg,meningioma
exact,0,/kaggle/input/datasets/sartajbhuvaji/brain-tumor-classification-mri/Training/meningioma_tumor/m1(145).jpg,meningioma,/kaggle/input/datasets/sartajbhuvaji/brain-tumor-classification-mri/Testing/meningioma_tumor/image(35).jpg,meningioma
exact,0,/kaggle/input/datasets/sartajbhuvaji/brain-tumor-classification-mri/Training/meningioma_tumor/m1(146).jpg,meningioma,/kaggle/input/datasets/sartajbhuvaji/brain-tumor-classification-mri/Testing/meningioma_tumor/image(36).jpg,meningioma
exact,0,/kaggle/input/datasets/sartajbhuvaji/brain-tumor-classification-mri/Training/meningioma_tumor/m1(147).jpg,meningioma,/kaggle/input/datasets/sartajbhuvaji/brain-tumor-classification-mri/Testing/meningioma_tumor/image(37).jpg,meningioma
exact,0,/kaggle/input/datasets/sartajbhuvaji/brain-tumor-classification-mri/Training/meningioma_tumor/m1(148).jpg,meningioma,/kaggle/input/datasets/sartajbhuvaji/brain-tumor-classification-mri/Testing/meningioma_tumor/image(38).jpg,meningioma
exact,0,/kaggle/input/datasets/sartajbhuvaji/brain-tumor-classification-mri/Training/meningioma_tumor/m1(149).jpg,meningioma,/kaggle/input/datasets/sartajbhuvaji/brain-tumor-classification-mri/Testing/meningioma_tumor/image(39).jpg,meningioma
exact,0,/kaggle/input/datasets/sartajbhuvaji/brain-tumor-classification-mri/Training/meningioma_tumor/m1(15).jpg,meningioma,/kaggle/input/datasets/sartajbhuvaji/brain-tumor-classification-mri/Training/meningioma_tumor/m1(16).jpg,meningioma
exact,0,/kaggle/input/datasets/sartajbhuvaji/brain-tumor-classification-mri/Training/meningioma_tumor/m1(150).jpg,meningioma,/kaggle/input/datasets/sartajbhuvaji/brain-tumor-classification-mri/Testing/meningioma_tumor/image(40).jpg,meningioma
exact,0,/kaggle/input/datasets/sartajbhuvaji/brain-tumor-classification-mri/Training/meningioma_tumor/m1(151).jpg,meningioma,/kaggle/input/datasets/sartajbhuvaji/brain-tumor-classification-mri/Testing/meningioma_tumor/image(41).jpg,meningioma
exact,0,/kaggle/input/datasets/sartajbhuvaji/brain-tumor-classification-mri/Training/meningioma_tumor/m1(152).jpg,meningioma,/kaggle/input/datasets/sartajbhuvaji/brain-tumor-classification-mri/Testing/meningioma_tumor/image(42).jpg,meningioma
exact,0,/kaggle/input/datasets/sartajbhuvaji/brain-tumor-classification-mri/Training/meningioma_tumor/m1(153).jpg,meningioma,/kaggle/input/datasets/sartajbhuvaji/brain-tumor-classification-mri/Testing/meningioma_tumor/image(43).jpg,meningioma
exact,0,/kaggle/input/datasets/sartajbhuvaji/brain-tumor-classification-mri/Training/meningioma_tumor/m1(154).jpg,meningioma,/kaggle/input/datasets/sartajbhuvaji/brain-tumor-classification-mri/Testing/meningioma_tumor/image(44).jpg,meningioma
exact,0,/kaggle/input/datasets/sartajbhuvaji/brain-tumor-classification-mri/Training/meningioma_tumor/m1(155).jpg,meningioma,/kaggle/input/datasets/sartajbhuvaji/brain-tumor-classification-mri/Testing/meningioma_tumor/image(34).jpg,meningioma
exact,0,/kaggle/input/datasets/sartajbhuvaji/brain-tumor-classification-mri/Training/meningioma_tumor/m1(155).jpg,meningioma,/kaggle/input/datasets/sartajbhuvaji/brain-tumor-classification-mri/Testing/meningioma_tumor/image(45).jpg,meningioma
exact,0,/kaggle/input/datasets/sartajbhuvaji/brain-tumor-classification-mri/Training/meningioma_tumor/m1(156).jpg,meningioma,/kaggle/input/datasets/sartajbhuvaji/brain-tumor-classification-mri/Testing/meningioma_tumor/image(46).jpg,meningioma
exact,0,/kaggle/input/datasets/sartajbhuvaji/brain-tumor-classification-mri/Training/meningioma_tumor/m1(157).jpg,meningioma,/kaggle/input/datasets/sartajbhuvaji/brain-tumor-classification-mri/Testing/meningioma_tumor/image(47).jpg,meningioma
exact,0,/kaggle/input/datasets/sartajbhuvaji/brain-tumor-classification-mri/Training/meningioma_tumor/m1(158).jpg,meningioma,/kaggle/input/datasets/sartajbhuvaji/brain-tumor-classification-mri/Testing/meningioma_tumor/image(48).jpg,meningioma
exact,0,/kaggle/input/datasets/sartajbhuvaji/brain-tumor-classification-mri/Training/meningioma_tumor/m1(159).jpg,meningioma,/kaggle/input/datasets/sartajbhuvaji/brain-tumor-classification-mri/Testing/meningioma_tumor/image(49).jpg,meningioma
exact,0,/kaggle/input/datasets/sartajbhuvaji/brain-tumor-classification-mri/Training/meningioma_tumor/m1(160).jpg,meningioma,/kaggle/input/datasets/sartajbhuvaji/brain-tumor-classification-mri/Testing/meningioma_tumor/image(50).jpg,meningioma
exact,0,/kaggle/input/datasets/sartajbhuvaji/brain-tumor-classification-mri/Training/meningioma_tumor/m1(162).jpg,meningioma,/kaggle/input/datasets/sartajbhuvaji/brain-tumor-classification-mri/Testing/meningioma_tumor/image(52).jpg,meningioma
exact,0,/kaggle/input/datasets/sartajbhuvaji/brain-tumor-classification-mri/Training/meningioma_tumor/m1(163).jpg,meningioma,/kaggle/input/datasets/sartajbhuvaji/brain-tumor-classification-mri/Testing/meningioma_tumor/image(53).jpg,meningioma
exact,0,/kaggle/input/datasets/sartajbhuvaji/brain-tumor-classification-mri/Training/meningioma_tumor/m1(165).jpg,meningioma,/kaggle/input/datasets/sartajbhuvaji/brain-tumor-classification-mri/Testing/meningioma_tumor/image(55).jpg,meningioma
exact,0,/kaggle/input/datasets/sartajbhuvaji/brain-tumor-classification-mri/Training/meningioma_tumor/m1(166).jpg,meningioma,/kaggle/input/datasets/sartajbhuvaji/brain-tumor-classification-mri/Testing/meningioma_tumor/image(56).jpg,meningioma
exact,0,/kaggle/input/datasets/sartajbhuvaji/brain-tumor-classification-mri/Training/meningioma_tumor/m1(167).jpg,meningioma,/kaggle/input/datasets/sartajbhuvaji/brain-tumor-classification-mri/Testing/meningioma_tumor/image(57).jpg,meningioma
exact,0,/kaggle/input/datasets/sartajbhuvaji/brain-tumor-classification-mri/Training/meningioma_tumor/m1(168).jpg,meningioma,/kaggle/input/datasets/sartajbhuvaji/brain-tumor-classification-mri/Training/meningioma_tumor/m1(192).jpg,meningioma
exact,0,/kaggle/input/datasets/sartajbhuvaji/brain-tumor-classification-mri/Training/meningioma_tumor/m1(168).jpg,meningioma,/kaggle/input/datasets/sartajbhuvaji/brain-tumor-classification-mri/Testing/glioma_tumor/image(48).jpg,glioma
exact,0,/kaggle/input/datasets/sartajbhuvaji/brain-tumor-classification-mri/Training/meningioma_tumor/m1(168).jpg,meningioma,/kaggle/input/datasets/sartajbhuvaji/brain-tumor-classification-mri/Testing/meningioma_tumor/image(2).jpg,meningioma
exact,0,/kaggle/input/datasets/sartajbhuvaji/brain-tumor-classification-mri/Training/meningioma_tumor/m1(168).jpg,meningioma,/kaggle/input/datasets/sartajbhuvaji/brain-tumor-classification-mri/Testing/meningioma_tumor/image(58).jpg,meningioma
exact,0,/kaggle/input/datasets/sartajbhuvaji/brain-tumor-classification-mri/Training/meningioma_tumor/m1(168).jpg,meningioma,/kaggle/input/datasets/sartajbhuvaji/brain-tumor-classification-mri/Testing/meningioma_tumor/image(82).jpg,meningioma
exact,0,/kaggle/input/datasets/sartajbhuvaji/brain-tumor-classification-mri/Training/meningioma_tumor/m1(169).jpg,meningioma,/kaggle/input/datasets/sartajbhuvaji/brain-tumor-classification-mri/Testing/meningioma_tumor/image(59).jpg,meningioma
exact,0,/kaggle/input/datasets/sartajbhuvaji/brain-tumor-classification-mri/Training/meningioma_tumor/m1(170).jpg,meningioma,/kaggle/input/datasets/sartajbhuvaji/brain-tumor-classification-mri/Training/meningioma_tumor/m1(172).jpg,meningioma
exact,0,/kaggle/input/datasets/sartajbhuvaji/brain-tumor-classification-mri/Training/meningioma_tumor/m1(170).jpg,meningioma,/kaggle/input/datasets/sartajbhuvaji/brain-tumor-classification-mri/Testing/meningioma_tumor/image(60).jpg,meningioma
exact,0,/kaggle/input/datasets/sartajbhuvaji/brain-tumor-classification-mri/Training/meningioma_tumor/m1(170).jpg,meningioma,/kaggle/input/datasets/sartajbhuvaji/brain-tumor-classification-mri/Testing/meningioma_tumor/image(62).jpg,meningioma
exact,0,/kaggle/input/datasets/sartajbhuvaji/brain-tumor-classification-mri/Training/meningioma_tumor/m1(171).jpg,meningioma,/kaggle/input/datasets/sartajbhuvaji/brain-tumor-classification-mri/Testing/meningioma_tumor/image(61).jpg,meningioma
exact,0,/kaggle/input/datasets/sartajbhuvaji/brain-tumor-classification-mri/Training/meningioma_tumor/m1(172).jpg,meningioma,/kaggle/input/datasets/sartajbhuvaji/brain-tumor-classification-mri/Testing/meningioma_tumor/image(60).jpg,meningioma
exact,0,/kaggle/input/datasets/sartajbhuvaji/brain-tumor-classification-mri/Training/meningioma_tumor/m1(172).jpg,meningioma,/kaggle/input/datasets/sartajbhuvaji/brain-tumor-classification-mri/Testing/meningioma_tumor/image(62).jpg,meningioma
exact,0,/kaggle/input/datasets/sartajbhuvaji/brain-tumor-classification-mri/Training/meningioma_tumor/m1(173).jpg,meningioma,/kaggle/input/datasets/sartajbhuvaji/brain-tumor-classification-mri/Testing/meningioma_tumor/image(63).jpg,meningioma
exact,0,/kaggle/input/datasets/sartajbhuvaji/brain-tumor-classification-mri/Training/meningioma_tumor/m1(174).jpg,meningioma,/kaggle/input/datasets/sartajbhuvaji/brain-tumor-classification-mri/Testing/meningioma_tumor/image(64).jpg,meningioma
exact,0,/kaggle/input/datasets/sartajbhuvaji/brain-tumor-classification-mri/Training/meningioma_tumor/m1(175).jpg,meningioma,/kaggle/input/datasets/sartajbhuvaji/brain-tumor-classification-mri/Testing/meningioma_tumor/image(65).jpg,meningioma
exact,0,/kaggle/input/datasets/sartajbhuvaji/brain-tumor-classification-mri/Training/meningioma_tumor/m1(176).jpg,meningioma,/kaggle/input/datasets/sartajbhuvaji/brain-tumor-classification-mri/Testing/meningioma_tumor/image(66).jpg,meningioma
exact,0,/kaggle/input/datasets/sartajbhuvaji/brain-tumor-classification-mri/Training/meningioma_tumor/m1(177).jpg,meningioma,/kaggle/input/datasets/sartajbhuvaji/brain-tumor-classification-mri/Testing/meningioma_tumor/image(67).jpg,meningioma
exact,0,/kaggle/input/datasets/sartajbhuvaji/brain-tumor-classification-mri/Training/meningioma_tumor/m1(178).jpg,meningioma,/kaggle/input/datasets/sartajbhuvaji/brain-tumor-classification-mri/Testing/meningioma_tumor/image(68).jpg,meningioma
exact,0,/kaggle/input/datasets/sartajbhuvaji/brain-tumor-classification-mri/Training/meningioma_tumor/m1(179).jpg,meningioma,/kaggle/input/datasets/sartajbhuvaji/brain-tumor-classification-mri/Testing/meningioma_tumor/image(69).jpg,meningioma
exact,0,/kaggle/input/datasets/sartajbhuvaji/brain-tumor-classification-mri/Training/meningioma_tumor/m1(180).jpg,meningioma,/kaggle/input/datasets/sartajbhuvaji/brain-tumor-classification-mri/Testing/meningioma_tumor/image(70).jpg,meningioma
exact,0,/kaggle/input/datasets/sartajbhuvaji/brain-tumor-classification-mri/Training/meningioma_tumor/m1(181).jpg,meningioma,/kaggle/input/datasets/sartajbhuvaji/brain-tumor-classification-mri/Testing/meningioma_tumor/image(71).jpg,meningioma
exact,0,/kaggle/input/datasets/sartajbhuvaji/brain-tumor-classification-mri/Training/meningioma_tumor/m1(182).jpg,meningioma,/kaggle/input/datasets/sartajbhuvaji/brain-tumor-classification-mri/Testing/meningioma_tumor/image(72).jpg,meningioma
exact,0,/kaggle/input/datasets/sartajbhuvaji/brain-tumor-classification-mri/Training/meningioma_tumor/m1(183).jpg,meningioma,/kaggle/input/datasets/sartajbhuvaji/brain-tumor-classification-mri/Testing/meningioma_tumor/image(73).jpg,meningioma
exact,0,/kaggle/input/datasets/sartajbhuvaji/brain-tumor-classification-mri/Training/meningioma_tumor/m1(184).jpg,meningioma,/kaggle/input/datasets/sartajbhuvaji/brain-tumor-classification-mri/Testing/meningioma_tumor/image(74).jpg,meningioma
exact,0,/kaggle/input/datasets/sartajbhuvaji/brain-tumor-classification-mri/Training/meningioma_tumor/m1(185).jpg,meningioma,/kaggle/input/datasets/sartajbhuvaji/brain-tumor-classification-mri/Testing/meningioma_tumor/image(75).jpg,meningioma
exact,0,/kaggle/input/datasets/sartajbhuvaji/brain-tumor-classification-mri/Training/meningioma_tumor/m1(186).jpg,meningioma,/kaggle/input/datasets/sartajbhuvaji/brain-tumor-classification-mri/Testing/meningioma_tumor/image(76).jpg,meningioma
exact,0,/kaggle/input/datasets/sartajbhuvaji/brain-tumor-classification-mri/Training/meningioma_tumor/m1(187).jpg,meningioma,/kaggle/input/datasets/sartajbhuvaji/brain-tumor-classification-mri/Testing/meningioma_tumor/image(77).jpg,meningioma
exact,0,/kaggle/input/datasets/sartajbhuvaji/brain-tumor-classification-mri/Training/meningioma_tumor/m1(188).jpg,meningioma,/kaggle/input/datasets/sartajbhuvaji/brain-tumor-classification-mri/Testing/meningioma_tumor/image(78).jpg,meningioma
exact,0,/kaggle/input/datasets/sartajbhuvaji/brain-tumor-classification-mri/Training/meningioma_tumor/m1(189).jpg,meningioma,/kaggle/input/datasets/sartajbhuvaji/brain-tumor-classification-mri/Testing/meningioma_tumor/image(79).jpg,meningioma
exact,0,/kaggle/input/datasets/sartajbhuvaji/brain-tumor-classification-mri/Training/meningioma_tumor/m1(190).jpg,meningioma,/kaggle/input/datasets/sartajbhuvaji/brain-tumor-classification-mri/Testing/meningioma_tumor/image(25).jpg,meningioma
exact,0,/kaggle/input/datasets/sartajbhuvaji/brain-tumor-classification-mri/Training/meningioma_tumor/m1(190).jpg,meningioma,/kaggle/input/datasets/sartajbhuvaji/brain-tumor-classification-mri/Testing/meningioma_tumor/image(80).jpg,meningioma
exact,0,/kaggle/input/datasets/sartajbhuvaji/brain-tumor-classification-mri/Training/meningioma_tumor/m1(191).jpg,meningioma,/kaggle/input/datasets/sartajbhuvaji/brain-tumor-classification-mri/Testing/meningioma_tumor/image(81).jpg,meningioma
exact,0,/kaggle/input/datasets/sartajbhuvaji/brain-tumor-classification-mri/Training/meningioma_tumor/m1(192).jpg,meningioma,/kaggle/input/datasets/sartajbhuvaji/brain-tumor-classification-mri/Testing/glioma_tumor/image(48).jpg,glioma
exact,0,/kaggle/input/datasets/sartajbhuvaji/brain-tumor-classification-mri/Training/meningioma_tumor/m1(192).jpg,meningioma,/kaggle/input/datasets/sartajbhuvaji/brain-tumor-classification-mri/Testing/meningioma_tumor/image(2).jpg,meningioma
exact,0,/kaggle/input/datasets/sartajbhuvaji/brain-tumor-classification-mri/Training/meningioma_tumor/m1(192).jpg,meningioma,/kaggle/input/datasets/sartajbhuvaji/brain-tumor-classification-mri/Testing/meningioma_tumor/image(58).jpg,meningioma
exact,0,/kaggle/input/datasets/sartajbhuvaji/brain-tumor-classification-mri/Training/meningioma_tumor/m1(192).jpg,meningioma,/kaggle/input/datasets/sartajbhuvaji/brain-tumor-classification-mri/Testing/meningioma_tumor/image(82).jpg,meningioma
exact,0,/kaggle/input/datasets/sartajbhuvaji/brain-tumor-classification-mri/Training/meningioma_tumor/m1(193).jpg,meningioma,/kaggle/input/datasets/sartajbhuvaji/brain-tumor-classification-mri/Testing/meningioma_tumor/image(83).jpg,meningioma
exact,0,/kaggle/input/datasets/sartajbhuvaji/brain-tumor-classification-mri/Training/meningioma_tumor/m1(194).jpg,meningioma,/kaggle/input/datasets/sartajbhuvaji/brain-tumor-classification-mri/Testing/meningioma_tumor/image(84).jpg,meningioma
exact,0,/kaggle/input/datasets/sartajbhuvaji/brain-tumor-classification-mri/Training/meningioma_tumor/m1(195).jpg,meningioma,/kaggle/input/datasets/sartajbhuvaji/brain-tumor-classification-mri/Testing/meningioma_tumor/image(85).jpg,meningioma
exact,0,/kaggle/input/datasets/sartajbhuvaji/brain-tumor-classification-mri/Training/meningioma_tumor/m1(196).jpg,meningioma,/kaggle/input/datasets/sartajbhuvaji/brain-tumor-classification-mri/Testing/meningioma_tumor/image(86).jpg,meningioma
exact,0,/kaggle/input/datasets/sartajbhuvaji/brain-tumor-classification-mri/Training/meningioma_tumor/m1(197).jpg,meningioma,/kaggle/input/datasets/sartajbhuvaji/brain-tumor-classification-mri/Testing/meningioma_tumor/image(87).jpg,meningioma
exact,0,/kaggle/input/datasets/sartajbhuvaji/brain-tumor-classification-mri/Training/meningioma_tumor/m1(198).jpg,meningioma,/kaggle/input/datasets/sartajbhuvaji/brain-tumor-classification-mri/Testing/meningioma_tumor/image(88).jpg,meningioma
exact,0,/kaggle/input/datasets/sartajbhuvaji/brain-tumor-classification-mri/Training/meningioma_tumor/m1(199).jpg,meningioma,/kaggle/input/datasets/sartajbhuvaji/brain-tumor-classification-mri/Testing/meningioma_tumor/image(89).jpg,meningioma
exact,0,/kaggle/input/datasets/sartajbhuvaji/brain-tumor-classification-mri/Training/meningioma_tumor/m1(2).jpg,meningioma,/kaggle/input/datasets/sartajbhuvaji/brain-tumor-classification-mri/Training/meningioma_tumor/m1(202).jpg,meningioma
exact,0,/kaggle/input/datasets/sartajbhuvaji/brain-tumor-classification-mri/Training/meningioma_tumor/m1(2).jpg,meningioma,/kaggle/input/datasets/sartajbhuvaji/brain-tumor-classification-mri/Testing/meningioma_tumor/image(92).jpg,meningioma
exact,0,/kaggle/input/datasets/sartajbhuvaji/brain-tumor-classification-mri/Training/meningioma_tumor/m1(200).jpg,meningioma,/kaggle/input/datasets/sartajbhuvaji/brain-tumor-classification-mri/Testing/meningioma_tumor/image(19).jpg,meningioma
exact,0,/kaggle/input/datasets/sartajbhuvaji/brain-tumor-classification-mri/Training/meningioma_tumor/m1(200).jpg,meningioma,/kaggle/input/datasets/sartajbhuvaji/brain-tumor-classification-mri/Testing/meningioma_tumor/image(90).jpg,meningioma
exact,0,/kaggle/input/datasets/sartajbhuvaji/brain-tumor-classification-mri/Training/meningioma_tumor/m1(201).jpg,meningioma,/kaggle/input/datasets/sartajbhuvaji/brain-tumor-classification-mri/Testing/meningioma_tumor/image(91).jpg,meningioma
exact,0,/kaggle/input/datasets/sartajbhuvaji/brain-tumor-classification-mri/Training/meningioma_tumor/m1(202).jpg,meningioma,/kaggle/input/datasets/sartajbhuvaji/brain-tumor-classification-mri/Testing/meningioma_tumor/image(92).jpg,meningioma
exact,0,/kaggle/input/datasets/sartajbhuvaji/brain-tumor-classification-mri/Training/meningioma_tumor/m1(3).jpg,meningioma,/kaggle/input/datasets/sartajbhuvaji/brain-tumor-classification-mri/Training/meningioma_tumor/m3 (145).jpg,meningioma
exact,0,/kaggle/input/datasets/sartajbhuvaji/brain-tumor-classification-mri/Training/meningioma_tumor/m1(3).jpg,meningioma,/kaggle/input/datasets/sartajbhuvaji/brain-tumor-classification-mri/Testing/meningioma_tumor/image(106).jpg,meningioma
exact,0,/kaggle/input/datasets/sartajbhuvaji/brain-tumor-classification-mri/Training/meningioma_tumor/m1(3).jpg,meningioma,/kaggle/input/datasets/sartajbhuvaji/brain-tumor-classification-mri/Testing/meningioma_tumor/image(126).jpg,meningioma
exact,0,/kaggle/input/datasets/sartajbhuvaji/brain-tumor-classification-mri/Training/meningioma_tumor/m1(3).jpg,meningioma,/kaggle/input/datasets/sartajbhuvaji/brain-tumor-classification-mri/Testing/meningioma_tumor/image(93).jpg,meningioma
exact,0,/kaggle/input/datasets/sartajbhuvaji/brain-tumor-classification-mri/Training/meningioma_tumor/m1(4).jpg,meningioma,/kaggle/input/datasets/sartajbhuvaji/brain-tumor-classification-mri/Testing/meningioma_tumor/image(94).jpg,meningioma
exact,0,/kaggle/input/datasets/sartajbhuvaji/brain-tumor-classification-mri/Training/meningioma_tumor/m1(5).jpg,meningioma,/kaggle/input/datasets/sartajbhuvaji/brain-tumor-classification-mri/Testing/meningioma_tumor/image(95).jpg,meningioma
exact,0,/kaggle/input/datasets/sartajbhuvaji/brain-tumor-classification-mri/Training/meningioma_tumor/m1(6).jpg,meningioma,/kaggle/input/datasets/sartajbhuvaji/brain-tumor-classification-mri/Testing/meningioma_tumor/image(96).jpg,meningioma
exact,0,/kaggle/input/datasets/sartajbhuvaji/brain-tumor-classification-mri/Training/meningioma_tumor/m1(7).jpg,meningioma,/kaggle/input/datasets/sartajbhuvaji/brain-tumor-classification-mri/Testing/meningioma_tumor/image(97).jpg,meningioma
exact,0,/kaggle/input/datasets/sartajbhuvaji/brain-tumor-classification-mri/Training/meningioma_tumor/m1(8).jpg,meningioma,/kaggle/input/datasets/sartajbhuvaji/brain-tumor-classification-mri/Testing/meningioma_tumor/image(98).jpg,meningioma
exact,0,/kaggle/input/datasets/sartajbhuvaji/brain-tumor-classification-mri/Training/meningioma_tumor/m1(9).jpg,meningioma,/kaggle/input/datasets/sartajbhuvaji/brain-tumor-classification-mri/Training/meningioma_tumor/m1(97).jpg,meningioma
exact,0,/kaggle/input/datasets/sartajbhuvaji/brain-tumor-classification-mri/Training/meningioma_tumor/m1(9).jpg,meningioma,/kaggle/input/datasets/sartajbhuvaji/brain-tumor-classification-mri/Testing/meningioma_tumor/image(99).jpg,meningioma
exact,0,/kaggle/input/datasets/sartajbhuvaji/brain-tumor-classification-mri/Training/meningioma_tumor/m1(90).jpg,meningioma,/kaggle/input/datasets/sartajbhuvaji/brain-tumor-classification-mri/Testing/meningioma_tumor/image(107).jpg,meningioma
exact,0,/kaggle/input/datasets/sartajbhuvaji/brain-tumor-classification-mri/Training/meningioma_tumor/m1(92).jpg,meningioma,/kaggle/input/datasets/sartajbhuvaji/brain-tumor-classification-mri/Testing/meningioma_tumor/image(109).jpg,meningioma
exact,0,/kaggle/input/datasets/sartajbhuvaji/brain-tumor-classification-mri/Training/meningioma_tumor/m1(95).jpg,meningioma,/kaggle/input/datasets/sartajbhuvaji/brain-tumor-classification-mri/Testing/meningioma_tumor/image(112).jpg,meningioma
exact,0,/kaggle/input/datasets/sartajbhuvaji/brain-tumor-classification-mri/Training/meningioma_tumor/m1(96).jpg,meningioma,/kaggle/input/datasets/sartajbhuvaji/brain-tumor-classification-mri/Testing/meningioma_tumor/image(113).jpg,meningioma
exact,0,/kaggle/input/datasets/sartajbhuvaji/brain-tumor-classification-mri/Training/meningioma_tumor/m1(97).jpg,meningioma,/kaggle/input/datasets/sartajbhuvaji/brain-tumor-classification-mri/Testing/meningioma_tumor/image(99).jpg,meningioma
exact,0,/kaggle/input/datasets/sartajbhuvaji/brain-tumor-classification-mri/Training/meningioma_tumor/m1(98).jpg,meningioma,/kaggle/input/datasets/sartajbhuvaji/brain-tumor-classification-mri/Testing/meningioma_tumor/image(118).jpg,meningioma
exact,0,/kaggle/input/datasets/sartajbhuvaji/brain-tumor-classification-mri/Training/meningioma_tumor/m1(98).jpg,meningioma,/kaggle/input/datasets/sartajbhuvaji/brain-tumor-classification-mri/Testing/meningioma_tumor/image(24).jpg,meningioma
exact,0,/kaggle/input/datasets/sartajbhuvaji/brain-tumor-classification-mri/Training/meningioma_tumor/m3 (145).jpg,meningioma,/kaggle/input/datasets/sartajbhuvaji/brain-tumor-classification-mri/Testing/meningioma_tumor/image(106).jpg,meningioma
exact,0,/kaggle/input/datasets/sartajbhuvaji/brain-tumor-classification-mri/Training/meningioma_tumor/m3 (145).jpg,meningioma,/kaggle/input/datasets/sartajbhuvaji/brain-tumor-classification-mri/Testing/meningioma_tumor/image(126).jpg,meningioma
exact,0,/kaggle/input/datasets/sartajbhuvaji/brain-tumor-classification-mri/Training/meningioma_tumor/m3 (145).jpg,meningioma,/kaggle/input/datasets/sartajbhuvaji/brain-tumor-classification-mri/Testing/meningioma_tumor/image(93).jpg,meningioma
exact,0,/kaggle/input/datasets/sartajbhuvaji/brain-tumor-classification-mri/Training/meningioma_tumor/m3 (146).jpg,meningioma,/kaggle/input/datasets/sartajbhuvaji/brain-tumor-classification-mri/Testing/meningioma_tumor/image(127).jpg,meningioma
exact,0,/kaggle/input/datasets/sartajbhuvaji/brain-tumor-classification-mri/Training/meningioma_tumor/m3 (164).jpg,meningioma,/kaggle/input/datasets/sartajbhuvaji/brain-tumor-classification-mri/Training/meningioma_tumor/m3 (165).jpg,meningioma
exact,0,/kaggle/input/datasets/sartajbhuvaji/brain-tumor-classification-mri/Training/no_tumor/6.jpg,no_tumor,/kaggle/input/datasets/sartajbhuvaji/brain-tumor-classification-mri/Training/no_tumor/image (31).jpg,no_tumor
exact,0,/kaggle/input/datasets/sartajbhuvaji/brain-tumor-classification-mri/Training/no_tumor/image (13).jpg,no_tumor,/kaggle/input/datasets/sartajbhuvaji/brain-tumor-classification-mri/Training/no_tumor/image (14).jpg,no_tumor
exact,0,/kaggle/input/datasets/sartajbhuvaji/brain-tumor-classification-mri/Training/no_tumor/image (13).jpg,no_tumor,/kaggle/input/datasets/sartajbhuvaji/brain-tumor-classification-mri/Training/no_tumor/image (26).jpg,no_tumor
exact,0,/kaggle/input/datasets/sartajbhuvaji/brain-tumor-classification-mri/Training/no_tumor/image (13).jpg,no_tumor,/kaggle/input/datasets/sartajbhuvaji/brain-tumor-classification-mri/Training/no_tumor/image(246).jpg,no_tumor
exact,0,/kaggle/input/datasets/sartajbhuvaji/brain-tumor-classification-mri/Training/no_tumor/image (13).jpg,no_tumor,/kaggle/input/datasets/sartajbhuvaji/brain-tumor-classification-mri/Training/no_tumor/image(306).jpg,no_tumor
exact,0,/kaggle/input/datasets/sartajbhuvaji/brain-tumor-classification-mri/Training/no_tumor/image (14).jpg,no_tumor,/kaggle/input/datasets/sartajbhuvaji/brain-tumor-classification-mri/Training/no_tumor/image (26).jpg,no_tumor
exact,0,/kaggle/input/datasets/sartajbhuvaji/brain-tumor-classification-mri/Training/no_tumor/image (14).jpg,no_tumor,/kaggle/input/datasets/sartajbhuvaji/brain-tumor-classification-mri/Training/no_tumor/image(246).jpg,no_tumor
exact,0,/kaggle/input/datasets/sartajbhuvaji/brain-tumor-classification-mri/Training/no_tumor/image (14).jpg,no_tumor,/kaggle/input/datasets/sartajbhuvaji/brain-tumor-classification-mri/Training/no_tumor/image(306).jpg,no_tumor
exact,0,/kaggle/input/datasets/sartajbhuvaji/brain-tumor-classification-mri/Training/no_tumor/image (15).jpg,no_tumor,/kaggle/input/datasets/sartajbhuvaji/brain-tumor-classification-mri/Training/no_tumor/image (16).jpg,no_tumor
exact,0,/kaggle/input/datasets/sartajbhuvaji/brain-tumor-classification-mri/Training/no_tumor/image (15).jpg,no_tumor,/kaggle/input/datasets/sartajbhuvaji/brain-tumor-classification-mri/Training/no_tumor/image(213).jpg,no_tumor
exact,0,/kaggle/input/datasets/sartajbhuvaji/brain-tumor-classification-mri/Training/no_tumor/image (15).jpg,no_tumor,/kaggle/input/datasets/sartajbhuvaji/brain-tumor-classification-mri/Training/no_tumor/image(244).jpg,no_tumor
exact,0,/kaggle/input/datasets/sartajbhuvaji/brain-tumor-classification-mri/Training/no_tumor/image (16).jpg,no_tumor,/kaggle/input/datasets/sartajbhuvaji/brain-tumor-classification-mri/Training/no_tumor/image(213).jpg,no_tumor
exact,0,/kaggle/input/datasets/sartajbhuvaji/brain-tumor-classification-mri/Training/no_tumor/image (16).jpg,no_tumor,/kaggle/input/datasets/sartajbhuvaji/brain-tumor-classification-mri/Training/no_tumor/image(244).jpg,no_tumor
exact,0,/kaggle/input/datasets/sartajbhuvaji/brain-tumor-classification-mri/Training/no_tumor/image (24).jpg,no_tumor,/kaggle/input/datasets/sartajbhuvaji/brain-tumor-classification-mri/Training/no_tumor/image(257).jpg,no_tumor
exact,0,/kaggle/input/datasets/sartajbhuvaji/brain-tumor-classification-mri/Training/no_tumor/image (26).jpg,no_tumor,/kaggle/input/datasets/sartajbhuvaji/brain-tumor-classification-mri/Training/no_tumor/image(246).jpg,no_tumor
exact,0,/kaggle/input/datasets/sartajbhuvaji/brain-tumor-classification-mri/Training/no_tumor/image (26).jpg,no_tumor,/kaggle/input/datasets/sartajbhuvaji/brain-tumor-classification-mri/Training/no_tumor/image(306).jpg,no_tumor
exact,0,/kaggle/input/datasets/sartajbhuvaji/brain-tumor-classification-mri/Training/no_tumor/image (41).jpg,no_tumor,/kaggle/input/datasets/sartajbhuvaji/brain-tumor-classification-mri/Testing/no_tumor/image.jpg,no_tumor
exact,0,/kaggle/input/datasets/sartajbhuvaji/brain-tumor-classification-mri/Training/no_tumor/image (42).jpg,no_tumor,/kaggle/input/datasets/sartajbhuvaji/brain-tumor-classification-mri/Testing/no_tumor/image(1).jpg,no_tumor
exact,0,/kaggle/input/datasets/sartajbhuvaji/brain-tumor-classification-mri/Training/no_tumor/image (43).jpg,no_tumor,/kaggle/input/datasets/sartajbhuvaji/brain-tumor-classification-mri/Testing/no_tumor/image(2).jpg,no_tumor
exact,0,/kaggle/input/datasets/sartajbhuvaji/brain-tumor-classification-mri/Training/no_tumor/image (44).jpg,no_tumor,/kaggle/input/datasets/sartajbhuvaji/brain-tumor-classification-mri/Training/no_tumor/image(103).jpg,no_tumor
exact,0,/kaggle/input/datasets/sartajbhuvaji/brain-tumor-classification-mri/Training/no_tumor/image (44).jpg,no_tumor,/kaggle/input/datasets/sartajbhuvaji/brain-tumor-classification-mri/Training/no_tumor/image(108).jpg,no_tumor
exact,0,/kaggle/input/datasets/sartajbhuvaji/brain-tumor-classification-mri/Training/no_tumor/image (44).jpg,no_tumor,/kaggle/input/datasets/sartajbhuvaji/brain-tumor-classification-mri/Testing/no_tumor/image(3).jpg,no_tumor
exact,0,/kaggle/input/datasets/sartajbhuvaji/brain-tumor-classification-mri/Training/no_tumor/image (45).jpg,no_tumor,/kaggle/input/datasets/sartajbhuvaji/brain-tumor-classification-mri/Testing/no_tumor/image(4).jpg,no_tumor
exact,0,/kaggle/input/datasets/sartajbhuvaji/brain-tumor-classification-mri/Training/no_tumor/image (46).jpg,no_tumor,/kaggle/input/datasets/sartajbhuvaji/brain-tumor-classification-mri/Testing/no_tumor/image(5).jpg,no_tumor
exact,0,/kaggle/input/datasets/sartajbhuvaji/brain-tumor-classification-mri/Training/no_tumor/image (47).jpg,no_tumor,/kaggle/input/datasets/sartajbhuvaji/brain-tumor-classification-mri/Testing/no_tumor/image(6).jpg,no_tumor
exact,0,/kaggle/input/datasets/sartajbhuvaji/brain-tumor-classification-mri/Training/no_tumor/image (48).jpg,no_tumor,/kaggle/input/datasets/sartajbhuvaji/brain-tumor-classification-mri/Testing/no_tumor/image(7).jpg,no_tumor
exact,0,/kaggle/input/datasets/sartajbhuvaji/brain-tumor-classification-mri/Training/no_tumor/image (49).jpg,no_tumor,/kaggle/input/datasets/sartajbhuvaji/brain-tumor-classification-mri/Testing/no_tumor/image(8).jpg,no_tumor
exact,0,/kaggle/input/datasets/sartajbhuvaji/brain-tumor-classification-mri/Training/no_tumor/image (50).jpg,no_tumor,/kaggle/input/datasets/sartajbhuvaji/brain-tumor-classification-mri/Training/no_tumor/image(55).jpg,no_tumor
exact,0,/kaggle/input/datasets/sartajbhuvaji/brain-tumor-classification-mri/Training/no_tumor/image (50).jpg,no_tumor,/kaggle/input/datasets/sartajbhuvaji/brain-tumor-classification-mri/Testing/no_tumor/image(80).jpg,no_tumor
exact,0,/kaggle/input/datasets/sartajbhuvaji/brain-tumor-classification-mri/Training/no_tumor/image (50).jpg,no_tumor,/kaggle/input/datasets/sartajbhuvaji/brain-tumor-classification-mri/Testing/no_tumor/image(9).jpg,no_tumor
exact,0,/kaggle/input/datasets/sartajbhuvaji/brain-tumor-classification-mri/Training/no_tumor/image (51).jpg,no_tumor,/kaggle/input/datasets/sartajbhuvaji/brain-tumor-classification-mri/Training/no_tumor/image(41).jpg,no_tumor
exact,0,/kaggle/input/datasets/sartajbhuvaji/brain-tumor-classification-mri/Training/no_tumor/image (51).jpg,no_tumor,/kaggle/input/datasets/sartajbhuvaji/brain-tumor-classification-mri/Training/no_tumor/image(56).jpg,no_tumor
exact,0,/kaggle/input/datasets/sartajbhuvaji/brain-tumor-classification-mri/Training/no_tumor/image (51).jpg,no_tumor,/kaggle/input/datasets/sartajbhuvaji/brain-tumor-classification-mri/Training/no_tumor/image(8).jpg,no_tumor
exact,0,/kaggle/input/datasets/sartajbhuvaji/brain-tumor-classification-mri/Training/no_tumor/image (51).jpg,no_tumor,/kaggle/input/datasets/sartajbhuvaji/brain-tumor-classification-mri/Testing/no_tumor/image(10).jpg,no_tumor
exact,0,/kaggle/input/datasets/sartajbhuvaji/brain-tumor-classification-mri/Training/no_tumor/image (51).jpg,no_tumor,/kaggle/input/datasets/sartajbhuvaji/brain-tumor-classification-mri/Testing/no_tumor/image(33).jpg,no_tumor
exact,0,/kaggle/input/datasets/sartajbhuvaji/brain-tumor-classification-mri/Training/no_tumor/image (51).jpg,no_tumor,/kaggle/input/datasets/sartajbhuvaji/brain-tumor-classification-mri/Testing/no_tumor/image(66).jpg,no_tumor
exact,0,/kaggle/input/datasets/sartajbhuvaji/brain-tumor-classification-mri/Training/no_tumor/image (51).jpg,no_tumor,/kaggle/input/datasets/sartajbhuvaji/brain-tumor-classification-mri/Testing/no_tumor/image(81).jpg,no_tumor
exact,0,/kaggle/input/datasets/sartajbhuvaji/brain-tumor-classification-mri/Training/no_tumor/image (52).jpg,no_tumor,/kaggle/input/datasets/sartajbhuvaji/brain-tumor-classification-mri/Training/no_tumor/image(60).jpg,no_tumor
exact,0,/kaggle/input/datasets/sartajbhuvaji/brain-tumor-classification-mri/Training/no_tumor/image (52).jpg,no_tumor,/kaggle/input/datasets/sartajbhuvaji/brain-tumor-classification-mri/Testing/no_tumor/image(11).jpg,no_tumor
exact,0,/kaggle/input/datasets/sartajbhuvaji/brain-tumor-classification-mri/Training/no_tumor/image (52).jpg,no_tumor,/kaggle/input/datasets/sartajbhuvaji/brain-tumor-classification-mri/Testing/no_tumor/image(85).jpg,no_tumor
exact,0,/kaggle/input/datasets/sartajbhuvaji/brain-tumor-classification-mri/Training/no_tumor/image (53).jpg,no_tumor,/kaggle/input/datasets/sartajbhuvaji/brain-tumor-classification-mri/Testing/no_tumor/image(12).jpg,no_tumor
exact,0,/kaggle/input/datasets/sartajbhuvaji/brain-tumor-classification-mri/Training/no_tumor/image (54).jpg,no_tumor,/kaggle/input/datasets/sartajbhuvaji/brain-tumor-classification-mri/Testing/no_tumor/image(13).jpg,no_tumor
exact,0,/kaggle/input/datasets/sartajbhuvaji/brain-tumor-classification-mri/Training/no_tumor/image (55).jpg,no_tumor,/kaggle/input/datasets/sartajbhuvaji/brain-tumor-classification-mri/Testing/no_tumor/image(14).jpg,no_tumor
exact,0,/kaggle/input/datasets/sartajbhuvaji/brain-tumor-classification-mri/Training/no_tumor/image (56).jpg,no_tumor,/kaggle/input/datasets/sartajbhuvaji/brain-tumor-classification-mri/Training/no_tumor/image(24).jpg,no_tumor
exact,0,/kaggle/input/datasets/sartajbhuvaji/brain-tumor-classification-mri/Training/no_tumor/image (56).jpg,no_tumor,/kaggle/input/datasets/sartajbhuvaji/brain-tumor-classification-mri/Training/no_tumor/image(28).jpg,no_tumor
exact,0,/kaggle/input/datasets/sartajbhuvaji/brain-tumor-classification-mri/Training/no_tumor/image (56).jpg,no_tumor,/kaggle/input/datasets/sartajbhuvaji/brain-tumor-classification-mri/Training/no_tumor/image(42).jpg,no_tumor
exact,0,/kaggle/input/datasets/sartajbhuvaji/brain-tumor-classification-mri/Training/no_tumor/image (56).jpg,no_tumor,/kaggle/input/datasets/sartajbhuvaji/brain-tumor-classification-mri/Training/no_tumor/image(59).jpg,no_tumor
exact,0,/kaggle/input/datasets/sartajbhuvaji/brain-tumor-classification-mri/Training/no_tumor/image (56).jpg,no_tumor,/kaggle/input/datasets/sartajbhuvaji/brain-tumor-classification-mri/Testing/no_tumor/image(15).jpg,no_tumor
exact,0,/kaggle/input/datasets/sartajbhuvaji/brain-tumor-classification-mri/Training/no_tumor/image (56).jpg,no_tumor,/kaggle/input/datasets/sartajbhuvaji/brain-tumor-classification-mri/Testing/no_tumor/image(49).jpg,no_tumor
exact,0,/kaggle/input/datasets/sartajbhuvaji/brain-tumor-classification-mri/Training/no_tumor/image (56).jpg,no_tumor,/kaggle/input/datasets/sartajbhuvaji/brain-tumor-classification-mri/Testing/no_tumor/image(53).jpg,no_tumor
exact,0,/kaggle/input/datasets/sartajbhuvaji/brain-tumor-classification-mri/Training/no_tumor/image (56).jpg,no_tumor,/kaggle/input/datasets/sartajbhuvaji/brain-tumor-classification-mri/Testing/no_tumor/image(67).jpg,no_tumor
exact,0,/kaggle/input/datasets/sartajbhuvaji/brain-tumor-classification-mri/Training/no_tumor/image (56).jpg,no_tumor,/kaggle/input/datasets/sartajbhuvaji/brain-tumor-classification-mri/Testing/no_tumor/image(84).jpg,no_tumor
exact,0,/kaggle/input/datasets/sartajbhuvaji/brain-tumor-classification-mri/Training/no_tumor/image (57).jpg,no_tumor,/kaggle/input/datasets/sartajbhuvaji/brain-tumor-classification-mri/Training/no_tumor/image(20).jpg,no_tumor
exact,0,/kaggle/input/datasets/sartajbhuvaji/brain-tumor-classification-mri/Training/no_tumor/image (57).jpg,no_tumor,/kaggle/input/datasets/sartajbhuvaji/brain-tumor-classification-mri/Training/no_tumor/image(30).jpg,no_tumor
exact,0,/kaggle/input/datasets/sartajbhuvaji/brain-tumor-classification-mri/Training/no_tumor/image (57).jpg,no_tumor,/kaggle/input/datasets/sartajbhuvaji/brain-tumor-classification-mri/Training/no_tumor/image(35).jpg,no_tumor
exact,0,/kaggle/input/datasets/sartajbhuvaji/brain-tumor-classification-mri/Training/no_tumor/image (57).jpg,no_tumor,/kaggle/input/datasets/sartajbhuvaji/brain-tumor-classification-mri/Testing/no_tumor/image(16).jpg,no_tumor
exact,0,/kaggle/input/datasets/sartajbhuvaji/brain-tumor-classification-mri/Training/no_tumor/image (57).jpg,no_tumor,/kaggle/input/datasets/sartajbhuvaji/brain-tumor-classification-mri/Testing/no_tumor/image(45).jpg,no_tumor
exact,0,/kaggle/input/datasets/sartajbhuvaji/brain-tumor-classification-mri/Training/no_tumor/image (57).jpg,no_tumor,/kaggle/input/datasets/sartajbhuvaji/brain-tumor-classification-mri/Testing/no_tumor/image(55).jpg,no_tumor
exact,0,/kaggle/input/datasets/sartajbhuvaji/brain-tumor-classification-mri/Training/no_tumor/image (57).jpg,no_tumor,/kaggle/input/datasets/sartajbhuvaji/brain-tumor-classification-mri/Testing/no_tumor/image(60).jpg,no_tumor
exact,0,/kaggle/input/datasets/sartajbhuvaji/brain-tumor-classification-mri/Training/no_tumor/image (58).jpg,no_tumor,/kaggle/input/datasets/sartajbhuvaji/brain-tumor-classification-mri/Testing/no_tumor/image(17).jpg,no_tumor
exact,0,/kaggle/input/datasets/sartajbhuvaji/brain-tumor-classification-mri/Training/no_tumor/image (59).jpg,no_tumor,/kaggle/input/datasets/sartajbhuvaji/brain-tumor-classification-mri/Testing/no_tumor/image(18).jpg,no_tumor
exact,0,/kaggle/input/datasets/sartajbhuvaji/brain-tumor-classification-mri/Training/no_tumor/image (60).jpg,no_tumor,/kaggle/input/datasets/sartajbhuvaji/brain-tumor-classification-mri/Testing/no_tumor/image(19).jpg,no_tumor
exact,0,/kaggle/input/datasets/sartajbhuvaji/brain-tumor-classification-mri/Training/no_tumor/image (61).jpg,no_tumor,/kaggle/input/datasets/sartajbhuvaji/brain-tumor-classification-mri/Testing/no_tumor/image(20).jpg,no_tumor
exact,0,/kaggle/input/datasets/sartajbhuvaji/brain-tumor-classification-mri/Training/no_tumor/image (62).jpg,no_tumor,/kaggle/input/datasets/sartajbhuvaji/brain-tumor-classification-mri/Training/no_tumor/image(44).jpg,no_tumor
exact,0,/kaggle/input/datasets/sartajbhuvaji/brain-tumor-classification-mri/Training/no_tumor/image (62).jpg,no_tumor,/kaggle/input/datasets/sartajbhuvaji/brain-tumor-classification-mri/Testing/no_tumor/image(21).jpg,no_tumor
exact,0,/kaggle/input/datasets/sartajbhuvaji/brain-tumor-classification-mri/Training/no_tumor/image (62).jpg,no_tumor,/kaggle/input/datasets/sartajbhuvaji/brain-tumor-classification-mri/Testing/no_tumor/image(69).jpg,no_tumor
exact,0,/kaggle/input/datasets/sartajbhuvaji/brain-tumor-classification-mri/Training/no_tumor/image (63).jpg,no_tumor,/kaggle/input/datasets/sartajbhuvaji/brain-tumor-classification-mri/Training/no_tumor/image(36).jpg,no_tumor
exact,0,/kaggle/input/datasets/sartajbhuvaji/brain-tumor-classification-mri/Training/no_tumor/image (63).jpg,no_tumor,/kaggle/input/datasets/sartajbhuvaji/brain-tumor-classification-mri/Training/no_tumor/image(46).jpg,no_tumor
exact,0,/kaggle/input/datasets/sartajbhuvaji/brain-tumor-classification-mri/Training/no_tumor/image (63).jpg,no_tumor,/kaggle/input/datasets/sartajbhuvaji/brain-tumor-classification-mri/Testing/no_tumor/image(22).jpg,no_tumor
exact,0,/kaggle/input/datasets/sartajbhuvaji/brain-tumor-classification-mri/Training/no_tumor/image (63).jpg,no_tumor,/kaggle/input/datasets/sartajbhuvaji/brain-tumor-classification-mri/Testing/no_tumor/image(61).jpg,no_tumor
exact,0,/kaggle/input/datasets/sartajbhuvaji/brain-tumor-classification-mri/Training/no_tumor/image (63).jpg,no_tumor,/kaggle/input/datasets/sartajbhuvaji/brain-tumor-classification-mri/Testing/no_tumor/image(71).jpg,no_tumor
exact,0,/kaggle/input/datasets/sartajbhuvaji/brain-tumor-classification-mri/Training/no_tumor/image (64).jpg,no_tumor,/kaggle/input/datasets/sartajbhuvaji/brain-tumor-classification-mri/Testing/no_tumor/image(23).jpg,no_tumor
exact,0,/kaggle/input/datasets/sartajbhuvaji/brain-tumor-classification-mri/Training/no_tumor/image (7).jpg,no_tumor,/kaggle/input/datasets/sartajbhuvaji/brain-tumor-classification-mri/Training/no_tumor/image(71).jpg,no_tumor
exact,0,/kaggle/input/datasets/sartajbhuvaji/brain-tumor-classification-mri/Training/no_tumor/image (7).jpg,no_tumor,/kaggle/input/datasets/sartajbhuvaji/brain-tumor-classification-mri/Testing/no_tumor/image(96).jpg,no_tumor
exact,0,/kaggle/input/datasets/sartajbhuvaji/brain-tumor-classification-mri/Training/no_tumor/image(1).jpg,no_tumor,/kaggle/input/datasets/sartajbhuvaji/brain-tumor-classification-mri/Training/no_tumor/image(48).jpg,no_tumor
exact,0,/kaggle/input/datasets/sartajbhuvaji/brain-tumor-classification-mri/Training/no_tumor/image(1).jpg,no_tumor,/kaggle/input/datasets/sartajbhuvaji/brain-tumor-classification-mri/Testing/no_tumor/image(25).jpg,no_tumor
exact,0,/kaggle/input/datasets/sartajbhuvaji/brain-tumor-classification-mri/Training/no_tumor/image(1).jpg,no_tumor,/kaggle/input/datasets/sartajbhuvaji/brain-tumor-classification-mri/Testing/no_tumor/image(73).jpg,no_tumor
exact,0,/kaggle/input/datasets/sartajbhuvaji/brain-tumor-classification-mri/Training/no_tumor/image(10).jpg,no_tumor,/kaggle/input/datasets/sartajbhuvaji/brain-tumor-classification-mri/Testing/no_tumor/image(35).jpg,no_tumor
exact,0,/kaggle/input/datasets/sartajbhuvaji/brain-tumor-classification-mri/Training/no_tumor/image(101).jpg,no_tumor,/kaggle/input/datasets/sartajbhuvaji/brain-tumor-classification-mri/Training/no_tumor/image(106).jpg,no_tumor
exact,0,/kaggle/input/datasets/sartajbhuvaji/brain-tumor-classification-mri/Training/no_tumor/image(102).jpg,no_tumor,/kaggle/input/datasets/sartajbhuvaji/brain-tumor-classification-mri/Training/no_tumor/image(107).jpg,no_tumor
exact,0,/kaggle/input/datasets/sartajbhuvaji/brain-tumor-classification-mri/Training/no_tumor/image(103).jpg,no_tumor,/kaggle/input/datasets/sartajbhuvaji/brain-tumor-classification-mri/Training/no_tumor/image(108).jpg,no_tumor
exact,0,/kaggle/input/datasets/sartajbhuvaji/brain-tumor-classification-mri/Training/no_tumor/image(103).jpg,no_tumor,/kaggle/input/datasets/sartajbhuvaji/brain-tumor-classification-mri/Testing/no_tumor/image(3).jpg,no_tumor
exact,0,/kaggle/input/datasets/sartajbhuvaji/brain-tumor-classification-mri/Training/no_tumor/image(105).jpg,no_tumor,/kaggle/input/datasets/sartajbhuvaji/brain-tumor-classification-mri/Training/no_tumor/image(110).jpg,no_tumor
exact,0,/kaggle/input/datasets/sartajbhuvaji/brain-tumor-classification-mri/Training/no_tumor/image(108).jpg,no_tumor,/kaggle/input/datasets/sartajbhuvaji/brain-tumor-classification-mri/Testing/no_tumor/image(3).jpg,no_tumor
exact,0,/kaggle/input/datasets/sartajbhuvaji/brain-tumor-classification-mri/Training/no_tumor/image(11).jpg,no_tumor,/kaggle/input/datasets/sartajbhuvaji/brain-tumor-classification-mri/Testing/no_tumor/image(36).jpg,no_tumor
exact,0,/kaggle/input/datasets/sartajbhuvaji/brain-tumor-classification-mri/Training/no_tumor/image(112).jpg,no_tumor,/kaggle/input/datasets/sartajbhuvaji/brain-tumor-classification-mri/Training/no_tumor/image(304).jpg,no_tumor
exact,0,/kaggle/input/datasets/sartajbhuvaji/brain-tumor-classification-mri/Training/no_tumor/image(12).jpg,no_tumor,/kaggle/input/datasets/sartajbhuvaji/brain-tumor-classification-mri/Training/no_tumor/image(54).jpg,no_tumor
exact,0,/kaggle/input/datasets/sartajbhuvaji/brain-tumor-classification-mri/Training/no_tumor/image(12).jpg,no_tumor,/kaggle/input/datasets/sartajbhuvaji/brain-tumor-classification-mri/Testing/no_tumor/image(37).jpg,no_tumor
exact,0,/kaggle/input/datasets/sartajbhuvaji/brain-tumor-classification-mri/Training/no_tumor/image(12).jpg,no_tumor,/kaggle/input/datasets/sartajbhuvaji/brain-tumor-classification-mri/Testing/no_tumor/image(79).jpg,no_tumor
exact,0,/kaggle/input/datasets/sartajbhuvaji/brain-tumor-classification-mri/Training/no_tumor/image(127).jpg,no_tumor,/kaggle/input/datasets/sartajbhuvaji/brain-tumor-classification-mri/Training/no_tumor/image(200).jpg,no_tumor
exact,0,/kaggle/input/datasets/sartajbhuvaji/brain-tumor-classification-mri/Training/no_tumor/image(13).jpg,no_tumor,/kaggle/input/datasets/sartajbhuvaji/brain-tumor-classification-mri/Testing/no_tumor/image(38).jpg,no_tumor
exact,0,/kaggle/input/datasets/sartajbhuvaji/brain-tumor-classification-mri/Training/no_tumor/image(136).jpg,no_tumor,/kaggle/input/datasets/sartajbhuvaji/brain-tumor-classification-mri/Training/no_tumor/image(204).jpg,no_tumor
exact,0,/kaggle/input/datasets/sartajbhuvaji/brain-tumor-classification-mri/Training/no_tumor/image(136).jpg,no_tumor,/kaggle/input/datasets/sartajbhuvaji/brain-tumor-classification-mri/Training/no_tumor/image(206).jpg,no_tumor
exact,0,/kaggle/input/datasets/sartajbhuvaji/brain-tumor-classification-mri/Training/no_tumor/image(138).jpg,no_tumor,/kaggle/input/datasets/sartajbhuvaji/brain-tumor-classification-mri/Training/no_tumor/image(181).jpg,no_tumor
exact,0,/kaggle/input/datasets/sartajbhuvaji/brain-tumor-classification-mri/Training/no_tumor/image(14).jpg,no_tumor,/kaggle/input/datasets/sartajbhuvaji/brain-tumor-classification-mri/Testing/no_tumor/image(39).jpg,no_tumor
exact,0,/kaggle/input/datasets/sartajbhuvaji/brain-tumor-classification-mri/Training/no_tumor/image(142).jpg,no_tumor,/kaggle/input/datasets/sartajbhuvaji/brain-tumor-classification-mri/Training/no_tumor/image(155).jpg,no_tumor
exact,0,/kaggle/input/datasets/sartajbhuvaji/brain-tumor-classification-mri/Training/no_tumor/image(142).jpg,no_tumor,/kaggle/input/datasets/sartajbhuvaji/brain-tumor-classification-mri/Training/no_tumor/image(157).jpg,no_tumor
exact,0,/kaggle/input/datasets/sartajbhuvaji/brain-tumor-classification-mri/Training/no_tumor/image(142).jpg,no_tumor,/kaggle/input/datasets/sartajbhuvaji/brain-tumor-classification-mri/Training/no_tumor/image(78).jpg,no_tumor
exact,0,/kaggle/input/datasets/sartajbhuvaji/brain-tumor-classification-mri/Training/no_tumor/image(143).jpg,no_tumor,/kaggle/input/datasets/sartajbhuvaji/brain-tumor-classification-mri/Training/no_tumor/image(156).jpg,no_tumor
exact,0,/kaggle/input/datasets/sartajbhuvaji/brain-tumor-classification-mri/Training/no_tumor/image(143).jpg,no_tumor,/kaggle/input/datasets/sartajbhuvaji/brain-tumor-classification-mri/Training/no_tumor/image(73).jpg,no_tumor
exact,0,/kaggle/input/datasets/sartajbhuvaji/brain-tumor-classification-mri/Training/no_tumor/image(143).jpg,no_tumor,/kaggle/input/datasets/sartajbhuvaji/brain-tumor-classification-mri/Training/no_tumor/image(76).jpg,no_tumor
exact,0,/kaggle/input/datasets/sartajbhuvaji/brain-tumor-classification-mri/Training/no_tumor/image(144).jpg,no_tumor,/kaggle/input/datasets/sartajbhuvaji/brain-tumor-classification-mri/Training/no_tumor/image(149).jpg,no_tumor
exact,0,/kaggle/input/datasets/sartajbhuvaji/brain-tumor-classification-mri/Training/no_tumor/image(144).jpg,no_tumor,/kaggle/input/datasets/sartajbhuvaji/brain-tumor-classification-mri/Training/no_tumor/image(160).jpg,no_tumor
exact,0,/kaggle/input/datasets/sartajbhuvaji/brain-tumor-classification-mri/Training/no_tumor/image(145).jpg,no_tumor,/kaggle/input/datasets/sartajbhuvaji/brain-tumor-classification-mri/Training/no_tumor/image(148).jpg,no_tumor
exact,0,/kaggle/input/datasets/sartajbhuvaji/brain-tumor-classification-mri/Training/no_tumor/image(146).jpg,no_tumor,/kaggle/input/datasets/sartajbhuvaji/brain-tumor-classification-mri/Training/no_tumor/image(150).jpg,no_tumor
exact,0,/kaggle/input/datasets/sartajbhuvaji/brain-tumor-classification-mri/Training/no_tumor/image(146).jpg,no_tumor,/kaggle/input/datasets/sartajbhuvaji/brain-tumor-classification-mri/Training/no_tumor/image(72).jpg,no_tumor
exact,0,/kaggle/input/datasets/sartajbhuvaji/brain-tumor-classification-mri/Training/no_tumor/image(146).jpg,no_tumor,/kaggle/input/datasets/sartajbhuvaji/brain-tumor-classification-mri/Training/no_tumor/image(75).jpg,no_tumor
exact,0,/kaggle/input/datasets/sartajbhuvaji/brain-tumor-classification-mri/Training/no_tumor/image(149).jpg,no_tumor,/kaggle/input/datasets/sartajbhuvaji/brain-tumor-classification-mri/Training/no_tumor/image(160).jpg,no_tumor
exact,0,/kaggle/input/datasets/sartajbhuvaji/brain-tumor-classification-mri/Training/no_tumor/image(15).jpg,no_tumor,/kaggle/input/datasets/sartajbhuvaji/brain-tumor-classification-mri/Testing/no_tumor/image(40).jpg,no_tumor
exact,0,/kaggle/input/datasets/sartajbhuvaji/brain-tumor-classification-mri/Training/no_tumor/image(150).jpg,no_tumor,/kaggle/input/datasets/sartajbhuvaji/brain-tumor-classification-mri/Training/no_tumor/image(72).jpg,no_tumor
exact,0,/kaggle/input/datasets/sartajbhuvaji/brain-tumor-classification-mri/Training/no_tumor/image(150).jpg,no_tumor,/kaggle/input/datasets/sartajbhuvaji/brain-tumor-classification-mri/Training/no_tumor/image(75).jpg,no_tumor
exact,0,/kaggle/input/datasets/sartajbhuvaji/brain-tumor-classification-mri/Training/no_tumor/image(153).jpg,no_tumor,/kaggle/input/datasets/sartajbhuvaji/brain-tumor-classification-mri/Training/no_tumor/image(161).jpg,no_tumor
exact,0,/kaggle/input/datasets/sartajbhuvaji/brain-tumor-classification-mri/Training/no_tumor/image(154).jpg,no_tumor,/kaggle/input/datasets/sartajbhuvaji/brain-tumor-classification-mri/Training/no_tumor/image(80).jpg,no_tumor
exact,0,/kaggle/input/datasets/sartajbhuvaji/brain-tumor-classification-mri/Training/no_tumor/image(155).jpg,no_tumor,/kaggle/input/datasets/sartajbhuvaji/brain-tumor-classification-mri/Training/no_tumor/image(157).jpg,no_tumor
exact,0,/kaggle/input/datasets/sartajbhuvaji/brain-tumor-classification-mri/Training/no_tumor/image(155).jpg,no_tumor,/kaggle/input/datasets/sartajbhuvaji/brain-tumor-classification-mri/Training/no_tumor/image(78).jpg,no_tumor
exact,0,/kaggle/input/datasets/sartajbhuvaji/brain-tumor-classification-mri/Training/no_tumor/image(156).jpg,no_tumor,/kaggle/input/datasets/sartajbhuvaji/brain-tumor-classification-mri/Training/no_tumor/image(73).jpg,no_tumor
exact,0,/kaggle/input/datasets/sartajbhuvaji/brain-tumor-classification-mri/Training/no_tumor/image(156).jpg,no_tumor,/kaggle/input/datasets/sartajbhuvaji/brain-tumor-classification-mri/Training/no_tumor/image(76).jpg,no_tumor
exact,0,/kaggle/input/datasets/sartajbhuvaji/brain-tumor-classification-mri/Training/no_tumor/image(157).jpg,no_tumor,/kaggle/input/datasets/sartajbhuvaji/brain-tumor-classification-mri/Training/no_tumor/image(78).jpg,no_tumor
exact,0,/kaggle/input/datasets/sartajbhuvaji/brain-tumor-classification-mri/Training/no_tumor/image(158).jpg,no_tumor,/kaggle/input/datasets/sartajbhuvaji/brain-tumor-classification-mri/Training/no_tumor/image(77).jpg,no_tumor
exact,0,/kaggle/input/datasets/sartajbhuvaji/brain-tumor-classification-mri/Training/no_tumor/image(16).jpg,no_tumor,/kaggle/input/datasets/sartajbhuvaji/brain-tumor-classification-mri/Training/no_tumor/image(27).jpg,no_tumor
exact,0,/kaggle/input/datasets/sartajbhuvaji/brain-tumor-classification-mri/Training/no_tumor/image(16).jpg,no_tumor,/kaggle/input/datasets/sartajbhuvaji/brain-tumor-classification-mri/Testing/no_tumor/image(41).jpg,no_tumor
exact,0,/kaggle/input/datasets/sartajbhuvaji/brain-tumor-classification-mri/Training/no_tumor/image(16).jpg,no_tumor,/kaggle/input/datasets/sartajbhuvaji/brain-tumor-classification-mri/Testing/no_tumor/image(52).jpg,no_tumor
exact,0,/kaggle/input/datasets/sartajbhuvaji/brain-tumor-classification-mri/Training/no_tumor/image(164).jpg,no_tumor,/kaggle/input/datasets/sartajbhuvaji/brain-tumor-classification-mri/Training/no_tumor/image(239).jpg,no_tumor
exact,0,/kaggle/input/datasets/sartajbhuvaji/brain-tumor-classification-mri/Training/no_tumor/image(166).jpg,no_tumor,/kaggle/input/datasets/sartajbhuvaji/brain-tumor-classification-mri/Training/no_tumor/image(167).jpg,no_tumor
exact,0,/kaggle/input/datasets/sartajbhuvaji/brain-tumor-classification-mri/Training/no_tumor/image(166).jpg,no_tumor,/kaggle/input/datasets/sartajbhuvaji/brain-tumor-classification-mri/Training/no_tumor/image(172).jpg,no_tumor
exact,0,/kaggle/input/datasets/sartajbhuvaji/brain-tumor-classification-mri/Training/no_tumor/image(166).jpg,no_tumor,/kaggle/input/datasets/sartajbhuvaji/brain-tumor-classification-mri/Training/no_tumor/image(217).jpg,no_tumor
exact,0,/kaggle/input/datasets/sartajbhuvaji/brain-tumor-classification-mri/Training/no_tumor/image(167).jpg,no_tumor,/kaggle/input/datasets/sartajbhuvaji/brain-tumor-classification-mri/Training/no_tumor/image(172).jpg,no_tumor
exact,0,/kaggle/input/datasets/sartajbhuvaji/brain-tumor-classification-mri/Training/no_tumor/image(167).jpg,no_tumor,/kaggle/input/datasets/sartajbhuvaji/brain-tumor-classification-mri/Training/no_tumor/image(217).jpg,no_tumor
exact,0,/kaggle/input/datasets/sartajbhuvaji/brain-tumor-classification-mri/Training/no_tumor/image(168).jpg,no_tumor,/kaggle/input/datasets/sartajbhuvaji/brain-tumor-classification-mri/Training/no_tumor/image(302).jpg,no_tumor
exact,0,/kaggle/input/datasets/sartajbhuvaji/brain-tumor-classification-mri/Training/no_tumor/image(169).jpg,no_tumor,/kaggle/input/datasets/sartajbhuvaji/brain-tumor-classification-mri/Training/no_tumor/image(171).jpg,no_tumor
exact,0,/kaggle/input/datasets/sartajbhuvaji/brain-tumor-classification-mri/Training/no_tumor/image(169).jpg,no_tumor,/kaggle/input/datasets/sartajbhuvaji/brain-tumor-classification-mri/Training/no_tumor/image(201).jpg,no_tumor
exact,0,/kaggle/input/datasets/sartajbhuvaji/brain-tumor-classification-mri/Training/no_tumor/image(169).jpg,no_tumor,/kaggle/input/datasets/sartajbhuvaji/brain-tumor-classification-mri/Training/no_tumor/image(238).jpg,no_tumor
exact,0,/kaggle/input/datasets/sartajbhuvaji/brain-tumor-classification-mri/Training/no_tumor/image(169).jpg,no_tumor,/kaggle/input/datasets/sartajbhuvaji/brain-tumor-classification-mri/Training/no_tumor/image(292).jpg,no_tumor
exact,0,/kaggle/input/datasets/sartajbhuvaji/brain-tumor-classification-mri/Training/no_tumor/image(169).jpg,no_tumor,/kaggle/input/datasets/sartajbhuvaji/brain-tumor-classification-mri/Training/no_tumor/image(53).jpg,no_tumor
exact,0,/kaggle/input/datasets/sartajbhuvaji/brain-tumor-classification-mri/Training/no_tumor/image(169).jpg,no_tumor,/kaggle/input/datasets/sartajbhuvaji/brain-tumor-classification-mri/Testing/no_tumor/image(78).jpg,no_tumor
exact,0,/kaggle/input/datasets/sartajbhuvaji/brain-tumor-classification-mri/Training/no_tumor/image(17).jpg,no_tumor,/kaggle/input/datasets/sartajbhuvaji/brain-tumor-classification-mri/Testing/no_tumor/image(42).jpg,no_tumor
exact,0,/kaggle/input/datasets/sartajbhuvaji/brain-tumor-classification-mri/Training/no_tumor/image(171).jpg,no_tumor,/kaggle/input/datasets/sartajbhuvaji/brain-tumor-classification-mri/Training/no_tumor/image(201).jpg,no_tumor
exact,0,/kaggle/input/datasets/sartajbhuvaji/brain-tumor-classification-mri/Training/no_tumor/image(171).jpg,no_tumor,/kaggle/input/datasets/sartajbhuvaji/brain-tumor-classification-mri/Training/no_tumor/image(238).jpg,no_tumor
exact,0,/kaggle/input/datasets/sartajbhuvaji/brain-tumor-classification-mri/Training/no_tumor/image(171).jpg,no_tumor,/kaggle/input/datasets/sartajbhuvaji/brain-tumor-classification-mri/Training/no_tumor/image(292).jpg,no_tumor
exact,0,/kaggle/input/datasets/sartajbhuvaji/brain-tumor-classification-mri/Training/no_tumor/image(171).jpg,no_tumor,/kaggle/input/datasets/sartajbhuvaji/brain-tumor-classification-mri/Training/no_tumor/image(53).jpg,no_tumor
exact,0,/kaggle/input/datasets/sartajbhuvaji/brain-tumor-classification-mri/Training/no_tumor/image(171).jpg,no_tumor,/kaggle/input/datasets/sartajbhuvaji/brain-tumor-classification-mri/Testing/no_tumor/image(78).jpg,no_tumor
exact,0,/kaggle/input/datasets/sartajbhuvaji/brain-tumor-classification-mri/Training/no_tumor/image(172).jpg,no_tumor,/kaggle/input/datasets/sartajbhuvaji/brain-tumor-classification-mri/Training/no_tumor/image(217).jpg,no_tumor
exact,0,/kaggle/input/datasets/sartajbhuvaji/brain-tumor-classification-mri/Training/no_tumor/image(173).jpg,no_tumor,/kaggle/input/datasets/sartajbhuvaji/brain-tumor-classification-mri/Training/no_tumor/image(186).jpg,no_tumor
exact,0,/kaggle/input/datasets/sartajbhuvaji/brain-tumor-classification-mri/Training/no_tumor/image(173).jpg,no_tumor,/kaggle/input/datasets/sartajbhuvaji/brain-tumor-classification-mri/Training/no_tumor/image(256).jpg,no_tumor
exact,0,/kaggle/input/datasets/sartajbhuvaji/brain-tumor-classification-mri/Training/no_tumor/image(174).jpg,no_tumor,/kaggle/input/datasets/sartajbhuvaji/brain-tumor-classification-mri/Training/no_tumor/image(199).jpg,no_tumor
exact,0,/kaggle/input/datasets/sartajbhuvaji/brain-tumor-classification-mri/Training/no_tumor/image(177).jpg,no_tumor,/kaggle/input/datasets/sartajbhuvaji/brain-tumor-classification-mri/Training/no_tumor/image(251).jpg,no_tumor
exact,0,/kaggle/input/datasets/sartajbhuvaji/brain-tumor-classification-mri/Training/no_tumor/image(18).jpg,no_tumor,/kaggle/input/datasets/sartajbhuvaji/brain-tumor-classification-mri/Testing/no_tumor/image(43).jpg,no_tumor
exact,0,/kaggle/input/datasets/sartajbhuvaji/brain-tumor-classification-mri/Training/no_tumor/image(186).jpg,no_tumor,/kaggle/input/datasets/sartajbhuvaji/brain-tumor-classification-mri/Training/no_tumor/image(256).jpg,no_tumor
exact,0,/kaggle/input/datasets/sartajbhuvaji/brain-tumor-classification-mri/Training/no_tumor/image(19).jpg,no_tumor,/kaggle/input/datasets/sartajbhuvaji/brain-tumor-classification-mri/Testing/no_tumor/image(44).jpg,no_tumor
exact,0,/kaggle/input/datasets/sartajbhuvaji/brain-tumor-classification-mri/Training/no_tumor/image(195).jpg,no_tumor,/kaggle/input/datasets/sartajbhuvaji/brain-tumor-classification-mri/Training/no_tumor/image(208).jpg,no_tumor
exact,0,/kaggle/input/datasets/sartajbhuvaji/brain-tumor-classification-mri/Training/no_tumor/image(2).jpg,no_tumor,/kaggle/input/datasets/sartajbhuvaji/brain-tumor-classification-mri/Testing/no_tumor/image(26).jpg,no_tumor
exact,0,/kaggle/input/datasets/sartajbhuvaji/brain-tumor-classification-mri/Training/no_tumor/image(20).jpg,no_tumor,/kaggle/input/datasets/sartajbhuvaji/brain-tumor-classification-mri/Training/no_tumor/image(30).jpg,no_tumor
exact,0,/kaggle/input/datasets/sartajbhuvaji/brain-tumor-classification-mri/Training/no_tumor/image(20).jpg,no_tumor,/kaggle/input/datasets/sartajbhuvaji/brain-tumor-classification-mri/Training/no_tumor/image(35).jpg,no_tumor
exact,0,/kaggle/input/datasets/sartajbhuvaji/brain-tumor-classification-mri/Training/no_tumor/image(20).jpg,no_tumor,/kaggle/input/datasets/sartajbhuvaji/brain-tumor-classification-mri/Testing/no_tumor/image(16).jpg,no_tumor
exact,0,/kaggle/input/datasets/sartajbhuvaji/brain-tumor-classification-mri/Training/no_tumor/image(20).jpg,no_tumor,/kaggle/input/datasets/sartajbhuvaji/brain-tumor-classification-mri/Testing/no_tumor/image(45).jpg,no_tumor
exact,0,/kaggle/input/datasets/sartajbhuvaji/brain-tumor-classification-mri/Training/no_tumor/image(20).jpg,no_tumor,/kaggle/input/datasets/sartajbhuvaji/brain-tumor-classification-mri/Testing/no_tumor/image(55).jpg,no_tumor
exact,0,/kaggle/input/datasets/sartajbhuvaji/brain-tumor-classification-mri/Training/no_tumor/image(20).jpg,no_tumor,/kaggle/input/datasets/sartajbhuvaji/brain-tumor-classification-mri/Testing/no_tumor/image(60).jpg,no_tumor
exact,0,/kaggle/input/datasets/sartajbhuvaji/brain-tumor-classification-mri/Training/no_tumor/image(201).jpg,no_tumor,/kaggle/input/datasets/sartajbhuvaji/brain-tumor-classification-mri/Training/no_tumor/image(238).jpg,no_tumor
exact,0,/kaggle/input/datasets/sartajbhuvaji/brain-tumor-classification-mri/Training/no_tumor/image(201).jpg,no_tumor,/kaggle/input/datasets/sartajbhuvaji/brain-tumor-classification-mri/Training/no_tumor/image(292).jpg,no_tumor
exact,0,/kaggle/input/datasets/sartajbhuvaji/brain-tumor-classification-mri/Training/no_tumor/image(201).jpg,no_tumor,/kaggle/input/datasets/sartajbhuvaji/brain-tumor-classification-mri/Training/no_tumor/image(53).jpg,no_tumor
exact,0,/kaggle/input/datasets/sartajbhuvaji/brain-tumor-classification-mri/Training/no_tumor/image(201).jpg,no_tumor,/kaggle/input/datasets/sartajbhuvaji/brain-tumor-classification-mri/Testing/no_tumor/image(78).jpg,no_tumor
exact,0,/kaggle/input/datasets/sartajbhuvaji/brain-tumor-classification-mri/Training/no_tumor/image(204).jpg,no_tumor,/kaggle/input/datasets/sartajbhuvaji/brain-tumor-classification-mri/Training/no_tumor/image(206).jpg,no_tumor
exact,0,/kaggle/input/datasets/sartajbhuvaji/brain-tumor-classification-mri/Training/no_tumor/image(21).jpg,no_tumor,/kaggle/input/datasets/sartajbhuvaji/brain-tumor-classification-mri/Training/no_tumor/image(25).jpg,no_tumor
exact,0,/kaggle/input/datasets/sartajbhuvaji/brain-tumor-classification-mri/Training/no_tumor/image(21).jpg,no_tumor,/kaggle/input/datasets/sartajbhuvaji/brain-tumor-classification-mri/Training/no_tumor/image(29).jpg,no_tumor
exact,0,/kaggle/input/datasets/sartajbhuvaji/brain-tumor-classification-mri/Training/no_tumor/image(21).jpg,no_tumor,/kaggle/input/datasets/sartajbhuvaji/brain-tumor-classification-mri/Testing/no_tumor/image(46).jpg,no_tumor
exact,0,/kaggle/input/datasets/sartajbhuvaji/brain-tumor-classification-mri/Training/no_tumor/image(21).jpg,no_tumor,/kaggle/input/datasets/sartajbhuvaji/brain-tumor-classification-mri/Testing/no_tumor/image(50).jpg,no_tumor
exact,0,/kaggle/input/datasets/sartajbhuvaji/brain-tumor-classification-mri/Training/no_tumor/image(21).jpg,no_tumor,/kaggle/input/datasets/sartajbhuvaji/brain-tumor-classification-mri/Testing/no_tumor/image(54).jpg,no_tumor
exact,0,/kaggle/input/datasets/sartajbhuvaji/brain-tumor-classification-mri/Training/no_tumor/image(211).jpg,no_tumor,/kaggle/input/datasets/sartajbhuvaji/brain-tumor-classification-mri/Training/no_tumor/image(235).jpg,no_tumor
exact,0,/kaggle/input/datasets/sartajbhuvaji/brain-tumor-classification-mri/Training/no_tumor/image(211).jpg,no_tumor,/kaggle/input/datasets/sartajbhuvaji/brain-tumor-classification-mri/Training/no_tumor/image(81).jpg,no_tumor
exact,0,/kaggle/input/datasets/sartajbhuvaji/brain-tumor-classification-mri/Training/no_tumor/image(212).jpg,no_tumor,/kaggle/input/datasets/sartajbhuvaji/brain-tumor-classification-mri/Training/no_tumor/image(218).jpg,no_tumor
exact,0,/kaggle/input/datasets/sartajbhuvaji/brain-tumor-classification-mri/Training/no_tumor/image(213).jpg,no_tumor,/kaggle/input/datasets/sartajbhuvaji/brain-tumor-classification-mri/Training/no_tumor/image(244).jpg,no_tumor
exact,0,/kaggle/input/datasets/sartajbhuvaji/brain-tumor-classification-mri/Training/no_tumor/image(215).jpg,no_tumor,/kaggle/input/datasets/sartajbhuvaji/brain-tumor-classification-mri/Training/no_tumor/image(287).jpg,no_tumor
exact,0,/kaggle/input/datasets/sartajbhuvaji/brain-tumor-classification-mri/Training/no_tumor/image(22).jpg,no_tumor,/kaggle/input/datasets/sartajbhuvaji/brain-tumor-classification-mri/Training/no_tumor/image(5).jpg,no_tumor
exact,0,/kaggle/input/datasets/sartajbhuvaji/brain-tumor-classification-mri/Training/no_tumor/image(22).jpg,no_tumor,/kaggle/input/datasets/sartajbhuvaji/brain-tumor-classification-mri/Testing/no_tumor/image(29).jpg,no_tumor
exact,0,/kaggle/input/datasets/sartajbhuvaji/brain-tumor-classification-mri/Training/no_tumor/image(22).jpg,no_tumor,/kaggle/input/datasets/sartajbhuvaji/brain-tumor-classification-mri/Testing/no_tumor/image(47).jpg,no_tumor
exact,0,/kaggle/input/datasets/sartajbhuvaji/brain-tumor-classification-mri/Training/no_tumor/image(23).jpg,no_tumor,/kaggle/input/datasets/sartajbhuvaji/brain-tumor-classification-mri/Training/no_tumor/image(50).jpg,no_tumor
exact,0,/kaggle/input/datasets/sartajbhuvaji/brain-tumor-classification-mri/Training/no_tumor/image(23).jpg,no_tumor,/kaggle/input/datasets/sartajbhuvaji/brain-tumor-classification-mri/Testing/no_tumor/image(48).jpg,no_tumor
exact,0,/kaggle/input/datasets/sartajbhuvaji/brain-tumor-classification-mri/Training/no_tumor/image(23).jpg,no_tumor,/kaggle/input/datasets/sartajbhuvaji/brain-tumor-classification-mri/Testing/no_tumor/image(75).jpg,no_tumor
exact,0,/kaggle/input/datasets/sartajbhuvaji/brain-tumor-classification-mri/Training/no_tumor/image(235).jpg,no_tumor,/kaggle/input/datasets/sartajbhuvaji/brain-tumor-classification-mri/Training/no_tumor/image(81).jpg,no_tumor
exact,0,/kaggle/input/datasets/sartajbhuvaji/brain-tumor-classification-mri/Training/no_tumor/image(238).jpg,no_tumor,/kaggle/input/datasets/sartajbhuvaji/brain-tumor-classification-mri/Training/no_tumor/image(292).jpg,no_tumor
exact,0,/kaggle/input/datasets/sartajbhuvaji/brain-tumor-classification-mri/Training/no_tumor/image(238).jpg,no_tumor,/kaggle/input/datasets/sartajbhuvaji/brain-tumor-classification-mri/Training/no_tumor/image(53).jpg,no_tumor
exact,0,/kaggle/input/datasets/sartajbhuvaji/brain-tumor-classification-mri/Training/no_tumor/image(238).jpg,no_tumor,/kaggle/input/datasets/sartajbhuvaji/brain-tumor-classification-mri/Testing/no_tumor/image(78).jpg,no_tumor
exact,0,/kaggle/input/datasets/sartajbhuvaji/brain-tumor-classification-mri/Training/no_tumor/image(24).jpg,no_tumor,/kaggle/input/datasets/sartajbhuvaji/brain-tumor-classification-mri/Training/no_tumor/image(28).jpg,no_tumor
exact,0,/kaggle/input/datasets/sartajbhuvaji/brain-tumor-classification-mri/Training/no_tumor/image(24).jpg,no_tumor,/kaggle/input/datasets/sartajbhuvaji/brain-tumor-classification-mri/Training/no_tumor/image(42).jpg,no_tumor
exact,0,/kaggle/input/datasets/sartajbhuvaji/brain-tumor-classification-mri/Training/no_tumor/image(24).jpg,no_tumor,/kaggle/input/datasets/sartajbhuvaji/brain-tumor-classification-mri/Training/no_tumor/image(59).jpg,no_tumor
exact,0,/kaggle/input/datasets/sartajbhuvaji/brain-tumor-classification-mri/Training/no_tumor/image(24).jpg,no_tumor,/kaggle/input/datasets/sartajbhuvaji/brain-tumor-classification-mri/Testing/no_tumor/image(15).jpg,no_tumor
exact,0,/kaggle/input/datasets/sartajbhuvaji/brain-tumor-classification-mri/Training/no_tumor/image(24).jpg,no_tumor,/kaggle/input/datasets/sartajbhuvaji/brain-tumor-classification-mri/Testing/no_tumor/image(49).jpg,no_tumor
exact,0,/kaggle/input/datasets/sartajbhuvaji/brain-tumor-classification-mri/Training/no_tumor/image(24).jpg,no_tumor,/kaggle/input/datasets/sartajbhuvaji/brain-tumor-classification-mri/Testing/no_tumor/image(53).jpg,no_tumor
exact,0,/kaggle/input/datasets/sartajbhuvaji/brain-tumor-classification-mri/Training/no_tumor/image(24).jpg,no_tumor,/kaggle/input/datasets/sartajbhuvaji/brain-tumor-classification-mri/Testing/no_tumor/image(67).jpg,no_tumor
exact,0,/kaggle/input/datasets/sartajbhuvaji/brain-tumor-classification-mri/Training/no_tumor/image(24).jpg,no_tumor,/kaggle/input/datasets/sartajbhuvaji/brain-tumor-classification-mri/Testing/no_tumor/image(84).jpg,no_tumor
exact,0,/kaggle/input/datasets/sartajbhuvaji/brain-tumor-classification-mri/Training/no_tumor/image(246).jpg,no_tumor,/kaggle/input/datasets/sartajbhuvaji/brain-tumor-classification-mri/Training/no_tumor/image(306).jpg,no_tumor
exact,0,/kaggle/input/datasets/sartajbhuvaji/brain-tumor-classification-mri/Training/no_tumor/image(249).jpg,no_tumor,/kaggle/input/datasets/sartajbhuvaji/brain-tumor-classification-mri/Training/no_tumor/image(253).jpg,no_tumor
exact,0,/kaggle/input/datasets/sartajbhuvaji/brain-tumor-classification-mri/Training/no_tumor/image(25).jpg,no_tumor,/kaggle/input/datasets/sartajbhuvaji/brain-tumor-classification-mri/Training/no_tumor/image(29).jpg,no_tumor
exact,0,/kaggle/input/datasets/sartajbhuvaji/brain-tumor-classification-mri/Training/no_tumor/image(25).jpg,no_tumor,/kaggle/input/datasets/sartajbhuvaji/brain-tumor-classification-mri/Testing/no_tumor/image(46).jpg,no_tumor
exact,0,/kaggle/input/datasets/sartajbhuvaji/brain-tumor-classification-mri/Training/no_tumor/image(25).jpg,no_tumor,/kaggle/input/datasets/sartajbhuvaji/brain-tumor-classification-mri/Testing/no_tumor/image(50).jpg,no_tumor
exact,0,/kaggle/input/datasets/sartajbhuvaji/brain-tumor-classification-mri/Training/no_tumor/image(25).jpg,no_tumor,/kaggle/input/datasets/sartajbhuvaji/brain-tumor-classification-mri/Testing/no_tumor/image(54).jpg,no_tumor
exact,0,/kaggle/input/datasets/sartajbhuvaji/brain-tumor-classification-mri/Training/no_tumor/image(252).jpg,no_tumor,/kaggle/input/datasets/sartajbhuvaji/brain-tumor-classification-mri/Training/no_tumor/image(279).jpg,no_tumor
exact,0,/kaggle/input/datasets/sartajbhuvaji/brain-tumor-classification-mri/Training/no_tumor/image(252).jpg,no_tumor,/kaggle/input/datasets/sartajbhuvaji/brain-tumor-classification-mri/Training/no_tumor/image(322).jpg,no_tumor
exact,0,/kaggle/input/datasets/sartajbhuvaji/brain-tumor-classification-mri/Training/no_tumor/image(26).jpg,no_tumor,/kaggle/input/datasets/sartajbhuvaji/brain-tumor-classification-mri/Testing/no_tumor/image(51).jpg,no_tumor
exact,0,/kaggle/input/datasets/sartajbhuvaji/brain-tumor-classification-mri/Training/no_tumor/image(262).jpg,no_tumor,/kaggle/input/datasets/sartajbhuvaji/brain-tumor-classification-mri/Testing/no_tumor/image(97).jpg,no_tumor
exact,0,/kaggle/input/datasets/sartajbhuvaji/brain-tumor-classification-mri/Training/no_tumor/image(264).jpg,no_tumor,/kaggle/input/datasets/sartajbhuvaji/brain-tumor-classification-mri/Testing/no_tumor/image(98).jpg,no_tumor
exact,0,/kaggle/input/datasets/sartajbhuvaji/brain-tumor-classification-mri/Training/no_tumor/image(266).jpg,no_tumor,/kaggle/input/datasets/sartajbhuvaji/brain-tumor-classification-mri/Testing/no_tumor/image(100).jpg,no_tumor
exact,0,/kaggle/input/datasets/sartajbhuvaji/brain-tumor-classification-mri/Training/no_tumor/image(268).jpg,no_tumor,/kaggle/input/datasets/sartajbhuvaji/brain-tumor-classification-mri/Testing/no_tumor/image(102).jpg,no_tumor
exact,0,/kaggle/input/datasets/sartajbhuvaji/brain-tumor-classification-mri/Training/no_tumor/image(27).jpg,no_tumor,/kaggle/input/datasets/sartajbhuvaji/brain-tumor-classification-mri/Testing/no_tumor/image(41).jpg,no_tumor
exact,0,/kaggle/input/datasets/sartajbhuvaji/brain-tumor-classification-mri/Training/no_tumor/image(27).jpg,no_tumor,/kaggle/input/datasets/sartajbhuvaji/brain-tumor-classification-mri/Testing/no_tumor/image(52).jpg,no_tumor
exact,0,/kaggle/input/datasets/sartajbhuvaji/brain-tumor-classification-mri/Training/no_tumor/image(270).jpg,no_tumor,/kaggle/input/datasets/sartajbhuvaji/brain-tumor-classification-mri/Testing/no_tumor/image(103).jpg,no_tumor
exact,0,/kaggle/input/datasets/sartajbhuvaji/brain-tumor-classification-mri/Training/no_tumor/image(272).jpg,no_tumor,/kaggle/input/datasets/sartajbhuvaji/brain-tumor-classification-mri/Testing/no_tumor/image(104).jpg,no_tumor
exact,0,/kaggle/input/datasets/sartajbhuvaji/brain-tumor-classification-mri/Training/no_tumor/image(276).jpg,no_tumor,/kaggle/input/datasets/sartajbhuvaji/brain-tumor-classification-mri/Training/no_tumor/image(281).jpg,no_tumor
exact,0,/kaggle/input/datasets/sartajbhuvaji/brain-tumor-classification-mri/Training/no_tumor/image(279).jpg,no_tumor,/kaggle/input/datasets/sartajbhuvaji/brain-tumor-classification-mri/Training/no_tumor/image(322).jpg,no_tumor
exact,0,/kaggle/input/datasets/sartajbhuvaji/brain-tumor-classification-mri/Training/no_tumor/image(28).jpg,no_tumor,/kaggle/input/datasets/sartajbhuvaji/brain-tumor-classification-mri/Training/no_tumor/image(42).jpg,no_tumor
exact,0,/kaggle/input/datasets/sartajbhuvaji/brain-tumor-classification-mri/Training/no_tumor/image(28).jpg,no_tumor,/kaggle/input/datasets/sartajbhuvaji/brain-tumor-classification-mri/Training/no_tumor/image(59).jpg,no_tumor
exact,0,/kaggle/input/datasets/sartajbhuvaji/brain-tumor-classification-mri/Training/no_tumor/image(28).jpg,no_tumor,/kaggle/input/datasets/sartajbhuvaji/brain-tumor-classification-mri/Testing/no_tumor/image(15).jpg,no_tumor
exact,0,/kaggle/input/datasets/sartajbhuvaji/brain-tumor-classification-mri/Training/no_tumor/image(28).jpg,no_tumor,/kaggle/input/datasets/sartajbhuvaji/brain-tumor-classification-mri/Testing/no_tumor/image(49).jpg,no_tumor
exact,0,/kaggle/input/datasets/sartajbhuvaji/brain-tumor-classification-mri/Training/no_tumor/image(28).jpg,no_tumor,/kaggle/input/datasets/sartajbhuvaji/brain-tumor-classification-mri/Testing/no_tumor/image(53).jpg,no_tumor
exact,0,/kaggle/input/datasets/sartajbhuvaji/brain-tumor-classification-mri/Training/no_tumor/image(28).jpg,no_tumor,/kaggle/input/datasets/sartajbhuvaji/brain-tumor-classification-mri/Testing/no_tumor/image(67).jpg,no_tumor
exact,0,/kaggle/input/datasets/sartajbhuvaji/brain-tumor-classification-mri/Training/no_tumor/image(28).jpg,no_tumor,/kaggle/input/datasets/sartajbhuvaji/brain-tumor-classification-mri/Testing/no_tumor/image(84).jpg,no_tumor
exact,0,/kaggle/input/datasets/sartajbhuvaji/brain-tumor-classification-mri/Training/no_tumor/image(29).jpg,no_tumor,/kaggle/input/datasets/sartajbhuvaji/brain-tumor-classification-mri/Testing/no_tumor/image(46).jpg,no_tumor
exact,0,/kaggle/input/datasets/sartajbhuvaji/brain-tumor-classification-mri/Training/no_tumor/image(29).jpg,no_tumor,/kaggle/input/datasets/sartajbhuvaji/brain-tumor-classification-mri/Testing/no_tumor/image(50).jpg,no_tumor
exact,0,/kaggle/input/datasets/sartajbhuvaji/brain-tumor-classification-mri/Training/no_tumor/image(29).jpg,no_tumor,/kaggle/input/datasets/sartajbhuvaji/brain-tumor-classification-mri/Testing/no_tumor/image(54).jpg,no_tumor
exact,0,/kaggle/input/datasets/sartajbhuvaji/brain-tumor-classification-mri/Training/no_tumor/image(292).jpg,no_tumor,/kaggle/input/datasets/sartajbhuvaji/brain-tumor-classification-mri/Training/no_tumor/image(53).jpg,no_tumor
exact,0,/kaggle/input/datasets/sartajbhuvaji/brain-tumor-classification-mri/Training/no_tumor/image(292).jpg,no_tumor,/kaggle/input/datasets/sartajbhuvaji/brain-tumor-classification-mri/Testing/no_tumor/image(78).jpg,no_tumor
exact,0,/kaggle/input/datasets/sartajbhuvaji/brain-tumor-classification-mri/Training/no_tumor/image(3).jpg,no_tumor,/kaggle/input/datasets/sartajbhuvaji/brain-tumor-classification-mri/Testing/no_tumor/image(27).jpg,no_tumor
exact,0,/kaggle/input/datasets/sartajbhuvaji/brain-tumor-classification-mri/Training/no_tumor/image(30).jpg,no_tumor,/kaggle/input/datasets/sartajbhuvaji/brain-tumor-classification-mri/Training/no_tumor/image(35).jpg,no_tumor
exact,0,/kaggle/input/datasets/sartajbhuvaji/brain-tumor-classification-mri/Training/no_tumor/image(30).jpg,no_tumor,/kaggle/input/datasets/sartajbhuvaji/brain-tumor-classification-mri/Testing/no_tumor/image(16).jpg,no_tumor
exact,0,/kaggle/input/datasets/sartajbhuvaji/brain-tumor-classification-mri/Training/no_tumor/image(30).jpg,no_tumor,/kaggle/input/datasets/sartajbhuvaji/brain-tumor-classification-mri/Testing/no_tumor/image(45).jpg,no_tumor
exact,0,/kaggle/input/datasets/sartajbhuvaji/brain-tumor-classification-mri/Training/no_tumor/image(30).jpg,no_tumor,/kaggle/input/datasets/sartajbhuvaji/brain-tumor-classification-mri/Testing/no_tumor/image(55).jpg,no_tumor
exact,0,/kaggle/input/datasets/sartajbhuvaji/brain-tumor-classification-mri/Training/no_tumor/image(30).jpg,no_tumor,/kaggle/input/datasets/sartajbhuvaji/brain-tumor-classification-mri/Testing/no_tumor/image(60).jpg,no_tumor
exact,0,/kaggle/input/datasets/sartajbhuvaji/brain-tumor-classification-mri/Training/no_tumor/image(31).jpg,no_tumor,/kaggle/input/datasets/sartajbhuvaji/brain-tumor-classification-mri/Testing/no_tumor/image(56).jpg,no_tumor
exact,0,/kaggle/input/datasets/sartajbhuvaji/brain-tumor-classification-mri/Training/no_tumor/image(32).jpg,no_tumor,/kaggle/input/datasets/sartajbhuvaji/brain-tumor-classification-mri/Testing/no_tumor/image(57).jpg,no_tumor
exact,0,/kaggle/input/datasets/sartajbhuvaji/brain-tumor-classification-mri/Training/no_tumor/image(325).jpg,no_tumor,/kaggle/input/datasets/sartajbhuvaji/brain-tumor-classification-mri/Testing/no_tumor/image(99).jpg,no_tumor
exact,0,/kaggle/input/datasets/sartajbhuvaji/brain-tumor-classification-mri/Training/no_tumor/image(326).jpg,no_tumor,/kaggle/input/datasets/sartajbhuvaji/brain-tumor-classification-mri/Testing/no_tumor/image(101).jpg,no_tumor
exact,0,/kaggle/input/datasets/sartajbhuvaji/brain-tumor-classification-mri/Training/no_tumor/image(33).jpg,no_tumor,/kaggle/input/datasets/sartajbhuvaji/brain-tumor-classification-mri/Testing/no_tumor/image(58).jpg,no_tumor
exact,0,/kaggle/input/datasets/sartajbhuvaji/brain-tumor-classification-mri/Training/no_tumor/image(34).jpg,no_tumor,/kaggle/input/datasets/sartajbhuvaji/brain-tumor-classification-mri/Testing/no_tumor/image(59).jpg,no_tumor
exact,0,/kaggle/input/datasets/sartajbhuvaji/brain-tumor-classification-mri/Training/no_tumor/image(35).jpg,no_tumor,/kaggle/input/datasets/sartajbhuvaji/brain-tumor-classification-mri/Testing/no_tumor/image(16).jpg,no_tumor
exact,0,/kaggle/input/datasets/sartajbhuvaji/brain-tumor-classification-mri/Training/no_tumor/image(35).jpg,no_tumor,/kaggle/input/datasets/sartajbhuvaji/brain-tumor-classification-mri/Testing/no_tumor/image(45).jpg,no_tumor
exact,0,/kaggle/input/datasets/sartajbhuvaji/brain-tumor-classification-mri/Training/no_tumor/image(35).jpg,no_tumor,/kaggle/input/datasets/sartajbhuvaji/brain-tumor-classification-mri/Testing/no_tumor/image(55).jpg,no_tumor
exact,0,/kaggle/input/datasets/sartajbhuvaji/brain-tumor-classification-mri/Training/no_tumor/image(35).jpg,no_tumor,/kaggle/input/datasets/sartajbhuvaji/brain-tumor-classification-mri/Testing/no_tumor/image(60).jpg,no_tumor
exact,0,/kaggle/input/datasets/sartajbhuvaji/brain-tumor-classification-mri/Training/no_tumor/image(36).jpg,no_tumor,/kaggle/input/datasets/sartajbhuvaji/brain-tumor-classification-mri/Training/no_tumor/image(46).jpg,no_tumor
exact,0,/kaggle/input/datasets/sartajbhuvaji/brain-tumor-classification-mri/Training/no_tumor/image(36).jpg,no_tumor,/kaggle/input/datasets/sartajbhuvaji/brain-tumor-classification-mri/Testing/no_tumor/image(22).jpg,no_tumor
exact,0,/kaggle/input/datasets/sartajbhuvaji/brain-tumor-classification-mri/Training/no_tumor/image(36).jpg,no_tumor,/kaggle/input/datasets/sartajbhuvaji/brain-tumor-classification-mri/Testing/no_tumor/image(61).jpg,no_tumor
exact,0,/kaggle/input/datasets/sartajbhuvaji/brain-tumor-classification-mri/Training/no_tumor/image(36).jpg,no_tumor,/kaggle/input/datasets/sartajbhuvaji/brain-tumor-classification-mri/Testing/no_tumor/image(71).jpg,no_tumor
exact,0,/kaggle/input/datasets/sartajbhuvaji/brain-tumor-classification-mri/Training/no_tumor/image(37).jpg,no_tumor,/kaggle/input/datasets/sartajbhuvaji/brain-tumor-classification-mri/Testing/no_tumor/image(62).jpg,no_tumor
exact,0,/kaggle/input/datasets/sartajbhuvaji/brain-tumor-classification-mri/Training/no_tumor/image(38).jpg,no_tumor,/kaggle/input/datasets/sartajbhuvaji/brain-tumor-classification-mri/Testing/no_tumor/image(63).jpg,no_tumor
exact,0,/kaggle/input/datasets/sartajbhuvaji/brain-tumor-classification-mri/Training/no_tumor/image(39).jpg,no_tumor,/kaggle/input/datasets/sartajbhuvaji/brain-tumor-classification-mri/Training/no_tumor/image(7).jpg,no_tumor
exact,0,/kaggle/input/datasets/sartajbhuvaji/brain-tumor-classification-mri/Training/no_tumor/image(39).jpg,no_tumor,/kaggle/input/datasets/sartajbhuvaji/brain-tumor-classification-mri/Testing/no_tumor/image(32).jpg,no_tumor
exact,0,/kaggle/input/datasets/sartajbhuvaji/brain-tumor-classification-mri/Training/no_tumor/image(39).jpg,no_tumor,/kaggle/input/datasets/sartajbhuvaji/brain-tumor-classification-mri/Testing/no_tumor/image(64).jpg,no_tumor
exact,0,/kaggle/input/datasets/sartajbhuvaji/brain-tumor-classification-mri/Training/no_tumor/image(4).jpg,no_tumor,/kaggle/input/datasets/sartajbhuvaji/brain-tumor-classification-mri/Testing/no_tumor/image(28).jpg,no_tumor
exact,0,/kaggle/input/datasets/sartajbhuvaji/brain-tumor-classification-mri/Training/no_tumor/image(40).jpg,no_tumor,/kaggle/input/datasets/sartajbhuvaji/brain-tumor-classification-mri/Testing/no_tumor/image(65).jpg,no_tumor
exact,0,/kaggle/input/datasets/sartajbhuvaji/brain-tumor-classification-mri/Training/no_tumor/image(41).jpg,no_tumor,/kaggle/input/datasets/sartajbhuvaji/brain-tumor-classification-mri/Training/no_tumor/image(56).jpg,no_tumor
exact,0,/kaggle/input/datasets/sartajbhuvaji/brain-tumor-classification-mri/Training/no_tumor/image(41).jpg,no_tumor,/kaggle/input/datasets/sartajbhuvaji/brain-tumor-classification-mri/Training/no_tumor/image(8).jpg,no_tumor
exact,0,/kaggle/input/datasets/sartajbhuvaji/brain-tumor-classification-mri/Training/no_tumor/image(41).jpg,no_tumor,/kaggle/input/datasets/sartajbhuvaji/brain-tumor-classification-mri/Testing/no_tumor/image(10).jpg,no_tumor
exact,0,/kaggle/input/datasets/sartajbhuvaji/brain-tumor-classification-mri/Training/no_tumor/image(41).jpg,no_tumor,/kaggle/input/datasets/sartajbhuvaji/brain-tumor-classification-mri/Testing/no_tumor/image(33).jpg,no_tumor
exact,0,/kaggle/input/datasets/sartajbhuvaji/brain-tumor-classification-mri/Training/no_tumor/image(41).jpg,no_tumor,/kaggle/input/datasets/sartajbhuvaji/brain-tumor-classification-mri/Testing/no_tumor/image(66).jpg,no_tumor
exact,0,/kaggle/input/datasets/sartajbhuvaji/brain-tumor-classification-mri/Training/no_tumor/image(41).jpg,no_tumor,/kaggle/input/datasets/sartajbhuvaji/brain-tumor-classification-mri/Testing/no_tumor/image(81).jpg,no_tumor
exact,0,/kaggle/input/datasets/sartajbhuvaji/brain-tumor-classification-mri/Training/no_tumor/image(42).jpg,no_tumor,/kaggle/input/datasets/sartajbhuvaji/brain-tumor-classification-mri/Training/no_tumor/image(59).jpg,no_tumor
exact,0,/kaggle/input/datasets/sartajbhuvaji/brain-tumor-classification-mri/Training/no_tumor/image(42).jpg,no_tumor,/kaggle/input/datasets/sartajbhuvaji/brain-tumor-classification-mri/Testing/no_tumor/image(15).jpg,no_tumor
exact,0,/kaggle/input/datasets/sartajbhuvaji/brain-tumor-classification-mri/Training/no_tumor/image(42).jpg,no_tumor,/kaggle/input/datasets/sartajbhuvaji/brain-tumor-classification-mri/Testing/no_tumor/image(49).jpg,no_tumor
exact,0,/kaggle/input/datasets/sartajbhuvaji/brain-tumor-classification-mri/Training/no_tumor/image(42).jpg,no_tumor,/kaggle/input/datasets/sartajbhuvaji/brain-tumor-classification-mri/Testing/no_tumor/image(53).jpg,no_tumor
exact,0,/kaggle/input/datasets/sartajbhuvaji/brain-tumor-classification-mri/Training/no_tumor/image(42).jpg,no_tumor,/kaggle/input/datasets/sartajbhuvaji/brain-tumor-classification-mri/Testing/no_tumor/image(67).jpg,no_tumor
exact,0,/kaggle/input/datasets/sartajbhuvaji/brain-tumor-classification-mri/Training/no_tumor/image(42).jpg,no_tumor,/kaggle/input/datasets/sartajbhuvaji/brain-tumor-classification-mri/Testing/no_tumor/image(84).jpg,no_tumor
exact,0,/kaggle/input/datasets/sartajbhuvaji/brain-tumor-classification-mri/Training/no_tumor/image(43).jpg,no_tumor,/kaggle/input/datasets/sartajbhuvaji/brain-tumor-classification-mri/Testing/no_tumor/image(31).jpg,no_tumor
exact,0,/kaggle/input/datasets/sartajbhuvaji/brain-tumor-classification-mri/Training/no_tumor/image(43).jpg,no_tumor,/kaggle/input/datasets/sartajbhuvaji/brain-tumor-classification-mri/Testing/no_tumor/image(68).jpg,no_tumor
exact,0,/kaggle/input/datasets/sartajbhuvaji/brain-tumor-classification-mri/Training/no_tumor/image(44).jpg,no_tumor,/kaggle/input/datasets/sartajbhuvaji/brain-tumor-classification-mri/Testing/no_tumor/image(21).jpg,no_tumor
exact,0,/kaggle/input/datasets/sartajbhuvaji/brain-tumor-classification-mri/Training/no_tumor/image(44).jpg,no_tumor,/kaggle/input/datasets/sartajbhuvaji/brain-tumor-classification-mri/Testing/no_tumor/image(69).jpg,no_tumor
exact,0,/kaggle/input/datasets/sartajbhuvaji/brain-tumor-classification-mri/Training/no_tumor/image(45).jpg,no_tumor,/kaggle/input/datasets/sartajbhuvaji/brain-tumor-classification-mri/Training/no_tumor/image.jpg,no_tumor
exact,0,/kaggle/input/datasets/sartajbhuvaji/brain-tumor-classification-mri/Training/no_tumor/image(45).jpg,no_tumor,/kaggle/input/datasets/sartajbhuvaji/brain-tumor-classification-mri/Testing/no_tumor/image(24).jpg,no_tumor
exact,0,/kaggle/input/datasets/sartajbhuvaji/brain-tumor-classification-mri/Training/no_tumor/image(45).jpg,no_tumor,/kaggle/input/datasets/sartajbhuvaji/brain-tumor-classification-mri/Testing/no_tumor/image(70).jpg,no_tumor
exact,0,/kaggle/input/datasets/sartajbhuvaji/brain-tumor-classification-mri/Training/no_tumor/image(46).jpg,no_tumor,/kaggle/input/datasets/sartajbhuvaji/brain-tumor-classification-mri/Testing/no_tumor/image(22).jpg,no_tumor
exact,0,/kaggle/input/datasets/sartajbhuvaji/brain-tumor-classification-mri/Training/no_tumor/image(46).jpg,no_tumor,/kaggle/input/datasets/sartajbhuvaji/brain-tumor-classification-mri/Testing/no_tumor/image(61).jpg,no_tumor
exact,0,/kaggle/input/datasets/sartajbhuvaji/brain-tumor-classification-mri/Training/no_tumor/image(46).jpg,no_tumor,/kaggle/input/datasets/sartajbhuvaji/brain-tumor-classification-mri/Testing/no_tumor/image(71).jpg,no_tumor
exact,0,/kaggle/input/datasets/sartajbhuvaji/brain-tumor-classification-mri/Training/no_tumor/image(47).jpg,no_tumor,/kaggle/input/datasets/sartajbhuvaji/brain-tumor-classification-mri/Testing/no_tumor/image(72).jpg,no_tumor
exact,0,/kaggle/input/datasets/sartajbhuvaji/brain-tumor-classification-mri/Training/no_tumor/image(48).jpg,no_tumor,/kaggle/input/datasets/sartajbhuvaji/brain-tumor-classification-mri/Testing/no_tumor/image(25).jpg,no_tumor
exact,0,/kaggle/input/datasets/sartajbhuvaji/brain-tumor-classification-mri/Training/no_tumor/image(48).jpg,no_tumor,/kaggle/input/datasets/sartajbhuvaji/brain-tumor-classification-mri/Testing/no_tumor/image(73).jpg,no_tumor
exact,0,/kaggle/input/datasets/sartajbhuvaji/brain-tumor-classification-mri/Training/no_tumor/image(49).jpg,no_tumor,/kaggle/input/datasets/sartajbhuvaji/brain-tumor-classification-mri/Testing/no_tumor/image(74).jpg,no_tumor
exact,0,/kaggle/input/datasets/sartajbhuvaji/brain-tumor-classification-mri/Training/no_tumor/image(5).jpg,no_tumor,/kaggle/input/datasets/sartajbhuvaji/brain-tumor-classification-mri/Testing/no_tumor/image(29).jpg,no_tumor
exact,0,/kaggle/input/datasets/sartajbhuvaji/brain-tumor-classification-mri/Training/no_tumor/image(5).jpg,no_tumor,/kaggle/input/datasets/sartajbhuvaji/brain-tumor-classification-mri/Testing/no_tumor/image(47).jpg,no_tumor
exact,0,/kaggle/input/datasets/sartajbhuvaji/brain-tumor-classification-mri/Training/no_tumor/image(50).jpg,no_tumor,/kaggle/input/datasets/sartajbhuvaji/brain-tumor-classification-mri/Testing/no_tumor/image(48).jpg,no_tumor
exact,0,/kaggle/input/datasets/sartajbhuvaji/brain-tumor-classification-mri/Training/no_tumor/image(50).jpg,no_tumor,/kaggle/input/datasets/sartajbhuvaji/brain-tumor-classification-mri/Testing/no_tumor/image(75).jpg,no_tumor
exact,0,/kaggle/input/datasets/sartajbhuvaji/brain-tumor-classification-mri/Training/no_tumor/image(51).jpg,no_tumor,/kaggle/input/datasets/sartajbhuvaji/brain-tumor-classification-mri/Testing/no_tumor/image(76).jpg,no_tumor
exact,0,/kaggle/input/datasets/sartajbhuvaji/brain-tumor-classification-mri/Training/no_tumor/image(52).jpg,no_tumor,/kaggle/input/datasets/sartajbhuvaji/brain-tumor-classification-mri/Testing/no_tumor/image(77).jpg,no_tumor
exact,0,/kaggle/input/datasets/sartajbhuvaji/brain-tumor-classification-mri/Training/no_tumor/image(53).jpg,no_tumor,/kaggle/input/datasets/sartajbhuvaji/brain-tumor-classification-mri/Testing/no_tumor/image(78).jpg,no_tumor
exact,0,/kaggle/input/datasets/sartajbhuvaji/brain-tumor-classification-mri/Training/no_tumor/image(54).jpg,no_tumor,/kaggle/input/datasets/sartajbhuvaji/brain-tumor-classification-mri/Testing/no_tumor/image(37).jpg,no_tumor
exact,0,/kaggle/input/datasets/sartajbhuvaji/brain-tumor-classification-mri/Training/no_tumor/image(54).jpg,no_tumor,/kaggle/input/datasets/sartajbhuvaji/brain-tumor-classification-mri/Testing/no_tumor/image(79).jpg,no_tumor
exact,0,/kaggle/input/datasets/sartajbhuvaji/brain-tumor-classification-mri/Training/no_tumor/image(55).jpg,no_tumor,/kaggle/input/datasets/sartajbhuvaji/brain-tumor-classification-mri/Testing/no_tumor/image(80).jpg,no_tumor
exact,0,/kaggle/input/datasets/sartajbhuvaji/brain-tumor-classification-mri/Training/no_tumor/image(55).jpg,no_tumor,/kaggle/input/datasets/sartajbhuvaji/brain-tumor-classification-mri/Testing/no_tumor/image(9).jpg,no_tumor
exact,0,/kaggle/input/datasets/sartajbhuvaji/brain-tumor-classification-mri/Training/no_tumor/image(56).jpg,no_tumor,/kaggle/input/datasets/sartajbhuvaji/brain-tumor-classification-mri/Training/no_tumor/image(8).jpg,no_tumor
exact,0,/kaggle/input/datasets/sartajbhuvaji/brain-tumor-classification-mri/Training/no_tumor/image(56).jpg,no_tumor,/kaggle/input/datasets/sartajbhuvaji/brain-tumor-classification-mri/Testing/no_tumor/image(10).jpg,no_tumor
exact,0,/kaggle/input/datasets/sartajbhuvaji/brain-tumor-classification-mri/Training/no_tumor/image(56).jpg,no_tumor,/kaggle/input/datasets/sartajbhuvaji/brain-tumor-classification-mri/Testing/no_tumor/image(33).jpg,no_tumor
exact,0,/kaggle/input/datasets/sartajbhuvaji/brain-tumor-classification-mri/Training/no_tumor/image(56).jpg,no_tumor,/kaggle/input/datasets/sartajbhuvaji/brain-tumor-classification-mri/Testing/no_tumor/image(66).jpg,no_tumor
exact,0,/kaggle/input/datasets/sartajbhuvaji/brain-tumor-classification-mri/Training/no_tumor/image(56).jpg,no_tumor,/kaggle/input/datasets/sartajbhuvaji/brain-tumor-classification-mri/Testing/no_tumor/image(81).jpg,no_tumor
exact,0,/kaggle/input/datasets/sartajbhuvaji/brain-tumor-classification-mri/Training/no_tumor/image(57).jpg,no_tumor,/kaggle/input/datasets/sartajbhuvaji/brain-tumor-classification-mri/Testing/no_tumor/image(82).jpg,no_tumor
exact,0,/kaggle/input/datasets/sartajbhuvaji/brain-tumor-classification-mri/Training/no_tumor/image(58).jpg,no_tumor,/kaggle/input/datasets/sartajbhuvaji/brain-tumor-classification-mri/Testing/no_tumor/image(83).jpg,no_tumor
exact,0,/kaggle/input/datasets/sartajbhuvaji/brain-tumor-classification-mri/Training/no_tumor/image(59).jpg,no_tumor,/kaggle/input/datasets/sartajbhuvaji/brain-tumor-classification-mri/Testing/no_tumor/image(15).jpg,no_tumor
exact,0,/kaggle/input/datasets/sartajbhuvaji/brain-tumor-classification-mri/Training/no_tumor/image(59).jpg,no_tumor,/kaggle/input/datasets/sartajbhuvaji/brain-tumor-classification-mri/Testing/no_tumor/image(49).jpg,no_tumor
exact,0,/kaggle/input/datasets/sartajbhuvaji/brain-tumor-classification-mri/Training/no_tumor/image(59).jpg,no_tumor,/kaggle/input/datasets/sartajbhuvaji/brain-tumor-classification-mri/Testing/no_tumor/image(53).jpg,no_tumor
exact,0,/kaggle/input/datasets/sartajbhuvaji/brain-tumor-classification-mri/Training/no_tumor/image(59).jpg,no_tumor,/kaggle/input/datasets/sartajbhuvaji/brain-tumor-classification-mri/Testing/no_tumor/image(67).jpg,no_tumor
exact,0,/kaggle/input/datasets/sartajbhuvaji/brain-tumor-classification-mri/Training/no_tumor/image(59).jpg,no_tumor,/kaggle/input/datasets/sartajbhuvaji/brain-tumor-classification-mri/Testing/no_tumor/image(84).jpg,no_tumor
exact,0,/kaggle/input/datasets/sartajbhuvaji/brain-tumor-classification-mri/Training/no_tumor/image(6).jpg,no_tumor,/kaggle/input/datasets/sartajbhuvaji/brain-tumor-classification-mri/Testing/no_tumor/image(30).jpg,no_tumor
exact,0,/kaggle/input/datasets/sartajbhuvaji/brain-tumor-classification-mri/Training/no_tumor/image(60).jpg,no_tumor,/kaggle/input/datasets/sartajbhuvaji/brain-tumor-classification-mri/Testing/no_tumor/image(11).jpg,no_tumor
exact,0,/kaggle/input/datasets/sartajbhuvaji/brain-tumor-classification-mri/Training/no_tumor/image(60).jpg,no_tumor,/kaggle/input/datasets/sartajbhuvaji/brain-tumor-classification-mri/Testing/no_tumor/image(85).jpg,no_tumor
exact,0,/kaggle/input/datasets/sartajbhuvaji/brain-tumor-classification-mri/Training/no_tumor/image(61).jpg,no_tumor,/kaggle/input/datasets/sartajbhuvaji/brain-tumor-classification-mri/Testing/no_tumor/image(86).jpg,no_tumor
exact,0,/kaggle/input/datasets/sartajbhuvaji/brain-tumor-classification-mri/Training/no_tumor/image(62).jpg,no_tumor,/kaggle/input/datasets/sartajbhuvaji/brain-tumor-classification-mri/Testing/no_tumor/image(87).jpg,no_tumor
exact,0,/kaggle/input/datasets/sartajbhuvaji/brain-tumor-classification-mri/Training/no_tumor/image(63).jpg,no_tumor,/kaggle/input/datasets/sartajbhuvaji/brain-tumor-classification-mri/Testing/no_tumor/image(88).jpg,no_tumor
exact,0,/kaggle/input/datasets/sartajbhuvaji/brain-tumor-classification-mri/Training/no_tumor/image(64).jpg,no_tumor,/kaggle/input/datasets/sartajbhuvaji/brain-tumor-classification-mri/Testing/no_tumor/image(89).jpg,no_tumor
exact,0,/kaggle/input/datasets/sartajbhuvaji/brain-tumor-classification-mri/Training/no_tumor/image(65).jpg,no_tumor,/kaggle/input/datasets/sartajbhuvaji/brain-tumor-classification-mri/Testing/no_tumor/image(90).jpg,no_tumor
exact,0,/kaggle/input/datasets/sartajbhuvaji/brain-tumor-classification-mri/Training/no_tumor/image(66).jpg,no_tumor,/kaggle/input/datasets/sartajbhuvaji/brain-tumor-classification-mri/Testing/no_tumor/image(91).jpg,no_tumor
exact,0,/kaggle/input/datasets/sartajbhuvaji/brain-tumor-classification-mri/Training/no_tumor/image(67).jpg,no_tumor,/kaggle/input/datasets/sartajbhuvaji/brain-tumor-classification-mri/Testing/no_tumor/image(92).jpg,no_tumor
exact,0,/kaggle/input/datasets/sartajbhuvaji/brain-tumor-classification-mri/Training/no_tumor/image(68).jpg,no_tumor,/kaggle/input/datasets/sartajbhuvaji/brain-tumor-classification-mri/Testing/no_tumor/image(93).jpg,no_tumor
exact,0,/kaggle/input/datasets/sartajbhuvaji/brain-tumor-classification-mri/Training/no_tumor/image(69).jpg,no_tumor,/kaggle/input/datasets/sartajbhuvaji/brain-tumor-classification-mri/Testing/no_tumor/image(94).jpg,no_tumor
exact,0,/kaggle/input/datasets/sartajbhuvaji/brain-tumor-classification-mri/Training/no_tumor/image(7).jpg,no_tumor,/kaggle/input/datasets/sartajbhuvaji/brain-tumor-classification-mri/Testing/no_tumor/image(32).jpg,no_tumor
exact,0,/kaggle/input/datasets/sartajbhuvaji/brain-tumor-classification-mri/Training/no_tumor/image(7).jpg,no_tumor,/kaggle/input/datasets/sartajbhuvaji/brain-tumor-classification-mri/Testing/no_tumor/image(64).jpg,no_tumor
exact,0,/kaggle/input/datasets/sartajbhuvaji/brain-tumor-classification-mri/Training/no_tumor/image(70).jpg,no_tumor,/kaggle/input/datasets/sartajbhuvaji/brain-tumor-classification-mri/Testing/no_tumor/image(95).jpg,no_tumor
exact,0,/kaggle/input/datasets/sartajbhuvaji/brain-tumor-classification-mri/Training/no_tumor/image(71).jpg,no_tumor,/kaggle/input/datasets/sartajbhuvaji/brain-tumor-classification-mri/Testing/no_tumor/image(96).jpg,no_tumor
exact,0,/kaggle/input/datasets/sartajbhuvaji/brain-tumor-classification-mri/Training/no_tumor/image(72).jpg,no_tumor,/kaggle/input/datasets/sartajbhuvaji/brain-tumor-classification-mri/Training/no_tumor/image(75).jpg,no_tumor
exact,0,/kaggle/input/datasets/sartajbhuvaji/brain-tumor-classification-mri/Training/no_tumor/image(73).jpg,no_tumor,/kaggle/input/datasets/sartajbhuvaji/brain-tumor-classification-mri/Training/no_tumor/image(76).jpg,no_tumor
exact,0,/kaggle/input/datasets/sartajbhuvaji/brain-tumor-classification-mri/Training/no_tumor/image(8).jpg,no_tumor,/kaggle/input/datasets/sartajbhuvaji/brain-tumor-classification-mri/Testing/no_tumor/image(10).jpg,no_tumor
exact,0,/kaggle/input/datasets/sartajbhuvaji/brain-tumor-classification-mri/Training/no_tumor/image(8).jpg,no_tumor,/kaggle/input/datasets/sartajbhuvaji/brain-tumor-classification-mri/Testing/no_tumor/image(33).jpg,no_tumor
exact,0,/kaggle/input/datasets/sartajbhuvaji/brain-tumor-classification-mri/Training/no_tumor/image(8).jpg,no_tumor,/kaggle/input/datasets/sartajbhuvaji/brain-tumor-classification-mri/Testing/no_tumor/image(66).jpg,no_tumor
exact,0,/kaggle/input/datasets/sartajbhuvaji/brain-tumor-classification-mri/Training/no_tumor/image(8).jpg,no_tumor,/kaggle/input/datasets/sartajbhuvaji/brain-tumor-classification-mri/Testing/no_tumor/image(81).jpg,no_tumor
exact,0,/kaggle/input/datasets/sartajbhuvaji/brain-tumor-classification-mri/Training/no_tumor/image(9).jpg,no_tumor,/kaggle/input/datasets/sartajbhuvaji/brain-tumor-classification-mri/Testing/no_tumor/image(34).jpg,no_tumor
exact,0,/kaggle/input/datasets/sartajbhuvaji/brain-tumor-classification-mri/Training/no_tumor/image.jpg,no_tumor,/kaggle/input/datasets/sartajbhuvaji/brain-tumor-classification-mri/Testing/no_tumor/image(24).jpg,no_tumor
exact,0,/kaggle/input/datasets/sartajbhuvaji/brain-tumor-classification-mri/Training/no_tumor/image.jpg,no_tumor,/kaggle/input/datasets/sartajbhuvaji/brain-tumor-classification-mri/Testing/no_tumor/image(70).jpg,no_tumor
exact,0,/kaggle/input/datasets/sartajbhuvaji/brain-tumor-classification-mri/Training/pituitary_tumor/p (124).jpg,pituitary,/kaggle/input/datasets/sartajbhuvaji/brain-tumor-classification-mri/Testing/pituitary_tumor/image(5).jpg,pituitary
exact,0,/kaggle/input/datasets/sartajbhuvaji/brain-tumor-classification-mri/Training/pituitary_tumor/p (124).jpg,pituitary,/kaggle/input/datasets/sartajbhuvaji/brain-tumor-classification-mri/Testing/pituitary_tumor/image(6).jpg,pituitary
exact,0,/kaggle/input/datasets/sartajbhuvaji/brain-tumor-classification-mri/Training/pituitary_tumor/p (126).jpg,pituitary,/kaggle/input/datasets/sartajbhuvaji/brain-tumor-classification-mri/Testing/pituitary_tumor/image(11).jpg,pituitary
exact,0,/kaggle/input/datasets/sartajbhuvaji/brain-tumor-classification-mri/Training/pituitary_tumor/p (127).jpg,pituitary,/kaggle/input/datasets/sartajbhuvaji/brain-tumor-classification-mri/Testing/pituitary_tumor/image(13).jpg,pituitary
exact,0,/kaggle/input/datasets/sartajbhuvaji/brain-tumor-classification-mri/Training/pituitary_tumor/p (128).jpg,pituitary,/kaggle/input/datasets/sartajbhuvaji/brain-tumor-classification-mri/Testing/pituitary_tumor/image(15).jpg,pituitary
exact,0,/kaggle/input/datasets/sartajbhuvaji/brain-tumor-classification-mri/Training/pituitary_tumor/p (130).jpg,pituitary,/kaggle/input/datasets/sartajbhuvaji/brain-tumor-classification-mri/Training/pituitary_tumor/p (134).jpg,pituitary
exact,0,/kaggle/input/datasets/sartajbhuvaji/brain-tumor-classification-mri/Training/pituitary_tumor/p (130).jpg,pituitary,/kaggle/input/datasets/sartajbhuvaji/brain-tumor-classification-mri/Testing/pituitary_tumor/image(19).jpg,pituitary
exact,0,/kaggle/input/datasets/sartajbhuvaji/brain-tumor-classification-mri/Training/pituitary_tumor/p (130).jpg,pituitary,/kaggle/input/datasets/sartajbhuvaji/brain-tumor-classification-mri/Testing/pituitary_tumor/image(20).jpg,pituitary
exact,0,/kaggle/input/datasets/sartajbhuvaji/brain-tumor-classification-mri/Training/pituitary_tumor/p (130).jpg,pituitary,/kaggle/input/datasets/sartajbhuvaji/brain-tumor-classification-mri/Testing/pituitary_tumor/image(21).jpg,pituitary
exact,0,/kaggle/input/datasets/sartajbhuvaji/brain-tumor-classification-mri/Training/pituitary_tumor/p (130).jpg,pituitary,/kaggle/input/datasets/sartajbhuvaji/brain-tumor-classification-mri/Testing/pituitary_tumor/image(30).jpg,pituitary
exact,0,/kaggle/input/datasets/sartajbhuvaji/brain-tumor-classification-mri/Training/pituitary_tumor/p (131).jpg,pituitary,/kaggle/input/datasets/sartajbhuvaji/brain-tumor-classification-mri/Testing/pituitary_tumor/image(22).jpg,pituitary
exact,0,/kaggle/input/datasets/sartajbhuvaji/brain-tumor-classification-mri/Training/pituitary_tumor/p (131).jpg,pituitary,/kaggle/input/datasets/sartajbhuvaji/brain-tumor-classification-mri/Testing/pituitary_tumor/image(23).jpg,pituitary
exact,0,/kaggle/input/datasets/sartajbhuvaji/brain-tumor-classification-mri/Training/pituitary_tumor/p (134).jpg,pituitary,/kaggle/input/datasets/sartajbhuvaji/brain-tumor-classification-mri/Testing/pituitary_tumor/image(19).jpg,pituitary
exact,0,/kaggle/input/datasets/sartajbhuvaji/brain-tumor-classification-mri/Training/pituitary_tumor/p (134).jpg,pituitary,/kaggle/input/datasets/sartajbhuvaji/brain-tumor-classification-mri/Testing/pituitary_tumor/image(20).jpg,pituitary
exact,0,/kaggle/input/datasets/sartajbhuvaji/brain-tumor-classification-mri/Training/pituitary_tumor/p (134).jpg,pituitary,/kaggle/input/datasets/sartajbhuvaji/brain-tumor-classification-mri/Testing/pituitary_tumor/image(21).jpg,pituitary
exact,0,/kaggle/input/datasets/sartajbhuvaji/brain-tumor-classification-mri/Training/pituitary_tumor/p (134).jpg,pituitary,/kaggle/input/datasets/sartajbhuvaji/brain-tumor-classification-mri/Testing/pituitary_tumor/image(30).jpg,pituitary
exact,0,/kaggle/input/datasets/sartajbhuvaji/brain-tumor-classification-mri/Training/pituitary_tumor/p (135).jpg,pituitary,/kaggle/input/datasets/sartajbhuvaji/brain-tumor-classification-mri/Testing/pituitary_tumor/image(31).jpg,pituitary
exact,0,/kaggle/input/datasets/sartajbhuvaji/brain-tumor-classification-mri/Training/pituitary_tumor/p (137).jpg,pituitary,/kaggle/input/datasets/sartajbhuvaji/brain-tumor-classification-mri/Testing/pituitary_tumor/image(35).jpg,pituitary
exact,0,/kaggle/input/datasets/sartajbhuvaji/brain-tumor-classification-mri/Training/pituitary_tumor/p (137).jpg,pituitary,/kaggle/input/datasets/sartajbhuvaji/brain-tumor-classification-mri/Testing/pituitary_tumor/image(36).jpg,pituitary
exact,0,/kaggle/input/datasets/sartajbhuvaji/brain-tumor-classification-mri/Training/pituitary_tumor/p (137).jpg,pituitary,/kaggle/input/datasets/sartajbhuvaji/brain-tumor-classification-mri/Testing/pituitary_tumor/image(37).jpg,pituitary
exact,0,/kaggle/input/datasets/sartajbhuvaji/brain-tumor-classification-mri/Training/pituitary_tumor/p (138).jpg,pituitary,/kaggle/input/datasets/sartajbhuvaji/brain-tumor-classification-mri/Testing/pituitary_tumor/image(73).jpg,pituitary
exact,0,/kaggle/input/datasets/sartajbhuvaji/brain-tumor-classification-mri/Training/pituitary_tumor/p (140).jpg,pituitary,/kaggle/input/datasets/sartajbhuvaji/brain-tumor-classification-mri/Training/pituitary_tumor/p (240).jpg,pituitary
exact,0,/kaggle/input/datasets/sartajbhuvaji/brain-tumor-classification-mri/Training/pituitary_tumor/p (196).jpg,pituitary,/kaggle/input/datasets/sartajbhuvaji/brain-tumor-classification-mri/Training/pituitary_tumor/p (197).jpg,pituitary
exact,0,/kaggle/input/datasets/sartajbhuvaji/brain-tumor-classification-mri/Training/pituitary_tumor/p (242).jpg,pituitary,/kaggle/input/datasets/sartajbhuvaji/brain-tumor-classification-mri/Training/pituitary_tumor/p (243).jpg,pituitary
exact,0,/kaggle/input/datasets/sartajbhuvaji/brain-tumor-classification-mri/Training/pituitary_tumor/p (251).jpg,pituitary,/kaggle/input/datasets/sartajbhuvaji/brain-tumor-classification-mri/Training/pituitary_tumor/p (252).jpg,pituitary
exact,0,/kaggle/input/datasets/sartajbhuvaji/brain-tumor-classification-mri/Training/pituitary_tumor/p (286).jpg,pituitary,/kaggle/input/datasets/sartajbhuvaji/brain-tumor-classification-mri/Training/pituitary_tumor/p (287).jpg,pituitary
exact,0,/kaggle/input/datasets/sartajbhuvaji/brain-tumor-classification-mri/Training/pituitary_tumor/p (302).jpg,pituitary,/kaggle/input/datasets/sartajbhuvaji/brain-tumor-classification-mri/Training/pituitary_tumor/p (303).jpg,pituitary
exact,0,/kaggle/input/datasets/sartajbhuvaji/brain-tumor-classification-mri/Training/pituitary_tumor/p (388).jpg,pituitary,/kaggle/input/datasets/sartajbhuvaji/brain-tumor-classification-mri/Training/pituitary_tumor/p (389).jpg,pituitary
exact,0,/kaggle/input/datasets/sartajbhuvaji/brain-tumor-classification-mri/Training/pituitary_tumor/p (407).jpg,pituitary,/kaggle/input/datasets/sartajbhuvaji/brain-tumor-classification-mri/Training/pituitary_tumor/p (408).jpg,pituitary
exact,0,/kaggle/input/datasets/sartajbhuvaji/brain-tumor-classification-mri/Training/pituitary_tumor/p (564).jpg,pituitary,/kaggle/input/datasets/sartajbhuvaji/brain-tumor-classification-mri/Testing/pituitary_tumor/image(76).jpg,pituitary
exact,0,/kaggle/input/datasets/sartajbhuvaji/brain-tumor-classification-mri/Training/pituitary_tumor/p (564).jpg,pituitary,/kaggle/input/datasets/sartajbhuvaji/brain-tumor-classification-mri/Testing/pituitary_tumor/image(77).jpg,pituitary
exact,0,/kaggle/input/datasets/sartajbhuvaji/brain-tumor-classification-mri/Training/pituitary_tumor/p (564).jpg,pituitary,/kaggle/input/datasets/sartajbhuvaji/brain-tumor-classification-mri/Testing/pituitary_tumor/image(78).jpg,pituitary
exact,0,/kaggle/input/datasets/sartajbhuvaji/brain-tumor-classification-mri/Training/pituitary_tumor/p (565).jpg,pituitary,/kaggle/input/datasets/sartajbhuvaji/brain-tumor-classification-mri/Training/pituitary_tumor/p (566).jpg,pituitary
exact,0,/kaggle/input/datasets/sartajbhuvaji/brain-tumor-classification-mri/Training/pituitary_tumor/p (565).jpg,pituitary,/kaggle/input/datasets/sartajbhuvaji/brain-tumor-classification-mri/Training/pituitary_tumor/p (567).jpg,pituitary
exact,0,/kaggle/input/datasets/sartajbhuvaji/brain-tumor-classification-mri/Training/pituitary_tumor/p (565).jpg,pituitary,/kaggle/input/datasets/sartajbhuvaji/brain-tumor-classification-mri/Training/pituitary_tumor/p (568).jpg,pituitary
exact,0,/kaggle/input/datasets/sartajbhuvaji/brain-tumor-classification-mri/Training/pituitary_tumor/p (566).jpg,pituitary,/kaggle/input/datasets/sartajbhuvaji/brain-tumor-classification-mri/Training/pituitary_tumor/p (567).jpg,pituitary
exact,0,/kaggle/input/datasets/sartajbhuvaji/brain-tumor-classification-mri/Training/pituitary_tumor/p (566).jpg,pituitary,/kaggle/input/datasets/sartajbhuvaji/brain-tumor-classification-mri/Training/pituitary_tumor/p (568).jpg,pituitary
exact,0,/kaggle/input/datasets/sartajbhuvaji/brain-tumor-classification-mri/Training/pituitary_tumor/p (567).jpg,pituitary,/kaggle/input/datasets/sartajbhuvaji/brain-tumor-classification-mri/Training/pituitary_tumor/p (568).jpg,pituitary
exact,0,/kaggle/input/datasets/sartajbhuvaji/brain-tumor-classification-mri/Training/pituitary_tumor/p (570).jpg,pituitary,/kaggle/input/datasets/sartajbhuvaji/brain-tumor-classification-mri/Testing/pituitary_tumor/image(85).jpg,pituitary
exact,0,/kaggle/input/datasets/sartajbhuvaji/brain-tumor-classification-mri/Training/pituitary_tumor/p (570).jpg,pituitary,/kaggle/input/datasets/sartajbhuvaji/brain-tumor-classification-mri/Testing/pituitary_tumor/image(86).jpg,pituitary
exact,0,/kaggle/input/datasets/sartajbhuvaji/brain-tumor-classification-mri/Training/pituitary_tumor/p (570).jpg,pituitary,/kaggle/input/datasets/sartajbhuvaji/brain-tumor-classification-mri/Testing/pituitary_tumor/image.jpg,pituitary
exact,0,/kaggle/input/datasets/sartajbhuvaji/brain-tumor-classification-mri/Training/pituitary_tumor/p (578).jpg,pituitary,/kaggle/input/datasets/sartajbhuvaji/brain-tumor-classification-mri/Training/pituitary_tumor/p (579).jpg,pituitary
exact,0,/kaggle/input/datasets/sartajbhuvaji/brain-tumor-classification-mri/Training/pituitary_tumor/p (578).jpg,pituitary,/kaggle/input/datasets/sartajbhuvaji/brain-tumor-classification-mri/Training/pituitary_tumor/p (580).jpg,pituitary
exact,0,/kaggle/input/datasets/sartajbhuvaji/brain-tumor-classification-mri/Training/pituitary_tumor/p (579).jpg,pituitary,/kaggle/input/datasets/sartajbhuvaji/brain-tumor-classification-mri/Training/pituitary_tumor/p (580).jpg,pituitary
exact,0,/kaggle/input/datasets/sartajbhuvaji/brain-tumor-classification-mri/Training/pituitary_tumor/p (737).jpg,pituitary,/kaggle/input/datasets/sartajbhuvaji/brain-tumor-classification-mri/Training/pituitary_tumor/p (738).jpg,pituitary
exact,0,/kaggle/input/datasets/sartajbhuvaji/brain-tumor-classification-mri/Training/pituitary_tumor/p (741).jpg,pituitary,/kaggle/input/datasets/sartajbhuvaji/brain-tumor-classification-mri/Training/pituitary_tumor/p (742).jpg,pituitary
exact,0,/kaggle/input/datasets/sartajbhuvaji/brain-tumor-classification-mri/Training/pituitary_tumor/p (751).jpg,pituitary,/kaggle/input/datasets/sartajbhuvaji/brain-tumor-classification-mri/Training/pituitary_tumor/p (752).jpg,pituitary
exact,0,/kaggle/input/datasets/sartajbhuvaji/brain-tumor-classification-mri/Training/pituitary_tumor/p (780).jpg,pituitary,/kaggle/input/datasets/sartajbhuvaji/brain-tumor-classification-mri/Training/pituitary_tumor/p (781).jpg,pituitary
exact,0,/kaggle/input/datasets/sartajbhuvaji/brain-tumor-classification-mri/Training/pituitary_tumor/p (825).jpg,pituitary,/kaggle/input/datasets/sartajbhuvaji/brain-tumor-classification-mri/Training/pituitary_tumor/p (826).jpg,pituitary
exact,0,/kaggle/input/datasets/sartajbhuvaji/brain-tumor-classification-mri/Testing/glioma_tumor/image(1).jpg,glioma,/kaggle/input/datasets/sartajbhuvaji/brain-tumor-classification-mri/Testing/glioma_tumor/image.jpg,glioma
exact,0,/kaggle/input/datasets/sartajbhuvaji/brain-tumor-classification-mri/Testing/glioma_tumor/image(11).jpg,glioma,/kaggle/input/datasets/sartajbhuvaji/brain-tumor-classification-mri/Testing/glioma_tumor/image(12).jpg,glioma
exact,0,/kaggle/input/datasets/sartajbhuvaji/brain-tumor-classification-mri/Testing/glioma_tumor/image(11).jpg,glioma,/kaggle/input/datasets/sartajbhuvaji/brain-tumor-classification-mri/Testing/glioma_tumor/image(90).jpg,glioma
exact,0,/kaggle/input/datasets/sartajbhuvaji/brain-tumor-classification-mri/Testing/glioma_tumor/image(12).jpg,glioma,/kaggle/input/datasets/sartajbhuvaji/brain-tumor-classification-mri/Testing/glioma_tumor/image(90).jpg,glioma
exact,0,/kaggle/input/datasets/sartajbhuvaji/brain-tumor-classification-mri/Testing/glioma_tumor/image(2).jpg,glioma,/kaggle/input/datasets/sartajbhuvaji/brain-tumor-classification-mri/Testing/meningioma_tumor/image(13).jpg,meningioma
exact,0,/kaggle/input/datasets/sartajbhuvaji/brain-tumor-classification-mri/Testing/glioma_tumor/image(21).jpg,glioma,/kaggle/input/datasets/sartajbhuvaji/brain-tumor-classification-mri/Testing/glioma_tumor/image(95).jpg,glioma
exact,0,/kaggle/input/datasets/sartajbhuvaji/brain-tumor-classification-mri/Testing/glioma_tumor/image(26).jpg,glioma,/kaggle/input/datasets/sartajbhuvaji/brain-tumor-classification-mri/Testing/glioma_tumor/image(97).jpg,glioma
exact,0,/kaggle/input/datasets/sartajbhuvaji/brain-tumor-classification-mri/Testing/glioma_tumor/image(28).jpg,glioma,/kaggle/input/datasets/sartajbhuvaji/brain-tumor-classification-mri/Testing/glioma_tumor/image(29).jpg,glioma
exact,0,/kaggle/input/datasets/sartajbhuvaji/brain-tumor-classification-mri/Testing/glioma_tumor/image(28).jpg,glioma,/kaggle/input/datasets/sartajbhuvaji/brain-tumor-classification-mri/Testing/glioma_tumor/image(79).jpg,glioma
exact,0,/kaggle/input/datasets/sartajbhuvaji/brain-tumor-classification-mri/Testing/glioma_tumor/image(29).jpg,glioma,/kaggle/input/datasets/sartajbhuvaji/brain-tumor-classification-mri/Testing/glioma_tumor/image(79).jpg,glioma
exact,0,/kaggle/input/datasets/sartajbhuvaji/brain-tumor-classification-mri/Testing/glioma_tumor/image(3).jpg,glioma,/kaggle/input/datasets/sartajbhuvaji/brain-tumor-classification-mri/Testing/glioma_tumor/image(6).jpg,glioma
exact,0,/kaggle/input/datasets/sartajbhuvaji/brain-tumor-classification-mri/Testing/glioma_tumor/image(30).jpg,glioma,/kaggle/input/datasets/sartajbhuvaji/brain-tumor-classification-mri/Testing/glioma_tumor/image(84).jpg,glioma
exact,0,/kaggle/input/datasets/sartajbhuvaji/brain-tumor-classification-mri/Testing/glioma_tumor/image(31).jpg,glioma,/kaggle/input/datasets/sartajbhuvaji/brain-tumor-classification-mri/Testing/glioma_tumor/image(46).jpg,glioma
exact,0,/kaggle/input/datasets/sartajbhuvaji/brain-tumor-classification-mri/Testing/glioma_tumor/image(48).jpg,glioma,/kaggle/input/datasets/sartajbhuvaji/brain-tumor-classification-mri/Testing/meningioma_tumor/image(2).jpg,meningioma
exact,0,/kaggle/input/datasets/sartajbhuvaji/brain-tumor-classification-mri/Testing/glioma_tumor/image(48).jpg,glioma,/kaggle/input/datasets/sartajbhuvaji/brain-tumor-classification-mri/Testing/meningioma_tumor/image(58).jpg,meningioma
exact,0,/kaggle/input/datasets/sartajbhuvaji/brain-tumor-classification-mri/Testing/glioma_tumor/image(48).jpg,glioma,/kaggle/input/datasets/sartajbhuvaji/brain-tumor-classification-mri/Testing/meningioma_tumor/image(82).jpg,meningioma
exact,0,/kaggle/input/datasets/sartajbhuvaji/brain-tumor-classification-mri/Testing/glioma_tumor/image(50).jpg,glioma,/kaggle/input/datasets/sartajbhuvaji/brain-tumor-classification-mri/Testing/glioma_tumor/image(55).jpg,glioma
exact,0,/kaggle/input/datasets/sartajbhuvaji/brain-tumor-classification-mri/Testing/glioma_tumor/image(52).jpg,glioma,/kaggle/input/datasets/sartajbhuvaji/brain-tumor-classification-mri/Testing/glioma_tumor/image(98).jpg,glioma
exact,0,/kaggle/input/datasets/sartajbhuvaji/brain-tumor-classification-mri/Testing/glioma_tumor/image(52).jpg,glioma,/kaggle/input/datasets/sartajbhuvaji/brain-tumor-classification-mri/Testing/glioma_tumor/image(99).jpg,glioma
exact,0,/kaggle/input/datasets/sartajbhuvaji/brain-tumor-classification-mri/Testing/glioma_tumor/image(64).jpg,glioma,/kaggle/input/datasets/sartajbhuvaji/brain-tumor-classification-mri/Testing/glioma_tumor/image(65).jpg,glioma
exact,0,/kaggle/input/datasets/sartajbhuvaji/brain-tumor-classification-mri/Testing/glioma_tumor/image(70).jpg,glioma,/kaggle/input/datasets/sartajbhuvaji/brain-tumor-classification-mri/Testing/glioma_tumor/image(71).jpg,glioma
exact,0,/kaggle/input/datasets/sartajbhuvaji/brain-tumor-classification-mri/Testing/glioma_tumor/image(77).jpg,glioma,/kaggle/input/datasets/sartajbhuvaji/brain-tumor-classification-mri/Testing/glioma_tumor/image(80).jpg,glioma
exact,0,/kaggle/input/datasets/sartajbhuvaji/brain-tumor-classification-mri/Testing/glioma_tumor/image(93).jpg,glioma,/kaggle/input/datasets/sartajbhuvaji/brain-tumor-classification-mri/Testing/glioma_tumor/image(94).jpg,glioma
exact,0,/kaggle/input/datasets/sartajbhuvaji/brain-tumor-classification-mri/Testing/glioma_tumor/image(98).jpg,glioma,/kaggle/input/datasets/sartajbhuvaji/brain-tumor-classification-mri/Testing/glioma_tumor/image(99).jpg,glioma
exact,0,/kaggle/input/datasets/sartajbhuvaji/brain-tumor-classification-mri/Testing/meningioma_tumor/image(106).jpg,meningioma,/kaggle/input/datasets/sartajbhuvaji/brain-tumor-classification-mri/Testing/meningioma_tumor/image(126).jpg,meningioma
exact,0,/kaggle/input/datasets/sartajbhuvaji/brain-tumor-classification-mri/Testing/meningioma_tumor/image(106).jpg,meningioma,/kaggle/input/datasets/sartajbhuvaji/brain-tumor-classification-mri/Testing/meningioma_tumor/image(93).jpg,meningioma
exact,0,/kaggle/input/datasets/sartajbhuvaji/brain-tumor-classification-mri/Testing/meningioma_tumor/image(118).jpg,meningioma,/kaggle/input/datasets/sartajbhuvaji/brain-tumor-classification-mri/Testing/meningioma_tumor/image(24).jpg,meningioma
exact,0,/kaggle/input/datasets/sartajbhuvaji/brain-tumor-classification-mri/Testing/meningioma_tumor/image(126).jpg,meningioma,/kaggle/input/datasets/sartajbhuvaji/brain-tumor-classification-mri/Testing/meningioma_tumor/image(93).jpg,meningioma
exact,0,/kaggle/input/datasets/sartajbhuvaji/brain-tumor-classification-mri/Testing/meningioma_tumor/image(19).jpg,meningioma,/kaggle/input/datasets/sartajbhuvaji/brain-tumor-classification-mri/Testing/meningioma_tumor/image(90).jpg,meningioma
exact,0,/kaggle/input/datasets/sartajbhuvaji/brain-tumor-classification-mri/Testing/meningioma_tumor/image(2).jpg,meningioma,/kaggle/input/datasets/sartajbhuvaji/brain-tumor-classification-mri/Testing/meningioma_tumor/image(58).jpg,meningioma
exact,0,/kaggle/input/datasets/sartajbhuvaji/brain-tumor-classification-mri/Testing/meningioma_tumor/image(2).jpg,meningioma,/kaggle/input/datasets/sartajbhuvaji/brain-tumor-classification-mri/Testing/meningioma_tumor/image(82).jpg,meningioma
exact,0,/kaggle/input/datasets/sartajbhuvaji/brain-tumor-classification-mri/Testing/meningioma_tumor/image(25).jpg,meningioma,/kaggle/input/datasets/sartajbhuvaji/brain-tumor-classification-mri/Testing/meningioma_tumor/image(80).jpg,meningioma
exact,0,/kaggle/input/datasets/sartajbhuvaji/brain-tumor-classification-mri/Testing/meningioma_tumor/image(34).jpg,meningioma,/kaggle/input/datasets/sartajbhuvaji/brain-tumor-classification-mri/Testing/meningioma_tumor/image(45).jpg,meningioma
exact,0,/kaggle/input/datasets/sartajbhuvaji/brain-tumor-classification-mri/Testing/meningioma_tumor/image(58).jpg,meningioma,/kaggle/input/datasets/sartajbhuvaji/brain-tumor-classification-mri/Testing/meningioma_tumor/image(82).jpg,meningioma
exact,0,/kaggle/input/datasets/sartajbhuvaji/brain-tumor-classification-mri/Testing/meningioma_tumor/image(60).jpg,meningioma,/kaggle/input/datasets/sartajbhuvaji/brain-tumor-classification-mri/Testing/meningioma_tumor/image(62).jpg,meningioma
exact,0,/kaggle/input/datasets/sartajbhuvaji/brain-tumor-classification-mri/Testing/no_tumor/image(10).jpg,no_tumor,/kaggle/input/datasets/sartajbhuvaji/brain-tumor-classification-mri/Testing/no_tumor/image(33).jpg,no_tumor
exact,0,/kaggle/input/datasets/sartajbhuvaji/brain-tumor-classification-mri/Testing/no_tumor/image(10).jpg,no_tumor,/kaggle/input/datasets/sartajbhuvaji/brain-tumor-classification-mri/Testing/no_tumor/image(66).jpg,no_tumor
exact,0,/kaggle/input/datasets/sartajbhuvaji/brain-tumor-classification-mri/Testing/no_tumor/image(10).jpg,no_tumor,/kaggle/input/datasets/sartajbhuvaji/brain-tumor-classification-mri/Testing/no_tumor/image(81).jpg,no_tumor
exact,0,/kaggle/input/datasets/sartajbhuvaji/brain-tumor-classification-mri/Testing/no_tumor/image(11).jpg,no_tumor,/kaggle/input/datasets/sartajbhuvaji/brain-tumor-classification-mri/Testing/no_tumor/image(85).jpg,no_tumor
exact,0,/kaggle/input/datasets/sartajbhuvaji/brain-tumor-classification-mri/Testing/no_tumor/image(15).jpg,no_tumor,/kaggle/input/datasets/sartajbhuvaji/brain-tumor-classification-mri/Testing/no_tumor/image(49).jpg,no_tumor
exact,0,/kaggle/input/datasets/sartajbhuvaji/brain-tumor-classification-mri/Testing/no_tumor/image(15).jpg,no_tumor,/kaggle/input/datasets/sartajbhuvaji/brain-tumor-classification-mri/Testing/no_tumor/image(53).jpg,no_tumor
exact,0,/kaggle/input/datasets/sartajbhuvaji/brain-tumor-classification-mri/Testing/no_tumor/image(15).jpg,no_tumor,/kaggle/input/datasets/sartajbhuvaji/brain-tumor-classification-mri/Testing/no_tumor/image(67).jpg,no_tumor
exact,0,/kaggle/input/datasets/sartajbhuvaji/brain-tumor-classification-mri/Testing/no_tumor/image(15).jpg,no_tumor,/kaggle/input/datasets/sartajbhuvaji/brain-tumor-classification-mri/Testing/no_tumor/image(84).jpg,no_tumor
exact,0,/kaggle/input/datasets/sartajbhuvaji/brain-tumor-classification-mri/Testing/no_tumor/image(16).jpg,no_tumor,/kaggle/input/datasets/sartajbhuvaji/brain-tumor-classification-mri/Testing/no_tumor/image(45).jpg,no_tumor
exact,0,/kaggle/input/datasets/sartajbhuvaji/brain-tumor-classification-mri/Testing/no_tumor/image(16).jpg,no_tumor,/kaggle/input/datasets/sartajbhuvaji/brain-tumor-classification-mri/Testing/no_tumor/image(55).jpg,no_tumor
exact,0,/kaggle/input/datasets/sartajbhuvaji/brain-tumor-classification-mri/Testing/no_tumor/image(16).jpg,no_tumor,/kaggle/input/datasets/sartajbhuvaji/brain-tumor-classification-mri/Testing/no_tumor/image(60).jpg,no_tumor
exact,0,/kaggle/input/datasets/sartajbhuvaji/brain-tumor-classification-mri/Testing/no_tumor/image(21).jpg,no_tumor,/kaggle/input/datasets/sartajbhuvaji/brain-tumor-classification-mri/Testing/no_tumor/image(69).jpg,no_tumor
exact,0,/kaggle/input/datasets/sartajbhuvaji/brain-tumor-classification-mri/Testing/no_tumor/image(22).jpg,no_tumor,/kaggle/input/datasets/sartajbhuvaji/brain-tumor-classification-mri/Testing/no_tumor/image(61).jpg,no_tumor
exact,0,/kaggle/input/datasets/sartajbhuvaji/brain-tumor-classification-mri/Testing/no_tumor/image(22).jpg,no_tumor,/kaggle/input/datasets/sartajbhuvaji/brain-tumor-classification-mri/Testing/no_tumor/image(71).jpg,no_tumor
exact,0,/kaggle/input/datasets/sartajbhuvaji/brain-tumor-classification-mri/Testing/no_tumor/image(24).jpg,no_tumor,/kaggle/input/datasets/sartajbhuvaji/brain-tumor-classification-mri/Testing/no_tumor/image(70).jpg,no_tumor
exact,0,/kaggle/input/datasets/sartajbhuvaji/brain-tumor-classification-mri/Testing/no_tumor/image(25).jpg,no_tumor,/kaggle/input/datasets/sartajbhuvaji/brain-tumor-classification-mri/Testing/no_tumor/image(73).jpg,no_tumor
exact,0,/kaggle/input/datasets/sartajbhuvaji/brain-tumor-classification-mri/Testing/no_tumor/image(29).jpg,no_tumor,/kaggle/input/datasets/sartajbhuvaji/brain-tumor-classification-mri/Testing/no_tumor/image(47).jpg,no_tumor
exact,0,/kaggle/input/datasets/sartajbhuvaji/brain-tumor-classification-mri/Testing/no_tumor/image(31).jpg,no_tumor,/kaggle/input/datasets/sartajbhuvaji/brain-tumor-classification-mri/Testing/no_tumor/image(68).jpg,no_tumor
exact,0,/kaggle/input/datasets/sartajbhuvaji/brain-tumor-classification-mri/Testing/no_tumor/image(32).jpg,no_tumor,/kaggle/input/datasets/sartajbhuvaji/brain-tumor-classification-mri/Testing/no_tumor/image(64).jpg,no_tumor
exact,0,/kaggle/input/datasets/sartajbhuvaji/brain-tumor-classification-mri/Testing/no_tumor/image(33).jpg,no_tumor,/kaggle/input/datasets/sartajbhuvaji/brain-tumor-classification-mri/Testing/no_tumor/image(66).jpg,no_tumor
exact,0,/kaggle/input/datasets/sartajbhuvaji/brain-tumor-classification-mri/Testing/no_tumor/image(33).jpg,no_tumor,/kaggle/input/datasets/sartajbhuvaji/brain-tumor-classification-mri/Testing/no_tumor/image(81).jpg,no_tumor
exact,0,/kaggle/input/datasets/sartajbhuvaji/brain-tumor-classification-mri/Testing/no_tumor/image(37).jpg,no_tumor,/kaggle/input/datasets/sartajbhuvaji/brain-tumor-classification-mri/Testing/no_tumor/image(79).jpg,no_tumor
exact,0,/kaggle/input/datasets/sartajbhuvaji/brain-tumor-classification-mri/Testing/no_tumor/image(41).jpg,no_tumor,/kaggle/input/datasets/sartajbhuvaji/brain-tumor-classification-mri/Testing/no_tumor/image(52).jpg,no_tumor
exact,0,/kaggle/input/datasets/sartajbhuvaji/brain-tumor-classification-mri/Testing/no_tumor/image(45).jpg,no_tumor,/kaggle/input/datasets/sartajbhuvaji/brain-tumor-classification-mri/Testing/no_tumor/image(55).jpg,no_tumor
exact,0,/kaggle/input/datasets/sartajbhuvaji/brain-tumor-classification-mri/Testing/no_tumor/image(45).jpg,no_tumor,/kaggle/input/datasets/sartajbhuvaji/brain-tumor-classification-mri/Testing/no_tumor/image(60).jpg,no_tumor
exact,0,/kaggle/input/datasets/sartajbhuvaji/brain-tumor-classification-mri/Testing/no_tumor/image(46).jpg,no_tumor,/kaggle/input/datasets/sartajbhuvaji/brain-tumor-classification-mri/Testing/no_tumor/image(50).jpg,no_tumor
exact,0,/kaggle/input/datasets/sartajbhuvaji/brain-tumor-classification-mri/Testing/no_tumor/image(46).jpg,no_tumor,/kaggle/input/datasets/sartajbhuvaji/brain-tumor-classification-mri/Testing/no_tumor/image(54).jpg,no_tumor
exact,0,/kaggle/input/datasets/sartajbhuvaji/brain-tumor-classification-mri/Testing/no_tumor/image(48).jpg,no_tumor,/kaggle/input/datasets/sartajbhuvaji/brain-tumor-classification-mri/Testing/no_tumor/image(75).jpg,no_tumor
exact,0,/kaggle/input/datasets/sartajbhuvaji/brain-tumor-classification-mri/Testing/no_tumor/image(49).jpg,no_tumor,/kaggle/input/datasets/sartajbhuvaji/brain-tumor-classification-mri/Testing/no_tumor/image(53).jpg,no_tumor
exact,0,/kaggle/input/datasets/sartajbhuvaji/brain-tumor-classification-mri/Testing/no_tumor/image(49).jpg,no_tumor,/kaggle/input/datasets/sartajbhuvaji/brain-tumor-classification-mri/Testing/no_tumor/image(67).jpg,no_tumor
exact,0,/kaggle/input/datasets/sartajbhuvaji/brain-tumor-classification-mri/Testing/no_tumor/image(49).jpg,no_tumor,/kaggle/input/datasets/sartajbhuvaji/brain-tumor-classification-mri/Testing/no_tumor/image(84).jpg,no_tumor
exact,0,/kaggle/input/datasets/sartajbhuvaji/brain-tumor-classification-mri/Testing/no_tumor/image(50).jpg,no_tumor,/kaggle/input/datasets/sartajbhuvaji/brain-tumor-classification-mri/Testing/no_tumor/image(54).jpg,no_tumor
exact,0,/kaggle/input/datasets/sartajbhuvaji/brain-tumor-classification-mri/Testing/no_tumor/image(53).jpg,no_tumor,/kaggle/input/datasets/sartajbhuvaji/brain-tumor-classification-mri/Testing/no_tumor/image(67).jpg,no_tumor
exact,0,/kaggle/input/datasets/sartajbhuvaji/brain-tumor-classification-mri/Testing/no_tumor/image(53).jpg,no_tumor,/kaggle/input/datasets/sartajbhuvaji/brain-tumor-classification-mri/Testing/no_tumor/image(84).jpg,no_tumor
exact,0,/kaggle/input/datasets/sartajbhuvaji/brain-tumor-classification-mri/Testing/no_tumor/image(55).jpg,no_tumor,/kaggle/input/datasets/sartajbhuvaji/brain-tumor-classification-mri/Testing/no_tumor/image(60).jpg,no_tumor
exact,0,/kaggle/input/datasets/sartajbhuvaji/brain-tumor-classification-mri/Testing/no_tumor/image(61).jpg,no_tumor,/kaggle/input/datasets/sartajbhuvaji/brain-tumor-classification-mri/Testing/no_tumor/image(71).jpg,no_tumor
exact,0,/kaggle/input/datasets/sartajbhuvaji/brain-tumor-classification-mri/Testing/no_tumor/image(66).jpg,no_tumor,/kaggle/input/datasets/sartajbhuvaji/brain-tumor-classification-mri/Testing/no_tumor/image(81).jpg,no_tumor
exact,0,/kaggle/input/datasets/sartajbhuvaji/brain-tumor-classification-mri/Testing/no_tumor/image(67).jpg,no_tumor,/kaggle/input/datasets/sartajbhuvaji/brain-tumor-classification-mri/Testing/no_tumor/image(84).jpg,no_tumor
exact,0,/kaggle/input/datasets/sartajbhuvaji/brain-tumor-classification-mri/Testing/no_tumor/image(80).jpg,no_tumor,/kaggle/input/datasets/sartajbhuvaji/brain-tumor-classification-mri/Testing/no_tumor/image(9).jpg,no_tumor
exact,0,/kaggle/input/datasets/sartajbhuvaji/brain-tumor-classification-mri/Testing/pituitary_tumor/image(1).jpg,pituitary,/kaggle/input/datasets/sartajbhuvaji/brain-tumor-classification-mri/Testing/pituitary_tumor/image(2).jpg,pituitary
exact,0,/kaggle/input/datasets/sartajbhuvaji/brain-tumor-classification-mri/Testing/pituitary_tumor/image(1).jpg,pituitary,/kaggle/input/datasets/sartajbhuvaji/brain-tumor-classification-mri/Testing/pituitary_tumor/image(3).jpg,pituitary
exact,0,/kaggle/input/datasets/sartajbhuvaji/brain-tumor-classification-mri/Testing/pituitary_tumor/image(19).jpg,pituitary,/kaggle/input/datasets/sartajbhuvaji/brain-tumor-classification-mri/Testing/pituitary_tumor/image(20).jpg,pituitary
exact,0,/kaggle/input/datasets/sartajbhuvaji/brain-tumor-classification-mri/Testing/pituitary_tumor/image(19).jpg,pituitary,/kaggle/input/datasets/sartajbhuvaji/brain-tumor-classification-mri/Testing/pituitary_tumor/image(21).jpg,pituitary
exact,0,/kaggle/input/datasets/sartajbhuvaji/brain-tumor-classification-mri/Testing/pituitary_tumor/image(19).jpg,pituitary,/kaggle/input/datasets/sartajbhuvaji/brain-tumor-classification-mri/Testing/pituitary_tumor/image(30).jpg,pituitary
exact,0,/kaggle/input/datasets/sartajbhuvaji/brain-tumor-classification-mri/Testing/pituitary_tumor/image(2).jpg,pituitary,/kaggle/input/datasets/sartajbhuvaji/brain-tumor-classification-mri/Testing/pituitary_tumor/image(3).jpg,pituitary
exact,0,/kaggle/input/datasets/sartajbhuvaji/brain-tumor-classification-mri/Testing/pituitary_tumor/image(20).jpg,pituitary,/kaggle/input/datasets/sartajbhuvaji/brain-tumor-classification-mri/Testing/pituitary_tumor/image(21).jpg,pituitary
exact,0,/kaggle/input/datasets/sartajbhuvaji/brain-tumor-classification-mri/Testing/pituitary_tumor/image(20).jpg,pituitary,/kaggle/input/datasets/sartajbhuvaji/brain-tumor-classification-mri/Testing/pituitary_tumor/image(30).jpg,pituitary
exact,0,/kaggle/input/datasets/sartajbhuvaji/brain-tumor-classification-mri/Testing/pituitary_tumor/image(21).jpg,pituitary,/kaggle/input/datasets/sartajbhuvaji/brain-tumor-classification-mri/Testing/pituitary_tumor/image(30).jpg,pituitary
exact,0,/kaggle/input/datasets/sartajbhuvaji/brain-tumor-classification-mri/Testing/pituitary_tumor/image(22).jpg,pituitary,/kaggle/input/datasets/sartajbhuvaji/brain-tumor-classification-mri/Testing/pituitary_tumor/image(23).jpg,pituitary
exact,0,/kaggle/input/datasets/sartajbhuvaji/brain-tumor-classification-mri/Testing/pituitary_tumor/image(27).jpg,pituitary,/kaggle/input/datasets/sartajbhuvaji/brain-tumor-classification-mri/Testing/pituitary_tumor/image(28).jpg,pituitary
exact,0,/kaggle/input/datasets/sartajbhuvaji/brain-tumor-classification-mri/Testing/pituitary_tumor/image(35).jpg,pituitary,/kaggle/input/datasets/sartajbhuvaji/brain-tumor-classification-mri/Testing/pituitary_tumor/image(36).jpg,pituitary
exact,0,/kaggle/input/datasets/sartajbhuvaji/brain-tumor-classification-mri/Testing/pituitary_tumor/image(35).jpg,pituitary,/kaggle/input/datasets/sartajbhuvaji/brain-tumor-classification-mri/Testing/pituitary_tumor/image(37).jpg,pituitary
exact,0,/kaggle/input/datasets/sartajbhuvaji/brain-tumor-classification-mri/Testing/pituitary_tumor/image(36).jpg,pituitary,/kaggle/input/datasets/sartajbhuvaji/brain-tumor-classification-mri/Testing/pituitary_tumor/image(37).jpg,pituitary
exact,0,/kaggle/input/datasets/sartajbhuvaji/brain-tumor-classification-mri/Testing/pituitary_tumor/image(38).jpg,pituitary,/kaggle/input/datasets/sartajbhuvaji/brain-tumor-classification-mri/Testing/pituitary_tumor/image(51).jpg,pituitary
exact,0,/kaggle/input/datasets/sartajbhuvaji/brain-tumor-classification-mri/Testing/pituitary_tumor/image(38).jpg,pituitary,/kaggle/input/datasets/sartajbhuvaji/brain-tumor-classification-mri/Testing/pituitary_tumor/image(52).jpg,pituitary
exact,0,/kaggle/input/datasets/sartajbhuvaji/brain-tumor-classification-mri/Testing/pituitary_tumor/image(41).jpg,pituitary,/kaggle/input/datasets/sartajbhuvaji/brain-tumor-classification-mri/Testing/pituitary_tumor/image(42).jpg,pituitary
exact,0,/kaggle/input/datasets/sartajbhuvaji/brain-tumor-classification-mri/Testing/pituitary_tumor/image(41).jpg,pituitary,/kaggle/input/datasets/sartajbhuvaji/brain-tumor-classification-mri/Testing/pituitary_tumor/image(43).jpg,pituitary
exact,0,/kaggle/input/datasets/sartajbhuvaji/brain-tumor-classification-mri/Testing/pituitary_tumor/image(41).jpg,pituitary,/kaggle/input/datasets/sartajbhuvaji/brain-tumor-classification-mri/Testing/pituitary_tumor/image(60).jpg,pituitary
exact,0,/kaggle/input/datasets/sartajbhuvaji/brain-tumor-classification-mri/Testing/pituitary_tumor/image(41).jpg,pituitary,/kaggle/input/datasets/sartajbhuvaji/brain-tumor-classification-mri/Testing/pituitary_tumor/image(61).jpg,pituitary
exact,0,/kaggle/input/datasets/sartajbhuvaji/brain-tumor-classification-mri/Testing/pituitary_tumor/image(41).jpg,pituitary,/kaggle/input/datasets/sartajbhuvaji/brain-tumor-classification-mri/Testing/pituitary_tumor/image(69).jpg,pituitary
exact,0,/kaggle/input/datasets/sartajbhuvaji/brain-tumor-classification-mri/Testing/pituitary_tumor/image(41).jpg,pituitary,/kaggle/input/datasets/sartajbhuvaji/brain-tumor-classification-mri/Testing/pituitary_tumor/image(70).jpg,pituitary
exact,0,/kaggle/input/datasets/sartajbhuvaji/brain-tumor-classification-mri/Testing/pituitary_tumor/image(42).jpg,pituitary,/kaggle/input/datasets/sartajbhuvaji/brain-tumor-classification-mri/Testing/pituitary_tumor/image(43).jpg,pituitary
exact,0,/kaggle/input/datasets/sartajbhuvaji/brain-tumor-classification-mri/Testing/pituitary_tumor/image(42).jpg,pituitary,/kaggle/input/datasets/sartajbhuvaji/brain-tumor-classification-mri/Testing/pituitary_tumor/image(60).jpg,pituitary
exact,0,/kaggle/input/datasets/sartajbhuvaji/brain-tumor-classification-mri/Testing/pituitary_tumor/image(42).jpg,pituitary,/kaggle/input/datasets/sartajbhuvaji/brain-tumor-classification-mri/Testing/pituitary_tumor/image(61).jpg,pituitary
exact,0,/kaggle/input/datasets/sartajbhuvaji/brain-tumor-classification-mri/Testing/pituitary_tumor/image(42).jpg,pituitary,/kaggle/input/datasets/sartajbhuvaji/brain-tumor-classification-mri/Testing/pituitary_tumor/image(69).jpg,pituitary
exact,0,/kaggle/input/datasets/sartajbhuvaji/brain-tumor-classification-mri/Testing/pituitary_tumor/image(42).jpg,pituitary,/kaggle/input/datasets/sartajbhuvaji/brain-tumor-classification-mri/Testing/pituitary_tumor/image(70).jpg,pituitary
exact,0,/kaggle/input/datasets/sartajbhuvaji/brain-tumor-classification-mri/Testing/pituitary_tumor/image(43).jpg,pituitary,/kaggle/input/datasets/sartajbhuvaji/brain-tumor-classification-mri/Testing/pituitary_tumor/image(60).jpg,pituitary
exact,0,/kaggle/input/datasets/sartajbhuvaji/brain-tumor-classification-mri/Testing/pituitary_tumor/image(43).jpg,pituitary,/kaggle/input/datasets/sartajbhuvaji/brain-tumor-classification-mri/Testing/pituitary_tumor/image(61).jpg,pituitary
exact,0,/kaggle/input/datasets/sartajbhuvaji/brain-tumor-classification-mri/Testing/pituitary_tumor/image(43).jpg,pituitary,/kaggle/input/datasets/sartajbhuvaji/brain-tumor-classification-mri/Testing/pituitary_tumor/image(69).jpg,pituitary
exact,0,/kaggle/input/datasets/sartajbhuvaji/brain-tumor-classification-mri/Testing/pituitary_tumor/image(43).jpg,pituitary,/kaggle/input/datasets/sartajbhuvaji/brain-tumor-classification-mri/Testing/pituitary_tumor/image(70).jpg,pituitary
exact,0,/kaggle/input/datasets/sartajbhuvaji/brain-tumor-classification-mri/Testing/pituitary_tumor/image(44).jpg,pituitary,/kaggle/input/datasets/sartajbhuvaji/brain-tumor-classification-mri/Testing/pituitary_tumor/image(45).jpg,pituitary
exact,0,/kaggle/input/datasets/sartajbhuvaji/brain-tumor-classification-mri/Testing/pituitary_tumor/image(44).jpg,pituitary,/kaggle/input/datasets/sartajbhuvaji/brain-tumor-classification-mri/Testing/pituitary_tumor/image(46).jpg,pituitary
exact,0,/kaggle/input/datasets/sartajbhuvaji/brain-tumor-classification-mri/Testing/pituitary_tumor/image(44).jpg,pituitary,/kaggle/input/datasets/sartajbhuvaji/brain-tumor-classification-mri/Testing/pituitary_tumor/image(53).jpg,pituitary
exact,0,/kaggle/input/datasets/sartajbhuvaji/brain-tumor-classification-mri/Testing/pituitary_tumor/image(44).jpg,pituitary,/kaggle/input/datasets/sartajbhuvaji/brain-tumor-classification-mri/Testing/pituitary_tumor/image(54).jpg,pituitary
exact,0,/kaggle/input/datasets/sartajbhuvaji/brain-tumor-classification-mri/Testing/pituitary_tumor/image(44).jpg,pituitary,/kaggle/input/datasets/sartajbhuvaji/brain-tumor-classification-mri/Testing/pituitary_tumor/image(55).jpg,pituitary
exact,0,/kaggle/input/datasets/sartajbhuvaji/brain-tumor-classification-mri/Testing/pituitary_tumor/image(45).jpg,pituitary,/kaggle/input/datasets/sartajbhuvaji/brain-tumor-classification-mri/Testing/pituitary_tumor/image(46).jpg,pituitary
exact,0,/kaggle/input/datasets/sartajbhuvaji/brain-tumor-classification-mri/Testing/pituitary_tumor/image(45).jpg,pituitary,/kaggle/input/datasets/sartajbhuvaji/brain-tumor-classification-mri/Testing/pituitary_tumor/image(53).jpg,pituitary
exact,0,/kaggle/input/datasets/sartajbhuvaji/brain-tumor-classification-mri/Testing/pituitary_tumor/image(45).jpg,pituitary,/kaggle/input/datasets/sartajbhuvaji/brain-tumor-classification-mri/Testing/pituitary_tumor/image(54).jpg,pituitary
exact,0,/kaggle/input/datasets/sartajbhuvaji/brain-tumor-classification-mri/Testing/pituitary_tumor/image(45).jpg,pituitary,/kaggle/input/datasets/sartajbhuvaji/brain-tumor-classification-mri/Testing/pituitary_tumor/image(55).jpg,pituitary
exact,0,/kaggle/input/datasets/sartajbhuvaji/brain-tumor-classification-mri/Testing/pituitary_tumor/image(46).jpg,pituitary,/kaggle/input/datasets/sartajbhuvaji/brain-tumor-classification-mri/Testing/pituitary_tumor/image(53).jpg,pituitary
exact,0,/kaggle/input/datasets/sartajbhuvaji/brain-tumor-classification-mri/Testing/pituitary_tumor/image(46).jpg,pituitary,/kaggle/input/datasets/sartajbhuvaji/brain-tumor-classification-mri/Testing/pituitary_tumor/image(54).jpg,pituitary
exact,0,/kaggle/input/datasets/sartajbhuvaji/brain-tumor-classification-mri/Testing/pituitary_tumor/image(46).jpg,pituitary,/kaggle/input/datasets/sartajbhuvaji/brain-tumor-classification-mri/Testing/pituitary_tumor/image(55).jpg,pituitary
exact,0,/kaggle/input/datasets/sartajbhuvaji/brain-tumor-classification-mri/Testing/pituitary_tumor/image(47).jpg,pituitary,/kaggle/input/datasets/sartajbhuvaji/brain-tumor-classification-mri/Testing/pituitary_tumor/image(48).jpg,pituitary
exact,0,/kaggle/input/datasets/sartajbhuvaji/brain-tumor-classification-mri/Testing/pituitary_tumor/image(47).jpg,pituitary,/kaggle/input/datasets/sartajbhuvaji/brain-tumor-classification-mri/Testing/pituitary_tumor/image(49).jpg,pituitary
exact,0,/kaggle/input/datasets/sartajbhuvaji/brain-tumor-classification-mri/Testing/pituitary_tumor/image(48).jpg,pituitary,/kaggle/input/datasets/sartajbhuvaji/brain-tumor-classification-mri/Testing/pituitary_tumor/image(49).jpg,pituitary
exact,0,/kaggle/input/datasets/sartajbhuvaji/brain-tumor-classification-mri/Testing/pituitary_tumor/image(5).jpg,pituitary,/kaggle/input/datasets/sartajbhuvaji/brain-tumor-classification-mri/Testing/pituitary_tumor/image(6).jpg,pituitary
exact,0,/kaggle/input/datasets/sartajbhuvaji/brain-tumor-classification-mri/Testing/pituitary_tumor/image(51).jpg,pituitary,/kaggle/input/datasets/sartajbhuvaji/brain-tumor-classification-mri/Testing/pituitary_tumor/image(52).jpg,pituitary
exact,0,/kaggle/input/datasets/sartajbhuvaji/brain-tumor-classification-mri/Testing/pituitary_tumor/image(53).jpg,pituitary,/kaggle/input/datasets/sartajbhuvaji/brain-tumor-classification-mri/Testing/pituitary_tumor/image(54).jpg,pituitary
exact,0,/kaggle/input/datasets/sartajbhuvaji/brain-tumor-classification-mri/Testing/pituitary_tumor/image(53).jpg,pituitary,/kaggle/input/datasets/sartajbhuvaji/brain-tumor-classification-mri/Testing/pituitary_tumor/image(55).jpg,pituitary
exact,0,/kaggle/input/datasets/sartajbhuvaji/brain-tumor-classification-mri/Testing/pituitary_tumor/image(54).jpg,pituitary,/kaggle/input/datasets/sartajbhuvaji/brain-tumor-classification-mri/Testing/pituitary_tumor/image(55).jpg,pituitary
exact,0,/kaggle/input/datasets/sartajbhuvaji/brain-tumor-classification-mri/Testing/pituitary_tumor/image(56).jpg,pituitary,/kaggle/input/datasets/sartajbhuvaji/brain-tumor-classification-mri/Testing/pituitary_tumor/image(57).jpg,pituitary
exact,0,/kaggle/input/datasets/sartajbhuvaji/brain-tumor-classification-mri/Testing/pituitary_tumor/image(60).jpg,pituitary,/kaggle/input/datasets/sartajbhuvaji/brain-tumor-classification-mri/Testing/pituitary_tumor/image(61).jpg,pituitary
exact,0,/kaggle/input/datasets/sartajbhuvaji/brain-tumor-classification-mri/Testing/pituitary_tumor/image(60).jpg,pituitary,/kaggle/input/datasets/sartajbhuvaji/brain-tumor-classification-mri/Testing/pituitary_tumor/image(69).jpg,pituitary
exact,0,/kaggle/input/datasets/sartajbhuvaji/brain-tumor-classification-mri/Testing/pituitary_tumor/image(60).jpg,pituitary,/kaggle/input/datasets/sartajbhuvaji/brain-tumor-classification-mri/Testing/pituitary_tumor/image(70).jpg,pituitary
exact,0,/kaggle/input/datasets/sartajbhuvaji/brain-tumor-classification-mri/Testing/pituitary_tumor/image(61).jpg,pituitary,/kaggle/input/datasets/sartajbhuvaji/brain-tumor-classification-mri/Testing/pituitary_tumor/image(69).jpg,pituitary
exact,0,/kaggle/input/datasets/sartajbhuvaji/brain-tumor-classification-mri/Testing/pituitary_tumor/image(61).jpg,pituitary,/kaggle/input/datasets/sartajbhuvaji/brain-tumor-classification-mri/Testing/pituitary_tumor/image(70).jpg,pituitary
exact,0,/kaggle/input/datasets/sartajbhuvaji/brain-tumor-classification-mri/Testing/pituitary_tumor/image(63).jpg,pituitary,/kaggle/input/datasets/sartajbhuvaji/brain-tumor-classification-mri/Testing/pituitary_tumor/image(64).jpg,pituitary
exact,0,/kaggle/input/datasets/sartajbhuvaji/brain-tumor-classification-mri/Testing/pituitary_tumor/image(65).jpg,pituitary,/kaggle/input/datasets/sartajbhuvaji/brain-tumor-classification-mri/Testing/pituitary_tumor/image(66).jpg,pituitary
exact,0,/kaggle/input/datasets/sartajbhuvaji/brain-tumor-classification-mri/Testing/pituitary_tumor/image(67).jpg,pituitary,/kaggle/input/datasets/sartajbhuvaji/brain-tumor-classification-mri/Testing/pituitary_tumor/image(68).jpg,pituitary
exact,0,/kaggle/input/datasets/sartajbhuvaji/brain-tumor-classification-mri/Testing/pituitary_tumor/image(69).jpg,pituitary,/kaggle/input/datasets/sartajbhuvaji/brain-tumor-classification-mri/Testing/pituitary_tumor/image(70).jpg,pituitary
exact,0,/kaggle/input/datasets/sartajbhuvaji/brain-tumor-classification-mri/Testing/pituitary_tumor/image(7).jpg,pituitary,/kaggle/input/datasets/sartajbhuvaji/brain-tumor-classification-mri/Testing/pituitary_tumor/image(8).jpg,pituitary
exact,0,/kaggle/input/datasets/sartajbhuvaji/brain-tumor-classification-mri/Testing/pituitary_tumor/image(76).jpg,pituitary,/kaggle/input/datasets/sartajbhuvaji/brain-tumor-classification-mri/Testing/pituitary_tumor/image(77).jpg,pituitary
exact,0,/kaggle/input/datasets/sartajbhuvaji/brain-tumor-classification-mri/Testing/pituitary_tumor/image(76).jpg,pituitary,/kaggle/input/datasets/sartajbhuvaji/brain-tumor-classification-mri/Testing/pituitary_tumor/image(78).jpg,pituitary
exact,0,/kaggle/input/datasets/sartajbhuvaji/brain-tumor-classification-mri/Testing/pituitary_tumor/image(77).jpg,pituitary,/kaggle/input/datasets/sartajbhuvaji/brain-tumor-classification-mri/Testing/pituitary_tumor/image(78).jpg,pituitary
exact,0,/kaggle/input/datasets/sartajbhuvaji/brain-tumor-classification-mri/Testing/pituitary_tumor/image(81).jpg,pituitary,/kaggle/input/datasets/sartajbhuvaji/brain-tumor-classification-mri/Testing/pituitary_tumor/image(82).jpg,pituitary
exact,0,/kaggle/input/datasets/sartajbhuvaji/brain-tumor-classification-mri/Testing/pituitary_tumor/image(85).jpg,pituitary,/kaggle/input/datasets/sartajbhuvaji/brain-tumor-classification-mri/Testing/pituitary_tumor/image(86).jpg,pituitary
exact,0,/kaggle/input/datasets/sartajbhuvaji/brain-tumor-classification-mri/Testing/pituitary_tumor/image(85).jpg,pituitary,/kaggle/input/datasets/sartajbhuvaji/brain-tumor-classification-mri/Testing/pituitary_tumor/image.jpg,pituitary
exact,0,/kaggle/input/datasets/sartajbhuvaji/brain-tumor-classification-mri/Testing/pituitary_tumor/image(86).jpg,pituitary,/kaggle/input/datasets/sartajbhuvaji/brain-tumor-classification-mri/Testing/pituitary_tumor/image.jpg,pituitary
exact,0,/kaggle/input/datasets/sartajbhuvaji/brain-tumor-classification-mri/Testing/pituitary_tumor/image(87).jpg,pituitary,/kaggle/input/datasets/sartajbhuvaji/brain-tumor-classification-mri/Testing/pituitary_tumor/image(88).jpg,pituitary
exact,0,/kaggle/input/datasets/sartajbhuvaji/brain-tumor-classification-mri/Testing/pituitary_tumor/image(89).jpg,pituitary,/kaggle/input/datasets/sartajbhuvaji/brain-tumor-classification-mri/Testing/pituitary_tumor/image(90).jpg,pituitary
exact,0,/kaggle/input/datasets/sartajbhuvaji/brain-tumor-classification-mri/Testing/pituitary_tumor/image(89).jpg,pituitary,/kaggle/input/datasets/sartajbhuvaji/brain-tumor-classification-mri/Testing/pituitary_tumor/image(91).jpg,pituitary
exact,0,/kaggle/input/datasets/sartajbhuvaji/brain-tumor-classification-mri/Testing/pituitary_tumor/image(90).jpg,pituitary,/kaggle/input/datasets/sartajbhuvaji/brain-tumor-classification-mri/Testing/pituitary_tumor/image(91).jpg,pituitary
exact,0,/kaggle/input/datasets/sartajbhuvaji/brain-tumor-classification-mri/Testing/pituitary_tumor/image(92).jpg,pituitary,/kaggle/input/datasets/sartajbhuvaji/brain-tumor-classification-mri/Testing/pituitary_tumor/image(93).jpg,pituitary
exact,0,/kaggle/input/datasets/sartajbhuvaji/brain-tumor-classification-mri/Testing/pituitary_tumor/image(92).jpg,pituitary,/kaggle/input/datasets/sartajbhuvaji/brain-tumor-classification-mri/Testing/pituitary_tumor/image(96).jpg,pituitary
exact,0,/kaggle/input/datasets/sartajbhuvaji/brain-tumor-classification-mri/Testing/pituitary_tumor/image(92).jpg,pituitary,/kaggle/input/datasets/sartajbhuvaji/brain-tumor-classification-mri/Testing/pituitary_tumor/image(97).jpg,pituitary
exact,0,/kaggle/input/datasets/sartajbhuvaji/brain-tumor-classification-mri/Testing/pituitary_tumor/image(93).jpg,pituitary,/kaggle/input/datasets/sartajbhuvaji/brain-tumor-classification-mri/Testing/pituitary_tumor/image(96).jpg,pituitary
exact,0,/kaggle/input/datasets/sartajbhuvaji/brain-tumor-classification-mri/Testing/pituitary_tumor/image(93).jpg,pituitary,/kaggle/input/datasets/sartajbhuvaji/brain-tumor-classification-mri/Testing/pituitary_tumor/image(97).jpg,pituitary
exact,0,/kaggle/input/datasets/sartajbhuvaji/brain-tumor-classification-mri/Testing/pituitary_tumor/image(94).jpg,pituitary,/kaggle/input/datasets/sartajbhuvaji/brain-tumor-classification-mri/Testing/pituitary_tumor/image(95).jpg,pituitary
exact,0,/kaggle/input/datasets/sartajbhuvaji/brain-tumor-classification-mri/Testing/pituitary_tumor/image(96).jpg,pituitary,/kaggle/input/datasets/sartajbhuvaji/brain-tumor-classification-mri/Testing/pituitary_tumor/image(97).jpg,pituitary
near,6,/kaggle/input/datasets/sartajbhuvaji/brain-tumor-classification-mri/Training/glioma_tumor/gg (10).jpg,glioma,/kaggle/input/datasets/sartajbhuvaji/brain-tumor-classification-mri/Training/glioma_tumor/gg (8).jpg,glioma
near,6,/kaggle/input/datasets/sartajbhuvaji/brain-tumor-classification-mri/Training/glioma_tumor/gg (10).jpg,glioma,/kaggle/input/datasets/sartajbhuvaji/brain-tumor-classification-mri/Training/glioma_tumor/gg (9).jpg,glioma
near,6,/kaggle/input/datasets/sartajbhuvaji/brain-tumor-classification-mri/Training/glioma_tumor/gg (10).jpg,glioma,/kaggle/input/datasets/sartajbhuvaji/brain-tumor-classification-mri/Testing/glioma_tumor/image(75).jpg,glioma
near,6,/kaggle/input/datasets/sartajbhuvaji/brain-tumor-classification-mri/Training/glioma_tumor/gg (100).jpg,glioma,/kaggle/input/datasets/sartajbhuvaji/brain-tumor-classification-mri/Training/glioma_tumor/gg (261).jpg,glioma
near,6,/kaggle/input/datasets/sartajbhuvaji/brain-tumor-classification-mri/Training/glioma_tumor/gg (100).jpg,glioma,/kaggle/input/datasets/sartajbhuvaji/brain-tumor-classification-mri/Training/meningioma_tumor/m3 (8).jpg,meningioma
near,4,/kaggle/input/datasets/sartajbhuvaji/brain-tumor-classification-mri/Training/glioma_tumor/gg (101).jpg,glioma,/kaggle/input/datasets/sartajbhuvaji/brain-tumor-classification-mri/Training/glioma_tumor/gg (102).jpg,glioma
near,5,/kaggle/input/datasets/sartajbhuvaji/brain-tumor-classification-mri/Training/glioma_tumor/gg (116).jpg,glioma,/kaggle/input/datasets/sartajbhuvaji/brain-tumor-classification-mri/Training/glioma_tumor/gg (194).jpg,glioma
near,6,/kaggle/input/datasets/sartajbhuvaji/brain-tumor-classification-mri/Training/glioma_tumor/gg (116).jpg,glioma,/kaggle/input/datasets/sartajbhuvaji/brain-tumor-classification-mri/Training/glioma_tumor/gg (240).jpg,glioma
near,2,/kaggle/input/datasets/sartajbhuvaji/brain-tumor-classification-mri/Training/glioma_tumor/gg (116).jpg,glioma,/kaggle/input/datasets/sartajbhuvaji/brain-tumor-classification-mri/Training/glioma_tumor/gg (241).jpg,glioma
near,5,/kaggle/input/datasets/sartajbhuvaji/brain-tumor-classification-mri/Training/glioma_tumor/gg (12).jpg,glioma,/kaggle/input/datasets/sartajbhuvaji/brain-tumor-classification-mri/Training/glioma_tumor/gg (13).jpg,glioma
near,6,/kaggle/input/datasets/sartajbhuvaji/brain-tumor-classification-mri/Training/glioma_tumor/gg (121).jpg,glioma,/kaggle/input/datasets/sartajbhuvaji/brain-tumor-classification-mri/Training/glioma_tumor/gg (127).jpg,glioma
near,6,/kaggle/input/datasets/sartajbhuvaji/brain-tumor-classification-mri/Training/glioma_tumor/gg (121).jpg,glioma,/kaggle/input/datasets/sartajbhuvaji/brain-tumor-classification-mri/Training/meningioma_tumor/m3 (118).jpg,meningioma
near,6,/kaggle/input/datasets/sartajbhuvaji/brain-tumor-classification-mri/Training/glioma_tumor/gg (121).jpg,glioma,/kaggle/input/datasets/sartajbhuvaji/brain-tumor-classification-mri/Training/meningioma_tumor/m3 (119).jpg,meningioma
near,2,/kaggle/input/datasets/sartajbhuvaji/brain-tumor-classification-mri/Training/glioma_tumor/gg (122).jpg,glioma,/kaggle/input/datasets/sartajbhuvaji/brain-tumor-classification-mri/Training/glioma_tumor/gg (123).jpg,glioma
near,6,/kaggle/input/datasets/sartajbhuvaji/brain-tumor-classification-mri/Training/glioma_tumor/gg (122).jpg,glioma,/kaggle/input/datasets/sartajbhuvaji/brain-tumor-classification-mri/Training/glioma_tumor/gg (127).jpg,glioma
near,6,/kaggle/input/datasets/sartajbhuvaji/brain-tumor-classification-mri/Training/glioma_tumor/gg (122).jpg,glioma,/kaggle/input/datasets/sartajbhuvaji/brain-tumor-classification-mri/Training/glioma_tumor/gg (27).jpg,glioma
near,6,/kaggle/input/datasets/sartajbhuvaji/brain-tumor-classification-mri/Training/glioma_tumor/gg (122).jpg,glioma,/kaggle/input/datasets/sartajbhuvaji/brain-tumor-classification-mri/Training/meningioma_tumor/m2 (52).jpg,meningioma
near,6,/kaggle/input/datasets/sartajbhuvaji/brain-tumor-classification-mri/Training/glioma_tumor/gg (123).jpg,glioma,/kaggle/input/datasets/sartajbhuvaji/brain-tumor-classification-mri/Training/glioma_tumor/gg (27).jpg,glioma
near,6,/kaggle/input/datasets/sartajbhuvaji/brain-tumor-classification-mri/Training/glioma_tumor/gg (123).jpg,glioma,/kaggle/input/datasets/sartajbhuvaji/brain-tumor-classification-mri/Training/meningioma_tumor/m2 (52).jpg,meningioma
near,6,/kaggle/input/datasets/sartajbhuvaji/brain-tumor-classification-mri/Training/glioma_tumor/gg (124).jpg,glioma,/kaggle/input/datasets/sartajbhuvaji/brain-tumor-classification-mri/Training/glioma_tumor/gg (214).jpg,glioma
near,6,/kaggle/input/datasets/sartajbhuvaji/brain-tumor-classification-mri/Training/glioma_tumor/gg (125).jpg,glioma,/kaggle/input/datasets/sartajbhuvaji/brain-tumor-classification-mri/Training/meningioma_tumor/m3 (162).jpg,meningioma
near,5,/kaggle/input/datasets/sartajbhuvaji/brain-tumor-classification-mri/Training/glioma_tumor/gg (127).jpg,glioma,/kaggle/input/datasets/sartajbhuvaji/brain-tumor-classification-mri/Training/glioma_tumor/gg (90).jpg,glioma
near,5,/kaggle/input/datasets/sartajbhuvaji/brain-tumor-classification-mri/Training/glioma_tumor/gg (13).jpg,glioma,/kaggle/input/datasets/sartajbhuvaji/brain-tumor-classification-mri/Testing/glioma_tumor/image(76).jpg,glioma
near,6,/kaggle/input/datasets/sartajbhuvaji/brain-tumor-classification-mri/Training/glioma_tumor/gg (130).jpg,glioma,/kaggle/input/datasets/sartajbhuvaji/brain-tumor-classification-mri/Training/glioma_tumor/gg (131).jpg,glioma
near,6,/kaggle/input/datasets/sartajbhuvaji/brain-tumor-classification-mri/Training/glioma_tumor/gg (134).jpg,glioma,/kaggle/input/datasets/sartajbhuvaji/brain-tumor-classification-mri/Training/meningioma_tumor/m3 (182).jpg,meningioma
near,6,/kaggle/input/datasets/sartajbhuvaji/brain-tumor-classification-mri/Training/glioma_tumor/gg (138).jpg,glioma,/kaggle/input/datasets/sartajbhuvaji/brain-tumor-classification-mri/Training/glioma_tumor/gg (139).jpg,glioma
near,6,/kaggle/input/datasets/sartajbhuvaji/brain-tumor-classification-mri/Training/glioma_tumor/gg (143).jpg,glioma,/kaggle/input/datasets/sartajbhuvaji/brain-tumor-classification-mri/Training/glioma_tumor/gg (144).jpg,glioma
near,6,/kaggle/input/datasets/sartajbhuvaji/brain-tumor-classification-mri/Training/glioma_tumor/gg (145).jpg,glioma,/kaggle/input/datasets/sartajbhuvaji/brain-tumor-classification-mri/Training/glioma_tumor/gg (79).jpg,glioma
near,6,/kaggle/input/datasets/sartajbhuvaji/brain-tumor-classification-mri/Training/glioma_tumor/gg (146).jpg,glioma,/kaggle/input/datasets/sartajbhuvaji/brain-tumor-classification-mri/Training/meningioma_tumor/m3 (219).jpg,meningioma
near,4,/kaggle/input/datasets/sartajbhuvaji/brain-tumor-classification-mri/Training/glioma_tumor/gg (147).jpg,glioma,/kaggle/input/datasets/sartajbhuvaji/brain-tumor-classification-mri/Training/glioma_tumor/gg (148).jpg,glioma
near,6,/kaggle/input/datasets/sartajbhuvaji/brain-tumor-classification-mri/Training/glioma_tumor/gg (148).jpg,glioma,/kaggle/input/datasets/sartajbhuvaji/brain-tumor-classification-mri/Training/glioma_tumor/gg (149).jpg,glioma
near,6,/kaggle/input/datasets/sartajbhuvaji/brain-tumor-classification-mri/Training/glioma_tumor/gg (149).jpg,glioma,/kaggle/input/datasets/sartajbhuvaji/brain-tumor-classification-mri/Training/meningioma_tumor/m3 (216).jpg,meningioma
near,6,/kaggle/input/datasets/sartajbhuvaji/brain-tumor-classification-mri/Training/glioma_tumor/gg (156).jpg,glioma,/kaggle/input/datasets/sartajbhuvaji/brain-tumor-classification-mri/Training/glioma_tumor/gg (363).jpg,glioma
near,4,/kaggle/input/datasets/sartajbhuvaji/brain-tumor-classification-mri/Training/glioma_tumor/gg (159).jpg,glioma,/kaggle/input/datasets/sartajbhuvaji/brain-tumor-classification-mri/Training/glioma_tumor/gg (160).jpg,glioma
near,6,/kaggle/input/datasets/sartajbhuvaji/brain-tumor-classification-mri/Training/glioma_tumor/gg (159).jpg,glioma,/kaggle/input/datasets/sartajbhuvaji/brain-tumor-classification-mri/Training/glioma_tumor/gg (161).jpg,glioma
near,6,/kaggle/input/datasets/sartajbhuvaji/brain-tumor-classification-mri/Training/glioma_tumor/gg (159).jpg,glioma,/kaggle/input/datasets/sartajbhuvaji/brain-tumor-classification-mri/Training/glioma_tumor/gg (163).jpg,glioma
near,5,/kaggle/input/datasets/sartajbhuvaji/brain-tumor-classification-mri/Training/glioma_tumor/gg (16).jpg,glioma,/kaggle/input/datasets/sartajbhuvaji/brain-tumor-classification-mri/Training/glioma_tumor/gg (17).jpg,glioma
near,6,/kaggle/input/datasets/sartajbhuvaji/brain-tumor-classification-mri/Training/glioma_tumor/gg (16).jpg,glioma,/kaggle/input/datasets/sartajbhuvaji/brain-tumor-classification-mri/Training/glioma_tumor/gg (580).jpg,glioma
near,6,/kaggle/input/datasets/sartajbhuvaji/brain-tumor-classification-mri/Training/glioma_tumor/gg (160).jpg,glioma,/kaggle/input/datasets/sartajbhuvaji/brain-tumor-classification-mri/Training/glioma_tumor/gg (161).jpg,glioma
near,5,/kaggle/input/datasets/sartajbhuvaji/brain-tumor-classification-mri/Training/glioma_tumor/gg (162).jpg,glioma,/kaggle/input/datasets/sartajbhuvaji/brain-tumor-classification-mri/Training/glioma_tumor/gg (99).jpg,glioma
near,6,/kaggle/input/datasets/sartajbhuvaji/brain-tumor-classification-mri/Training/glioma_tumor/gg (169).jpg,glioma,/kaggle/input/datasets/sartajbhuvaji/brain-tumor-classification-mri/Training/glioma_tumor/gg (170).jpg,glioma
near,4,/kaggle/input/datasets/sartajbhuvaji/brain-tumor-classification-mri/Training/glioma_tumor/gg (169).jpg,glioma,/kaggle/input/datasets/sartajbhuvaji/brain-tumor-classification-mri/Training/glioma_tumor/gg (171).jpg,glioma
near,4,/kaggle/input/datasets/sartajbhuvaji/brain-tumor-classification-mri/Training/glioma_tumor/gg (17).jpg,glioma,/kaggle/input/datasets/sartajbhuvaji/brain-tumor-classification-mri/Training/glioma_tumor/gg (18).jpg,glioma
near,4,/kaggle/input/datasets/sartajbhuvaji/brain-tumor-classification-mri/Training/glioma_tumor/gg (17).jpg,glioma,/kaggle/input/datasets/sartajbhuvaji/brain-tumor-classification-mri/Training/glioma_tumor/gg (19).jpg,glioma
near,6,/kaggle/input/datasets/sartajbhuvaji/brain-tumor-classification-mri/Training/glioma_tumor/gg (170).jpg,glioma,/kaggle/input/datasets/sartajbhuvaji/brain-tumor-classification-mri/Training/glioma_tumor/gg (171).jpg,glioma
near,3,/kaggle/input/datasets/sartajbhuvaji/brain-tumor-classification-mri/Training/glioma_tumor/gg (174).jpg,glioma,/kaggle/input/datasets/sartajbhuvaji/brain-tumor-classification-mri/Training/glioma_tumor/gg (175).jpg,glioma
near,4,/kaggle/input/datasets/sartajbhuvaji/brain-tumor-classification-mri/Training/glioma_tumor/gg (178).jpg,glioma,/kaggle/input/datasets/sartajbhuvaji/brain-tumor-classification-mri/Training/glioma_tumor/gg (179).jpg,glioma
near,2,/kaggle/input/datasets/sartajbhuvaji/brain-tumor-classification-mri/Training/glioma_tumor/gg (18).jpg,glioma,/kaggle/input/datasets/sartajbhuvaji/brain-tumor-classification-mri/Training/glioma_tumor/gg (19).jpg,glioma
near,6,/kaggle/input/datasets/sartajbhuvaji/brain-tumor-classification-mri/Training/glioma_tumor/gg (18).jpg,glioma,/kaggle/input/datasets/sartajbhuvaji/brain-tumor-classification-mri/Training/glioma_tumor/gg (20).jpg,glioma
near,5,/kaggle/input/datasets/sartajbhuvaji/brain-tumor-classification-mri/Training/glioma_tumor/gg (18).jpg,glioma,/kaggle/input/datasets/sartajbhuvaji/brain-tumor-classification-mri/Training/glioma_tumor/gg (21).jpg,glioma
near,5,/kaggle/input/datasets/sartajbhuvaji/brain-tumor-classification-mri/Training/glioma_tumor/gg (184).jpg,glioma,/kaggle/input/datasets/sartajbhuvaji/brain-tumor-classification-mri/Training/glioma_tumor/gg (99).jpg,glioma
near,5,/kaggle/input/datasets/sartajbhuvaji/brain-tumor-classification-mri/Training/glioma_tumor/gg (185).jpg,glioma,/kaggle/input/datasets/sartajbhuvaji/brain-tumor-classification-mri/Training/glioma_tumor/gg (38).jpg,glioma
near,6,/kaggle/input/datasets/sartajbhuvaji/brain-tumor-classification-mri/Training/glioma_tumor/gg (188).jpg,glioma,/kaggle/input/datasets/sartajbhuvaji/brain-tumor-classification-mri/Training/meningioma_tumor/m3 (149).jpg,meningioma
near,4,/kaggle/input/datasets/sartajbhuvaji/brain-tumor-classification-mri/Training/glioma_tumor/gg (189).jpg,glioma,/kaggle/input/datasets/sartajbhuvaji/brain-tumor-classification-mri/Training/glioma_tumor/gg (190).jpg,glioma
near,2,/kaggle/input/datasets/sartajbhuvaji/brain-tumor-classification-mri/Training/glioma_tumor/gg (189).jpg,glioma,/kaggle/input/datasets/sartajbhuvaji/brain-tumor-classification-mri/Training/glioma_tumor/gg (191).jpg,glioma
near,4,/kaggle/input/datasets/sartajbhuvaji/brain-tumor-classification-mri/Training/glioma_tumor/gg (189).jpg,glioma,/kaggle/input/datasets/sartajbhuvaji/brain-tumor-classification-mri/Training/glioma_tumor/gg (192).jpg,glioma
near,6,/kaggle/input/datasets/sartajbhuvaji/brain-tumor-classification-mri/Training/glioma_tumor/gg (189).jpg,glioma,/kaggle/input/datasets/sartajbhuvaji/brain-tumor-classification-mri/Training/meningioma_tumor/m2 (60).jpg,meningioma
near,5,/kaggle/input/datasets/sartajbhuvaji/brain-tumor-classification-mri/Training/glioma_tumor/gg (189).jpg,glioma,/kaggle/input/datasets/sartajbhuvaji/brain-tumor-classification-mri/Training/meningioma_tumor/m3 (149).jpg,meningioma
near,4,/kaggle/input/datasets/sartajbhuvaji/brain-tumor-classification-mri/Training/glioma_tumor/gg (19).jpg,glioma,/kaggle/input/datasets/sartajbhuvaji/brain-tumor-classification-mri/Training/glioma_tumor/gg (20).jpg,glioma
near,5,/kaggle/input/datasets/sartajbhuvaji/brain-tumor-classification-mri/Training/glioma_tumor/gg (19).jpg,glioma,/kaggle/input/datasets/sartajbhuvaji/brain-tumor-classification-mri/Training/glioma_tumor/gg (21).jpg,glioma
near,4,/kaggle/input/datasets/sartajbhuvaji/brain-tumor-classification-mri/Training/glioma_tumor/gg (190).jpg,glioma,/kaggle/input/datasets/sartajbhuvaji/brain-tumor-classification-mri/Training/glioma_tumor/gg (191).jpg,glioma
near,4,/kaggle/input/datasets/sartajbhuvaji/brain-tumor-classification-mri/Training/glioma_tumor/gg (190).jpg,glioma,/kaggle/input/datasets/sartajbhuvaji/brain-tumor-classification-mri/Training/meningioma_tumor/m2 (60).jpg,meningioma
near,3,/kaggle/input/datasets/sartajbhuvaji/brain-tumor-classification-mri/Training/glioma_tumor/gg (190).jpg,glioma,/kaggle/input/datasets/sartajbhuvaji/brain-tumor-classification-mri/Training/pituitary_tumor/p (205).jpg,pituitary
near,4,/kaggle/input/datasets/sartajbhuvaji/brain-tumor-classification-mri/Training/glioma_tumor/gg (191).jpg,glioma,/kaggle/input/datasets/sartajbhuvaji/brain-tumor-classification-mri/Training/glioma_tumor/gg (192).jpg,glioma
near,6,/kaggle/input/datasets/sartajbhuvaji/brain-tumor-classification-mri/Training/glioma_tumor/gg (191).jpg,glioma,/kaggle/input/datasets/sartajbhuvaji/brain-tumor-classification-mri/Training/glioma_tumor/gg (193).jpg,glioma
near,6,/kaggle/input/datasets/sartajbhuvaji/brain-tumor-classification-mri/Training/glioma_tumor/gg (191).jpg,glioma,/kaggle/input/datasets/sartajbhuvaji/brain-tumor-classification-mri/Training/glioma_tumor/gg (802).jpg,glioma
near,6,/kaggle/input/datasets/sartajbhuvaji/brain-tumor-classification-mri/Training/glioma_tumor/gg (191).jpg,glioma,/kaggle/input/datasets/sartajbhuvaji/brain-tumor-classification-mri/Training/meningioma_tumor/m2 (60).jpg,meningioma
near,6,/kaggle/input/datasets/sartajbhuvaji/brain-tumor-classification-mri/Training/glioma_tumor/gg (191).jpg,glioma,/kaggle/input/datasets/sartajbhuvaji/brain-tumor-classification-mri/Training/meningioma_tumor/m3 (195).jpg,meningioma
near,5,/kaggle/input/datasets/sartajbhuvaji/brain-tumor-classification-mri/Training/glioma_tumor/gg (191).jpg,glioma,/kaggle/input/datasets/sartajbhuvaji/brain-tumor-classification-mri/Training/pituitary_tumor/p (205).jpg,pituitary
near,5,/kaggle/input/datasets/sartajbhuvaji/brain-tumor-classification-mri/Training/glioma_tumor/gg (194).jpg,glioma,/kaggle/input/datasets/sartajbhuvaji/brain-tumor-classification-mri/Training/glioma_tumor/gg (241).jpg,glioma
near,6,/kaggle/input/datasets/sartajbhuvaji/brain-tumor-classification-mri/Training/glioma_tumor/gg (197).jpg,glioma,/kaggle/input/datasets/sartajbhuvaji/brain-tumor-classification-mri/Training/glioma_tumor/gg (270).jpg,glioma
near,5,/kaggle/input/datasets/sartajbhuvaji/brain-tumor-classification-mri/Training/glioma_tumor/gg (199).jpg,glioma,/kaggle/input/datasets/sartajbhuvaji/brain-tumor-classification-mri/Training/glioma_tumor/gg (200).jpg,glioma
near,6,/kaggle/input/datasets/sartajbhuvaji/brain-tumor-classification-mri/Training/glioma_tumor/gg (199).jpg,glioma,/kaggle/input/datasets/sartajbhuvaji/brain-tumor-classification-mri/Training/glioma_tumor/gg (201).jpg,glioma
near,3,/kaggle/input/datasets/sartajbhuvaji/brain-tumor-classification-mri/Training/glioma_tumor/gg (200).jpg,glioma,/kaggle/input/datasets/sartajbhuvaji/brain-tumor-classification-mri/Training/glioma_tumor/gg (201).jpg,glioma
near,5,/kaggle/input/datasets/sartajbhuvaji/brain-tumor-classification-mri/Training/glioma_tumor/gg (201).jpg,glioma,/kaggle/input/datasets/sartajbhuvaji/brain-tumor-classification-mri/Training/glioma_tumor/gg (202).jpg,glioma
near,6,/kaggle/input/datasets/sartajbhuvaji/brain-tumor-classification-mri/Training/glioma_tumor/gg (206).jpg,glioma,/kaggle/input/datasets/sartajbhuvaji/brain-tumor-classification-mri/Training/glioma_tumor/gg (207).jpg,glioma
near,6,/kaggle/input/datasets/sartajbhuvaji/brain-tumor-classification-mri/Training/glioma_tumor/gg (208).jpg,glioma,/kaggle/input/datasets/sartajbhuvaji/brain-tumor-classification-mri/Training/glioma_tumor/gg (249).jpg,glioma
near,4,/kaggle/input/datasets/sartajbhuvaji/brain-tumor-classification-mri/Training/glioma_tumor/gg (210).jpg,glioma,/kaggle/input/datasets/sartajbhuvaji/brain-tumor-classification-mri/Training/glioma_tumor/gg (211).jpg,glioma
near,4,/kaggle/input/datasets/sartajbhuvaji/brain-tumor-classification-mri/Training/glioma_tumor/gg (212).jpg,glioma,/kaggle/input/datasets/sartajbhuvaji/brain-tumor-classification-mri/Training/glioma_tumor/gg (213).jpg,glioma
near,6,/kaggle/input/datasets/sartajbhuvaji/brain-tumor-classification-mri/Training/glioma_tumor/gg (212).jpg,glioma,/kaggle/input/datasets/sartajbhuvaji/brain-tumor-classification-mri/Training/glioma_tumor/gg (214).jpg,glioma
near,6,/kaggle/input/datasets/sartajbhuvaji/brain-tumor-classification-mri/Training/glioma_tumor/gg (213).jpg,glioma,/kaggle/input/datasets/sartajbhuvaji/brain-tumor-classification-mri/Training/glioma_tumor/gg (214).jpg,glioma
near,3,/kaggle/input/datasets/sartajbhuvaji/brain-tumor-classification-mri/Training/glioma_tumor/gg (214).jpg,glioma,/kaggle/input/datasets/sartajbhuvaji/brain-tumor-classification-mri/Training/glioma_tumor/gg (215).jpg,glioma
near,6,/kaggle/input/datasets/sartajbhuvaji/brain-tumor-classification-mri/Training/glioma_tumor/gg (214).jpg,glioma,/kaggle/input/datasets/sartajbhuvaji/brain-tumor-classification-mri/Training/meningioma_tumor/m3 (203).jpg,meningioma
near,3,/kaggle/input/datasets/sartajbhuvaji/brain-tumor-classification-mri/Training/glioma_tumor/gg (216).jpg,glioma,/kaggle/input/datasets/sartajbhuvaji/brain-tumor-classification-mri/Training/glioma_tumor/gg (217).jpg,glioma
near,6,/kaggle/input/datasets/sartajbhuvaji/brain-tumor-classification-mri/Training/glioma_tumor/gg (216).jpg,glioma,/kaggle/input/datasets/sartajbhuvaji/brain-tumor-classification-mri/Training/meningioma_tumor/m3 (119).jpg,meningioma
near,6,/kaggle/input/datasets/sartajbhuvaji/brain-tumor-classification-mri/Training/glioma_tumor/gg (217).jpg,glioma,/kaggle/input/datasets/sartajbhuvaji/brain-tumor-classification-mri/Training/glioma_tumor/gg (97).jpg,glioma
near,6,/kaggle/input/datasets/sartajbhuvaji/brain-tumor-classification-mri/Training/glioma_tumor/gg (217).jpg,glioma,/kaggle/input/datasets/sartajbhuvaji/brain-tumor-classification-mri/Training/meningioma_tumor/m3 (152).jpg,meningioma
near,6,/kaggle/input/datasets/sartajbhuvaji/brain-tumor-classification-mri/Training/glioma_tumor/gg (22).jpg,glioma,/kaggle/input/datasets/sartajbhuvaji/brain-tumor-classification-mri/Training/glioma_tumor/gg (23).jpg,glioma
near,5,/kaggle/input/datasets/sartajbhuvaji/brain-tumor-classification-mri/Training/glioma_tumor/gg (22).jpg,glioma,/kaggle/input/datasets/sartajbhuvaji/brain-tumor-classification-mri/Training/meningioma_tumor/m1(60).jpg,meningioma
near,4,/kaggle/input/datasets/sartajbhuvaji/brain-tumor-classification-mri/Training/glioma_tumor/gg (22).jpg,glioma,/kaggle/input/datasets/sartajbhuvaji/brain-tumor-classification-mri/Training/meningioma_tumor/m1(61).jpg,meningioma
near,4,/kaggle/input/datasets/sartajbhuvaji/brain-tumor-classification-mri/Training/glioma_tumor/gg (22).jpg,glioma,/kaggle/input/datasets/sartajbhuvaji/brain-tumor-classification-mri/Training/meningioma_tumor/m1(62).jpg,meningioma
near,4,/kaggle/input/datasets/sartajbhuvaji/brain-tumor-classification-mri/Training/glioma_tumor/gg (220).jpg,glioma,/kaggle/input/datasets/sartajbhuvaji/brain-tumor-classification-mri/Training/glioma_tumor/gg (31).jpg,glioma
near,6,/kaggle/input/datasets/sartajbhuvaji/brain-tumor-classification-mri/Training/glioma_tumor/gg (23).jpg,glioma,/kaggle/input/datasets/sartajbhuvaji/brain-tumor-classification-mri/Training/glioma_tumor/gg (24).jpg,glioma
near,3,/kaggle/input/datasets/sartajbhuvaji/brain-tumor-classification-mri/Training/glioma_tumor/gg (231).jpg,glioma,/kaggle/input/datasets/sartajbhuvaji/brain-tumor-classification-mri/Training/glioma_tumor/gg (232).jpg,glioma
near,6,/kaggle/input/datasets/sartajbhuvaji/brain-tumor-classification-mri/Training/glioma_tumor/gg (235).jpg,glioma,/kaggle/input/datasets/sartajbhuvaji/brain-tumor-classification-mri/Training/glioma_tumor/gg (236).jpg,glioma
near,4,/kaggle/input/datasets/sartajbhuvaji/brain-tumor-classification-mri/Training/glioma_tumor/gg (239).jpg,glioma,/kaggle/input/datasets/sartajbhuvaji/brain-tumor-classification-mri/Training/glioma_tumor/gg (240).jpg,glioma
near,6,/kaggle/input/datasets/sartajbhuvaji/brain-tumor-classification-mri/Training/glioma_tumor/gg (239).jpg,glioma,/kaggle/input/datasets/sartajbhuvaji/brain-tumor-classification-mri/Training/glioma_tumor/gg (241).jpg,glioma
near,5,/kaggle/input/datasets/sartajbhuvaji/brain-tumor-classification-mri/Training/glioma_tumor/gg (24).jpg,glioma,/kaggle/input/datasets/sartajbhuvaji/brain-tumor-classification-mri/Training/glioma_tumor/gg (25).jpg,glioma
near,4,/kaggle/input/datasets/sartajbhuvaji/brain-tumor-classification-mri/Training/glioma_tumor/gg (240).jpg,glioma,/kaggle/input/datasets/sartajbhuvaji/brain-tumor-classification-mri/Training/glioma_tumor/gg (241).jpg,glioma
near,5,/kaggle/input/datasets/sartajbhuvaji/brain-tumor-classification-mri/Training/glioma_tumor/gg (244).jpg,glioma,/kaggle/input/datasets/sartajbhuvaji/brain-tumor-classification-mri/Training/glioma_tumor/gg (259).jpg,glioma
near,6,/kaggle/input/datasets/sartajbhuvaji/brain-tumor-classification-mri/Training/glioma_tumor/gg (250).jpg,glioma,/kaggle/input/datasets/sartajbhuvaji/brain-tumor-classification-mri/Training/meningioma_tumor/m3 (156).jpg,meningioma
near,6,/kaggle/input/datasets/sartajbhuvaji/brain-tumor-classification-mri/Training/glioma_tumor/gg (26).jpg,glioma,/kaggle/input/datasets/sartajbhuvaji/brain-tumor-classification-mri/Training/glioma_tumor/gg (436).jpg,glioma
near,5,/kaggle/input/datasets/sartajbhuvaji/brain-tumor-classification-mri/Training/glioma_tumor/gg (260).jpg,glioma,/kaggle/input/datasets/sartajbhuvaji/brain-tumor-classification-mri/Training/meningioma_tumor/m3 (94).jpg,meningioma
near,5,/kaggle/input/datasets/sartajbhuvaji/brain-tumor-classification-mri/Training/glioma_tumor/gg (261).jpg,glioma,/kaggle/input/datasets/sartajbhuvaji/brain-tumor-classification-mri/Training/meningioma_tumor/m3 (185).jpg,meningioma
near,4,/kaggle/input/datasets/sartajbhuvaji/brain-tumor-classification-mri/Training/glioma_tumor/gg (261).jpg,glioma,/kaggle/input/datasets/sartajbhuvaji/brain-tumor-classification-mri/Training/meningioma_tumor/m3 (8).jpg,meningioma
near,5,/kaggle/input/datasets/sartajbhuvaji/brain-tumor-classification-mri/Training/glioma_tumor/gg (262).jpg,glioma,/kaggle/input/datasets/sartajbhuvaji/brain-tumor-classification-mri/Training/meningioma_tumor/m3 (238).jpg,meningioma
near,6,/kaggle/input/datasets/sartajbhuvaji/brain-tumor-classification-mri/Training/glioma_tumor/gg (266).jpg,glioma,/kaggle/input/datasets/sartajbhuvaji/brain-tumor-classification-mri/Training/glioma_tumor/gg (267).jpg,glioma
near,6,/kaggle/input/datasets/sartajbhuvaji/brain-tumor-classification-mri/Training/glioma_tumor/gg (27).jpg,glioma,/kaggle/input/datasets/sartajbhuvaji/brain-tumor-classification-mri/Training/glioma_tumor/gg (28).jpg,glioma
near,6,/kaggle/input/datasets/sartajbhuvaji/brain-tumor-classification-mri/Training/glioma_tumor/gg (275).jpg,glioma,/kaggle/input/datasets/sartajbhuvaji/brain-tumor-classification-mri/Training/glioma_tumor/gg (276).jpg,glioma
near,6,/kaggle/input/datasets/sartajbhuvaji/brain-tumor-classification-mri/Training/glioma_tumor/gg (276).jpg,glioma,/kaggle/input/datasets/sartajbhuvaji/brain-tumor-classification-mri/Training/glioma_tumor/gg (277).jpg,glioma
near,4,/kaggle/input/datasets/sartajbhuvaji/brain-tumor-classification-mri/Training/glioma_tumor/gg (277).jpg,glioma,/kaggle/input/datasets/sartajbhuvaji/brain-tumor-classification-mri/Training/glioma_tumor/gg (278).jpg,glioma
near,6,/kaggle/input/datasets/sartajbhuvaji/brain-tumor-classification-mri/Training/glioma_tumor/gg (281).jpg,glioma,/kaggle/input/datasets/sartajbhuvaji/brain-tumor-classification-mri/Training/glioma_tumor/gg (711).jpg,glioma
near,6,/kaggle/input/datasets/sartajbhuvaji/brain-tumor-classification-mri/Training/glioma_tumor/gg (283).jpg,glioma,/kaggle/input/datasets/sartajbhuvaji/brain-tumor-classification-mri/Training/glioma_tumor/gg (285).jpg,glioma
near,4,/kaggle/input/datasets/sartajbhuvaji/brain-tumor-classification-mri/Training/glioma_tumor/gg (284).jpg,glioma,/kaggle/input/datasets/sartajbhuvaji/brain-tumor-classification-mri/Training/glioma_tumor/gg (285).jpg,glioma
near,5,/kaggle/input/datasets/sartajbhuvaji/brain-tumor-classification-mri/Training/glioma_tumor/gg (288).jpg,glioma,/kaggle/input/datasets/sartajbhuvaji/brain-tumor-classification-mri/Training/glioma_tumor/gg (289).jpg,glioma
near,5,/kaggle/input/datasets/sartajbhuvaji/brain-tumor-classification-mri/Training/glioma_tumor/gg (288).jpg,glioma,/kaggle/input/datasets/sartajbhuvaji/brain-tumor-classification-mri/Training/glioma_tumor/gg (294).jpg,glioma
near,6,/kaggle/input/datasets/sartajbhuvaji/brain-tumor-classification-mri/Training/glioma_tumor/gg (29).jpg,glioma,/kaggle/input/datasets/sartajbhuvaji/brain-tumor-classification-mri/Training/glioma_tumor/gg (31).jpg,glioma
near,6,/kaggle/input/datasets/sartajbhuvaji/brain-tumor-classification-mri/Training/glioma_tumor/gg (292).jpg,glioma,/kaggle/input/datasets/sartajbhuvaji/brain-tumor-classification-mri/Training/glioma_tumor/gg (293).jpg,glioma
near,2,/kaggle/input/datasets/sartajbhuvaji/brain-tumor-classification-mri/Training/glioma_tumor/gg (309).jpg,glioma,/kaggle/input/datasets/sartajbhuvaji/brain-tumor-classification-mri/Training/glioma_tumor/gg (310).jpg,glioma
near,4,/kaggle/input/datasets/sartajbhuvaji/brain-tumor-classification-mri/Training/glioma_tumor/gg (309).jpg,glioma,/kaggle/input/datasets/sartajbhuvaji/brain-tumor-classification-mri/Training/glioma_tumor/gg (311).jpg,glioma
near,4,/kaggle/input/datasets/sartajbhuvaji/brain-tumor-classification-mri/Training/glioma_tumor/gg (310).jpg,glioma,/kaggle/input/datasets/sartajbhuvaji/brain-tumor-classification-mri/Training/glioma_tumor/gg (311).jpg,glioma
near,6,/kaggle/input/datasets/sartajbhuvaji/brain-tumor-classification-mri/Training/glioma_tumor/gg (327).jpg,glioma,/kaggle/input/datasets/sartajbhuvaji/brain-tumor-classification-mri/Training/glioma_tumor/gg (328).jpg,glioma
near,6,/kaggle/input/datasets/sartajbhuvaji/brain-tumor-classification-mri/Training/glioma_tumor/gg (333).jpg,glioma,/kaggle/input/datasets/sartajbhuvaji/brain-tumor-classification-mri/Training/glioma_tumor/gg (334).jpg,glioma
near,6,/kaggle/input/datasets/sartajbhuvaji/brain-tumor-classification-mri/Training/glioma_tumor/gg (335).jpg,glioma,/kaggle/input/datasets/sartajbhuvaji/brain-tumor-classification-mri/Training/meningioma_tumor/m (75).jpg,meningioma
near,6,/kaggle/input/datasets/sartajbhuvaji/brain-tumor-classification-mri/Training/glioma_tumor/gg (336).jpg,glioma,/kaggle/input/datasets/sartajbhuvaji/brain-tumor-classification-mri/Training/meningioma_tumor/m (75).jpg,meningioma
near,2,/kaggle/input/datasets/sartajbhuvaji/brain-tumor-classification-mri/Training/glioma_tumor/gg (337).jpg,glioma,/kaggle/input/datasets/sartajbhuvaji/brain-tumor-classification-mri/Training/glioma_tumor/gg (338).jpg,glioma
near,6,/kaggle/input/datasets/sartajbhuvaji/brain-tumor-classification-mri/Training/glioma_tumor/gg (346).jpg,glioma,/kaggle/input/datasets/sartajbhuvaji/brain-tumor-classification-mri/Training/glioma_tumor/gg (347).jpg,glioma
near,2,/kaggle/input/datasets/sartajbhuvaji/brain-tumor-classification-mri/Training/glioma_tumor/gg (347).jpg,glioma,/kaggle/input/datasets/sartajbhuvaji/brain-tumor-classification-mri/Training/glioma_tumor/gg (348).jpg,glioma
near,3,/kaggle/input/datasets/sartajbhuvaji/brain-tumor-classification-mri/Training/glioma_tumor/gg (347).jpg,glioma,/kaggle/input/datasets/sartajbhuvaji/brain-tumor-classification-mri/Training/glioma_tumor/gg (349).jpg,glioma
near,1,/kaggle/input/datasets/sartajbhuvaji/brain-tumor-classification-mri/Training/glioma_tumor/gg (348).jpg,glioma,/kaggle/input/datasets/sartajbhuvaji/brain-tumor-classification-mri/Training/glioma_tumor/gg (349).jpg,glioma
near,4,/kaggle/input/datasets/sartajbhuvaji/brain-tumor-classification-mri/Training/glioma_tumor/gg (350).jpg,glioma,/kaggle/input/datasets/sartajbhuvaji/brain-tumor-classification-mri/Training/glioma_tumor/gg (351).jpg,glioma
near,5,/kaggle/input/datasets/sartajbhuvaji/brain-tumor-classification-mri/Training/glioma_tumor/gg (36).jpg,glioma,/kaggle/input/datasets/sartajbhuvaji/brain-tumor-classification-mri/Training/glioma_tumor/gg (37).jpg,glioma
near,6,/kaggle/input/datasets/sartajbhuvaji/brain-tumor-classification-mri/Training/glioma_tumor/gg (362).jpg,glioma,/kaggle/input/datasets/sartajbhuvaji/brain-tumor-classification-mri/Training/glioma_tumor/gg (93).jpg,glioma
near,5,/kaggle/input/datasets/sartajbhuvaji/brain-tumor-classification-mri/Training/glioma_tumor/gg (362).jpg,glioma,/kaggle/input/datasets/sartajbhuvaji/brain-tumor-classification-mri/Training/glioma_tumor/gg (98).jpg,glioma
near,5,/kaggle/input/datasets/sartajbhuvaji/brain-tumor-classification-mri/Training/glioma_tumor/gg (362).jpg,glioma,/kaggle/input/datasets/sartajbhuvaji/brain-tumor-classification-mri/Training/meningioma_tumor/m3 (154).jpg,meningioma
near,6,/kaggle/input/datasets/sartajbhuvaji/brain-tumor-classification-mri/Training/glioma_tumor/gg (363).jpg,glioma,/kaggle/input/datasets/sartajbhuvaji/brain-tumor-classification-mri/Training/meningioma_tumor/m3 (232).jpg,meningioma
near,5,/kaggle/input/datasets/sartajbhuvaji/brain-tumor-classification-mri/Training/glioma_tumor/gg (365).jpg,glioma,/kaggle/input/datasets/sartajbhuvaji/brain-tumor-classification-mri/Training/glioma_tumor/gg (366).jpg,glioma
near,5,/kaggle/input/datasets/sartajbhuvaji/brain-tumor-classification-mri/Training/glioma_tumor/gg (366).jpg,glioma,/kaggle/input/datasets/sartajbhuvaji/brain-tumor-classification-mri/Training/pituitary_tumor/p (160).jpg,pituitary
near,6,/kaggle/input/datasets/sartajbhuvaji/brain-tumor-classification-mri/Training/glioma_tumor/gg (366).jpg,glioma,/kaggle/input/datasets/sartajbhuvaji/brain-tumor-classification-mri/Training/pituitary_tumor/p (164).jpg,pituitary
near,6,/kaggle/input/datasets/sartajbhuvaji/brain-tumor-classification-mri/Training/glioma_tumor/gg (366).jpg,glioma,/kaggle/input/datasets/sartajbhuvaji/brain-tumor-classification-mri/Training/pituitary_tumor/p (165).jpg,pituitary
near,6,/kaggle/input/datasets/sartajbhuvaji/brain-tumor-classification-mri/Training/glioma_tumor/gg (366).jpg,glioma,/kaggle/input/datasets/sartajbhuvaji/brain-tumor-classification-mri/Training/pituitary_tumor/p (270).jpg,pituitary
near,2,/kaggle/input/datasets/sartajbhuvaji/brain-tumor-classification-mri/Training/glioma_tumor/gg (382).jpg,glioma,/kaggle/input/datasets/sartajbhuvaji/brain-tumor-classification-mri/Training/glioma_tumor/gg (383).jpg,glioma
near,6,/kaggle/input/datasets/sartajbhuvaji/brain-tumor-classification-mri/Training/glioma_tumor/gg (393).jpg,glioma,/kaggle/input/datasets/sartajbhuvaji/brain-tumor-classification-mri/Training/glioma_tumor/gg (394).jpg,glioma
near,6,/kaggle/input/datasets/sartajbhuvaji/brain-tumor-classification-mri/Training/glioma_tumor/gg (394).jpg,glioma,/kaggle/input/datasets/sartajbhuvaji/brain-tumor-classification-mri/Training/glioma_tumor/gg (395).jpg,glioma
near,6,/kaggle/input/datasets/sartajbhuvaji/brain-tumor-classification-mri/Training/glioma_tumor/gg (395).jpg,glioma,/kaggle/input/datasets/sartajbhuvaji/brain-tumor-classification-mri/Training/meningioma_tumor/m3 (112).jpg,meningioma
near,5,/kaggle/input/datasets/sartajbhuvaji/brain-tumor-classification-mri/Training/glioma_tumor/gg (405).jpg,glioma,/kaggle/input/datasets/sartajbhuvaji/brain-tumor-classification-mri/Training/glioma_tumor/gg (406).jpg,glioma
near,4,/kaggle/input/datasets/sartajbhuvaji/brain-tumor-classification-mri/Training/glioma_tumor/gg (409).jpg,glioma,/kaggle/input/datasets/sartajbhuvaji/brain-tumor-classification-mri/Training/glioma_tumor/gg (410).jpg,glioma
near,6,/kaggle/input/datasets/sartajbhuvaji/brain-tumor-classification-mri/Training/glioma_tumor/gg (41).jpg,glioma,/kaggle/input/datasets/sartajbhuvaji/brain-tumor-classification-mri/Training/glioma_tumor/gg (42).jpg,glioma
near,4,/kaggle/input/datasets/sartajbhuvaji/brain-tumor-classification-mri/Training/glioma_tumor/gg (417).jpg,glioma,/kaggle/input/datasets/sartajbhuvaji/brain-tumor-classification-mri/Training/glioma_tumor/gg (418).jpg,glioma
near,6,/kaggle/input/datasets/sartajbhuvaji/brain-tumor-classification-mri/Training/glioma_tumor/gg (422).jpg,glioma,/kaggle/input/datasets/sartajbhuvaji/brain-tumor-classification-mri/Training/meningioma_tumor/m3 (217).jpg,meningioma
near,4,/kaggle/input/datasets/sartajbhuvaji/brain-tumor-classification-mri/Training/glioma_tumor/gg (422).jpg,glioma,/kaggle/input/datasets/sartajbhuvaji/brain-tumor-classification-mri/Training/meningioma_tumor/m3 (218).jpg,meningioma
near,3,/kaggle/input/datasets/sartajbhuvaji/brain-tumor-classification-mri/Training/glioma_tumor/gg (422).jpg,glioma,/kaggle/input/datasets/sartajbhuvaji/brain-tumor-classification-mri/Training/meningioma_tumor/m3 (59).jpg,meningioma
near,6,/kaggle/input/datasets/sartajbhuvaji/brain-tumor-classification-mri/Training/glioma_tumor/gg (423).jpg,glioma,/kaggle/input/datasets/sartajbhuvaji/brain-tumor-classification-mri/Training/glioma_tumor/gg (424).jpg,glioma
near,6,/kaggle/input/datasets/sartajbhuvaji/brain-tumor-classification-mri/Training/glioma_tumor/gg (423).jpg,glioma,/kaggle/input/datasets/sartajbhuvaji/brain-tumor-classification-mri/Training/meningioma_tumor/m3 (97).jpg,meningioma
near,6,/kaggle/input/datasets/sartajbhuvaji/brain-tumor-classification-mri/Training/glioma_tumor/gg (423).jpg,glioma,/kaggle/input/datasets/sartajbhuvaji/brain-tumor-classification-mri/Training/meningioma_tumor/m3 (98).jpg,meningioma
near,4,/kaggle/input/datasets/sartajbhuvaji/brain-tumor-classification-mri/Training/glioma_tumor/gg (426).jpg,glioma,/kaggle/input/datasets/sartajbhuvaji/brain-tumor-classification-mri/Training/glioma_tumor/gg (427).jpg,glioma
near,4,/kaggle/input/datasets/sartajbhuvaji/brain-tumor-classification-mri/Training/glioma_tumor/gg (431).jpg,glioma,/kaggle/input/datasets/sartajbhuvaji/brain-tumor-classification-mri/Training/glioma_tumor/gg (432).jpg,glioma
near,6,/kaggle/input/datasets/sartajbhuvaji/brain-tumor-classification-mri/Training/glioma_tumor/gg (431).jpg,glioma,/kaggle/input/datasets/sartajbhuvaji/brain-tumor-classification-mri/Training/meningioma_tumor/m3 (21).jpg,meningioma
near,6,/kaggle/input/datasets/sartajbhuvaji/brain-tumor-classification-mri/Training/glioma_tumor/gg (436).jpg,glioma,/kaggle/input/datasets/sartajbhuvaji/brain-tumor-classification-mri/Training/glioma_tumor/gg (437).jpg,glioma
near,6,/kaggle/input/datasets/sartajbhuvaji/brain-tumor-classification-mri/Training/glioma_tumor/gg (436).jpg,glioma,/kaggle/input/datasets/sartajbhuvaji/brain-tumor-classification-mri/Training/glioma_tumor/gg (438).jpg,glioma
near,6,/kaggle/input/datasets/sartajbhuvaji/brain-tumor-classification-mri/Training/glioma_tumor/gg (437).jpg,glioma,/kaggle/input/datasets/sartajbhuvaji/brain-tumor-classification-mri/Training/glioma_tumor/gg (438).jpg,glioma
near,5,/kaggle/input/datasets/sartajbhuvaji/brain-tumor-classification-mri/Training/glioma_tumor/gg (438).jpg,glioma,/kaggle/input/datasets/sartajbhuvaji/brain-tumor-classification-mri/Training/glioma_tumor/gg (439).jpg,glioma
near,6,/kaggle/input/datasets/sartajbhuvaji/brain-tumor-classification-mri/Training/glioma_tumor/gg (447).jpg,glioma,/kaggle/input/datasets/sartajbhuvaji/brain-tumor-classification-mri/Training/glioma_tumor/gg (449).jpg,glioma
near,4,/kaggle/input/datasets/sartajbhuvaji/brain-tumor-classification-mri/Training/glioma_tumor/gg (448).jpg,glioma,/kaggle/input/datasets/sartajbhuvaji/brain-tumor-classification-mri/Training/glioma_tumor/gg (449).jpg,glioma
near,6,/kaggle/input/datasets/sartajbhuvaji/brain-tumor-classification-mri/Training/glioma_tumor/gg (448).jpg,glioma,/kaggle/input/datasets/sartajbhuvaji/brain-tumor-classification-mri/Training/glioma_tumor/gg (651).jpg,glioma
near,6,/kaggle/input/datasets/sartajbhuvaji/brain-tumor-classification-mri/Training/glioma_tumor/gg (448).jpg,glioma,/kaggle/input/datasets/sartajbhuvaji/brain-tumor-classification-mri/Testing/glioma_tumor/image(61).jpg,glioma
near,6,/kaggle/input/datasets/sartajbhuvaji/brain-tumor-classification-mri/Training/glioma_tumor/gg (449).jpg,glioma,/kaggle/input/datasets/sartajbhuvaji/brain-tumor-classification-mri/Training/glioma_tumor/gg (651).jpg,glioma
near,6,/kaggle/input/datasets/sartajbhuvaji/brain-tumor-classification-mri/Training/glioma_tumor/gg (449).jpg,glioma,/kaggle/input/datasets/sartajbhuvaji/brain-tumor-classification-mri/Testing/glioma_tumor/image(60).jpg,glioma
near,6,/kaggle/input/datasets/sartajbhuvaji/brain-tumor-classification-mri/Training/glioma_tumor/gg (449).jpg,glioma,/kaggle/input/datasets/sartajbhuvaji/brain-tumor-classification-mri/Testing/glioma_tumor/image(61).jpg,glioma
near,4,/kaggle/input/datasets/sartajbhuvaji/brain-tumor-classification-mri/Training/glioma_tumor/gg (450).jpg,glioma,/kaggle/input/datasets/sartajbhuvaji/brain-tumor-classification-mri/Training/glioma_tumor/gg (451).jpg,glioma
near,5,/kaggle/input/datasets/sartajbhuvaji/brain-tumor-classification-mri/Training/glioma_tumor/gg (455).jpg,glioma,/kaggle/input/datasets/sartajbhuvaji/brain-tumor-classification-mri/Training/glioma_tumor/gg (456).jpg,glioma
near,3,/kaggle/input/datasets/sartajbhuvaji/brain-tumor-classification-mri/Training/glioma_tumor/gg (46).jpg,glioma,/kaggle/input/datasets/sartajbhuvaji/brain-tumor-classification-mri/Training/glioma_tumor/gg (47).jpg,glioma
near,4,/kaggle/input/datasets/sartajbhuvaji/brain-tumor-classification-mri/Training/glioma_tumor/gg (461).jpg,glioma,/kaggle/input/datasets/sartajbhuvaji/brain-tumor-classification-mri/Training/glioma_tumor/gg (462).jpg,glioma
near,4,/kaggle/input/datasets/sartajbhuvaji/brain-tumor-classification-mri/Training/glioma_tumor/gg (461).jpg,glioma,/kaggle/input/datasets/sartajbhuvaji/brain-tumor-classification-mri/Training/meningioma_tumor/m2 (58).jpg,meningioma
near,6,/kaggle/input/datasets/sartajbhuvaji/brain-tumor-classification-mri/Training/glioma_tumor/gg (462).jpg,glioma,/kaggle/input/datasets/sartajbhuvaji/brain-tumor-classification-mri/Training/meningioma_tumor/m2 (58).jpg,meningioma
near,5,/kaggle/input/datasets/sartajbhuvaji/brain-tumor-classification-mri/Training/glioma_tumor/gg (462).jpg,glioma,/kaggle/input/datasets/sartajbhuvaji/brain-tumor-classification-mri/Training/meningioma_tumor/m3 (244).jpg,meningioma
near,4,/kaggle/input/datasets/sartajbhuvaji/brain-tumor-classification-mri/Training/glioma_tumor/gg (465).jpg,glioma,/kaggle/input/datasets/sartajbhuvaji/brain-tumor-classification-mri/Training/glioma_tumor/gg (466).jpg,glioma
near,6,/kaggle/input/datasets/sartajbhuvaji/brain-tumor-classification-mri/Training/glioma_tumor/gg (468).jpg,glioma,/kaggle/input/datasets/sartajbhuvaji/brain-tumor-classification-mri/Training/glioma_tumor/gg (469).jpg,glioma
near,6,/kaggle/input/datasets/sartajbhuvaji/brain-tumor-classification-mri/Training/glioma_tumor/gg (469).jpg,glioma,/kaggle/input/datasets/sartajbhuvaji/brain-tumor-classification-mri/Training/glioma_tumor/gg (470).jpg,glioma
near,6,/kaggle/input/datasets/sartajbhuvaji/brain-tumor-classification-mri/Training/glioma_tumor/gg (470).jpg,glioma,/kaggle/input/datasets/sartajbhuvaji/brain-tumor-classification-mri/Training/glioma_tumor/gg (471).jpg,glioma
near,2,/kaggle/input/datasets/sartajbhuvaji/brain-tumor-classification-mri/Training/glioma_tumor/gg (474).jpg,glioma,/kaggle/input/datasets/sartajbhuvaji/brain-tumor-classification-mri/Training/glioma_tumor/gg (475).jpg,glioma
near,2,/kaggle/input/datasets/sartajbhuvaji/brain-tumor-classification-mri/Training/glioma_tumor/gg (474).jpg,glioma,/kaggle/input/datasets/sartajbhuvaji/brain-tumor-classification-mri/Training/glioma_tumor/gg (476).jpg,glioma
near,2,/kaggle/input/datasets/sartajbhuvaji/brain-tumor-classification-mri/Training/glioma_tumor/gg (475).jpg,glioma,/kaggle/input/datasets/sartajbhuvaji/brain-tumor-classification-mri/Training/glioma_tumor/gg (476).jpg,glioma
near,6,/kaggle/input/datasets/sartajbhuvaji/brain-tumor-classification-mri/Training/glioma_tumor/gg (476).jpg,glioma,/kaggle/input/datasets/sartajbhuvaji/brain-tumor-classification-mri/Training/glioma_tumor/gg (477).jpg,glioma
near,3,/kaggle/input/datasets/sartajbhuvaji/brain-tumor-classification-mri/Training/glioma_tumor/gg (477).jpg,glioma,/kaggle/input/datasets/sartajbhuvaji/brain-tumor-classification-mri/Training/glioma_tumor/gg (478).jpg,glioma
near,4,/kaggle/input/datasets/sartajbhuvaji/brain-tumor-classification-mri/Training/glioma_tumor/gg (479).jpg,glioma,/kaggle/input/datasets/sartajbhuvaji/brain-tumor-classification-mri/Training/glioma_tumor/gg (480).jpg,glioma
near,6,/kaggle/input/datasets/sartajbhuvaji/brain-tumor-classification-mri/Training/glioma_tumor/gg (483).jpg,glioma,/kaggle/input/datasets/sartajbhuvaji/brain-tumor-classification-mri/Training/glioma_tumor/gg (484).jpg,glioma
near,4,/kaggle/input/datasets/sartajbhuvaji/brain-tumor-classification-mri/Training/glioma_tumor/gg (485).jpg,glioma,/kaggle/input/datasets/sartajbhuvaji/brain-tumor-classification-mri/Training/glioma_tumor/gg (486).jpg,glioma
near,4,/kaggle/input/datasets/sartajbhuvaji/brain-tumor-classification-mri/Training/glioma_tumor/gg (488).jpg,glioma,/kaggle/input/datasets/sartajbhuvaji/brain-tumor-classification-mri/Training/glioma_tumor/gg (489).jpg,glioma
near,6,/kaggle/input/datasets/sartajbhuvaji/brain-tumor-classification-mri/Training/glioma_tumor/gg (490).jpg,glioma,/kaggle/input/datasets/sartajbhuvaji/brain-tumor-classification-mri/Training/glioma_tumor/gg (491).jpg,glioma
near,6,/kaggle/input/datasets/sartajbhuvaji/brain-tumor-classification-mri/Training/glioma_tumor/gg (490).jpg,glioma,/kaggle/input/datasets/sartajbhuvaji/brain-tumor-classification-mri/Training/glioma_tumor/gg (510).jpg,glioma
near,3,/kaggle/input/datasets/sartajbhuvaji/brain-tumor-classification-mri/Training/glioma_tumor/gg (491).jpg,glioma,/kaggle/input/datasets/sartajbhuvaji/brain-tumor-classification-mri/Training/glioma_tumor/gg (492).jpg,glioma
near,5,/kaggle/input/datasets/sartajbhuvaji/brain-tumor-classification-mri/Training/glioma_tumor/gg (494).jpg,glioma,/kaggle/input/datasets/sartajbhuvaji/brain-tumor-classification-mri/Training/glioma_tumor/gg (495).jpg,glioma
near,6,/kaggle/input/datasets/sartajbhuvaji/brain-tumor-classification-mri/Training/glioma_tumor/gg (5).jpg,glioma,/kaggle/input/datasets/sartajbhuvaji/brain-tumor-classification-mri/Training/meningioma_tumor/m3 (14).jpg,meningioma
near,6,/kaggle/input/datasets/sartajbhuvaji/brain-tumor-classification-mri/Training/glioma_tumor/gg (500).jpg,glioma,/kaggle/input/datasets/sartajbhuvaji/brain-tumor-classification-mri/Training/glioma_tumor/gg (501).jpg,glioma
near,5,/kaggle/input/datasets/sartajbhuvaji/brain-tumor-classification-mri/Training/glioma_tumor/gg (502).jpg,glioma,/kaggle/input/datasets/sartajbhuvaji/brain-tumor-classification-mri/Training/glioma_tumor/gg (536).jpg,glioma
near,1,/kaggle/input/datasets/sartajbhuvaji/brain-tumor-classification-mri/Training/glioma_tumor/gg (504).jpg,glioma,/kaggle/input/datasets/sartajbhuvaji/brain-tumor-classification-mri/Training/glioma_tumor/gg (505).jpg,glioma
near,4,/kaggle/input/datasets/sartajbhuvaji/brain-tumor-classification-mri/Training/glioma_tumor/gg (504).jpg,glioma,/kaggle/input/datasets/sartajbhuvaji/brain-tumor-classification-mri/Training/glioma_tumor/gg (506).jpg,glioma
near,5,/kaggle/input/datasets/sartajbhuvaji/brain-tumor-classification-mri/Training/glioma_tumor/gg (505).jpg,glioma,/kaggle/input/datasets/sartajbhuvaji/brain-tumor-classification-mri/Training/glioma_tumor/gg (506).jpg,glioma
near,6,/kaggle/input/datasets/sartajbhuvaji/brain-tumor-classification-mri/Training/glioma_tumor/gg (506).jpg,glioma,/kaggle/input/datasets/sartajbhuvaji/brain-tumor-classification-mri/Training/glioma_tumor/gg (507).jpg,glioma
near,6,/kaggle/input/datasets/sartajbhuvaji/brain-tumor-classification-mri/Training/glioma_tumor/gg (511).jpg,glioma,/kaggle/input/datasets/sartajbhuvaji/brain-tumor-classification-mri/Training/glioma_tumor/gg (512).jpg,glioma
near,6,/kaggle/input/datasets/sartajbhuvaji/brain-tumor-classification-mri/Training/glioma_tumor/gg (511).jpg,glioma,/kaggle/input/datasets/sartajbhuvaji/brain-tumor-classification-mri/Training/glioma_tumor/gg (754).jpg,glioma
near,5,/kaggle/input/datasets/sartajbhuvaji/brain-tumor-classification-mri/Training/glioma_tumor/gg (512).jpg,glioma,/kaggle/input/datasets/sartajbhuvaji/brain-tumor-classification-mri/Training/glioma_tumor/gg (513).jpg,glioma
near,3,/kaggle/input/datasets/sartajbhuvaji/brain-tumor-classification-mri/Training/glioma_tumor/gg (514).jpg,glioma,/kaggle/input/datasets/sartajbhuvaji/brain-tumor-classification-mri/Training/glioma_tumor/gg (515).jpg,glioma
near,4,/kaggle/input/datasets/sartajbhuvaji/brain-tumor-classification-mri/Training/glioma_tumor/gg (515).jpg,glioma,/kaggle/input/datasets/sartajbhuvaji/brain-tumor-classification-mri/Training/glioma_tumor/gg (516).jpg,glioma
near,5,/kaggle/input/datasets/sartajbhuvaji/brain-tumor-classification-mri/Training/glioma_tumor/gg (520).jpg,glioma,/kaggle/input/datasets/sartajbhuvaji/brain-tumor-classification-mri/Training/meningioma_tumor/m (150).jpg,meningioma
near,6,/kaggle/input/datasets/sartajbhuvaji/brain-tumor-classification-mri/Training/glioma_tumor/gg (520).jpg,glioma,/kaggle/input/datasets/sartajbhuvaji/brain-tumor-classification-mri/Training/meningioma_tumor/m1(32).jpg,meningioma
near,6,/kaggle/input/datasets/sartajbhuvaji/brain-tumor-classification-mri/Training/glioma_tumor/gg (520).jpg,glioma,/kaggle/input/datasets/sartajbhuvaji/brain-tumor-classification-mri/Training/meningioma_tumor/m1(33).jpg,meningioma
near,5,/kaggle/input/datasets/sartajbhuvaji/brain-tumor-classification-mri/Training/glioma_tumor/gg (520).jpg,glioma,/kaggle/input/datasets/sartajbhuvaji/brain-tumor-classification-mri/Training/no_tumor/image (12).jpg,no_tumor
near,3,/kaggle/input/datasets/sartajbhuvaji/brain-tumor-classification-mri/Training/glioma_tumor/gg (520).jpg,glioma,/kaggle/input/datasets/sartajbhuvaji/brain-tumor-classification-mri/Training/no_tumor/image(128).jpg,no_tumor
near,6,/kaggle/input/datasets/sartajbhuvaji/brain-tumor-classification-mri/Training/glioma_tumor/gg (520).jpg,glioma,/kaggle/input/datasets/sartajbhuvaji/brain-tumor-classification-mri/Training/no_tumor/image(63).jpg,no_tumor
near,6,/kaggle/input/datasets/sartajbhuvaji/brain-tumor-classification-mri/Training/glioma_tumor/gg (520).jpg,glioma,/kaggle/input/datasets/sartajbhuvaji/brain-tumor-classification-mri/Testing/no_tumor/image(88).jpg,no_tumor
near,6,/kaggle/input/datasets/sartajbhuvaji/brain-tumor-classification-mri/Training/glioma_tumor/gg (521).jpg,glioma,/kaggle/input/datasets/sartajbhuvaji/brain-tumor-classification-mri/Training/glioma_tumor/gg (522).jpg,glioma
near,5,/kaggle/input/datasets/sartajbhuvaji/brain-tumor-classification-mri/Training/glioma_tumor/gg (524).jpg,glioma,/kaggle/input/datasets/sartajbhuvaji/brain-tumor-classification-mri/Training/glioma_tumor/gg (525).jpg,glioma
near,5,/kaggle/input/datasets/sartajbhuvaji/brain-tumor-classification-mri/Training/glioma_tumor/gg (525).jpg,glioma,/kaggle/input/datasets/sartajbhuvaji/brain-tumor-classification-mri/Training/glioma_tumor/gg (526).jpg,glioma
near,2,/kaggle/input/datasets/sartajbhuvaji/brain-tumor-classification-mri/Training/glioma_tumor/gg (526).jpg,glioma,/kaggle/input/datasets/sartajbhuvaji/brain-tumor-classification-mri/Training/glioma_tumor/gg (527).jpg,glioma
near,5,/kaggle/input/datasets/sartajbhuvaji/brain-tumor-classification-mri/Training/glioma_tumor/gg (53).jpg,glioma,/kaggle/input/datasets/sartajbhuvaji/brain-tumor-classification-mri/Training/glioma_tumor/gg (54).jpg,glioma
near,6,/kaggle/input/datasets/sartajbhuvaji/brain-tumor-classification-mri/Training/glioma_tumor/gg (530).jpg,glioma,/kaggle/input/datasets/sartajbhuvaji/brain-tumor-classification-mri/Training/glioma_tumor/gg (531).jpg,glioma
near,2,/kaggle/input/datasets/sartajbhuvaji/brain-tumor-classification-mri/Training/glioma_tumor/gg (538).jpg,glioma,/kaggle/input/datasets/sartajbhuvaji/brain-tumor-classification-mri/Training/glioma_tumor/gg (539).jpg,glioma
near,4,/kaggle/input/datasets/sartajbhuvaji/brain-tumor-classification-mri/Training/glioma_tumor/gg (538).jpg,glioma,/kaggle/input/datasets/sartajbhuvaji/brain-tumor-classification-mri/Training/glioma_tumor/gg (540).jpg,glioma
near,4,/kaggle/input/datasets/sartajbhuvaji/brain-tumor-classification-mri/Training/glioma_tumor/gg (539).jpg,glioma,/kaggle/input/datasets/sartajbhuvaji/brain-tumor-classification-mri/Training/glioma_tumor/gg (540).jpg,glioma
near,4,/kaggle/input/datasets/sartajbhuvaji/brain-tumor-classification-mri/Training/glioma_tumor/gg (540).jpg,glioma,/kaggle/input/datasets/sartajbhuvaji/brain-tumor-classification-mri/Training/glioma_tumor/gg (541).jpg,glioma
near,4,/kaggle/input/datasets/sartajbhuvaji/brain-tumor-classification-mri/Training/glioma_tumor/gg (546).jpg,glioma,/kaggle/input/datasets/sartajbhuvaji/brain-tumor-classification-mri/Training/glioma_tumor/gg (547).jpg,glioma
near,6,/kaggle/input/datasets/sartajbhuvaji/brain-tumor-classification-mri/Training/glioma_tumor/gg (546).jpg,glioma,/kaggle/input/datasets/sartajbhuvaji/brain-tumor-classification-mri/Training/glioma_tumor/gg (550).jpg,glioma
near,2,/kaggle/input/datasets/sartajbhuvaji/brain-tumor-classification-mri/Training/glioma_tumor/gg (546).jpg,glioma,/kaggle/input/datasets/sartajbhuvaji/brain-tumor-classification-mri/Training/glioma_tumor/gg (551).jpg,glioma
near,4,/kaggle/input/datasets/sartajbhuvaji/brain-tumor-classification-mri/Training/glioma_tumor/gg (547).jpg,glioma,/kaggle/input/datasets/sartajbhuvaji/brain-tumor-classification-mri/Training/glioma_tumor/gg (550).jpg,glioma
near,6,/kaggle/input/datasets/sartajbhuvaji/brain-tumor-classification-mri/Training/glioma_tumor/gg (547).jpg,glioma,/kaggle/input/datasets/sartajbhuvaji/brain-tumor-classification-mri/Training/glioma_tumor/gg (551).jpg,glioma
near,6,/kaggle/input/datasets/sartajbhuvaji/brain-tumor-classification-mri/Training/glioma_tumor/gg (55).jpg,glioma,/kaggle/input/datasets/sartajbhuvaji/brain-tumor-classification-mri/Training/glioma_tumor/gg (56).jpg,glioma
near,4,/kaggle/input/datasets/sartajbhuvaji/brain-tumor-classification-mri/Training/glioma_tumor/gg (550).jpg,glioma,/kaggle/input/datasets/sartajbhuvaji/brain-tumor-classification-mri/Training/glioma_tumor/gg (551).jpg,glioma
near,3,/kaggle/input/datasets/sartajbhuvaji/brain-tumor-classification-mri/Training/glioma_tumor/gg (552).jpg,glioma,/kaggle/input/datasets/sartajbhuvaji/brain-tumor-classification-mri/Training/glioma_tumor/gg (553).jpg,glioma
near,6,/kaggle/input/datasets/sartajbhuvaji/brain-tumor-classification-mri/Training/glioma_tumor/gg (556).jpg,glioma,/kaggle/input/datasets/sartajbhuvaji/brain-tumor-classification-mri/Training/glioma_tumor/gg (557).jpg,glioma
near,4,/kaggle/input/datasets/sartajbhuvaji/brain-tumor-classification-mri/Training/glioma_tumor/gg (56).jpg,glioma,/kaggle/input/datasets/sartajbhuvaji/brain-tumor-classification-mri/Training/glioma_tumor/gg (57).jpg,glioma
near,5,/kaggle/input/datasets/sartajbhuvaji/brain-tumor-classification-mri/Training/glioma_tumor/gg (562).jpg,glioma,/kaggle/input/datasets/sartajbhuvaji/brain-tumor-classification-mri/Training/glioma_tumor/gg (563).jpg,glioma
near,6,/kaggle/input/datasets/sartajbhuvaji/brain-tumor-classification-mri/Training/glioma_tumor/gg (564).jpg,glioma,/kaggle/input/datasets/sartajbhuvaji/brain-tumor-classification-mri/Training/glioma_tumor/gg (569).jpg,glioma
near,6,/kaggle/input/datasets/sartajbhuvaji/brain-tumor-classification-mri/Training/glioma_tumor/gg (564).jpg,glioma,/kaggle/input/datasets/sartajbhuvaji/brain-tumor-classification-mri/Training/glioma_tumor/gg (570).jpg,glioma
near,5,/kaggle/input/datasets/sartajbhuvaji/brain-tumor-classification-mri/Training/glioma_tumor/gg (564).jpg,glioma,/kaggle/input/datasets/sartajbhuvaji/brain-tumor-classification-mri/Training/glioma_tumor/gg (572).jpg,glioma
near,5,/kaggle/input/datasets/sartajbhuvaji/brain-tumor-classification-mri/Training/glioma_tumor/gg (565).jpg,glioma,/kaggle/input/datasets/sartajbhuvaji/brain-tumor-classification-mri/Training/glioma_tumor/gg (566).jpg,glioma
near,4,/kaggle/input/datasets/sartajbhuvaji/brain-tumor-classification-mri/Training/glioma_tumor/gg (568).jpg,glioma,/kaggle/input/datasets/sartajbhuvaji/brain-tumor-classification-mri/Training/glioma_tumor/gg (569).jpg,glioma
near,4,/kaggle/input/datasets/sartajbhuvaji/brain-tumor-classification-mri/Training/glioma_tumor/gg (568).jpg,glioma,/kaggle/input/datasets/sartajbhuvaji/brain-tumor-classification-mri/Training/glioma_tumor/gg (570).jpg,glioma
near,4,/kaggle/input/datasets/sartajbhuvaji/brain-tumor-classification-mri/Training/glioma_tumor/gg (569).jpg,glioma,/kaggle/input/datasets/sartajbhuvaji/brain-tumor-classification-mri/Training/glioma_tumor/gg (570).jpg,glioma
near,5,/kaggle/input/datasets/sartajbhuvaji/brain-tumor-classification-mri/Training/glioma_tumor/gg (57).jpg,glioma,/kaggle/input/datasets/sartajbhuvaji/brain-tumor-classification-mri/Training/glioma_tumor/gg (58).jpg,glioma
near,3,/kaggle/input/datasets/sartajbhuvaji/brain-tumor-classification-mri/Training/glioma_tumor/gg (570).jpg,glioma,/kaggle/input/datasets/sartajbhuvaji/brain-tumor-classification-mri/Training/glioma_tumor/gg (572).jpg,glioma
near,6,/kaggle/input/datasets/sartajbhuvaji/brain-tumor-classification-mri/Training/glioma_tumor/gg (571).jpg,glioma,/kaggle/input/datasets/sartajbhuvaji/brain-tumor-classification-mri/Training/glioma_tumor/gg (572).jpg,glioma
near,6,/kaggle/input/datasets/sartajbhuvaji/brain-tumor-classification-mri/Training/glioma_tumor/gg (577).jpg,glioma,/kaggle/input/datasets/sartajbhuvaji/brain-tumor-classification-mri/Training/glioma_tumor/gg (578).jpg,glioma
near,2,/kaggle/input/datasets/sartajbhuvaji/brain-tumor-classification-mri/Training/glioma_tumor/gg (579).jpg,glioma,/kaggle/input/datasets/sartajbhuvaji/brain-tumor-classification-mri/Training/glioma_tumor/gg (580).jpg,glioma
near,5,/kaggle/input/datasets/sartajbhuvaji/brain-tumor-classification-mri/Training/glioma_tumor/gg (579).jpg,glioma,/kaggle/input/datasets/sartajbhuvaji/brain-tumor-classification-mri/Training/glioma_tumor/gg (639).jpg,glioma
near,5,/kaggle/input/datasets/sartajbhuvaji/brain-tumor-classification-mri/Training/glioma_tumor/gg (580).jpg,glioma,/kaggle/input/datasets/sartajbhuvaji/brain-tumor-classification-mri/Training/meningioma_tumor/m (156).jpg,meningioma
near,4,/kaggle/input/datasets/sartajbhuvaji/brain-tumor-classification-mri/Training/glioma_tumor/gg (586).jpg,glioma,/kaggle/input/datasets/sartajbhuvaji/brain-tumor-classification-mri/Training/glioma_tumor/gg (587).jpg,glioma
near,5,/kaggle/input/datasets/sartajbhuvaji/brain-tumor-classification-mri/Training/glioma_tumor/gg (587).jpg,glioma,/kaggle/input/datasets/sartajbhuvaji/brain-tumor-classification-mri/Training/glioma_tumor/gg (588).jpg,glioma
near,5,/kaggle/input/datasets/sartajbhuvaji/brain-tumor-classification-mri/Training/glioma_tumor/gg (587).jpg,glioma,/kaggle/input/datasets/sartajbhuvaji/brain-tumor-classification-mri/Training/glioma_tumor/gg (589).jpg,glioma
near,5,/kaggle/input/datasets/sartajbhuvaji/brain-tumor-classification-mri/Training/glioma_tumor/gg (587).jpg,glioma,/kaggle/input/datasets/sartajbhuvaji/brain-tumor-classification-mri/Training/glioma_tumor/gg (590).jpg,glioma
near,5,/kaggle/input/datasets/sartajbhuvaji/brain-tumor-classification-mri/Training/glioma_tumor/gg (587).jpg,glioma,/kaggle/input/datasets/sartajbhuvaji/brain-tumor-classification-mri/Testing/glioma_tumor/image(66).jpg,glioma
near,2,/kaggle/input/datasets/sartajbhuvaji/brain-tumor-classification-mri/Training/glioma_tumor/gg (588).jpg,glioma,/kaggle/input/datasets/sartajbhuvaji/brain-tumor-classification-mri/Training/glioma_tumor/gg (589).jpg,glioma
near,4,/kaggle/input/datasets/sartajbhuvaji/brain-tumor-classification-mri/Training/glioma_tumor/gg (588).jpg,glioma,/kaggle/input/datasets/sartajbhuvaji/brain-tumor-classification-mri/Training/glioma_tumor/gg (590).jpg,glioma
near,2,/kaggle/input/datasets/sartajbhuvaji/brain-tumor-classification-mri/Training/glioma_tumor/gg (588).jpg,glioma,/kaggle/input/datasets/sartajbhuvaji/brain-tumor-classification-mri/Testing/glioma_tumor/image(66).jpg,glioma
near,2,/kaggle/input/datasets/sartajbhuvaji/brain-tumor-classification-mri/Training/glioma_tumor/gg (589).jpg,glioma,/kaggle/input/datasets/sartajbhuvaji/brain-tumor-classification-mri/Training/glioma_tumor/gg (590).jpg,glioma
near,2,/kaggle/input/datasets/sartajbhuvaji/brain-tumor-classification-mri/Training/glioma_tumor/gg (590).jpg,glioma,/kaggle/input/datasets/sartajbhuvaji/brain-tumor-classification-mri/Testing/glioma_tumor/image(66).jpg,glioma
near,6,/kaggle/input/datasets/sartajbhuvaji/brain-tumor-classification-mri/Training/glioma_tumor/gg (595).jpg,glioma,/kaggle/input/datasets/sartajbhuvaji/brain-tumor-classification-mri/Training/glioma_tumor/gg (596).jpg,glioma
near,6,/kaggle/input/datasets/sartajbhuvaji/brain-tumor-classification-mri/Training/glioma_tumor/gg (598).jpg,glioma,/kaggle/input/datasets/sartajbhuvaji/brain-tumor-classification-mri/Training/glioma_tumor/gg (599).jpg,glioma
near,6,/kaggle/input/datasets/sartajbhuvaji/brain-tumor-classification-mri/Training/glioma_tumor/gg (598).jpg,glioma,/kaggle/input/datasets/sartajbhuvaji/brain-tumor-classification-mri/Training/glioma_tumor/gg (600).jpg,glioma
near,3,/kaggle/input/datasets/sartajbhuvaji/brain-tumor-classification-mri/Training/glioma_tumor/gg (60).jpg,glioma,/kaggle/input/datasets/sartajbhuvaji/brain-tumor-classification-mri/Training/glioma_tumor/gg (61).jpg,glioma
near,5,/kaggle/input/datasets/sartajbhuvaji/brain-tumor-classification-mri/Training/glioma_tumor/gg (606).jpg,glioma,/kaggle/input/datasets/sartajbhuvaji/brain-tumor-classification-mri/Training/glioma_tumor/gg (607).jpg,glioma
near,6,/kaggle/input/datasets/sartajbhuvaji/brain-tumor-classification-mri/Training/glioma_tumor/gg (608).jpg,glioma,/kaggle/input/datasets/sartajbhuvaji/brain-tumor-classification-mri/Training/glioma_tumor/gg (609).jpg,glioma
near,3,/kaggle/input/datasets/sartajbhuvaji/brain-tumor-classification-mri/Training/glioma_tumor/gg (609).jpg,glioma,/kaggle/input/datasets/sartajbhuvaji/brain-tumor-classification-mri/Training/glioma_tumor/gg (610).jpg,glioma
near,6,/kaggle/input/datasets/sartajbhuvaji/brain-tumor-classification-mri/Training/glioma_tumor/gg (609).jpg,glioma,/kaggle/input/datasets/sartajbhuvaji/brain-tumor-classification-mri/Training/glioma_tumor/gg (611).jpg,glioma
near,5,/kaggle/input/datasets/sartajbhuvaji/brain-tumor-classification-mri/Training/glioma_tumor/gg (610).jpg,glioma,/kaggle/input/datasets/sartajbhuvaji/brain-tumor-classification-mri/Training/glioma_tumor/gg (611).jpg,glioma
near,6,/kaggle/input/datasets/sartajbhuvaji/brain-tumor-classification-mri/Training/glioma_tumor/gg (613).jpg,glioma,/kaggle/input/datasets/sartajbhuvaji/brain-tumor-classification-mri/Training/glioma_tumor/gg (614).jpg,glioma
near,2,/kaggle/input/datasets/sartajbhuvaji/brain-tumor-classification-mri/Training/glioma_tumor/gg (614).jpg,glioma,/kaggle/input/datasets/sartajbhuvaji/brain-tumor-classification-mri/Training/glioma_tumor/gg (615).jpg,glioma
near,6,/kaggle/input/datasets/sartajbhuvaji/brain-tumor-classification-mri/Training/glioma_tumor/gg (622).jpg,glioma,/kaggle/input/datasets/sartajbhuvaji/brain-tumor-classification-mri/Training/glioma_tumor/gg (623).jpg,glioma
near,4,/kaggle/input/datasets/sartajbhuvaji/brain-tumor-classification-mri/Training/glioma_tumor/gg (628).jpg,glioma,/kaggle/input/datasets/sartajbhuvaji/brain-tumor-classification-mri/Training/glioma_tumor/gg (728).jpg,glioma
near,6,/kaggle/input/datasets/sartajbhuvaji/brain-tumor-classification-mri/Training/glioma_tumor/gg (63).jpg,glioma,/kaggle/input/datasets/sartajbhuvaji/brain-tumor-classification-mri/Training/glioma_tumor/gg (64).jpg,glioma
near,5,/kaggle/input/datasets/sartajbhuvaji/brain-tumor-classification-mri/Training/glioma_tumor/gg (63).jpg,glioma,/kaggle/input/datasets/sartajbhuvaji/brain-tumor-classification-mri/Training/pituitary_tumor/p (164).jpg,pituitary
near,6,/kaggle/input/datasets/sartajbhuvaji/brain-tumor-classification-mri/Training/glioma_tumor/gg (631).jpg,glioma,/kaggle/input/datasets/sartajbhuvaji/brain-tumor-classification-mri/Training/glioma_tumor/gg (632).jpg,glioma
near,6,/kaggle/input/datasets/sartajbhuvaji/brain-tumor-classification-mri/Training/glioma_tumor/gg (631).jpg,glioma,/kaggle/input/datasets/sartajbhuvaji/brain-tumor-classification-mri/Training/glioma_tumor/gg (636).jpg,glioma
near,4,/kaggle/input/datasets/sartajbhuvaji/brain-tumor-classification-mri/Training/glioma_tumor/gg (632).jpg,glioma,/kaggle/input/datasets/sartajbhuvaji/brain-tumor-classification-mri/Training/glioma_tumor/gg (636).jpg,glioma
near,6,/kaggle/input/datasets/sartajbhuvaji/brain-tumor-classification-mri/Training/glioma_tumor/gg (632).jpg,glioma,/kaggle/input/datasets/sartajbhuvaji/brain-tumor-classification-mri/Training/glioma_tumor/gg (637).jpg,glioma
near,6,/kaggle/input/datasets/sartajbhuvaji/brain-tumor-classification-mri/Training/glioma_tumor/gg (632).jpg,glioma,/kaggle/input/datasets/sartajbhuvaji/brain-tumor-classification-mri/Training/glioma_tumor/gg (638).jpg,glioma
near,5,/kaggle/input/datasets/sartajbhuvaji/brain-tumor-classification-mri/Training/glioma_tumor/gg (632).jpg,glioma,/kaggle/input/datasets/sartajbhuvaji/brain-tumor-classification-mri/Training/glioma_tumor/gg (639).jpg,glioma
near,6,/kaggle/input/datasets/sartajbhuvaji/brain-tumor-classification-mri/Training/glioma_tumor/gg (633).jpg,glioma,/kaggle/input/datasets/sartajbhuvaji/brain-tumor-classification-mri/Training/glioma_tumor/gg (634).jpg,glioma
near,6,/kaggle/input/datasets/sartajbhuvaji/brain-tumor-classification-mri/Training/glioma_tumor/gg (633).jpg,glioma,/kaggle/input/datasets/sartajbhuvaji/brain-tumor-classification-mri/Training/glioma_tumor/gg (641).jpg,glioma
near,5,/kaggle/input/datasets/sartajbhuvaji/brain-tumor-classification-mri/Training/glioma_tumor/gg (634).jpg,glioma,/kaggle/input/datasets/sartajbhuvaji/brain-tumor-classification-mri/Training/glioma_tumor/gg (635).jpg,glioma
near,6,/kaggle/input/datasets/sartajbhuvaji/brain-tumor-classification-mri/Training/glioma_tumor/gg (635).jpg,glioma,/kaggle/input/datasets/sartajbhuvaji/brain-tumor-classification-mri/Training/no_tumor/image (43).jpg,no_tumor
near,6,/kaggle/input/datasets/sartajbhuvaji/brain-tumor-classification-mri/Training/glioma_tumor/gg (635).jpg,glioma,/kaggle/input/datasets/sartajbhuvaji/brain-tumor-classification-mri/Testing/no_tumor/image(2).jpg,no_tumor
near,6,/kaggle/input/datasets/sartajbhuvaji/brain-tumor-classification-mri/Training/glioma_tumor/gg (636).jpg,glioma,/kaggle/input/datasets/sartajbhuvaji/brain-tumor-classification-mri/Training/glioma_tumor/gg (637).jpg,glioma
near,6,/kaggle/input/datasets/sartajbhuvaji/brain-tumor-classification-mri/Training/glioma_tumor/gg (636).jpg,glioma,/kaggle/input/datasets/sartajbhuvaji/brain-tumor-classification-mri/Training/glioma_tumor/gg (638).jpg,glioma
near,2,/kaggle/input/datasets/sartajbhuvaji/brain-tumor-classification-mri/Training/glioma_tumor/gg (637).jpg,glioma,/kaggle/input/datasets/sartajbhuvaji/brain-tumor-classification-mri/Training/glioma_tumor/gg (638).jpg,glioma
near,5,/kaggle/input/datasets/sartajbhuvaji/brain-tumor-classification-mri/Training/glioma_tumor/gg (637).jpg,glioma,/kaggle/input/datasets/sartajbhuvaji/brain-tumor-classification-mri/Training/glioma_tumor/gg (639).jpg,glioma
near,5,/kaggle/input/datasets/sartajbhuvaji/brain-tumor-classification-mri/Training/glioma_tumor/gg (638).jpg,glioma,/kaggle/input/datasets/sartajbhuvaji/brain-tumor-classification-mri/Training/glioma_tumor/gg (639).jpg,glioma
near,6,/kaggle/input/datasets/sartajbhuvaji/brain-tumor-classification-mri/Training/glioma_tumor/gg (639).jpg,glioma,/kaggle/input/datasets/sartajbhuvaji/brain-tumor-classification-mri/Training/glioma_tumor/gg (640).jpg,glioma
near,6,/kaggle/input/datasets/sartajbhuvaji/brain-tumor-classification-mri/Training/glioma_tumor/gg (640).jpg,glioma,/kaggle/input/datasets/sartajbhuvaji/brain-tumor-classification-mri/Training/glioma_tumor/gg (641).jpg,glioma
near,4,/kaggle/input/datasets/sartajbhuvaji/brain-tumor-classification-mri/Training/glioma_tumor/gg (643).jpg,glioma,/kaggle/input/datasets/sartajbhuvaji/brain-tumor-classification-mri/Training/glioma_tumor/gg (644).jpg,glioma
near,4,/kaggle/input/datasets/sartajbhuvaji/brain-tumor-classification-mri/Training/glioma_tumor/gg (645).jpg,glioma,/kaggle/input/datasets/sartajbhuvaji/brain-tumor-classification-mri/Training/glioma_tumor/gg (646).jpg,glioma
near,4,/kaggle/input/datasets/sartajbhuvaji/brain-tumor-classification-mri/Training/glioma_tumor/gg (65).jpg,glioma,/kaggle/input/datasets/sartajbhuvaji/brain-tumor-classification-mri/Training/glioma_tumor/gg (66).jpg,glioma
near,6,/kaggle/input/datasets/sartajbhuvaji/brain-tumor-classification-mri/Training/glioma_tumor/gg (654).jpg,glioma,/kaggle/input/datasets/sartajbhuvaji/brain-tumor-classification-mri/Training/glioma_tumor/gg (703).jpg,glioma
near,6,/kaggle/input/datasets/sartajbhuvaji/brain-tumor-classification-mri/Training/glioma_tumor/gg (660).jpg,glioma,/kaggle/input/datasets/sartajbhuvaji/brain-tumor-classification-mri/Training/glioma_tumor/gg (661).jpg,glioma
near,5,/kaggle/input/datasets/sartajbhuvaji/brain-tumor-classification-mri/Training/glioma_tumor/gg (661).jpg,glioma,/kaggle/input/datasets/sartajbhuvaji/brain-tumor-classification-mri/Training/glioma_tumor/gg (662).jpg,glioma
near,4,/kaggle/input/datasets/sartajbhuvaji/brain-tumor-classification-mri/Training/glioma_tumor/gg (665).jpg,glioma,/kaggle/input/datasets/sartajbhuvaji/brain-tumor-classification-mri/Training/glioma_tumor/gg (666).jpg,glioma
near,6,/kaggle/input/datasets/sartajbhuvaji/brain-tumor-classification-mri/Training/glioma_tumor/gg (665).jpg,glioma,/kaggle/input/datasets/sartajbhuvaji/brain-tumor-classification-mri/Training/glioma_tumor/gg (667).jpg,glioma
near,6,/kaggle/input/datasets/sartajbhuvaji/brain-tumor-classification-mri/Training/glioma_tumor/gg (670).jpg,glioma,/kaggle/input/datasets/sartajbhuvaji/brain-tumor-classification-mri/Training/glioma_tumor/gg (671).jpg,glioma
near,2,/kaggle/input/datasets/sartajbhuvaji/brain-tumor-classification-mri/Training/glioma_tumor/gg (672).jpg,glioma,/kaggle/input/datasets/sartajbhuvaji/brain-tumor-classification-mri/Training/glioma_tumor/gg (673).jpg,glioma
near,6,/kaggle/input/datasets/sartajbhuvaji/brain-tumor-classification-mri/Training/glioma_tumor/gg (674).jpg,glioma,/kaggle/input/datasets/sartajbhuvaji/brain-tumor-classification-mri/Training/glioma_tumor/gg (675).jpg,glioma
near,5,/kaggle/input/datasets/sartajbhuvaji/brain-tumor-classification-mri/Training/glioma_tumor/gg (675).jpg,glioma,/kaggle/input/datasets/sartajbhuvaji/brain-tumor-classification-mri/Training/glioma_tumor/gg (676).jpg,glioma
near,6,/kaggle/input/datasets/sartajbhuvaji/brain-tumor-classification-mri/Training/glioma_tumor/gg (681).jpg,glioma,/kaggle/input/datasets/sartajbhuvaji/brain-tumor-classification-mri/Training/glioma_tumor/gg (682).jpg,glioma
near,5,/kaggle/input/datasets/sartajbhuvaji/brain-tumor-classification-mri/Training/glioma_tumor/gg (683).jpg,glioma,/kaggle/input/datasets/sartajbhuvaji/brain-tumor-classification-mri/Training/glioma_tumor/gg (684).jpg,glioma
near,5,/kaggle/input/datasets/sartajbhuvaji/brain-tumor-classification-mri/Training/glioma_tumor/gg (69).jpg,glioma,/kaggle/input/datasets/sartajbhuvaji/brain-tumor-classification-mri/Training/glioma_tumor/gg (70).jpg,glioma
near,5,/kaggle/input/datasets/sartajbhuvaji/brain-tumor-classification-mri/Training/glioma_tumor/gg (690).jpg,glioma,/kaggle/input/datasets/sartajbhuvaji/brain-tumor-classification-mri/Training/glioma_tumor/gg (691).jpg,glioma
near,5,/kaggle/input/datasets/sartajbhuvaji/brain-tumor-classification-mri/Training/glioma_tumor/gg (692).jpg,glioma,/kaggle/input/datasets/sartajbhuvaji/brain-tumor-classification-mri/Training/glioma_tumor/gg (696).jpg,glioma
near,5,/kaggle/input/datasets/sartajbhuvaji/brain-tumor-classification-mri/Training/glioma_tumor/gg (696).jpg,glioma,/kaggle/input/datasets/sartajbhuvaji/brain-tumor-classification-mri/Training/glioma_tumor/gg (697).jpg,glioma
near,6,/kaggle/input/datasets/sartajbhuvaji/brain-tumor-classification-mri/Training/glioma_tumor/gg (70).jpg,glioma,/kaggle/input/datasets/sartajbhuvaji/brain-tumor-classification-mri/Training/glioma_tumor/gg (71).jpg,glioma
near,2,/kaggle/input/datasets/sartajbhuvaji/brain-tumor-classification-mri/Training/glioma_tumor/gg (700).jpg,glioma,/kaggle/input/datasets/sartajbhuvaji/brain-tumor-classification-mri/Training/glioma_tumor/gg (701).jpg,glioma
near,6,/kaggle/input/datasets/sartajbhuvaji/brain-tumor-classification-mri/Training/glioma_tumor/gg (710).jpg,glioma,/kaggle/input/datasets/sartajbhuvaji/brain-tumor-classification-mri/Training/glioma_tumor/gg (711).jpg,glioma
near,4,/kaggle/input/datasets/sartajbhuvaji/brain-tumor-classification-mri/Training/glioma_tumor/gg (713).jpg,glioma,/kaggle/input/datasets/sartajbhuvaji/brain-tumor-classification-mri/Training/glioma_tumor/gg (714).jpg,glioma
near,5,/kaggle/input/datasets/sartajbhuvaji/brain-tumor-classification-mri/Training/glioma_tumor/gg (715).jpg,glioma,/kaggle/input/datasets/sartajbhuvaji/brain-tumor-classification-mri/Training/glioma_tumor/gg (716).jpg,glioma
near,4,/kaggle/input/datasets/sartajbhuvaji/brain-tumor-classification-mri/Training/glioma_tumor/gg (719).jpg,glioma,/kaggle/input/datasets/sartajbhuvaji/brain-tumor-classification-mri/Training/glioma_tumor/gg (720).jpg,glioma
near,4,/kaggle/input/datasets/sartajbhuvaji/brain-tumor-classification-mri/Training/glioma_tumor/gg (72).jpg,glioma,/kaggle/input/datasets/sartajbhuvaji/brain-tumor-classification-mri/Training/glioma_tumor/gg (73).jpg,glioma
near,4,/kaggle/input/datasets/sartajbhuvaji/brain-tumor-classification-mri/Training/glioma_tumor/gg (722).jpg,glioma,/kaggle/input/datasets/sartajbhuvaji/brain-tumor-classification-mri/Training/glioma_tumor/gg (723).jpg,glioma
near,6,/kaggle/input/datasets/sartajbhuvaji/brain-tumor-classification-mri/Training/glioma_tumor/gg (729).jpg,glioma,/kaggle/input/datasets/sartajbhuvaji/brain-tumor-classification-mri/Training/glioma_tumor/gg (730).jpg,glioma
near,6,/kaggle/input/datasets/sartajbhuvaji/brain-tumor-classification-mri/Training/glioma_tumor/gg (729).jpg,glioma,/kaggle/input/datasets/sartajbhuvaji/brain-tumor-classification-mri/Training/glioma_tumor/gg (731).jpg,glioma
near,6,/kaggle/input/datasets/sartajbhuvaji/brain-tumor-classification-mri/Training/glioma_tumor/gg (730).jpg,glioma,/kaggle/input/datasets/sartajbhuvaji/brain-tumor-classification-mri/Training/glioma_tumor/gg (731).jpg,glioma
near,4,/kaggle/input/datasets/sartajbhuvaji/brain-tumor-classification-mri/Training/glioma_tumor/gg (731).jpg,glioma,/kaggle/input/datasets/sartajbhuvaji/brain-tumor-classification-mri/Training/glioma_tumor/gg (732).jpg,glioma
near,5,/kaggle/input/datasets/sartajbhuvaji/brain-tumor-classification-mri/Training/glioma_tumor/gg (737).jpg,glioma,/kaggle/input/datasets/sartajbhuvaji/brain-tumor-classification-mri/Training/glioma_tumor/gg (738).jpg,glioma
near,6,/kaggle/input/datasets/sartajbhuvaji/brain-tumor-classification-mri/Training/glioma_tumor/gg (737).jpg,glioma,/kaggle/input/datasets/sartajbhuvaji/brain-tumor-classification-mri/Training/glioma_tumor/gg (740).jpg,glioma
near,4,/kaggle/input/datasets/sartajbhuvaji/brain-tumor-classification-mri/Training/glioma_tumor/gg (739).jpg,glioma,/kaggle/input/datasets/sartajbhuvaji/brain-tumor-classification-mri/Training/glioma_tumor/gg (740).jpg,glioma
near,4,/kaggle/input/datasets/sartajbhuvaji/brain-tumor-classification-mri/Training/glioma_tumor/gg (74).jpg,glioma,/kaggle/input/datasets/sartajbhuvaji/brain-tumor-classification-mri/Training/glioma_tumor/gg (76).jpg,glioma
near,4,/kaggle/input/datasets/sartajbhuvaji/brain-tumor-classification-mri/Training/glioma_tumor/gg (74).jpg,glioma,/kaggle/input/datasets/sartajbhuvaji/brain-tumor-classification-mri/Training/glioma_tumor/gg (78).jpg,glioma
near,5,/kaggle/input/datasets/sartajbhuvaji/brain-tumor-classification-mri/Training/glioma_tumor/gg (741).jpg,glioma,/kaggle/input/datasets/sartajbhuvaji/brain-tumor-classification-mri/Training/glioma_tumor/gg (742).jpg,glioma
near,6,/kaggle/input/datasets/sartajbhuvaji/brain-tumor-classification-mri/Training/glioma_tumor/gg (742).jpg,glioma,/kaggle/input/datasets/sartajbhuvaji/brain-tumor-classification-mri/Training/glioma_tumor/gg (743).jpg,glioma
near,6,/kaggle/input/datasets/sartajbhuvaji/brain-tumor-classification-mri/Training/glioma_tumor/gg (745).jpg,glioma,/kaggle/input/datasets/sartajbhuvaji/brain-tumor-classification-mri/Training/glioma_tumor/gg (746).jpg,glioma
near,4,/kaggle/input/datasets/sartajbhuvaji/brain-tumor-classification-mri/Training/glioma_tumor/gg (748).jpg,glioma,/kaggle/input/datasets/sartajbhuvaji/brain-tumor-classification-mri/Training/glioma_tumor/gg (749).jpg,glioma
near,6,/kaggle/input/datasets/sartajbhuvaji/brain-tumor-classification-mri/Training/glioma_tumor/gg (749).jpg,glioma,/kaggle/input/datasets/sartajbhuvaji/brain-tumor-classification-mri/Training/glioma_tumor/gg (750).jpg,glioma
near,4,/kaggle/input/datasets/sartajbhuvaji/brain-tumor-classification-mri/Training/glioma_tumor/gg (751).jpg,glioma,/kaggle/input/datasets/sartajbhuvaji/brain-tumor-classification-mri/Training/glioma_tumor/gg (752).jpg,glioma
near,6,/kaggle/input/datasets/sartajbhuvaji/brain-tumor-classification-mri/Training/glioma_tumor/gg (751).jpg,glioma,/kaggle/input/datasets/sartajbhuvaji/brain-tumor-classification-mri/Training/glioma_tumor/gg (753).jpg,glioma
near,6,/kaggle/input/datasets/sartajbhuvaji/brain-tumor-classification-mri/Training/glioma_tumor/gg (752).jpg,glioma,/kaggle/input/datasets/sartajbhuvaji/brain-tumor-classification-mri/Training/glioma_tumor/gg (753).jpg,glioma
near,2,/kaggle/input/datasets/sartajbhuvaji/brain-tumor-classification-mri/Training/glioma_tumor/gg (757).jpg,glioma,/kaggle/input/datasets/sartajbhuvaji/brain-tumor-classification-mri/Training/glioma_tumor/gg (758).jpg,glioma
near,6,/kaggle/input/datasets/sartajbhuvaji/brain-tumor-classification-mri/Training/glioma_tumor/gg (762).jpg,glioma,/kaggle/input/datasets/sartajbhuvaji/brain-tumor-classification-mri/Training/glioma_tumor/gg (764).jpg,glioma
near,6,/kaggle/input/datasets/sartajbhuvaji/brain-tumor-classification-mri/Training/glioma_tumor/gg (763).jpg,glioma,/kaggle/input/datasets/sartajbhuvaji/brain-tumor-classification-mri/Training/glioma_tumor/gg (764).jpg,glioma
near,6,/kaggle/input/datasets/sartajbhuvaji/brain-tumor-classification-mri/Training/glioma_tumor/gg (767).jpg,glioma,/kaggle/input/datasets/sartajbhuvaji/brain-tumor-classification-mri/Training/glioma_tumor/gg (768).jpg,glioma
near,4,/kaggle/input/datasets/sartajbhuvaji/brain-tumor-classification-mri/Training/glioma_tumor/gg (768).jpg,glioma,/kaggle/input/datasets/sartajbhuvaji/brain-tumor-classification-mri/Training/glioma_tumor/gg (769).jpg,glioma
near,6,/kaggle/input/datasets/sartajbhuvaji/brain-tumor-classification-mri/Training/glioma_tumor/gg (769).jpg,glioma,/kaggle/input/datasets/sartajbhuvaji/brain-tumor-classification-mri/Training/glioma_tumor/gg (770).jpg,glioma
near,6,/kaggle/input/datasets/sartajbhuvaji/brain-tumor-classification-mri/Training/glioma_tumor/gg (77).jpg,glioma,/kaggle/input/datasets/sartajbhuvaji/brain-tumor-classification-mri/Training/glioma_tumor/gg (78).jpg,glioma
near,6,/kaggle/input/datasets/sartajbhuvaji/brain-tumor-classification-mri/Training/glioma_tumor/gg (773).jpg,glioma,/kaggle/input/datasets/sartajbhuvaji/brain-tumor-classification-mri/Training/glioma_tumor/gg (774).jpg,glioma
near,6,/kaggle/input/datasets/sartajbhuvaji/brain-tumor-classification-mri/Training/glioma_tumor/gg (773).jpg,glioma,/kaggle/input/datasets/sartajbhuvaji/brain-tumor-classification-mri/Testing/glioma_tumor/image(69).jpg,glioma
near,3,/kaggle/input/datasets/sartajbhuvaji/brain-tumor-classification-mri/Training/glioma_tumor/gg (778).jpg,glioma,/kaggle/input/datasets/sartajbhuvaji/brain-tumor-classification-mri/Training/glioma_tumor/gg (779).jpg,glioma
near,6,/kaggle/input/datasets/sartajbhuvaji/brain-tumor-classification-mri/Training/glioma_tumor/gg (778).jpg,glioma,/kaggle/input/datasets/sartajbhuvaji/brain-tumor-classification-mri/Training/glioma_tumor/gg (780).jpg,glioma
near,3,/kaggle/input/datasets/sartajbhuvaji/brain-tumor-classification-mri/Training/glioma_tumor/gg (779).jpg,glioma,/kaggle/input/datasets/sartajbhuvaji/brain-tumor-classification-mri/Training/glioma_tumor/gg (780).jpg,glioma
near,4,/kaggle/input/datasets/sartajbhuvaji/brain-tumor-classification-mri/Training/glioma_tumor/gg (78).jpg,glioma,/kaggle/input/datasets/sartajbhuvaji/brain-tumor-classification-mri/Training/glioma_tumor/gg (80).jpg,glioma
near,4,/kaggle/input/datasets/sartajbhuvaji/brain-tumor-classification-mri/Training/glioma_tumor/gg (781).jpg,glioma,/kaggle/input/datasets/sartajbhuvaji/brain-tumor-classification-mri/Training/glioma_tumor/gg (782).jpg,glioma
near,4,/kaggle/input/datasets/sartajbhuvaji/brain-tumor-classification-mri/Training/glioma_tumor/gg (788).jpg,glioma,/kaggle/input/datasets/sartajbhuvaji/brain-tumor-classification-mri/Training/glioma_tumor/gg (793).jpg,glioma
near,2,/kaggle/input/datasets/sartajbhuvaji/brain-tumor-classification-mri/Training/glioma_tumor/gg (789).jpg,glioma,/kaggle/input/datasets/sartajbhuvaji/brain-tumor-classification-mri/Training/glioma_tumor/gg (790).jpg,glioma
near,6,/kaggle/input/datasets/sartajbhuvaji/brain-tumor-classification-mri/Training/glioma_tumor/gg (79).jpg,glioma,/kaggle/input/datasets/sartajbhuvaji/brain-tumor-classification-mri/Training/glioma_tumor/gg (80).jpg,glioma
near,6,/kaggle/input/datasets/sartajbhuvaji/brain-tumor-classification-mri/Training/glioma_tumor/gg (795).jpg,glioma,/kaggle/input/datasets/sartajbhuvaji/brain-tumor-classification-mri/Training/meningioma_tumor/m (157).jpg,meningioma
near,5,/kaggle/input/datasets/sartajbhuvaji/brain-tumor-classification-mri/Training/glioma_tumor/gg (797).jpg,glioma,/kaggle/input/datasets/sartajbhuvaji/brain-tumor-classification-mri/Training/glioma_tumor/gg (798).jpg,glioma
near,5,/kaggle/input/datasets/sartajbhuvaji/brain-tumor-classification-mri/Training/glioma_tumor/gg (798).jpg,glioma,/kaggle/input/datasets/sartajbhuvaji/brain-tumor-classification-mri/Testing/glioma_tumor/image(72).jpg,glioma
near,4,/kaggle/input/datasets/sartajbhuvaji/brain-tumor-classification-mri/Training/glioma_tumor/gg (8).jpg,glioma,/kaggle/input/datasets/sartajbhuvaji/brain-tumor-classification-mri/Training/glioma_tumor/gg (9).jpg,glioma
near,4,/kaggle/input/datasets/sartajbhuvaji/brain-tumor-classification-mri/Training/glioma_tumor/gg (8).jpg,glioma,/kaggle/input/datasets/sartajbhuvaji/brain-tumor-classification-mri/Testing/glioma_tumor/image(75).jpg,glioma
near,6,/kaggle/input/datasets/sartajbhuvaji/brain-tumor-classification-mri/Training/glioma_tumor/gg (80).jpg,glioma,/kaggle/input/datasets/sartajbhuvaji/brain-tumor-classification-mri/Training/glioma_tumor/gg (81).jpg,glioma
near,6,/kaggle/input/datasets/sartajbhuvaji/brain-tumor-classification-mri/Training/glioma_tumor/gg (803).jpg,glioma,/kaggle/input/datasets/sartajbhuvaji/brain-tumor-classification-mri/Training/glioma_tumor/gg (804).jpg,glioma
near,2,/kaggle/input/datasets/sartajbhuvaji/brain-tumor-classification-mri/Training/glioma_tumor/gg (804).jpg,glioma,/kaggle/input/datasets/sartajbhuvaji/brain-tumor-classification-mri/Training/glioma_tumor/gg (805).jpg,glioma
near,6,/kaggle/input/datasets/sartajbhuvaji/brain-tumor-classification-mri/Training/glioma_tumor/gg (804).jpg,glioma,/kaggle/input/datasets/sartajbhuvaji/brain-tumor-classification-mri/Training/glioma_tumor/gg (806).jpg,glioma
near,2,/kaggle/input/datasets/sartajbhuvaji/brain-tumor-classification-mri/Training/glioma_tumor/gg (804).jpg,glioma,/kaggle/input/datasets/sartajbhuvaji/brain-tumor-classification-mri/Testing/glioma_tumor/image(73).jpg,glioma
near,4,/kaggle/input/datasets/sartajbhuvaji/brain-tumor-classification-mri/Training/glioma_tumor/gg (805).jpg,glioma,/kaggle/input/datasets/sartajbhuvaji/brain-tumor-classification-mri/Training/glioma_tumor/gg (806).jpg,glioma
near,4,/kaggle/input/datasets/sartajbhuvaji/brain-tumor-classification-mri/Training/glioma_tumor/gg (806).jpg,glioma,/kaggle/input/datasets/sartajbhuvaji/brain-tumor-classification-mri/Training/glioma_tumor/gg (807).jpg,glioma
near,4,/kaggle/input/datasets/sartajbhuvaji/brain-tumor-classification-mri/Training/glioma_tumor/gg (806).jpg,glioma,/kaggle/input/datasets/sartajbhuvaji/brain-tumor-classification-mri/Testing/glioma_tumor/image(73).jpg,glioma
near,4,/kaggle/input/datasets/sartajbhuvaji/brain-tumor-classification-mri/Training/glioma_tumor/gg (81).jpg,glioma,/kaggle/input/datasets/sartajbhuvaji/brain-tumor-classification-mri/Training/glioma_tumor/gg (82).jpg,glioma
near,4,/kaggle/input/datasets/sartajbhuvaji/brain-tumor-classification-mri/Training/glioma_tumor/gg (811).jpg,glioma,/kaggle/input/datasets/sartajbhuvaji/brain-tumor-classification-mri/Training/glioma_tumor/gg (812).jpg,glioma
near,4,/kaggle/input/datasets/sartajbhuvaji/brain-tumor-classification-mri/Training/glioma_tumor/gg (814).jpg,glioma,/kaggle/input/datasets/sartajbhuvaji/brain-tumor-classification-mri/Training/glioma_tumor/gg (815).jpg,glioma
near,4,/kaggle/input/datasets/sartajbhuvaji/brain-tumor-classification-mri/Training/glioma_tumor/gg (815).jpg,glioma,/kaggle/input/datasets/sartajbhuvaji/brain-tumor-classification-mri/Training/glioma_tumor/gg (816).jpg,glioma
near,3,/kaggle/input/datasets/sartajbhuvaji/brain-tumor-classification-mri/Training/glioma_tumor/gg (816).jpg,glioma,/kaggle/input/datasets/sartajbhuvaji/brain-tumor-classification-mri/Training/glioma_tumor/gg (817).jpg,glioma
near,5,/kaggle/input/datasets/sartajbhuvaji/brain-tumor-classification-mri/Training/glioma_tumor/gg (818).jpg,glioma,/kaggle/input/datasets/sartajbhuvaji/brain-tumor-classification-mri/Training/glioma_tumor/gg (819).jpg,glioma
near,1,/kaggle/input/datasets/sartajbhuvaji/brain-tumor-classification-mri/Training/glioma_tumor/gg (820).jpg,glioma,/kaggle/input/datasets/sartajbhuvaji/brain-tumor-classification-mri/Training/glioma_tumor/gg (821).jpg,glioma
near,6,/kaggle/input/datasets/sartajbhuvaji/brain-tumor-classification-mri/Training/glioma_tumor/gg (92).jpg,glioma,/kaggle/input/datasets/sartajbhuvaji/brain-tumor-classification-mri/Training/glioma_tumor/gg (93).jpg,glioma
near,4,/kaggle/input/datasets/sartajbhuvaji/brain-tumor-classification-mri/Training/glioma_tumor/gg (96).jpg,glioma,/kaggle/input/datasets/sartajbhuvaji/brain-tumor-classification-mri/Training/glioma_tumor/gg (97).jpg,glioma
near,3,/kaggle/input/datasets/sartajbhuvaji/brain-tumor-classification-mri/Training/meningioma_tumor/m (10).jpg,meningioma,/kaggle/input/datasets/sartajbhuvaji/brain-tumor-classification-mri/Training/meningioma_tumor/m (11).jpg,meningioma
near,5,/kaggle/input/datasets/sartajbhuvaji/brain-tumor-classification-mri/Training/meningioma_tumor/m (100).jpg,meningioma,/kaggle/input/datasets/sartajbhuvaji/brain-tumor-classification-mri/Training/meningioma_tumor/m (99).jpg,meningioma
near,6,/kaggle/input/datasets/sartajbhuvaji/brain-tumor-classification-mri/Training/meningioma_tumor/m (103).jpg,meningioma,/kaggle/input/datasets/sartajbhuvaji/brain-tumor-classification-mri/Training/meningioma_tumor/m (104).jpg,meningioma
near,3,/kaggle/input/datasets/sartajbhuvaji/brain-tumor-classification-mri/Training/meningioma_tumor/m (109).jpg,meningioma,/kaggle/input/datasets/sartajbhuvaji/brain-tumor-classification-mri/Training/meningioma_tumor/m (110).jpg,meningioma
near,6,/kaggle/input/datasets/sartajbhuvaji/brain-tumor-classification-mri/Training/meningioma_tumor/m (11).jpg,meningioma,/kaggle/input/datasets/sartajbhuvaji/brain-tumor-classification-mri/Training/meningioma_tumor/m2 (175).jpg,meningioma
near,6,/kaggle/input/datasets/sartajbhuvaji/brain-tumor-classification-mri/Training/meningioma_tumor/m (11).jpg,meningioma,/kaggle/input/datasets/sartajbhuvaji/brain-tumor-classification-mri/Training/meningioma_tumor/m2 (176).jpg,meningioma
near,2,/kaggle/input/datasets/sartajbhuvaji/brain-tumor-classification-mri/Training/meningioma_tumor/m (111).jpg,meningioma,/kaggle/input/datasets/sartajbhuvaji/brain-tumor-classification-mri/Training/meningioma_tumor/m (112).jpg,meningioma
near,4,/kaggle/input/datasets/sartajbhuvaji/brain-tumor-classification-mri/Training/meningioma_tumor/m (118).jpg,meningioma,/kaggle/input/datasets/sartajbhuvaji/brain-tumor-classification-mri/Training/meningioma_tumor/m (120).jpg,meningioma
near,4,/kaggle/input/datasets/sartajbhuvaji/brain-tumor-classification-mri/Training/meningioma_tumor/m (119).jpg,meningioma,/kaggle/input/datasets/sartajbhuvaji/brain-tumor-classification-mri/Training/meningioma_tumor/m (120).jpg,meningioma
near,5,/kaggle/input/datasets/sartajbhuvaji/brain-tumor-classification-mri/Training/meningioma_tumor/m (120).jpg,meningioma,/kaggle/input/datasets/sartajbhuvaji/brain-tumor-classification-mri/Training/meningioma_tumor/m (121).jpg,meningioma
near,5,/kaggle/input/datasets/sartajbhuvaji/brain-tumor-classification-mri/Training/meningioma_tumor/m (129).jpg,meningioma,/kaggle/input/datasets/sartajbhuvaji/brain-tumor-classification-mri/Training/meningioma_tumor/m (130).jpg,meningioma
near,6,/kaggle/input/datasets/sartajbhuvaji/brain-tumor-classification-mri/Training/meningioma_tumor/m (13).jpg,meningioma,/kaggle/input/datasets/sartajbhuvaji/brain-tumor-classification-mri/Training/meningioma_tumor/m (14).jpg,meningioma
near,6,/kaggle/input/datasets/sartajbhuvaji/brain-tumor-classification-mri/Training/meningioma_tumor/m (13).jpg,meningioma,/kaggle/input/datasets/sartajbhuvaji/brain-tumor-classification-mri/Training/meningioma_tumor/m (16).jpg,meningioma
near,5,/kaggle/input/datasets/sartajbhuvaji/brain-tumor-classification-mri/Training/meningioma_tumor/m (131).jpg,meningioma,/kaggle/input/datasets/sartajbhuvaji/brain-tumor-classification-mri/Training/meningioma_tumor/m (132).jpg,meningioma
near,6,/kaggle/input/datasets/sartajbhuvaji/brain-tumor-classification-mri/Training/meningioma_tumor/m (135).jpg,meningioma,/kaggle/input/datasets/sartajbhuvaji/brain-tumor-classification-mri/Training/meningioma_tumor/m (136).jpg,meningioma
near,4,/kaggle/input/datasets/sartajbhuvaji/brain-tumor-classification-mri/Training/meningioma_tumor/m (135).jpg,meningioma,/kaggle/input/datasets/sartajbhuvaji/brain-tumor-classification-mri/Training/meningioma_tumor/m (162).jpg,meningioma
near,6,/kaggle/input/datasets/sartajbhuvaji/brain-tumor-classification-mri/Training/meningioma_tumor/m (135).jpg,meningioma,/kaggle/input/datasets/sartajbhuvaji/brain-tumor-classification-mri/Training/meningioma_tumor/m (2).jpg,meningioma
near,6,/kaggle/input/datasets/sartajbhuvaji/brain-tumor-classification-mri/Training/meningioma_tumor/m (135).jpg,meningioma,/kaggle/input/datasets/sartajbhuvaji/brain-tumor-classification-mri/Training/meningioma_tumor/m (201).jpg,meningioma
near,6,/kaggle/input/datasets/sartajbhuvaji/brain-tumor-classification-mri/Training/meningioma_tumor/m (135).jpg,meningioma,/kaggle/input/datasets/sartajbhuvaji/brain-tumor-classification-mri/Training/no_tumor/image (52).jpg,no_tumor
near,6,/kaggle/input/datasets/sartajbhuvaji/brain-tumor-classification-mri/Training/meningioma_tumor/m (135).jpg,meningioma,/kaggle/input/datasets/sartajbhuvaji/brain-tumor-classification-mri/Training/no_tumor/image(60).jpg,no_tumor
near,6,/kaggle/input/datasets/sartajbhuvaji/brain-tumor-classification-mri/Training/meningioma_tumor/m (135).jpg,meningioma,/kaggle/input/datasets/sartajbhuvaji/brain-tumor-classification-mri/Testing/no_tumor/image(11).jpg,no_tumor
near,6,/kaggle/input/datasets/sartajbhuvaji/brain-tumor-classification-mri/Training/meningioma_tumor/m (135).jpg,meningioma,/kaggle/input/datasets/sartajbhuvaji/brain-tumor-classification-mri/Testing/no_tumor/image(85).jpg,no_tumor
near,6,/kaggle/input/datasets/sartajbhuvaji/brain-tumor-classification-mri/Training/meningioma_tumor/m (14).jpg,meningioma,/kaggle/input/datasets/sartajbhuvaji/brain-tumor-classification-mri/Training/meningioma_tumor/m (15).jpg,meningioma
near,6,/kaggle/input/datasets/sartajbhuvaji/brain-tumor-classification-mri/Training/meningioma_tumor/m (14).jpg,meningioma,/kaggle/input/datasets/sartajbhuvaji/brain-tumor-classification-mri/Training/meningioma_tumor/m (16).jpg,meningioma
near,5,/kaggle/input/datasets/sartajbhuvaji/brain-tumor-classification-mri/Training/meningioma_tumor/m (142).jpg,meningioma,/kaggle/input/datasets/sartajbhuvaji/brain-tumor-classification-mri/Training/meningioma_tumor/m (143).jpg,meningioma
near,5,/kaggle/input/datasets/sartajbhuvaji/brain-tumor-classification-mri/Training/meningioma_tumor/m (143).jpg,meningioma,/kaggle/input/datasets/sartajbhuvaji/brain-tumor-classification-mri/Training/meningioma_tumor/m (144).jpg,meningioma
near,3,/kaggle/input/datasets/sartajbhuvaji/brain-tumor-classification-mri/Training/meningioma_tumor/m (147).jpg,meningioma,/kaggle/input/datasets/sartajbhuvaji/brain-tumor-classification-mri/Training/meningioma_tumor/m (148).jpg,meningioma
near,4,/kaggle/input/datasets/sartajbhuvaji/brain-tumor-classification-mri/Training/meningioma_tumor/m (148).jpg,meningioma,/kaggle/input/datasets/sartajbhuvaji/brain-tumor-classification-mri/Training/meningioma_tumor/m (149).jpg,meningioma
near,4,/kaggle/input/datasets/sartajbhuvaji/brain-tumor-classification-mri/Training/meningioma_tumor/m (148).jpg,meningioma,/kaggle/input/datasets/sartajbhuvaji/brain-tumor-classification-mri/Training/meningioma_tumor/m (150).jpg,meningioma
near,6,/kaggle/input/datasets/sartajbhuvaji/brain-tumor-classification-mri/Training/meningioma_tumor/m (148).jpg,meningioma,/kaggle/input/datasets/sartajbhuvaji/brain-tumor-classification-mri/Training/meningioma_tumor/m (151).jpg,meningioma
near,2,/kaggle/input/datasets/sartajbhuvaji/brain-tumor-classification-mri/Training/meningioma_tumor/m (149).jpg,meningioma,/kaggle/input/datasets/sartajbhuvaji/brain-tumor-classification-mri/Training/meningioma_tumor/m (150).jpg,meningioma
near,4,/kaggle/input/datasets/sartajbhuvaji/brain-tumor-classification-mri/Training/meningioma_tumor/m (149).jpg,meningioma,/kaggle/input/datasets/sartajbhuvaji/brain-tumor-classification-mri/Training/meningioma_tumor/m (151).jpg,meningioma
near,6,/kaggle/input/datasets/sartajbhuvaji/brain-tumor-classification-mri/Training/meningioma_tumor/m (15).jpg,meningioma,/kaggle/input/datasets/sartajbhuvaji/brain-tumor-classification-mri/Training/meningioma_tumor/m (16).jpg,meningioma
near,2,/kaggle/input/datasets/sartajbhuvaji/brain-tumor-classification-mri/Training/meningioma_tumor/m (150).jpg,meningioma,/kaggle/input/datasets/sartajbhuvaji/brain-tumor-classification-mri/Training/meningioma_tumor/m (151).jpg,meningioma
near,5,/kaggle/input/datasets/sartajbhuvaji/brain-tumor-classification-mri/Training/meningioma_tumor/m (150).jpg,meningioma,/kaggle/input/datasets/sartajbhuvaji/brain-tumor-classification-mri/Training/meningioma_tumor/m (152).jpg,meningioma
near,5,/kaggle/input/datasets/sartajbhuvaji/brain-tumor-classification-mri/Training/meningioma_tumor/m (150).jpg,meningioma,/kaggle/input/datasets/sartajbhuvaji/brain-tumor-classification-mri/Training/no_tumor/image(63).jpg,no_tumor
near,5,/kaggle/input/datasets/sartajbhuvaji/brain-tumor-classification-mri/Training/meningioma_tumor/m (150).jpg,meningioma,/kaggle/input/datasets/sartajbhuvaji/brain-tumor-classification-mri/Testing/no_tumor/image(88).jpg,no_tumor
near,3,/kaggle/input/datasets/sartajbhuvaji/brain-tumor-classification-mri/Training/meningioma_tumor/m (151).jpg,meningioma,/kaggle/input/datasets/sartajbhuvaji/brain-tumor-classification-mri/Training/meningioma_tumor/m (152).jpg,meningioma
near,6,/kaggle/input/datasets/sartajbhuvaji/brain-tumor-classification-mri/Training/meningioma_tumor/m (154).jpg,meningioma,/kaggle/input/datasets/sartajbhuvaji/brain-tumor-classification-mri/Training/meningioma_tumor/m (155).jpg,meningioma
near,5,/kaggle/input/datasets/sartajbhuvaji/brain-tumor-classification-mri/Training/meningioma_tumor/m (155).jpg,meningioma,/kaggle/input/datasets/sartajbhuvaji/brain-tumor-classification-mri/Training/meningioma_tumor/m (156).jpg,meningioma
near,6,/kaggle/input/datasets/sartajbhuvaji/brain-tumor-classification-mri/Training/meningioma_tumor/m (157).jpg,meningioma,/kaggle/input/datasets/sartajbhuvaji/brain-tumor-classification-mri/Training/meningioma_tumor/m (164).jpg,meningioma
near,5,/kaggle/input/datasets/sartajbhuvaji/brain-tumor-classification-mri/Training/meningioma_tumor/m (158).jpg,meningioma,/kaggle/input/datasets/sartajbhuvaji/brain-tumor-classification-mri/Training/meningioma_tumor/m (159).jpg,meningioma
near,6,/kaggle/input/datasets/sartajbhuvaji/brain-tumor-classification-mri/Training/meningioma_tumor/m (159).jpg,meningioma,/kaggle/input/datasets/sartajbhuvaji/brain-tumor-classification-mri/Training/meningioma_tumor/m (164).jpg,meningioma
near,6,/kaggle/input/datasets/sartajbhuvaji/brain-tumor-classification-mri/Training/meningioma_tumor/m (159).jpg,meningioma,/kaggle/input/datasets/sartajbhuvaji/brain-tumor-classification-mri/Training/meningioma_tumor/m (165).jpg,meningioma
near,5,/kaggle/input/datasets/sartajbhuvaji/brain-tumor-classification-mri/Training/meningioma_tumor/m (162).jpg,meningioma,/kaggle/input/datasets/sartajbhuvaji/brain-tumor-classification-mri/Training/meningioma_tumor/m (184).jpg,meningioma
near,4,/kaggle/input/datasets/sartajbhuvaji/brain-tumor-classification-mri/Training/meningioma_tumor/m (163).jpg,meningioma,/kaggle/input/datasets/sartajbhuvaji/brain-tumor-classification-mri/Training/meningioma_tumor/m (164).jpg,meningioma
near,6,/kaggle/input/datasets/sartajbhuvaji/brain-tumor-classification-mri/Training/meningioma_tumor/m (163).jpg,meningioma,/kaggle/input/datasets/sartajbhuvaji/brain-tumor-classification-mri/Training/meningioma_tumor/m (165).jpg,meningioma
near,6,/kaggle/input/datasets/sartajbhuvaji/brain-tumor-classification-mri/Training/meningioma_tumor/m (163).jpg,meningioma,/kaggle/input/datasets/sartajbhuvaji/brain-tumor-classification-mri/Training/meningioma_tumor/m1(36).jpg,meningioma
near,4,/kaggle/input/datasets/sartajbhuvaji/brain-tumor-classification-mri/Training/meningioma_tumor/m (164).jpg,meningioma,/kaggle/input/datasets/sartajbhuvaji/brain-tumor-classification-mri/Training/meningioma_tumor/m (165).jpg,meningioma
near,4,/kaggle/input/datasets/sartajbhuvaji/brain-tumor-classification-mri/Training/meningioma_tumor/m (169).jpg,meningioma,/kaggle/input/datasets/sartajbhuvaji/brain-tumor-classification-mri/Training/meningioma_tumor/m (170).jpg,meningioma
near,4,/kaggle/input/datasets/sartajbhuvaji/brain-tumor-classification-mri/Training/meningioma_tumor/m (169).jpg,meningioma,/kaggle/input/datasets/sartajbhuvaji/brain-tumor-classification-mri/Training/meningioma_tumor/m (171).jpg,meningioma
near,2,/kaggle/input/datasets/sartajbhuvaji/brain-tumor-classification-mri/Training/meningioma_tumor/m (170).jpg,meningioma,/kaggle/input/datasets/sartajbhuvaji/brain-tumor-classification-mri/Training/meningioma_tumor/m (171).jpg,meningioma
near,2,/kaggle/input/datasets/sartajbhuvaji/brain-tumor-classification-mri/Training/meningioma_tumor/m (173).jpg,meningioma,/kaggle/input/datasets/sartajbhuvaji/brain-tumor-classification-mri/Training/meningioma_tumor/m (174).jpg,meningioma
near,6,/kaggle/input/datasets/sartajbhuvaji/brain-tumor-classification-mri/Training/meningioma_tumor/m (176).jpg,meningioma,/kaggle/input/datasets/sartajbhuvaji/brain-tumor-classification-mri/Training/meningioma_tumor/m (177).jpg,meningioma
near,4,/kaggle/input/datasets/sartajbhuvaji/brain-tumor-classification-mri/Training/meningioma_tumor/m (178).jpg,meningioma,/kaggle/input/datasets/sartajbhuvaji/brain-tumor-classification-mri/Training/meningioma_tumor/m (179).jpg,meningioma
near,6,/kaggle/input/datasets/sartajbhuvaji/brain-tumor-classification-mri/Training/meningioma_tumor/m (181).jpg,meningioma,/kaggle/input/datasets/sartajbhuvaji/brain-tumor-classification-mri/Training/meningioma_tumor/m (182).jpg,meningioma
near,6,/kaggle/input/datasets/sartajbhuvaji/brain-tumor-classification-mri/Training/meningioma_tumor/m (181).jpg,meningioma,/kaggle/input/datasets/sartajbhuvaji/brain-tumor-classification-mri/Training/meningioma_tumor/m (183).jpg,meningioma
near,6,/kaggle/input/datasets/sartajbhuvaji/brain-tumor-classification-mri/Training/meningioma_tumor/m (189).jpg,meningioma,/kaggle/input/datasets/sartajbhuvaji/brain-tumor-classification-mri/Training/meningioma_tumor/m (190).jpg,meningioma
near,6,/kaggle/input/datasets/sartajbhuvaji/brain-tumor-classification-mri/Training/meningioma_tumor/m (193).jpg,meningioma,/kaggle/input/datasets/sartajbhuvaji/brain-tumor-classification-mri/Training/meningioma_tumor/m (194).jpg,meningioma
near,3,/kaggle/input/datasets/sartajbhuvaji/brain-tumor-classification-mri/Training/meningioma_tumor/m (194).jpg,meningioma,/kaggle/input/datasets/sartajbhuvaji/brain-tumor-classification-mri/Training/meningioma_tumor/m (195).jpg,meningioma
near,5,/kaggle/input/datasets/sartajbhuvaji/brain-tumor-classification-mri/Training/meningioma_tumor/m (195).jpg,meningioma,/kaggle/input/datasets/sartajbhuvaji/brain-tumor-classification-mri/Training/meningioma_tumor/m (196).jpg,meningioma
near,6,/kaggle/input/datasets/sartajbhuvaji/brain-tumor-classification-mri/Training/meningioma_tumor/m (196).jpg,meningioma,/kaggle/input/datasets/sartajbhuvaji/brain-tumor-classification-mri/Training/meningioma_tumor/m (197).jpg,meningioma
near,6,/kaggle/input/datasets/sartajbhuvaji/brain-tumor-classification-mri/Training/meningioma_tumor/m (2).jpg,meningioma,/kaggle/input/datasets/sartajbhuvaji/brain-tumor-classification-mri/Training/meningioma_tumor/m (201).jpg,meningioma
near,6,/kaggle/input/datasets/sartajbhuvaji/brain-tumor-classification-mri/Training/meningioma_tumor/m (20).jpg,meningioma,/kaggle/input/datasets/sartajbhuvaji/brain-tumor-classification-mri/Training/meningioma_tumor/m (23).jpg,meningioma
near,5,/kaggle/input/datasets/sartajbhuvaji/brain-tumor-classification-mri/Training/meningioma_tumor/m (21).jpg,meningioma,/kaggle/input/datasets/sartajbhuvaji/brain-tumor-classification-mri/Training/meningioma_tumor/m (22).jpg,meningioma
near,6,/kaggle/input/datasets/sartajbhuvaji/brain-tumor-classification-mri/Training/meningioma_tumor/m (21).jpg,meningioma,/kaggle/input/datasets/sartajbhuvaji/brain-tumor-classification-mri/Training/meningioma_tumor/m (24).jpg,meningioma
near,2,/kaggle/input/datasets/sartajbhuvaji/brain-tumor-classification-mri/Training/meningioma_tumor/m (22).jpg,meningioma,/kaggle/input/datasets/sartajbhuvaji/brain-tumor-classification-mri/Training/meningioma_tumor/m (23).jpg,meningioma
near,2,/kaggle/input/datasets/sartajbhuvaji/brain-tumor-classification-mri/Training/meningioma_tumor/m (28).jpg,meningioma,/kaggle/input/datasets/sartajbhuvaji/brain-tumor-classification-mri/Training/meningioma_tumor/m (29).jpg,meningioma
near,4,/kaggle/input/datasets/sartajbhuvaji/brain-tumor-classification-mri/Training/meningioma_tumor/m (31).jpg,meningioma,/kaggle/input/datasets/sartajbhuvaji/brain-tumor-classification-mri/Training/meningioma_tumor/m (32).jpg,meningioma
near,4,/kaggle/input/datasets/sartajbhuvaji/brain-tumor-classification-mri/Training/meningioma_tumor/m (35).jpg,meningioma,/kaggle/input/datasets/sartajbhuvaji/brain-tumor-classification-mri/Training/meningioma_tumor/m (36).jpg,meningioma
near,6,/kaggle/input/datasets/sartajbhuvaji/brain-tumor-classification-mri/Training/meningioma_tumor/m (37).jpg,meningioma,/kaggle/input/datasets/sartajbhuvaji/brain-tumor-classification-mri/Training/meningioma_tumor/m (38).jpg,meningioma
near,6,/kaggle/input/datasets/sartajbhuvaji/brain-tumor-classification-mri/Training/meningioma_tumor/m (41).jpg,meningioma,/kaggle/input/datasets/sartajbhuvaji/brain-tumor-classification-mri/Training/meningioma_tumor/m (42).jpg,meningioma
near,6,/kaggle/input/datasets/sartajbhuvaji/brain-tumor-classification-mri/Training/meningioma_tumor/m (42).jpg,meningioma,/kaggle/input/datasets/sartajbhuvaji/brain-tumor-classification-mri/Training/meningioma_tumor/m (44).jpg,meningioma
near,4,/kaggle/input/datasets/sartajbhuvaji/brain-tumor-classification-mri/Training/meningioma_tumor/m (43).jpg,meningioma,/kaggle/input/datasets/sartajbhuvaji/brain-tumor-classification-mri/Training/meningioma_tumor/m (44).jpg,meningioma
near,4,/kaggle/input/datasets/sartajbhuvaji/brain-tumor-classification-mri/Training/meningioma_tumor/m (5).jpg,meningioma,/kaggle/input/datasets/sartajbhuvaji/brain-tumor-classification-mri/Training/meningioma_tumor/m (6).jpg,meningioma
near,4,/kaggle/input/datasets/sartajbhuvaji/brain-tumor-classification-mri/Training/meningioma_tumor/m (56).jpg,meningioma,/kaggle/input/datasets/sartajbhuvaji/brain-tumor-classification-mri/Training/meningioma_tumor/m (57).jpg,meningioma
near,5,/kaggle/input/datasets/sartajbhuvaji/brain-tumor-classification-mri/Training/meningioma_tumor/m (58).jpg,meningioma,/kaggle/input/datasets/sartajbhuvaji/brain-tumor-classification-mri/Training/meningioma_tumor/m (59).jpg,meningioma
near,6,/kaggle/input/datasets/sartajbhuvaji/brain-tumor-classification-mri/Training/meningioma_tumor/m (58).jpg,meningioma,/kaggle/input/datasets/sartajbhuvaji/brain-tumor-classification-mri/Training/meningioma_tumor/m (61).jpg,meningioma
near,4,/kaggle/input/datasets/sartajbhuvaji/brain-tumor-classification-mri/Training/meningioma_tumor/m (62).jpg,meningioma,/kaggle/input/datasets/sartajbhuvaji/brain-tumor-classification-mri/Training/meningioma_tumor/m (63).jpg,meningioma
near,5,/kaggle/input/datasets/sartajbhuvaji/brain-tumor-classification-mri/Training/meningioma_tumor/m (65).jpg,meningioma,/kaggle/input/datasets/sartajbhuvaji/brain-tumor-classification-mri/Training/meningioma_tumor/m (66).jpg,meningioma
near,6,/kaggle/input/datasets/sartajbhuvaji/brain-tumor-classification-mri/Training/meningioma_tumor/m (68).jpg,meningioma,/kaggle/input/datasets/sartajbhuvaji/brain-tumor-classification-mri/Training/meningioma_tumor/m (69).jpg,meningioma
near,6,/kaggle/input/datasets/sartajbhuvaji/brain-tumor-classification-mri/Training/meningioma_tumor/m (7).jpg,meningioma,/kaggle/input/datasets/sartajbhuvaji/brain-tumor-classification-mri/Training/meningioma_tumor/m (8).jpg,meningioma
near,5,/kaggle/input/datasets/sartajbhuvaji/brain-tumor-classification-mri/Training/meningioma_tumor/m (73).jpg,meningioma,/kaggle/input/datasets/sartajbhuvaji/brain-tumor-classification-mri/Training/meningioma_tumor/m (74).jpg,meningioma
near,5,/kaggle/input/datasets/sartajbhuvaji/brain-tumor-classification-mri/Training/meningioma_tumor/m (8).jpg,meningioma,/kaggle/input/datasets/sartajbhuvaji/brain-tumor-classification-mri/Training/meningioma_tumor/m (9).jpg,meningioma
near,4,/kaggle/input/datasets/sartajbhuvaji/brain-tumor-classification-mri/Training/meningioma_tumor/m (81).jpg,meningioma,/kaggle/input/datasets/sartajbhuvaji/brain-tumor-classification-mri/Training/meningioma_tumor/m (82).jpg,meningioma
near,4,/kaggle/input/datasets/sartajbhuvaji/brain-tumor-classification-mri/Training/meningioma_tumor/m (86).jpg,meningioma,/kaggle/input/datasets/sartajbhuvaji/brain-tumor-classification-mri/Training/meningioma_tumor/m2 (77).jpg,meningioma
near,1,/kaggle/input/datasets/sartajbhuvaji/brain-tumor-classification-mri/Training/meningioma_tumor/m (87).jpg,meningioma,/kaggle/input/datasets/sartajbhuvaji/brain-tumor-classification-mri/Training/meningioma_tumor/m (88).jpg,meningioma
near,6,/kaggle/input/datasets/sartajbhuvaji/brain-tumor-classification-mri/Training/meningioma_tumor/m (87).jpg,meningioma,/kaggle/input/datasets/sartajbhuvaji/brain-tumor-classification-mri/Training/meningioma_tumor/m (89).jpg,meningioma
near,6,/kaggle/input/datasets/sartajbhuvaji/brain-tumor-classification-mri/Training/meningioma_tumor/m (87).jpg,meningioma,/kaggle/input/datasets/sartajbhuvaji/brain-tumor-classification-mri/Training/meningioma_tumor/m1(88).jpg,meningioma
near,3,/kaggle/input/datasets/sartajbhuvaji/brain-tumor-classification-mri/Training/meningioma_tumor/m (87).jpg,meningioma,/kaggle/input/datasets/sartajbhuvaji/brain-tumor-classification-mri/Training/meningioma_tumor/m1(89).jpg,meningioma
near,5,/kaggle/input/datasets/sartajbhuvaji/brain-tumor-classification-mri/Training/meningioma_tumor/m (88).jpg,meningioma,/kaggle/input/datasets/sartajbhuvaji/brain-tumor-classification-mri/Training/meningioma_tumor/m (89).jpg,meningioma
near,4,/kaggle/input/datasets/sartajbhuvaji/brain-tumor-classification-mri/Training/meningioma_tumor/m (88).jpg,meningioma,/kaggle/input/datasets/sartajbhuvaji/brain-tumor-classification-mri/Training/meningioma_tumor/m1(89).jpg,meningioma
near,6,/kaggle/input/datasets/sartajbhuvaji/brain-tumor-classification-mri/Training/meningioma_tumor/m (89).jpg,meningioma,/kaggle/input/datasets/sartajbhuvaji/brain-tumor-classification-mri/Training/meningioma_tumor/m (90).jpg,meningioma
near,3,/kaggle/input/datasets/sartajbhuvaji/brain-tumor-classification-mri/Training/meningioma_tumor/m1(104).jpg,meningioma,/kaggle/input/datasets/sartajbhuvaji/brain-tumor-classification-mri/Training/meningioma_tumor/m1(193).jpg,meningioma
near,3,/kaggle/input/datasets/sartajbhuvaji/brain-tumor-classification-mri/Training/meningioma_tumor/m1(104).jpg,meningioma,/kaggle/input/datasets/sartajbhuvaji/brain-tumor-classification-mri/Testing/meningioma_tumor/image(83).jpg,meningioma
near,2,/kaggle/input/datasets/sartajbhuvaji/brain-tumor-classification-mri/Training/meningioma_tumor/m1(108).jpg,meningioma,/kaggle/input/datasets/sartajbhuvaji/brain-tumor-classification-mri/Training/meningioma_tumor/m1(143).jpg,meningioma
near,2,/kaggle/input/datasets/sartajbhuvaji/brain-tumor-classification-mri/Training/meningioma_tumor/m1(108).jpg,meningioma,/kaggle/input/datasets/sartajbhuvaji/brain-tumor-classification-mri/Testing/meningioma_tumor/image(33).jpg,meningioma
near,6,/kaggle/input/datasets/sartajbhuvaji/brain-tumor-classification-mri/Training/meningioma_tumor/m1(116).jpg,meningioma,/kaggle/input/datasets/sartajbhuvaji/brain-tumor-classification-mri/Training/meningioma_tumor/m1(182).jpg,meningioma
near,6,/kaggle/input/datasets/sartajbhuvaji/brain-tumor-classification-mri/Training/meningioma_tumor/m1(116).jpg,meningioma,/kaggle/input/datasets/sartajbhuvaji/brain-tumor-classification-mri/Testing/meningioma_tumor/image(72).jpg,meningioma
near,4,/kaggle/input/datasets/sartajbhuvaji/brain-tumor-classification-mri/Training/meningioma_tumor/m1(120).jpg,meningioma,/kaggle/input/datasets/sartajbhuvaji/brain-tumor-classification-mri/Testing/glioma_tumor/image(52).jpg,glioma
near,4,/kaggle/input/datasets/sartajbhuvaji/brain-tumor-classification-mri/Training/meningioma_tumor/m1(120).jpg,meningioma,/kaggle/input/datasets/sartajbhuvaji/brain-tumor-classification-mri/Testing/glioma_tumor/image(98).jpg,glioma
near,4,/kaggle/input/datasets/sartajbhuvaji/brain-tumor-classification-mri/Training/meningioma_tumor/m1(120).jpg,meningioma,/kaggle/input/datasets/sartajbhuvaji/brain-tumor-classification-mri/Testing/glioma_tumor/image(99).jpg,glioma
near,2,/kaggle/input/datasets/sartajbhuvaji/brain-tumor-classification-mri/Training/meningioma_tumor/m1(131).jpg,meningioma,/kaggle/input/datasets/sartajbhuvaji/brain-tumor-classification-mri/Training/meningioma_tumor/m1(175).jpg,meningioma
near,2,/kaggle/input/datasets/sartajbhuvaji/brain-tumor-classification-mri/Training/meningioma_tumor/m1(131).jpg,meningioma,/kaggle/input/datasets/sartajbhuvaji/brain-tumor-classification-mri/Testing/meningioma_tumor/image(65).jpg,meningioma
near,2,/kaggle/input/datasets/sartajbhuvaji/brain-tumor-classification-mri/Training/meningioma_tumor/m1(143).jpg,meningioma,/kaggle/input/datasets/sartajbhuvaji/brain-tumor-classification-mri/Testing/meningioma_tumor/image(125).jpg,meningioma
near,4,/kaggle/input/datasets/sartajbhuvaji/brain-tumor-classification-mri/Training/meningioma_tumor/m1(145).jpg,meningioma,/kaggle/input/datasets/sartajbhuvaji/brain-tumor-classification-mri/Training/meningioma_tumor/m1(156).jpg,meningioma
near,4,/kaggle/input/datasets/sartajbhuvaji/brain-tumor-classification-mri/Training/meningioma_tumor/m1(145).jpg,meningioma,/kaggle/input/datasets/sartajbhuvaji/brain-tumor-classification-mri/Testing/meningioma_tumor/image(46).jpg,meningioma
near,4,/kaggle/input/datasets/sartajbhuvaji/brain-tumor-classification-mri/Training/meningioma_tumor/m1(15).jpg,meningioma,/kaggle/input/datasets/sartajbhuvaji/brain-tumor-classification-mri/Training/meningioma_tumor/m1(17).jpg,meningioma
near,4,/kaggle/input/datasets/sartajbhuvaji/brain-tumor-classification-mri/Training/meningioma_tumor/m1(156).jpg,meningioma,/kaggle/input/datasets/sartajbhuvaji/brain-tumor-classification-mri/Testing/meningioma_tumor/image(35).jpg,meningioma
near,4,/kaggle/input/datasets/sartajbhuvaji/brain-tumor-classification-mri/Training/meningioma_tumor/m1(16).jpg,meningioma,/kaggle/input/datasets/sartajbhuvaji/brain-tumor-classification-mri/Training/meningioma_tumor/m1(17).jpg,meningioma
near,2,/kaggle/input/datasets/sartajbhuvaji/brain-tumor-classification-mri/Training/meningioma_tumor/m1(175).jpg,meningioma,/kaggle/input/datasets/sartajbhuvaji/brain-tumor-classification-mri/Testing/meningioma_tumor/image(21).jpg,meningioma
near,6,/kaggle/input/datasets/sartajbhuvaji/brain-tumor-classification-mri/Training/meningioma_tumor/m1(182).jpg,meningioma,/kaggle/input/datasets/sartajbhuvaji/brain-tumor-classification-mri/Testing/meningioma_tumor/image(6).jpg,meningioma
near,3,/kaggle/input/datasets/sartajbhuvaji/brain-tumor-classification-mri/Training/meningioma_tumor/m1(193).jpg,meningioma,/kaggle/input/datasets/sartajbhuvaji/brain-tumor-classification-mri/Testing/meningioma_tumor/image(121).jpg,meningioma
near,6,/kaggle/input/datasets/sartajbhuvaji/brain-tumor-classification-mri/Training/meningioma_tumor/m1(195).jpg,meningioma,/kaggle/input/datasets/sartajbhuvaji/brain-tumor-classification-mri/Training/meningioma_tumor/m1(99).jpg,meningioma
near,2,/kaggle/input/datasets/sartajbhuvaji/brain-tumor-classification-mri/Training/meningioma_tumor/m1(201).jpg,meningioma,/kaggle/input/datasets/sartajbhuvaji/brain-tumor-classification-mri/Training/meningioma_tumor/m1(96).jpg,meningioma
near,2,/kaggle/input/datasets/sartajbhuvaji/brain-tumor-classification-mri/Training/meningioma_tumor/m1(201).jpg,meningioma,/kaggle/input/datasets/sartajbhuvaji/brain-tumor-classification-mri/Testing/meningioma_tumor/image(113).jpg,meningioma
near,6,/kaggle/input/datasets/sartajbhuvaji/brain-tumor-classification-mri/Training/meningioma_tumor/m1(22).jpg,meningioma,/kaggle/input/datasets/sartajbhuvaji/brain-tumor-classification-mri/Training/meningioma_tumor/m1(23).jpg,meningioma
near,1,/kaggle/input/datasets/sartajbhuvaji/brain-tumor-classification-mri/Training/meningioma_tumor/m1(23).jpg,meningioma,/kaggle/input/datasets/sartajbhuvaji/brain-tumor-classification-mri/Training/meningioma_tumor/m1(24).jpg,meningioma
near,3,/kaggle/input/datasets/sartajbhuvaji/brain-tumor-classification-mri/Training/meningioma_tumor/m1(23).jpg,meningioma,/kaggle/input/datasets/sartajbhuvaji/brain-tumor-classification-mri/Training/meningioma_tumor/m1(25).jpg,meningioma
near,2,/kaggle/input/datasets/sartajbhuvaji/brain-tumor-classification-mri/Training/meningioma_tumor/m1(24).jpg,meningioma,/kaggle/input/datasets/sartajbhuvaji/brain-tumor-classification-mri/Training/meningioma_tumor/m1(25).jpg,meningioma
near,6,/kaggle/input/datasets/sartajbhuvaji/brain-tumor-classification-mri/Training/meningioma_tumor/m1(28).jpg,meningioma,/kaggle/input/datasets/sartajbhuvaji/brain-tumor-classification-mri/Training/meningioma_tumor/m1(30).jpg,meningioma
near,3,/kaggle/input/datasets/sartajbhuvaji/brain-tumor-classification-mri/Training/meningioma_tumor/m1(29).jpg,meningioma,/kaggle/input/datasets/sartajbhuvaji/brain-tumor-classification-mri/Training/meningioma_tumor/m1(30).jpg,meningioma
near,4,/kaggle/input/datasets/sartajbhuvaji/brain-tumor-classification-mri/Training/meningioma_tumor/m1(31).jpg,meningioma,/kaggle/input/datasets/sartajbhuvaji/brain-tumor-classification-mri/Training/meningioma_tumor/m1(32).jpg,meningioma
near,2,/kaggle/input/datasets/sartajbhuvaji/brain-tumor-classification-mri/Training/meningioma_tumor/m1(31).jpg,meningioma,/kaggle/input/datasets/sartajbhuvaji/brain-tumor-classification-mri/Training/meningioma_tumor/m1(33).jpg,meningioma
near,2,/kaggle/input/datasets/sartajbhuvaji/brain-tumor-classification-mri/Training/meningioma_tumor/m1(32).jpg,meningioma,/kaggle/input/datasets/sartajbhuvaji/brain-tumor-classification-mri/Training/meningioma_tumor/m1(33).jpg,meningioma
near,3,/kaggle/input/datasets/sartajbhuvaji/brain-tumor-classification-mri/Training/meningioma_tumor/m1(38).jpg,meningioma,/kaggle/input/datasets/sartajbhuvaji/brain-tumor-classification-mri/Training/meningioma_tumor/m1(39).jpg,meningioma
near,5,/kaggle/input/datasets/sartajbhuvaji/brain-tumor-classification-mri/Training/meningioma_tumor/m1(40).jpg,meningioma,/kaggle/input/datasets/sartajbhuvaji/brain-tumor-classification-mri/Training/meningioma_tumor/m1(41).jpg,meningioma
near,5,/kaggle/input/datasets/sartajbhuvaji/brain-tumor-classification-mri/Training/meningioma_tumor/m1(44).jpg,meningioma,/kaggle/input/datasets/sartajbhuvaji/brain-tumor-classification-mri/Training/meningioma_tumor/m1(45).jpg,meningioma
near,6,/kaggle/input/datasets/sartajbhuvaji/brain-tumor-classification-mri/Training/meningioma_tumor/m1(47).jpg,meningioma,/kaggle/input/datasets/sartajbhuvaji/brain-tumor-classification-mri/Training/pituitary_tumor/p (19).jpg,pituitary
near,4,/kaggle/input/datasets/sartajbhuvaji/brain-tumor-classification-mri/Training/meningioma_tumor/m1(47).jpg,meningioma,/kaggle/input/datasets/sartajbhuvaji/brain-tumor-classification-mri/Training/pituitary_tumor/p (622).jpg,pituitary
near,4,/kaggle/input/datasets/sartajbhuvaji/brain-tumor-classification-mri/Training/meningioma_tumor/m1(48).jpg,meningioma,/kaggle/input/datasets/sartajbhuvaji/brain-tumor-classification-mri/Training/meningioma_tumor/m1(49).jpg,meningioma
near,2,/kaggle/input/datasets/sartajbhuvaji/brain-tumor-classification-mri/Training/meningioma_tumor/m1(53).jpg,meningioma,/kaggle/input/datasets/sartajbhuvaji/brain-tumor-classification-mri/Training/meningioma_tumor/m1(54).jpg,meningioma
near,6,/kaggle/input/datasets/sartajbhuvaji/brain-tumor-classification-mri/Training/meningioma_tumor/m1(53).jpg,meningioma,/kaggle/input/datasets/sartajbhuvaji/brain-tumor-classification-mri/Training/meningioma_tumor/m1(55).jpg,meningioma
near,4,/kaggle/input/datasets/sartajbhuvaji/brain-tumor-classification-mri/Training/meningioma_tumor/m1(54).jpg,meningioma,/kaggle/input/datasets/sartajbhuvaji/brain-tumor-classification-mri/Training/meningioma_tumor/m1(55).jpg,meningioma
near,4,/kaggle/input/datasets/sartajbhuvaji/brain-tumor-classification-mri/Training/meningioma_tumor/m1(55).jpg,meningioma,/kaggle/input/datasets/sartajbhuvaji/brain-tumor-classification-mri/Training/meningioma_tumor/m1(56).jpg,meningioma
near,3,/kaggle/input/datasets/sartajbhuvaji/brain-tumor-classification-mri/Training/meningioma_tumor/m1(58).jpg,meningioma,/kaggle/input/datasets/sartajbhuvaji/brain-tumor-classification-mri/Training/meningioma_tumor/m1(59).jpg,meningioma
near,5,/kaggle/input/datasets/sartajbhuvaji/brain-tumor-classification-mri/Training/meningioma_tumor/m1(58).jpg,meningioma,/kaggle/input/datasets/sartajbhuvaji/brain-tumor-classification-mri/Training/meningioma_tumor/m1(60).jpg,meningioma
near,6,/kaggle/input/datasets/sartajbhuvaji/brain-tumor-classification-mri/Training/meningioma_tumor/m1(58).jpg,meningioma,/kaggle/input/datasets/sartajbhuvaji/brain-tumor-classification-mri/Training/meningioma_tumor/m1(61).jpg,meningioma
near,6,/kaggle/input/datasets/sartajbhuvaji/brain-tumor-classification-mri/Training/meningioma_tumor/m1(59).jpg,meningioma,/kaggle/input/datasets/sartajbhuvaji/brain-tumor-classification-mri/Training/meningioma_tumor/m1(60).jpg,meningioma
near,1,/kaggle/input/datasets/sartajbhuvaji/brain-tumor-classification-mri/Training/meningioma_tumor/m1(60).jpg,meningioma,/kaggle/input/datasets/sartajbhuvaji/brain-tumor-classification-mri/Training/meningioma_tumor/m1(61).jpg,meningioma
near,3,/kaggle/input/datasets/sartajbhuvaji/brain-tumor-classification-mri/Training/meningioma_tumor/m1(60).jpg,meningioma,/kaggle/input/datasets/sartajbhuvaji/brain-tumor-classification-mri/Training/meningioma_tumor/m1(62).jpg,meningioma
near,5,/kaggle/input/datasets/sartajbhuvaji/brain-tumor-classification-mri/Training/meningioma_tumor/m1(60).jpg,meningioma,/kaggle/input/datasets/sartajbhuvaji/brain-tumor-classification-mri/Training/meningioma_tumor/m3 (69).jpg,meningioma
near,2,/kaggle/input/datasets/sartajbhuvaji/brain-tumor-classification-mri/Training/meningioma_tumor/m1(61).jpg,meningioma,/kaggle/input/datasets/sartajbhuvaji/brain-tumor-classification-mri/Training/meningioma_tumor/m1(62).jpg,meningioma
near,6,/kaggle/input/datasets/sartajbhuvaji/brain-tumor-classification-mri/Training/meningioma_tumor/m1(61).jpg,meningioma,/kaggle/input/datasets/sartajbhuvaji/brain-tumor-classification-mri/Training/meningioma_tumor/m1(78).jpg,meningioma
near,6,/kaggle/input/datasets/sartajbhuvaji/brain-tumor-classification-mri/Training/meningioma_tumor/m1(61).jpg,meningioma,/kaggle/input/datasets/sartajbhuvaji/brain-tumor-classification-mri/Training/meningioma_tumor/m1(79).jpg,meningioma
near,6,/kaggle/input/datasets/sartajbhuvaji/brain-tumor-classification-mri/Training/meningioma_tumor/m1(61).jpg,meningioma,/kaggle/input/datasets/sartajbhuvaji/brain-tumor-classification-mri/Training/meningioma_tumor/m3 (69).jpg,meningioma
near,5,/kaggle/input/datasets/sartajbhuvaji/brain-tumor-classification-mri/Training/meningioma_tumor/m1(70).jpg,meningioma,/kaggle/input/datasets/sartajbhuvaji/brain-tumor-classification-mri/Training/meningioma_tumor/m1(71).jpg,meningioma
near,5,/kaggle/input/datasets/sartajbhuvaji/brain-tumor-classification-mri/Training/meningioma_tumor/m1(74).jpg,meningioma,/kaggle/input/datasets/sartajbhuvaji/brain-tumor-classification-mri/Training/meningioma_tumor/m1(75).jpg,meningioma
near,6,/kaggle/input/datasets/sartajbhuvaji/brain-tumor-classification-mri/Training/meningioma_tumor/m1(74).jpg,meningioma,/kaggle/input/datasets/sartajbhuvaji/brain-tumor-classification-mri/Training/meningioma_tumor/m1(76).jpg,meningioma
near,6,/kaggle/input/datasets/sartajbhuvaji/brain-tumor-classification-mri/Training/meningioma_tumor/m1(78).jpg,meningioma,/kaggle/input/datasets/sartajbhuvaji/brain-tumor-classification-mri/Training/meningioma_tumor/m1(79).jpg,meningioma
near,6,/kaggle/input/datasets/sartajbhuvaji/brain-tumor-classification-mri/Training/meningioma_tumor/m1(79).jpg,meningioma,/kaggle/input/datasets/sartajbhuvaji/brain-tumor-classification-mri/Training/meningioma_tumor/m3 (69).jpg,meningioma
near,5,/kaggle/input/datasets/sartajbhuvaji/brain-tumor-classification-mri/Training/meningioma_tumor/m1(80).jpg,meningioma,/kaggle/input/datasets/sartajbhuvaji/brain-tumor-classification-mri/Training/meningioma_tumor/m1(81).jpg,meningioma
near,6,/kaggle/input/datasets/sartajbhuvaji/brain-tumor-classification-mri/Training/meningioma_tumor/m1(83).jpg,meningioma,/kaggle/input/datasets/sartajbhuvaji/brain-tumor-classification-mri/Training/meningioma_tumor/m1(84).jpg,meningioma
near,5,/kaggle/input/datasets/sartajbhuvaji/brain-tumor-classification-mri/Training/meningioma_tumor/m1(84).jpg,meningioma,/kaggle/input/datasets/sartajbhuvaji/brain-tumor-classification-mri/Training/meningioma_tumor/m1(85).jpg,meningioma
near,6,/kaggle/input/datasets/sartajbhuvaji/brain-tumor-classification-mri/Training/meningioma_tumor/m1(85).jpg,meningioma,/kaggle/input/datasets/sartajbhuvaji/brain-tumor-classification-mri/Training/meningioma_tumor/m1(86).jpg,meningioma
near,5,/kaggle/input/datasets/sartajbhuvaji/brain-tumor-classification-mri/Training/meningioma_tumor/m1(87).jpg,meningioma,/kaggle/input/datasets/sartajbhuvaji/brain-tumor-classification-mri/Training/meningioma_tumor/m1(88).jpg,meningioma
near,4,/kaggle/input/datasets/sartajbhuvaji/brain-tumor-classification-mri/Training/meningioma_tumor/m1(9).jpg,meningioma,/kaggle/input/datasets/sartajbhuvaji/brain-tumor-classification-mri/Testing/meningioma_tumor/image(26).jpg,meningioma
near,2,/kaggle/input/datasets/sartajbhuvaji/brain-tumor-classification-mri/Training/meningioma_tumor/m1(96).jpg,meningioma,/kaggle/input/datasets/sartajbhuvaji/brain-tumor-classification-mri/Testing/meningioma_tumor/image(91).jpg,meningioma
near,4,/kaggle/input/datasets/sartajbhuvaji/brain-tumor-classification-mri/Training/meningioma_tumor/m1(97).jpg,meningioma,/kaggle/input/datasets/sartajbhuvaji/brain-tumor-classification-mri/Testing/meningioma_tumor/image(26).jpg,meningioma
near,6,/kaggle/input/datasets/sartajbhuvaji/brain-tumor-classification-mri/Training/meningioma_tumor/m1(99).jpg,meningioma,/kaggle/input/datasets/sartajbhuvaji/brain-tumor-classification-mri/Testing/meningioma_tumor/image(85).jpg,meningioma
near,4,/kaggle/input/datasets/sartajbhuvaji/brain-tumor-classification-mri/Training/meningioma_tumor/m2 (1).jpg,meningioma,/kaggle/input/datasets/sartajbhuvaji/brain-tumor-classification-mri/Training/meningioma_tumor/m2 (2).jpg,meningioma
near,6,/kaggle/input/datasets/sartajbhuvaji/brain-tumor-classification-mri/Training/meningioma_tumor/m2 (10).jpg,meningioma,/kaggle/input/datasets/sartajbhuvaji/brain-tumor-classification-mri/Training/meningioma_tumor/m2 (9).jpg,meningioma
near,3,/kaggle/input/datasets/sartajbhuvaji/brain-tumor-classification-mri/Training/meningioma_tumor/m2 (101).jpg,meningioma,/kaggle/input/datasets/sartajbhuvaji/brain-tumor-classification-mri/Training/meningioma_tumor/m2 (102).jpg,meningioma
near,5,/kaggle/input/datasets/sartajbhuvaji/brain-tumor-classification-mri/Training/meningioma_tumor/m2 (107).jpg,meningioma,/kaggle/input/datasets/sartajbhuvaji/brain-tumor-classification-mri/Training/meningioma_tumor/m2 (108).jpg,meningioma
near,4,/kaggle/input/datasets/sartajbhuvaji/brain-tumor-classification-mri/Training/meningioma_tumor/m2 (11).jpg,meningioma,/kaggle/input/datasets/sartajbhuvaji/brain-tumor-classification-mri/Training/meningioma_tumor/m2 (12).jpg,meningioma
near,6,/kaggle/input/datasets/sartajbhuvaji/brain-tumor-classification-mri/Training/meningioma_tumor/m2 (111).jpg,meningioma,/kaggle/input/datasets/sartajbhuvaji/brain-tumor-classification-mri/Training/meningioma_tumor/m2 (112).jpg,meningioma
near,4,/kaggle/input/datasets/sartajbhuvaji/brain-tumor-classification-mri/Training/meningioma_tumor/m2 (115).jpg,meningioma,/kaggle/input/datasets/sartajbhuvaji/brain-tumor-classification-mri/Training/meningioma_tumor/m2 (116).jpg,meningioma
near,6,/kaggle/input/datasets/sartajbhuvaji/brain-tumor-classification-mri/Training/meningioma_tumor/m2 (123).jpg,meningioma,/kaggle/input/datasets/sartajbhuvaji/brain-tumor-classification-mri/Training/meningioma_tumor/m2 (124).jpg,meningioma
near,6,/kaggle/input/datasets/sartajbhuvaji/brain-tumor-classification-mri/Training/meningioma_tumor/m2 (126).jpg,meningioma,/kaggle/input/datasets/sartajbhuvaji/brain-tumor-classification-mri/Training/meningioma_tumor/m2 (127).jpg,meningioma
near,5,/kaggle/input/datasets/sartajbhuvaji/brain-tumor-classification-mri/Training/meningioma_tumor/m2 (130).jpg,meningioma,/kaggle/input/datasets/sartajbhuvaji/brain-tumor-classification-mri/Training/meningioma_tumor/m2 (131).jpg,meningioma
near,6,/kaggle/input/datasets/sartajbhuvaji/brain-tumor-classification-mri/Training/meningioma_tumor/m2 (131).jpg,meningioma,/kaggle/input/datasets/sartajbhuvaji/brain-tumor-classification-mri/Training/meningioma_tumor/m2 (132).jpg,meningioma
near,6,/kaggle/input/datasets/sartajbhuvaji/brain-tumor-classification-mri/Training/meningioma_tumor/m2 (131).jpg,meningioma,/kaggle/input/datasets/sartajbhuvaji/brain-tumor-classification-mri/Training/meningioma_tumor/m2 (133).jpg,meningioma
near,6,/kaggle/input/datasets/sartajbhuvaji/brain-tumor-classification-mri/Training/meningioma_tumor/m2 (132).jpg,meningioma,/kaggle/input/datasets/sartajbhuvaji/brain-tumor-classification-mri/Training/meningioma_tumor/m2 (133).jpg,meningioma
near,6,/kaggle/input/datasets/sartajbhuvaji/brain-tumor-classification-mri/Training/meningioma_tumor/m2 (133).jpg,meningioma,/kaggle/input/datasets/sartajbhuvaji/brain-tumor-classification-mri/Training/pituitary_tumor/p (382).jpg,pituitary
near,2,/kaggle/input/datasets/sartajbhuvaji/brain-tumor-classification-mri/Training/meningioma_tumor/m2 (136).jpg,meningioma,/kaggle/input/datasets/sartajbhuvaji/brain-tumor-classification-mri/Training/meningioma_tumor/m2 (137).jpg,meningioma
near,6,/kaggle/input/datasets/sartajbhuvaji/brain-tumor-classification-mri/Training/meningioma_tumor/m2 (144).jpg,meningioma,/kaggle/input/datasets/sartajbhuvaji/brain-tumor-classification-mri/Training/meningioma_tumor/m2 (175).jpg,meningioma
near,6,/kaggle/input/datasets/sartajbhuvaji/brain-tumor-classification-mri/Training/meningioma_tumor/m2 (147).jpg,meningioma,/kaggle/input/datasets/sartajbhuvaji/brain-tumor-classification-mri/Training/meningioma_tumor/m2 (148).jpg,meningioma
near,6,/kaggle/input/datasets/sartajbhuvaji/brain-tumor-classification-mri/Training/meningioma_tumor/m2 (155).jpg,meningioma,/kaggle/input/datasets/sartajbhuvaji/brain-tumor-classification-mri/Training/meningioma_tumor/m2 (156).jpg,meningioma
near,6,/kaggle/input/datasets/sartajbhuvaji/brain-tumor-classification-mri/Training/meningioma_tumor/m2 (162).jpg,meningioma,/kaggle/input/datasets/sartajbhuvaji/brain-tumor-classification-mri/Training/meningioma_tumor/m2 (163).jpg,meningioma
near,5,/kaggle/input/datasets/sartajbhuvaji/brain-tumor-classification-mri/Training/meningioma_tumor/m2 (164).jpg,meningioma,/kaggle/input/datasets/sartajbhuvaji/brain-tumor-classification-mri/Training/meningioma_tumor/m2 (165).jpg,meningioma
near,2,/kaggle/input/datasets/sartajbhuvaji/brain-tumor-classification-mri/Training/meningioma_tumor/m2 (175).jpg,meningioma,/kaggle/input/datasets/sartajbhuvaji/brain-tumor-classification-mri/Training/meningioma_tumor/m2 (176).jpg,meningioma
near,6,/kaggle/input/datasets/sartajbhuvaji/brain-tumor-classification-mri/Training/meningioma_tumor/m2 (175).jpg,meningioma,/kaggle/input/datasets/sartajbhuvaji/brain-tumor-classification-mri/Training/meningioma_tumor/m3 (220).jpg,meningioma
near,5,/kaggle/input/datasets/sartajbhuvaji/brain-tumor-classification-mri/Training/meningioma_tumor/m2 (176).jpg,meningioma,/kaggle/input/datasets/sartajbhuvaji/brain-tumor-classification-mri/Training/meningioma_tumor/m3 (190).jpg,meningioma
near,6,/kaggle/input/datasets/sartajbhuvaji/brain-tumor-classification-mri/Training/meningioma_tumor/m2 (19).jpg,meningioma,/kaggle/input/datasets/sartajbhuvaji/brain-tumor-classification-mri/Training/meningioma_tumor/m2 (20).jpg,meningioma
near,3,/kaggle/input/datasets/sartajbhuvaji/brain-tumor-classification-mri/Training/meningioma_tumor/m2 (22).jpg,meningioma,/kaggle/input/datasets/sartajbhuvaji/brain-tumor-classification-mri/Training/meningioma_tumor/m2 (23).jpg,meningioma
near,5,/kaggle/input/datasets/sartajbhuvaji/brain-tumor-classification-mri/Training/meningioma_tumor/m2 (22).jpg,meningioma,/kaggle/input/datasets/sartajbhuvaji/brain-tumor-classification-mri/Training/meningioma_tumor/m2 (24).jpg,meningioma
near,4,/kaggle/input/datasets/sartajbhuvaji/brain-tumor-classification-mri/Training/meningioma_tumor/m2 (23).jpg,meningioma,/kaggle/input/datasets/sartajbhuvaji/brain-tumor-classification-mri/Training/meningioma_tumor/m2 (24).jpg,meningioma
near,4,/kaggle/input/datasets/sartajbhuvaji/brain-tumor-classification-mri/Training/meningioma_tumor/m2 (26).jpg,meningioma,/kaggle/input/datasets/sartajbhuvaji/brain-tumor-classification-mri/Training/meningioma_tumor/m2 (27).jpg,meningioma
near,5,/kaggle/input/datasets/sartajbhuvaji/brain-tumor-classification-mri/Training/meningioma_tumor/m2 (31).jpg,meningioma,/kaggle/input/datasets/sartajbhuvaji/brain-tumor-classification-mri/Training/pituitary_tumor/p (388).jpg,pituitary
near,5,/kaggle/input/datasets/sartajbhuvaji/brain-tumor-classification-mri/Training/meningioma_tumor/m2 (31).jpg,meningioma,/kaggle/input/datasets/sartajbhuvaji/brain-tumor-classification-mri/Training/pituitary_tumor/p (389).jpg,pituitary
near,2,/kaggle/input/datasets/sartajbhuvaji/brain-tumor-classification-mri/Training/meningioma_tumor/m2 (33).jpg,meningioma,/kaggle/input/datasets/sartajbhuvaji/brain-tumor-classification-mri/Training/meningioma_tumor/m2 (34).jpg,meningioma
near,4,/kaggle/input/datasets/sartajbhuvaji/brain-tumor-classification-mri/Training/meningioma_tumor/m2 (37).jpg,meningioma,/kaggle/input/datasets/sartajbhuvaji/brain-tumor-classification-mri/Training/meningioma_tumor/m2 (38).jpg,meningioma
near,3,/kaggle/input/datasets/sartajbhuvaji/brain-tumor-classification-mri/Training/meningioma_tumor/m2 (39).jpg,meningioma,/kaggle/input/datasets/sartajbhuvaji/brain-tumor-classification-mri/Training/meningioma_tumor/m2 (40).jpg,meningioma
near,5,/kaggle/input/datasets/sartajbhuvaji/brain-tumor-classification-mri/Training/meningioma_tumor/m2 (39).jpg,meningioma,/kaggle/input/datasets/sartajbhuvaji/brain-tumor-classification-mri/Training/meningioma_tumor/m2 (41).jpg,meningioma
near,6,/kaggle/input/datasets/sartajbhuvaji/brain-tumor-classification-mri/Training/meningioma_tumor/m2 (4).jpg,meningioma,/kaggle/input/datasets/sartajbhuvaji/brain-tumor-classification-mri/Training/meningioma_tumor/m2 (5).jpg,meningioma
near,4,/kaggle/input/datasets/sartajbhuvaji/brain-tumor-classification-mri/Training/meningioma_tumor/m2 (40).jpg,meningioma,/kaggle/input/datasets/sartajbhuvaji/brain-tumor-classification-mri/Training/meningioma_tumor/m2 (41).jpg,meningioma
near,6,/kaggle/input/datasets/sartajbhuvaji/brain-tumor-classification-mri/Training/meningioma_tumor/m2 (45).jpg,meningioma,/kaggle/input/datasets/sartajbhuvaji/brain-tumor-classification-mri/Training/meningioma_tumor/m2 (46).jpg,meningioma
near,6,/kaggle/input/datasets/sartajbhuvaji/brain-tumor-classification-mri/Training/meningioma_tumor/m2 (46).jpg,meningioma,/kaggle/input/datasets/sartajbhuvaji/brain-tumor-classification-mri/Training/meningioma_tumor/m2 (47).jpg,meningioma
near,6,/kaggle/input/datasets/sartajbhuvaji/brain-tumor-classification-mri/Training/meningioma_tumor/m2 (47).jpg,meningioma,/kaggle/input/datasets/sartajbhuvaji/brain-tumor-classification-mri/Training/meningioma_tumor/m2 (48).jpg,meningioma
near,6,/kaggle/input/datasets/sartajbhuvaji/brain-tumor-classification-mri/Training/meningioma_tumor/m2 (49).jpg,meningioma,/kaggle/input/datasets/sartajbhuvaji/brain-tumor-classification-mri/Training/meningioma_tumor/m2 (50).jpg,meningioma
near,5,/kaggle/input/datasets/sartajbhuvaji/brain-tumor-classification-mri/Training/meningioma_tumor/m2 (50).jpg,meningioma,/kaggle/input/datasets/sartajbhuvaji/brain-tumor-classification-mri/Training/meningioma_tumor/m2 (51).jpg,meningioma
near,5,/kaggle/input/datasets/sartajbhuvaji/brain-tumor-classification-mri/Training/meningioma_tumor/m2 (51).jpg,meningioma,/kaggle/input/datasets/sartajbhuvaji/brain-tumor-classification-mri/Training/meningioma_tumor/m2 (52).jpg,meningioma
near,5,/kaggle/input/datasets/sartajbhuvaji/brain-tumor-classification-mri/Training/meningioma_tumor/m2 (51).jpg,meningioma,/kaggle/input/datasets/sartajbhuvaji/brain-tumor-classification-mri/Training/meningioma_tumor/m3 (59).jpg,meningioma
near,6,/kaggle/input/datasets/sartajbhuvaji/brain-tumor-classification-mri/Training/meningioma_tumor/m2 (53).jpg,meningioma,/kaggle/input/datasets/sartajbhuvaji/brain-tumor-classification-mri/Training/meningioma_tumor/m2 (54).jpg,meningioma
near,6,/kaggle/input/datasets/sartajbhuvaji/brain-tumor-classification-mri/Training/meningioma_tumor/m2 (54).jpg,meningioma,/kaggle/input/datasets/sartajbhuvaji/brain-tumor-classification-mri/Training/meningioma_tumor/m3 (162).jpg,meningioma
near,6,/kaggle/input/datasets/sartajbhuvaji/brain-tumor-classification-mri/Training/meningioma_tumor/m2 (54).jpg,meningioma,/kaggle/input/datasets/sartajbhuvaji/brain-tumor-classification-mri/Training/meningioma_tumor/m3 (28).jpg,meningioma
near,4,/kaggle/input/datasets/sartajbhuvaji/brain-tumor-classification-mri/Training/meningioma_tumor/m2 (56).jpg,meningioma,/kaggle/input/datasets/sartajbhuvaji/brain-tumor-classification-mri/Training/meningioma_tumor/m2 (57).jpg,meningioma
near,6,/kaggle/input/datasets/sartajbhuvaji/brain-tumor-classification-mri/Training/meningioma_tumor/m2 (60).jpg,meningioma,/kaggle/input/datasets/sartajbhuvaji/brain-tumor-classification-mri/Training/meningioma_tumor/m3 (147).jpg,meningioma
near,6,/kaggle/input/datasets/sartajbhuvaji/brain-tumor-classification-mri/Training/meningioma_tumor/m2 (61).jpg,meningioma,/kaggle/input/datasets/sartajbhuvaji/brain-tumor-classification-mri/Training/meningioma_tumor/m2 (62).jpg,meningioma
near,4,/kaggle/input/datasets/sartajbhuvaji/brain-tumor-classification-mri/Training/meningioma_tumor/m2 (61).jpg,meningioma,/kaggle/input/datasets/sartajbhuvaji/brain-tumor-classification-mri/Training/meningioma_tumor/m2 (63).jpg,meningioma
near,4,/kaggle/input/datasets/sartajbhuvaji/brain-tumor-classification-mri/Training/meningioma_tumor/m2 (62).jpg,meningioma,/kaggle/input/datasets/sartajbhuvaji/brain-tumor-classification-mri/Training/meningioma_tumor/m2 (63).jpg,meningioma
near,6,/kaggle/input/datasets/sartajbhuvaji/brain-tumor-classification-mri/Training/meningioma_tumor/m2 (64).jpg,meningioma,/kaggle/input/datasets/sartajbhuvaji/brain-tumor-classification-mri/Training/meningioma_tumor/m3 (155).jpg,meningioma
near,4,/kaggle/input/datasets/sartajbhuvaji/brain-tumor-classification-mri/Training/meningioma_tumor/m2 (67).jpg,meningioma,/kaggle/input/datasets/sartajbhuvaji/brain-tumor-classification-mri/Training/meningioma_tumor/m2 (68).jpg,meningioma
near,5,/kaggle/input/datasets/sartajbhuvaji/brain-tumor-classification-mri/Training/meningioma_tumor/m2 (67).jpg,meningioma,/kaggle/input/datasets/sartajbhuvaji/brain-tumor-classification-mri/Training/meningioma_tumor/m2 (69).jpg,meningioma
near,5,/kaggle/input/datasets/sartajbhuvaji/brain-tumor-classification-mri/Training/meningioma_tumor/m2 (68).jpg,meningioma,/kaggle/input/datasets/sartajbhuvaji/brain-tumor-classification-mri/Training/meningioma_tumor/m2 (69).jpg,meningioma
near,2,/kaggle/input/datasets/sartajbhuvaji/brain-tumor-classification-mri/Training/meningioma_tumor/m2 (69).jpg,meningioma,/kaggle/input/datasets/sartajbhuvaji/brain-tumor-classification-mri/Training/meningioma_tumor/m2 (70).jpg,meningioma
near,6,/kaggle/input/datasets/sartajbhuvaji/brain-tumor-classification-mri/Training/meningioma_tumor/m2 (7).jpg,meningioma,/kaggle/input/datasets/sartajbhuvaji/brain-tumor-classification-mri/Training/meningioma_tumor/m2 (8).jpg,meningioma
near,6,/kaggle/input/datasets/sartajbhuvaji/brain-tumor-classification-mri/Training/meningioma_tumor/m2 (7).jpg,meningioma,/kaggle/input/datasets/sartajbhuvaji/brain-tumor-classification-mri/Training/meningioma_tumor/m2 (9).jpg,meningioma
near,4,/kaggle/input/datasets/sartajbhuvaji/brain-tumor-classification-mri/Training/meningioma_tumor/m2 (72).jpg,meningioma,/kaggle/input/datasets/sartajbhuvaji/brain-tumor-classification-mri/Training/meningioma_tumor/m2 (74).jpg,meningioma
near,5,/kaggle/input/datasets/sartajbhuvaji/brain-tumor-classification-mri/Training/meningioma_tumor/m2 (72).jpg,meningioma,/kaggle/input/datasets/sartajbhuvaji/brain-tumor-classification-mri/Training/meningioma_tumor/m2 (75).jpg,meningioma
near,4,/kaggle/input/datasets/sartajbhuvaji/brain-tumor-classification-mri/Training/meningioma_tumor/m2 (73).jpg,meningioma,/kaggle/input/datasets/sartajbhuvaji/brain-tumor-classification-mri/Training/meningioma_tumor/m2 (74).jpg,meningioma
near,2,/kaggle/input/datasets/sartajbhuvaji/brain-tumor-classification-mri/Training/meningioma_tumor/m2 (8).jpg,meningioma,/kaggle/input/datasets/sartajbhuvaji/brain-tumor-classification-mri/Training/meningioma_tumor/m2 (9).jpg,meningioma
near,3,/kaggle/input/datasets/sartajbhuvaji/brain-tumor-classification-mri/Training/meningioma_tumor/m2 (96).jpg,meningioma,/kaggle/input/datasets/sartajbhuvaji/brain-tumor-classification-mri/Training/meningioma_tumor/m2 (97).jpg,meningioma
near,6,/kaggle/input/datasets/sartajbhuvaji/brain-tumor-classification-mri/Training/meningioma_tumor/m2 (96).jpg,meningioma,/kaggle/input/datasets/sartajbhuvaji/brain-tumor-classification-mri/Training/meningioma_tumor/m2 (98).jpg,meningioma
near,5,/kaggle/input/datasets/sartajbhuvaji/brain-tumor-classification-mri/Training/meningioma_tumor/m2 (97).jpg,meningioma,/kaggle/input/datasets/sartajbhuvaji/brain-tumor-classification-mri/Training/meningioma_tumor/m2 (98).jpg,meningioma
near,6,/kaggle/input/datasets/sartajbhuvaji/brain-tumor-classification-mri/Training/meningioma_tumor/m3 (10).jpg,meningioma,/kaggle/input/datasets/sartajbhuvaji/brain-tumor-classification-mri/Training/meningioma_tumor/m3 (9).jpg,meningioma
near,6,/kaggle/input/datasets/sartajbhuvaji/brain-tumor-classification-mri/Training/meningioma_tumor/m3 (101).jpg,meningioma,/kaggle/input/datasets/sartajbhuvaji/brain-tumor-classification-mri/Training/meningioma_tumor/m3 (102).jpg,meningioma
near,4,/kaggle/input/datasets/sartajbhuvaji/brain-tumor-classification-mri/Training/meningioma_tumor/m3 (110).jpg,meningioma,/kaggle/input/datasets/sartajbhuvaji/brain-tumor-classification-mri/Training/meningioma_tumor/m3 (111).jpg,meningioma
near,5,/kaggle/input/datasets/sartajbhuvaji/brain-tumor-classification-mri/Training/meningioma_tumor/m3 (112).jpg,meningioma,/kaggle/input/datasets/sartajbhuvaji/brain-tumor-classification-mri/Training/meningioma_tumor/m3 (32).jpg,meningioma
near,5,/kaggle/input/datasets/sartajbhuvaji/brain-tumor-classification-mri/Training/meningioma_tumor/m3 (113).jpg,meningioma,/kaggle/input/datasets/sartajbhuvaji/brain-tumor-classification-mri/Training/meningioma_tumor/m3 (114).jpg,meningioma
near,6,/kaggle/input/datasets/sartajbhuvaji/brain-tumor-classification-mri/Training/meningioma_tumor/m3 (116).jpg,meningioma,/kaggle/input/datasets/sartajbhuvaji/brain-tumor-classification-mri/Training/meningioma_tumor/m3 (117).jpg,meningioma
near,4,/kaggle/input/datasets/sartajbhuvaji/brain-tumor-classification-mri/Training/meningioma_tumor/m3 (118).jpg,meningioma,/kaggle/input/datasets/sartajbhuvaji/brain-tumor-classification-mri/Training/meningioma_tumor/m3 (119).jpg,meningioma
near,5,/kaggle/input/datasets/sartajbhuvaji/brain-tumor-classification-mri/Training/meningioma_tumor/m3 (118).jpg,meningioma,/kaggle/input/datasets/sartajbhuvaji/brain-tumor-classification-mri/Training/meningioma_tumor/m3 (152).jpg,meningioma
near,5,/kaggle/input/datasets/sartajbhuvaji/brain-tumor-classification-mri/Training/meningioma_tumor/m3 (122).jpg,meningioma,/kaggle/input/datasets/sartajbhuvaji/brain-tumor-classification-mri/Training/meningioma_tumor/m3 (123).jpg,meningioma
near,4,/kaggle/input/datasets/sartajbhuvaji/brain-tumor-classification-mri/Training/meningioma_tumor/m3 (124).jpg,meningioma,/kaggle/input/datasets/sartajbhuvaji/brain-tumor-classification-mri/Training/meningioma_tumor/m3 (125).jpg,meningioma
near,6,/kaggle/input/datasets/sartajbhuvaji/brain-tumor-classification-mri/Training/meningioma_tumor/m3 (125).jpg,meningioma,/kaggle/input/datasets/sartajbhuvaji/brain-tumor-classification-mri/Training/meningioma_tumor/m3 (126).jpg,meningioma
near,5,/kaggle/input/datasets/sartajbhuvaji/brain-tumor-classification-mri/Training/meningioma_tumor/m3 (147).jpg,meningioma,/kaggle/input/datasets/sartajbhuvaji/brain-tumor-classification-mri/Training/meningioma_tumor/m3 (148).jpg,meningioma
near,5,/kaggle/input/datasets/sartajbhuvaji/brain-tumor-classification-mri/Training/meningioma_tumor/m3 (147).jpg,meningioma,/kaggle/input/datasets/sartajbhuvaji/brain-tumor-classification-mri/Training/meningioma_tumor/m3 (149).jpg,meningioma
near,6,/kaggle/input/datasets/sartajbhuvaji/brain-tumor-classification-mri/Training/meningioma_tumor/m3 (148).jpg,meningioma,/kaggle/input/datasets/sartajbhuvaji/brain-tumor-classification-mri/Training/meningioma_tumor/m3 (149).jpg,meningioma
near,6,/kaggle/input/datasets/sartajbhuvaji/brain-tumor-classification-mri/Training/meningioma_tumor/m3 (153).jpg,meningioma,/kaggle/input/datasets/sartajbhuvaji/brain-tumor-classification-mri/Training/meningioma_tumor/m3 (154).jpg,meningioma
near,6,/kaggle/input/datasets/sartajbhuvaji/brain-tumor-classification-mri/Training/meningioma_tumor/m3 (155).jpg,meningioma,/kaggle/input/datasets/sartajbhuvaji/brain-tumor-classification-mri/Training/meningioma_tumor/m3 (156).jpg,meningioma
near,6,/kaggle/input/datasets/sartajbhuvaji/brain-tumor-classification-mri/Training/meningioma_tumor/m3 (159).jpg,meningioma,/kaggle/input/datasets/sartajbhuvaji/brain-tumor-classification-mri/Training/pituitary_tumor/p (93).jpg,pituitary
near,6,/kaggle/input/datasets/sartajbhuvaji/brain-tumor-classification-mri/Training/meningioma_tumor/m3 (160).jpg,meningioma,/kaggle/input/datasets/sartajbhuvaji/brain-tumor-classification-mri/Training/meningioma_tumor/m3 (161).jpg,meningioma
near,6,/kaggle/input/datasets/sartajbhuvaji/brain-tumor-classification-mri/Training/meningioma_tumor/m3 (170).jpg,meningioma,/kaggle/input/datasets/sartajbhuvaji/brain-tumor-classification-mri/Training/meningioma_tumor/m3 (171).jpg,meningioma
near,6,/kaggle/input/datasets/sartajbhuvaji/brain-tumor-classification-mri/Training/meningioma_tumor/m3 (170).jpg,meningioma,/kaggle/input/datasets/sartajbhuvaji/brain-tumor-classification-mri/Training/meningioma_tumor/m3 (174).jpg,meningioma
near,6,/kaggle/input/datasets/sartajbhuvaji/brain-tumor-classification-mri/Training/meningioma_tumor/m3 (171).jpg,meningioma,/kaggle/input/datasets/sartajbhuvaji/brain-tumor-classification-mri/Training/meningioma_tumor/m3 (172).jpg,meningioma
near,6,/kaggle/input/datasets/sartajbhuvaji/brain-tumor-classification-mri/Training/meningioma_tumor/m3 (171).jpg,meningioma,/kaggle/input/datasets/sartajbhuvaji/brain-tumor-classification-mri/Training/meningioma_tumor/m3 (174).jpg,meningioma
near,4,/kaggle/input/datasets/sartajbhuvaji/brain-tumor-classification-mri/Training/meningioma_tumor/m3 (172).jpg,meningioma,/kaggle/input/datasets/sartajbhuvaji/brain-tumor-classification-mri/Training/meningioma_tumor/m3 (173).jpg,meningioma
near,6,/kaggle/input/datasets/sartajbhuvaji/brain-tumor-classification-mri/Training/meningioma_tumor/m3 (172).jpg,meningioma,/kaggle/input/datasets/sartajbhuvaji/brain-tumor-classification-mri/Training/meningioma_tumor/m3 (174).jpg,meningioma
near,4,/kaggle/input/datasets/sartajbhuvaji/brain-tumor-classification-mri/Training/meningioma_tumor/m3 (173).jpg,meningioma,/kaggle/input/datasets/sartajbhuvaji/brain-tumor-classification-mri/Training/meningioma_tumor/m3 (174).jpg,meningioma
near,4,/kaggle/input/datasets/sartajbhuvaji/brain-tumor-classification-mri/Training/meningioma_tumor/m3 (179).jpg,meningioma,/kaggle/input/datasets/sartajbhuvaji/brain-tumor-classification-mri/Training/meningioma_tumor/m3 (180).jpg,meningioma
near,5,/kaggle/input/datasets/sartajbhuvaji/brain-tumor-classification-mri/Training/meningioma_tumor/m3 (181).jpg,meningioma,/kaggle/input/datasets/sartajbhuvaji/brain-tumor-classification-mri/Training/meningioma_tumor/m3 (182).jpg,meningioma
near,6,/kaggle/input/datasets/sartajbhuvaji/brain-tumor-classification-mri/Training/meningioma_tumor/m3 (188).jpg,meningioma,/kaggle/input/datasets/sartajbhuvaji/brain-tumor-classification-mri/Training/meningioma_tumor/m3 (189).jpg,meningioma
near,4,/kaggle/input/datasets/sartajbhuvaji/brain-tumor-classification-mri/Training/meningioma_tumor/m3 (19).jpg,meningioma,/kaggle/input/datasets/sartajbhuvaji/brain-tumor-classification-mri/Training/meningioma_tumor/m3 (20).jpg,meningioma
near,4,/kaggle/input/datasets/sartajbhuvaji/brain-tumor-classification-mri/Training/meningioma_tumor/m3 (193).jpg,meningioma,/kaggle/input/datasets/sartajbhuvaji/brain-tumor-classification-mri/Training/meningioma_tumor/m3 (194).jpg,meningioma
near,4,/kaggle/input/datasets/sartajbhuvaji/brain-tumor-classification-mri/Training/meningioma_tumor/m3 (193).jpg,meningioma,/kaggle/input/datasets/sartajbhuvaji/brain-tumor-classification-mri/Training/meningioma_tumor/m3 (195).jpg,meningioma
near,2,/kaggle/input/datasets/sartajbhuvaji/brain-tumor-classification-mri/Training/meningioma_tumor/m3 (194).jpg,meningioma,/kaggle/input/datasets/sartajbhuvaji/brain-tumor-classification-mri/Training/meningioma_tumor/m3 (195).jpg,meningioma
near,6,/kaggle/input/datasets/sartajbhuvaji/brain-tumor-classification-mri/Training/meningioma_tumor/m3 (194).jpg,meningioma,/kaggle/input/datasets/sartajbhuvaji/brain-tumor-classification-mri/Training/meningioma_tumor/m3 (54).jpg,meningioma
near,6,/kaggle/input/datasets/sartajbhuvaji/brain-tumor-classification-mri/Training/meningioma_tumor/m3 (194).jpg,meningioma,/kaggle/input/datasets/sartajbhuvaji/brain-tumor-classification-mri/Training/pituitary_tumor/p (264).jpg,pituitary
near,6,/kaggle/input/datasets/sartajbhuvaji/brain-tumor-classification-mri/Training/meningioma_tumor/m3 (195).jpg,meningioma,/kaggle/input/datasets/sartajbhuvaji/brain-tumor-classification-mri/Training/pituitary_tumor/p (230).jpg,pituitary
near,6,/kaggle/input/datasets/sartajbhuvaji/brain-tumor-classification-mri/Training/meningioma_tumor/m3 (195).jpg,meningioma,/kaggle/input/datasets/sartajbhuvaji/brain-tumor-classification-mri/Training/pituitary_tumor/p (264).jpg,pituitary
near,6,/kaggle/input/datasets/sartajbhuvaji/brain-tumor-classification-mri/Training/meningioma_tumor/m3 (196).jpg,meningioma,/kaggle/input/datasets/sartajbhuvaji/brain-tumor-classification-mri/Training/meningioma_tumor/m3 (197).jpg,meningioma
near,6,/kaggle/input/datasets/sartajbhuvaji/brain-tumor-classification-mri/Training/meningioma_tumor/m3 (200).jpg,meningioma,/kaggle/input/datasets/sartajbhuvaji/brain-tumor-classification-mri/Training/meningioma_tumor/m3 (201).jpg,meningioma
near,6,/kaggle/input/datasets/sartajbhuvaji/brain-tumor-classification-mri/Training/meningioma_tumor/m3 (207).jpg,meningioma,/kaggle/input/datasets/sartajbhuvaji/brain-tumor-classification-mri/Training/meningioma_tumor/m3 (209).jpg,meningioma
near,5,/kaggle/input/datasets/sartajbhuvaji/brain-tumor-classification-mri/Training/meningioma_tumor/m3 (210).jpg,meningioma,/kaggle/input/datasets/sartajbhuvaji/brain-tumor-classification-mri/Training/meningioma_tumor/m3 (211).jpg,meningioma
near,4,/kaggle/input/datasets/sartajbhuvaji/brain-tumor-classification-mri/Training/meningioma_tumor/m3 (214).jpg,meningioma,/kaggle/input/datasets/sartajbhuvaji/brain-tumor-classification-mri/Training/meningioma_tumor/m3 (215).jpg,meningioma
near,5,/kaggle/input/datasets/sartajbhuvaji/brain-tumor-classification-mri/Training/meningioma_tumor/m3 (215).jpg,meningioma,/kaggle/input/datasets/sartajbhuvaji/brain-tumor-classification-mri/Training/meningioma_tumor/m3 (97).jpg,meningioma
near,6,/kaggle/input/datasets/sartajbhuvaji/brain-tumor-classification-mri/Training/meningioma_tumor/m3 (217).jpg,meningioma,/kaggle/input/datasets/sartajbhuvaji/brain-tumor-classification-mri/Training/meningioma_tumor/m3 (218).jpg,meningioma
near,5,/kaggle/input/datasets/sartajbhuvaji/brain-tumor-classification-mri/Training/meningioma_tumor/m3 (218).jpg,meningioma,/kaggle/input/datasets/sartajbhuvaji/brain-tumor-classification-mri/Training/meningioma_tumor/m3 (59).jpg,meningioma
near,5,/kaggle/input/datasets/sartajbhuvaji/brain-tumor-classification-mri/Training/meningioma_tumor/m3 (219).jpg,meningioma,/kaggle/input/datasets/sartajbhuvaji/brain-tumor-classification-mri/Training/meningioma_tumor/m3 (220).jpg,meningioma
near,6,/kaggle/input/datasets/sartajbhuvaji/brain-tumor-classification-mri/Training/meningioma_tumor/m3 (239).jpg,meningioma,/kaggle/input/datasets/sartajbhuvaji/brain-tumor-classification-mri/Training/pituitary_tumor/p (191).jpg,pituitary
near,6,/kaggle/input/datasets/sartajbhuvaji/brain-tumor-classification-mri/Training/meningioma_tumor/m3 (241).jpg,meningioma,/kaggle/input/datasets/sartajbhuvaji/brain-tumor-classification-mri/Training/meningioma_tumor/m3 (48).jpg,meningioma
near,6,/kaggle/input/datasets/sartajbhuvaji/brain-tumor-classification-mri/Training/meningioma_tumor/m3 (242).jpg,meningioma,/kaggle/input/datasets/sartajbhuvaji/brain-tumor-classification-mri/Training/meningioma_tumor/m3 (51).jpg,meningioma
near,5,/kaggle/input/datasets/sartajbhuvaji/brain-tumor-classification-mri/Training/meningioma_tumor/m3 (244).jpg,meningioma,/kaggle/input/datasets/sartajbhuvaji/brain-tumor-classification-mri/Training/meningioma_tumor/m3 (245).jpg,meningioma
near,2,/kaggle/input/datasets/sartajbhuvaji/brain-tumor-classification-mri/Training/meningioma_tumor/m3 (245).jpg,meningioma,/kaggle/input/datasets/sartajbhuvaji/brain-tumor-classification-mri/Training/meningioma_tumor/m3 (246).jpg,meningioma
near,5,/kaggle/input/datasets/sartajbhuvaji/brain-tumor-classification-mri/Training/meningioma_tumor/m3 (25).jpg,meningioma,/kaggle/input/datasets/sartajbhuvaji/brain-tumor-classification-mri/Training/meningioma_tumor/m3 (26).jpg,meningioma
near,6,/kaggle/input/datasets/sartajbhuvaji/brain-tumor-classification-mri/Training/meningioma_tumor/m3 (26).jpg,meningioma,/kaggle/input/datasets/sartajbhuvaji/brain-tumor-classification-mri/Training/meningioma_tumor/m3 (27).jpg,meningioma
near,6,/kaggle/input/datasets/sartajbhuvaji/brain-tumor-classification-mri/Training/meningioma_tumor/m3 (28).jpg,meningioma,/kaggle/input/datasets/sartajbhuvaji/brain-tumor-classification-mri/Training/meningioma_tumor/m3 (29).jpg,meningioma
near,6,/kaggle/input/datasets/sartajbhuvaji/brain-tumor-classification-mri/Training/meningioma_tumor/m3 (30).jpg,meningioma,/kaggle/input/datasets/sartajbhuvaji/brain-tumor-classification-mri/Training/meningioma_tumor/m3 (31).jpg,meningioma
near,4,/kaggle/input/datasets/sartajbhuvaji/brain-tumor-classification-mri/Training/meningioma_tumor/m3 (33).jpg,meningioma,/kaggle/input/datasets/sartajbhuvaji/brain-tumor-classification-mri/Training/meningioma_tumor/m3 (34).jpg,meningioma
near,6,/kaggle/input/datasets/sartajbhuvaji/brain-tumor-classification-mri/Training/meningioma_tumor/m3 (4).jpg,meningioma,/kaggle/input/datasets/sartajbhuvaji/brain-tumor-classification-mri/Training/meningioma_tumor/m3 (5).jpg,meningioma
near,6,/kaggle/input/datasets/sartajbhuvaji/brain-tumor-classification-mri/Training/meningioma_tumor/m3 (40).jpg,meningioma,/kaggle/input/datasets/sartajbhuvaji/brain-tumor-classification-mri/Training/meningioma_tumor/m3 (41).jpg,meningioma
near,4,/kaggle/input/datasets/sartajbhuvaji/brain-tumor-classification-mri/Training/meningioma_tumor/m3 (44).jpg,meningioma,/kaggle/input/datasets/sartajbhuvaji/brain-tumor-classification-mri/Training/meningioma_tumor/m3 (45).jpg,meningioma
near,6,/kaggle/input/datasets/sartajbhuvaji/brain-tumor-classification-mri/Training/meningioma_tumor/m3 (46).jpg,meningioma,/kaggle/input/datasets/sartajbhuvaji/brain-tumor-classification-mri/Training/meningioma_tumor/m3 (47).jpg,meningioma
near,5,/kaggle/input/datasets/sartajbhuvaji/brain-tumor-classification-mri/Training/meningioma_tumor/m3 (47).jpg,meningioma,/kaggle/input/datasets/sartajbhuvaji/brain-tumor-classification-mri/Training/meningioma_tumor/m3 (84).jpg,meningioma
near,6,/kaggle/input/datasets/sartajbhuvaji/brain-tumor-classification-mri/Training/meningioma_tumor/m3 (49).jpg,meningioma,/kaggle/input/datasets/sartajbhuvaji/brain-tumor-classification-mri/Training/meningioma_tumor/m3 (50).jpg,meningioma
near,5,/kaggle/input/datasets/sartajbhuvaji/brain-tumor-classification-mri/Training/meningioma_tumor/m3 (53).jpg,meningioma,/kaggle/input/datasets/sartajbhuvaji/brain-tumor-classification-mri/Training/meningioma_tumor/m3 (55).jpg,meningioma
near,6,/kaggle/input/datasets/sartajbhuvaji/brain-tumor-classification-mri/Training/meningioma_tumor/m3 (55).jpg,meningioma,/kaggle/input/datasets/sartajbhuvaji/brain-tumor-classification-mri/Training/pituitary_tumor/p (201).jpg,pituitary
near,6,/kaggle/input/datasets/sartajbhuvaji/brain-tumor-classification-mri/Training/meningioma_tumor/m3 (56).jpg,meningioma,/kaggle/input/datasets/sartajbhuvaji/brain-tumor-classification-mri/Training/meningioma_tumor/m3 (57).jpg,meningioma
near,5,/kaggle/input/datasets/sartajbhuvaji/brain-tumor-classification-mri/Training/meningioma_tumor/m3 (60).jpg,meningioma,/kaggle/input/datasets/sartajbhuvaji/brain-tumor-classification-mri/Training/meningioma_tumor/m3 (61).jpg,meningioma
near,6,/kaggle/input/datasets/sartajbhuvaji/brain-tumor-classification-mri/Training/meningioma_tumor/m3 (66).jpg,meningioma,/kaggle/input/datasets/sartajbhuvaji/brain-tumor-classification-mri/Training/meningioma_tumor/m3 (67).jpg,meningioma
near,5,/kaggle/input/datasets/sartajbhuvaji/brain-tumor-classification-mri/Training/meningioma_tumor/m3 (72).jpg,meningioma,/kaggle/input/datasets/sartajbhuvaji/brain-tumor-classification-mri/Training/meningioma_tumor/m3 (73).jpg,meningioma
near,6,/kaggle/input/datasets/sartajbhuvaji/brain-tumor-classification-mri/Training/meningioma_tumor/m3 (72).jpg,meningioma,/kaggle/input/datasets/sartajbhuvaji/brain-tumor-classification-mri/Training/meningioma_tumor/m3 (74).jpg,meningioma
near,3,/kaggle/input/datasets/sartajbhuvaji/brain-tumor-classification-mri/Training/meningioma_tumor/m3 (73).jpg,meningioma,/kaggle/input/datasets/sartajbhuvaji/brain-tumor-classification-mri/Training/meningioma_tumor/m3 (74).jpg,meningioma
near,6,/kaggle/input/datasets/sartajbhuvaji/brain-tumor-classification-mri/Training/meningioma_tumor/m3 (76).jpg,meningioma,/kaggle/input/datasets/sartajbhuvaji/brain-tumor-classification-mri/Training/meningioma_tumor/m3 (77).jpg,meningioma
near,4,/kaggle/input/datasets/sartajbhuvaji/brain-tumor-classification-mri/Training/meningioma_tumor/m3 (79).jpg,meningioma,/kaggle/input/datasets/sartajbhuvaji/brain-tumor-classification-mri/Training/meningioma_tumor/m3 (80).jpg,meningioma
near,6,/kaggle/input/datasets/sartajbhuvaji/brain-tumor-classification-mri/Training/meningioma_tumor/m3 (8).jpg,meningioma,/kaggle/input/datasets/sartajbhuvaji/brain-tumor-classification-mri/Training/meningioma_tumor/m3 (9).jpg,meningioma
near,2,/kaggle/input/datasets/sartajbhuvaji/brain-tumor-classification-mri/Training/meningioma_tumor/m3 (88).jpg,meningioma,/kaggle/input/datasets/sartajbhuvaji/brain-tumor-classification-mri/Training/meningioma_tumor/m3 (89).jpg,meningioma
near,6,/kaggle/input/datasets/sartajbhuvaji/brain-tumor-classification-mri/Training/meningioma_tumor/m3 (88).jpg,meningioma,/kaggle/input/datasets/sartajbhuvaji/brain-tumor-classification-mri/Training/pituitary_tumor/p (99).jpg,pituitary
near,5,/kaggle/input/datasets/sartajbhuvaji/brain-tumor-classification-mri/Training/meningioma_tumor/m3 (89).jpg,meningioma,/kaggle/input/datasets/sartajbhuvaji/brain-tumor-classification-mri/Training/meningioma_tumor/m3 (90).jpg,meningioma
near,4,/kaggle/input/datasets/sartajbhuvaji/brain-tumor-classification-mri/Training/meningioma_tumor/m3 (91).jpg,meningioma,/kaggle/input/datasets/sartajbhuvaji/brain-tumor-classification-mri/Training/meningioma_tumor/m3 (92).jpg,meningioma
near,6,/kaggle/input/datasets/sartajbhuvaji/brain-tumor-classification-mri/Training/meningioma_tumor/m3 (95).jpg,meningioma,/kaggle/input/datasets/sartajbhuvaji/brain-tumor-classification-mri/Training/meningioma_tumor/m3 (96).jpg,meningioma
near,2,/kaggle/input/datasets/sartajbhuvaji/brain-tumor-classification-mri/Training/no_tumor/6.jpg,no_tumor,/kaggle/input/datasets/sartajbhuvaji/brain-tumor-classification-mri/Training/no_tumor/image(202).jpg,no_tumor
near,2,/kaggle/input/datasets/sartajbhuvaji/brain-tumor-classification-mri/Training/no_tumor/image (13).jpg,no_tumor,/kaggle/input/datasets/sartajbhuvaji/brain-tumor-classification-mri/Training/no_tumor/image(215).jpg,no_tumor
near,2,/kaggle/input/datasets/sartajbhuvaji/brain-tumor-classification-mri/Training/no_tumor/image (13).jpg,no_tumor,/kaggle/input/datasets/sartajbhuvaji/brain-tumor-classification-mri/Training/no_tumor/image(287).jpg,no_tumor
near,2,/kaggle/input/datasets/sartajbhuvaji/brain-tumor-classification-mri/Training/no_tumor/image (14).jpg,no_tumor,/kaggle/input/datasets/sartajbhuvaji/brain-tumor-classification-mri/Training/no_tumor/image(215).jpg,no_tumor
near,2,/kaggle/input/datasets/sartajbhuvaji/brain-tumor-classification-mri/Training/no_tumor/image (14).jpg,no_tumor,/kaggle/input/datasets/sartajbhuvaji/brain-tumor-classification-mri/Training/no_tumor/image(287).jpg,no_tumor
near,6,/kaggle/input/datasets/sartajbhuvaji/brain-tumor-classification-mri/Training/no_tumor/image (18).jpg,no_tumor,/kaggle/input/datasets/sartajbhuvaji/brain-tumor-classification-mri/Training/no_tumor/image(311).jpg,no_tumor
near,6,/kaggle/input/datasets/sartajbhuvaji/brain-tumor-classification-mri/Training/no_tumor/image (19).jpg,no_tumor,/kaggle/input/datasets/sartajbhuvaji/brain-tumor-classification-mri/Training/no_tumor/image(63).jpg,no_tumor
near,6,/kaggle/input/datasets/sartajbhuvaji/brain-tumor-classification-mri/Training/no_tumor/image (19).jpg,no_tumor,/kaggle/input/datasets/sartajbhuvaji/brain-tumor-classification-mri/Testing/no_tumor/image(88).jpg,no_tumor
near,2,/kaggle/input/datasets/sartajbhuvaji/brain-tumor-classification-mri/Training/no_tumor/image (26).jpg,no_tumor,/kaggle/input/datasets/sartajbhuvaji/brain-tumor-classification-mri/Training/no_tumor/image(215).jpg,no_tumor
near,2,/kaggle/input/datasets/sartajbhuvaji/brain-tumor-classification-mri/Training/no_tumor/image (26).jpg,no_tumor,/kaggle/input/datasets/sartajbhuvaji/brain-tumor-classification-mri/Training/no_tumor/image(287).jpg,no_tumor
near,1,/kaggle/input/datasets/sartajbhuvaji/brain-tumor-classification-mri/Training/no_tumor/image (27).jpg,no_tumor,/kaggle/input/datasets/sartajbhuvaji/brain-tumor-classification-mri/Training/no_tumor/image (28).jpg,no_tumor
near,1,/kaggle/input/datasets/sartajbhuvaji/brain-tumor-classification-mri/Training/no_tumor/image (29).jpg,no_tumor,/kaggle/input/datasets/sartajbhuvaji/brain-tumor-classification-mri/Training/no_tumor/image (30).jpg,no_tumor
near,2,/kaggle/input/datasets/sartajbhuvaji/brain-tumor-classification-mri/Training/no_tumor/image (31).jpg,no_tumor,/kaggle/input/datasets/sartajbhuvaji/brain-tumor-classification-mri/Training/no_tumor/image(202).jpg,no_tumor
near,2,/kaggle/input/datasets/sartajbhuvaji/brain-tumor-classification-mri/Training/no_tumor/image (40).jpg,no_tumor,/kaggle/input/datasets/sartajbhuvaji/brain-tumor-classification-mri/Training/no_tumor/image(169).jpg,no_tumor
near,2,/kaggle/input/datasets/sartajbhuvaji/brain-tumor-classification-mri/Training/no_tumor/image (40).jpg,no_tumor,/kaggle/input/datasets/sartajbhuvaji/brain-tumor-classification-mri/Training/no_tumor/image(171).jpg,no_tumor
near,2,/kaggle/input/datasets/sartajbhuvaji/brain-tumor-classification-mri/Training/no_tumor/image (40).jpg,no_tumor,/kaggle/input/datasets/sartajbhuvaji/brain-tumor-classification-mri/Training/no_tumor/image(201).jpg,no_tumor
near,2,/kaggle/input/datasets/sartajbhuvaji/brain-tumor-classification-mri/Training/no_tumor/image (40).jpg,no_tumor,/kaggle/input/datasets/sartajbhuvaji/brain-tumor-classification-mri/Training/no_tumor/image(238).jpg,no_tumor
near,2,/kaggle/input/datasets/sartajbhuvaji/brain-tumor-classification-mri/Training/no_tumor/image (40).jpg,no_tumor,/kaggle/input/datasets/sartajbhuvaji/brain-tumor-classification-mri/Training/no_tumor/image(292).jpg,no_tumor
near,2,/kaggle/input/datasets/sartajbhuvaji/brain-tumor-classification-mri/Training/no_tumor/image (40).jpg,no_tumor,/kaggle/input/datasets/sartajbhuvaji/brain-tumor-classification-mri/Training/no_tumor/image(53).jpg,no_tumor
near,2,/kaggle/input/datasets/sartajbhuvaji/brain-tumor-classification-mri/Training/no_tumor/image (40).jpg,no_tumor,/kaggle/input/datasets/sartajbhuvaji/brain-tumor-classification-mri/Testing/no_tumor/image(78).jpg,no_tumor
near,2,/kaggle/input/datasets/sartajbhuvaji/brain-tumor-classification-mri/Training/no_tumor/image (47).jpg,no_tumor,/kaggle/input/datasets/sartajbhuvaji/brain-tumor-classification-mri/Training/no_tumor/image(14).jpg,no_tumor
near,3,/kaggle/input/datasets/sartajbhuvaji/brain-tumor-classification-mri/Training/no_tumor/image (47).jpg,no_tumor,/kaggle/input/datasets/sartajbhuvaji/brain-tumor-classification-mri/Training/no_tumor/image(22).jpg,no_tumor
near,5,/kaggle/input/datasets/sartajbhuvaji/brain-tumor-classification-mri/Training/no_tumor/image (47).jpg,no_tumor,/kaggle/input/datasets/sartajbhuvaji/brain-tumor-classification-mri/Training/no_tumor/image(38).jpg,no_tumor
near,3,/kaggle/input/datasets/sartajbhuvaji/brain-tumor-classification-mri/Training/no_tumor/image (47).jpg,no_tumor,/kaggle/input/datasets/sartajbhuvaji/brain-tumor-classification-mri/Training/no_tumor/image(5).jpg,no_tumor
near,3,/kaggle/input/datasets/sartajbhuvaji/brain-tumor-classification-mri/Training/no_tumor/image (47).jpg,no_tumor,/kaggle/input/datasets/sartajbhuvaji/brain-tumor-classification-mri/Testing/no_tumor/image(29).jpg,no_tumor
near,2,/kaggle/input/datasets/sartajbhuvaji/brain-tumor-classification-mri/Training/no_tumor/image (47).jpg,no_tumor,/kaggle/input/datasets/sartajbhuvaji/brain-tumor-classification-mri/Testing/no_tumor/image(39).jpg,no_tumor
near,3,/kaggle/input/datasets/sartajbhuvaji/brain-tumor-classification-mri/Training/no_tumor/image (47).jpg,no_tumor,/kaggle/input/datasets/sartajbhuvaji/brain-tumor-classification-mri/Testing/no_tumor/image(47).jpg,no_tumor
near,5,/kaggle/input/datasets/sartajbhuvaji/brain-tumor-classification-mri/Training/no_tumor/image (47).jpg,no_tumor,/kaggle/input/datasets/sartajbhuvaji/brain-tumor-classification-mri/Testing/no_tumor/image(63).jpg,no_tumor
near,3,/kaggle/input/datasets/sartajbhuvaji/brain-tumor-classification-mri/Training/no_tumor/image (48).jpg,no_tumor,/kaggle/input/datasets/sartajbhuvaji/brain-tumor-classification-mri/Training/no_tumor/image(6).jpg,no_tumor
near,3,/kaggle/input/datasets/sartajbhuvaji/brain-tumor-classification-mri/Training/no_tumor/image (48).jpg,no_tumor,/kaggle/input/datasets/sartajbhuvaji/brain-tumor-classification-mri/Testing/no_tumor/image(30).jpg,no_tumor
near,4,/kaggle/input/datasets/sartajbhuvaji/brain-tumor-classification-mri/Training/no_tumor/image (49).jpg,no_tumor,/kaggle/input/datasets/sartajbhuvaji/brain-tumor-classification-mri/Training/no_tumor/image(17).jpg,no_tumor
near,4,/kaggle/input/datasets/sartajbhuvaji/brain-tumor-classification-mri/Training/no_tumor/image (49).jpg,no_tumor,/kaggle/input/datasets/sartajbhuvaji/brain-tumor-classification-mri/Training/no_tumor/image(23).jpg,no_tumor
near,4,/kaggle/input/datasets/sartajbhuvaji/brain-tumor-classification-mri/Training/no_tumor/image (49).jpg,no_tumor,/kaggle/input/datasets/sartajbhuvaji/brain-tumor-classification-mri/Training/no_tumor/image(50).jpg,no_tumor
near,4,/kaggle/input/datasets/sartajbhuvaji/brain-tumor-classification-mri/Training/no_tumor/image (49).jpg,no_tumor,/kaggle/input/datasets/sartajbhuvaji/brain-tumor-classification-mri/Testing/no_tumor/image(42).jpg,no_tumor
near,4,/kaggle/input/datasets/sartajbhuvaji/brain-tumor-classification-mri/Training/no_tumor/image (49).jpg,no_tumor,/kaggle/input/datasets/sartajbhuvaji/brain-tumor-classification-mri/Testing/no_tumor/image(48).jpg,no_tumor
near,4,/kaggle/input/datasets/sartajbhuvaji/brain-tumor-classification-mri/Training/no_tumor/image (49).jpg,no_tumor,/kaggle/input/datasets/sartajbhuvaji/brain-tumor-classification-mri/Testing/no_tumor/image(75).jpg,no_tumor
near,5,/kaggle/input/datasets/sartajbhuvaji/brain-tumor-classification-mri/Training/no_tumor/image (53).jpg,no_tumor,/kaggle/input/datasets/sartajbhuvaji/brain-tumor-classification-mri/Training/no_tumor/image(40).jpg,no_tumor
near,4,/kaggle/input/datasets/sartajbhuvaji/brain-tumor-classification-mri/Training/no_tumor/image (53).jpg,no_tumor,/kaggle/input/datasets/sartajbhuvaji/brain-tumor-classification-mri/Training/no_tumor/image(51).jpg,no_tumor
near,5,/kaggle/input/datasets/sartajbhuvaji/brain-tumor-classification-mri/Training/no_tumor/image (53).jpg,no_tumor,/kaggle/input/datasets/sartajbhuvaji/brain-tumor-classification-mri/Testing/no_tumor/image(65).jpg,no_tumor
near,4,/kaggle/input/datasets/sartajbhuvaji/brain-tumor-classification-mri/Training/no_tumor/image (53).jpg,no_tumor,/kaggle/input/datasets/sartajbhuvaji/brain-tumor-classification-mri/Testing/no_tumor/image(76).jpg,no_tumor
near,2,/kaggle/input/datasets/sartajbhuvaji/brain-tumor-classification-mri/Training/no_tumor/image (55).jpg,no_tumor,/kaggle/input/datasets/sartajbhuvaji/brain-tumor-classification-mri/Training/no_tumor/image(11).jpg,no_tumor
near,4,/kaggle/input/datasets/sartajbhuvaji/brain-tumor-classification-mri/Training/no_tumor/image (55).jpg,no_tumor,/kaggle/input/datasets/sartajbhuvaji/brain-tumor-classification-mri/Training/no_tumor/image(32).jpg,no_tumor
near,6,/kaggle/input/datasets/sartajbhuvaji/brain-tumor-classification-mri/Training/no_tumor/image (55).jpg,no_tumor,/kaggle/input/datasets/sartajbhuvaji/brain-tumor-classification-mri/Training/no_tumor/image(37).jpg,no_tumor
near,2,/kaggle/input/datasets/sartajbhuvaji/brain-tumor-classification-mri/Training/no_tumor/image (55).jpg,no_tumor,/kaggle/input/datasets/sartajbhuvaji/brain-tumor-classification-mri/Testing/no_tumor/image(36).jpg,no_tumor
near,4,/kaggle/input/datasets/sartajbhuvaji/brain-tumor-classification-mri/Training/no_tumor/image (55).jpg,no_tumor,/kaggle/input/datasets/sartajbhuvaji/brain-tumor-classification-mri/Testing/no_tumor/image(57).jpg,no_tumor
near,6,/kaggle/input/datasets/sartajbhuvaji/brain-tumor-classification-mri/Training/no_tumor/image (55).jpg,no_tumor,/kaggle/input/datasets/sartajbhuvaji/brain-tumor-classification-mri/Testing/no_tumor/image(62).jpg,no_tumor
near,2,/kaggle/input/datasets/sartajbhuvaji/brain-tumor-classification-mri/Training/no_tumor/image (61).jpg,no_tumor,/kaggle/input/datasets/sartajbhuvaji/brain-tumor-classification-mri/Training/no_tumor/image(47).jpg,no_tumor
near,2,/kaggle/input/datasets/sartajbhuvaji/brain-tumor-classification-mri/Training/no_tumor/image (61).jpg,no_tumor,/kaggle/input/datasets/sartajbhuvaji/brain-tumor-classification-mri/Testing/no_tumor/image(72).jpg,no_tumor
near,4,/kaggle/input/datasets/sartajbhuvaji/brain-tumor-classification-mri/Training/no_tumor/image (9).jpg,no_tumor,/kaggle/input/datasets/sartajbhuvaji/brain-tumor-classification-mri/Training/no_tumor/image(214).jpg,no_tumor
near,6,/kaggle/input/datasets/sartajbhuvaji/brain-tumor-classification-mri/Training/no_tumor/image(11).jpg,no_tumor,/kaggle/input/datasets/sartajbhuvaji/brain-tumor-classification-mri/Training/no_tumor/image(32).jpg,no_tumor
near,2,/kaggle/input/datasets/sartajbhuvaji/brain-tumor-classification-mri/Training/no_tumor/image(11).jpg,no_tumor,/kaggle/input/datasets/sartajbhuvaji/brain-tumor-classification-mri/Testing/no_tumor/image(14).jpg,no_tumor
near,6,/kaggle/input/datasets/sartajbhuvaji/brain-tumor-classification-mri/Training/no_tumor/image(11).jpg,no_tumor,/kaggle/input/datasets/sartajbhuvaji/brain-tumor-classification-mri/Testing/no_tumor/image(57).jpg,no_tumor
near,4,/kaggle/input/datasets/sartajbhuvaji/brain-tumor-classification-mri/Training/no_tumor/image(117).jpg,no_tumor,/kaggle/input/datasets/sartajbhuvaji/brain-tumor-classification-mri/Training/no_tumor/image(220).jpg,no_tumor
near,2,/kaggle/input/datasets/sartajbhuvaji/brain-tumor-classification-mri/Training/no_tumor/image(117).jpg,no_tumor,/kaggle/input/datasets/sartajbhuvaji/brain-tumor-classification-mri/Training/no_tumor/image(82).jpg,no_tumor
near,5,/kaggle/input/datasets/sartajbhuvaji/brain-tumor-classification-mri/Training/no_tumor/image(127).jpg,no_tumor,/kaggle/input/datasets/sartajbhuvaji/brain-tumor-classification-mri/Training/no_tumor/image(140).jpg,no_tumor
near,6,/kaggle/input/datasets/sartajbhuvaji/brain-tumor-classification-mri/Training/no_tumor/image(139).jpg,no_tumor,/kaggle/input/datasets/sartajbhuvaji/brain-tumor-classification-mri/Training/no_tumor/image(237).jpg,no_tumor
near,1,/kaggle/input/datasets/sartajbhuvaji/brain-tumor-classification-mri/Training/no_tumor/image(14).jpg,no_tumor,/kaggle/input/datasets/sartajbhuvaji/brain-tumor-classification-mri/Training/no_tumor/image(22).jpg,no_tumor
near,3,/kaggle/input/datasets/sartajbhuvaji/brain-tumor-classification-mri/Training/no_tumor/image(14).jpg,no_tumor,/kaggle/input/datasets/sartajbhuvaji/brain-tumor-classification-mri/Training/no_tumor/image(38).jpg,no_tumor
near,1,/kaggle/input/datasets/sartajbhuvaji/brain-tumor-classification-mri/Training/no_tumor/image(14).jpg,no_tumor,/kaggle/input/datasets/sartajbhuvaji/brain-tumor-classification-mri/Training/no_tumor/image(5).jpg,no_tumor
near,1,/kaggle/input/datasets/sartajbhuvaji/brain-tumor-classification-mri/Training/no_tumor/image(14).jpg,no_tumor,/kaggle/input/datasets/sartajbhuvaji/brain-tumor-classification-mri/Testing/no_tumor/image(29).jpg,no_tumor
near,1,/kaggle/input/datasets/sartajbhuvaji/brain-tumor-classification-mri/Training/no_tumor/image(14).jpg,no_tumor,/kaggle/input/datasets/sartajbhuvaji/brain-tumor-classification-mri/Testing/no_tumor/image(47).jpg,no_tumor
near,2,/kaggle/input/datasets/sartajbhuvaji/brain-tumor-classification-mri/Training/no_tumor/image(14).jpg,no_tumor,/kaggle/input/datasets/sartajbhuvaji/brain-tumor-classification-mri/Testing/no_tumor/image(6).jpg,no_tumor
near,3,/kaggle/input/datasets/sartajbhuvaji/brain-tumor-classification-mri/Training/no_tumor/image(14).jpg,no_tumor,/kaggle/input/datasets/sartajbhuvaji/brain-tumor-classification-mri/Testing/no_tumor/image(63).jpg,no_tumor
near,5,/kaggle/input/datasets/sartajbhuvaji/brain-tumor-classification-mri/Training/no_tumor/image(140).jpg,no_tumor,/kaggle/input/datasets/sartajbhuvaji/brain-tumor-classification-mri/Training/no_tumor/image(200).jpg,no_tumor
near,6,/kaggle/input/datasets/sartajbhuvaji/brain-tumor-classification-mri/Training/no_tumor/image(141).jpg,no_tumor,/kaggle/input/datasets/sartajbhuvaji/brain-tumor-classification-mri/Training/no_tumor/image(152).jpg,no_tumor
near,3,/kaggle/input/datasets/sartajbhuvaji/brain-tumor-classification-mri/Training/no_tumor/image(151).jpg,no_tumor,/kaggle/input/datasets/sartajbhuvaji/brain-tumor-classification-mri/Training/no_tumor/image(159).jpg,no_tumor
near,3,/kaggle/input/datasets/sartajbhuvaji/brain-tumor-classification-mri/Training/no_tumor/image(151).jpg,no_tumor,/kaggle/input/datasets/sartajbhuvaji/brain-tumor-classification-mri/Training/no_tumor/image(74).jpg,no_tumor
near,2,/kaggle/input/datasets/sartajbhuvaji/brain-tumor-classification-mri/Training/no_tumor/image(159).jpg,no_tumor,/kaggle/input/datasets/sartajbhuvaji/brain-tumor-classification-mri/Training/no_tumor/image(74).jpg,no_tumor
near,4,/kaggle/input/datasets/sartajbhuvaji/brain-tumor-classification-mri/Training/no_tumor/image(17).jpg,no_tumor,/kaggle/input/datasets/sartajbhuvaji/brain-tumor-classification-mri/Training/no_tumor/image(23).jpg,no_tumor
near,4,/kaggle/input/datasets/sartajbhuvaji/brain-tumor-classification-mri/Training/no_tumor/image(17).jpg,no_tumor,/kaggle/input/datasets/sartajbhuvaji/brain-tumor-classification-mri/Training/no_tumor/image(50).jpg,no_tumor
near,4,/kaggle/input/datasets/sartajbhuvaji/brain-tumor-classification-mri/Training/no_tumor/image(17).jpg,no_tumor,/kaggle/input/datasets/sartajbhuvaji/brain-tumor-classification-mri/Testing/no_tumor/image(48).jpg,no_tumor
near,4,/kaggle/input/datasets/sartajbhuvaji/brain-tumor-classification-mri/Training/no_tumor/image(17).jpg,no_tumor,/kaggle/input/datasets/sartajbhuvaji/brain-tumor-classification-mri/Testing/no_tumor/image(75).jpg,no_tumor
near,4,/kaggle/input/datasets/sartajbhuvaji/brain-tumor-classification-mri/Training/no_tumor/image(17).jpg,no_tumor,/kaggle/input/datasets/sartajbhuvaji/brain-tumor-classification-mri/Testing/no_tumor/image(8).jpg,no_tumor
near,5,/kaggle/input/datasets/sartajbhuvaji/brain-tumor-classification-mri/Training/no_tumor/image(18).jpg,no_tumor,/kaggle/input/datasets/sartajbhuvaji/brain-tumor-classification-mri/Training/no_tumor/image(34).jpg,no_tumor
near,5,/kaggle/input/datasets/sartajbhuvaji/brain-tumor-classification-mri/Training/no_tumor/image(18).jpg,no_tumor,/kaggle/input/datasets/sartajbhuvaji/brain-tumor-classification-mri/Testing/no_tumor/image(59).jpg,no_tumor
near,2,/kaggle/input/datasets/sartajbhuvaji/brain-tumor-classification-mri/Training/no_tumor/image(215).jpg,no_tumor,/kaggle/input/datasets/sartajbhuvaji/brain-tumor-classification-mri/Training/no_tumor/image(246).jpg,no_tumor
near,2,/kaggle/input/datasets/sartajbhuvaji/brain-tumor-classification-mri/Training/no_tumor/image(215).jpg,no_tumor,/kaggle/input/datasets/sartajbhuvaji/brain-tumor-classification-mri/Training/no_tumor/image(306).jpg,no_tumor
near,2,/kaggle/input/datasets/sartajbhuvaji/brain-tumor-classification-mri/Training/no_tumor/image(22).jpg,no_tumor,/kaggle/input/datasets/sartajbhuvaji/brain-tumor-classification-mri/Training/no_tumor/image(38).jpg,no_tumor
near,1,/kaggle/input/datasets/sartajbhuvaji/brain-tumor-classification-mri/Training/no_tumor/image(22).jpg,no_tumor,/kaggle/input/datasets/sartajbhuvaji/brain-tumor-classification-mri/Testing/no_tumor/image(39).jpg,no_tumor
near,3,/kaggle/input/datasets/sartajbhuvaji/brain-tumor-classification-mri/Training/no_tumor/image(22).jpg,no_tumor,/kaggle/input/datasets/sartajbhuvaji/brain-tumor-classification-mri/Testing/no_tumor/image(6).jpg,no_tumor
near,2,/kaggle/input/datasets/sartajbhuvaji/brain-tumor-classification-mri/Training/no_tumor/image(22).jpg,no_tumor,/kaggle/input/datasets/sartajbhuvaji/brain-tumor-classification-mri/Testing/no_tumor/image(63).jpg,no_tumor
near,4,/kaggle/input/datasets/sartajbhuvaji/brain-tumor-classification-mri/Training/no_tumor/image(220).jpg,no_tumor,/kaggle/input/datasets/sartajbhuvaji/brain-tumor-classification-mri/Training/no_tumor/image(82).jpg,no_tumor
near,4,/kaggle/input/datasets/sartajbhuvaji/brain-tumor-classification-mri/Training/no_tumor/image(23).jpg,no_tumor,/kaggle/input/datasets/sartajbhuvaji/brain-tumor-classification-mri/Testing/no_tumor/image(42).jpg,no_tumor
near,4,/kaggle/input/datasets/sartajbhuvaji/brain-tumor-classification-mri/Training/no_tumor/image(23).jpg,no_tumor,/kaggle/input/datasets/sartajbhuvaji/brain-tumor-classification-mri/Testing/no_tumor/image(8).jpg,no_tumor
near,2,/kaggle/input/datasets/sartajbhuvaji/brain-tumor-classification-mri/Training/no_tumor/image(246).jpg,no_tumor,/kaggle/input/datasets/sartajbhuvaji/brain-tumor-classification-mri/Training/no_tumor/image(287).jpg,no_tumor
near,6,/kaggle/input/datasets/sartajbhuvaji/brain-tumor-classification-mri/Training/no_tumor/image(277).jpg,no_tumor,/kaggle/input/datasets/sartajbhuvaji/brain-tumor-classification-mri/Training/pituitary_tumor/p (410).jpg,pituitary
near,6,/kaggle/input/datasets/sartajbhuvaji/brain-tumor-classification-mri/Training/no_tumor/image(277).jpg,no_tumor,/kaggle/input/datasets/sartajbhuvaji/brain-tumor-classification-mri/Training/pituitary_tumor/p (411).jpg,pituitary
near,2,/kaggle/input/datasets/sartajbhuvaji/brain-tumor-classification-mri/Training/no_tumor/image(287).jpg,no_tumor,/kaggle/input/datasets/sartajbhuvaji/brain-tumor-classification-mri/Training/no_tumor/image(306).jpg,no_tumor
near,2,/kaggle/input/datasets/sartajbhuvaji/brain-tumor-classification-mri/Training/no_tumor/image(3).jpg,no_tumor,/kaggle/input/datasets/sartajbhuvaji/brain-tumor-classification-mri/Training/no_tumor/image(52).jpg,no_tumor
near,2,/kaggle/input/datasets/sartajbhuvaji/brain-tumor-classification-mri/Training/no_tumor/image(3).jpg,no_tumor,/kaggle/input/datasets/sartajbhuvaji/brain-tumor-classification-mri/Testing/no_tumor/image(77).jpg,no_tumor
near,2,/kaggle/input/datasets/sartajbhuvaji/brain-tumor-classification-mri/Training/no_tumor/image(32).jpg,no_tumor,/kaggle/input/datasets/sartajbhuvaji/brain-tumor-classification-mri/Training/no_tumor/image(37).jpg,no_tumor
near,4,/kaggle/input/datasets/sartajbhuvaji/brain-tumor-classification-mri/Training/no_tumor/image(32).jpg,no_tumor,/kaggle/input/datasets/sartajbhuvaji/brain-tumor-classification-mri/Testing/no_tumor/image(14).jpg,no_tumor
near,6,/kaggle/input/datasets/sartajbhuvaji/brain-tumor-classification-mri/Training/no_tumor/image(32).jpg,no_tumor,/kaggle/input/datasets/sartajbhuvaji/brain-tumor-classification-mri/Testing/no_tumor/image(36).jpg,no_tumor
near,2,/kaggle/input/datasets/sartajbhuvaji/brain-tumor-classification-mri/Training/no_tumor/image(32).jpg,no_tumor,/kaggle/input/datasets/sartajbhuvaji/brain-tumor-classification-mri/Testing/no_tumor/image(62).jpg,no_tumor
near,5,/kaggle/input/datasets/sartajbhuvaji/brain-tumor-classification-mri/Training/no_tumor/image(34).jpg,no_tumor,/kaggle/input/datasets/sartajbhuvaji/brain-tumor-classification-mri/Testing/no_tumor/image(43).jpg,no_tumor
near,6,/kaggle/input/datasets/sartajbhuvaji/brain-tumor-classification-mri/Training/no_tumor/image(37).jpg,no_tumor,/kaggle/input/datasets/sartajbhuvaji/brain-tumor-classification-mri/Testing/no_tumor/image(14).jpg,no_tumor
near,2,/kaggle/input/datasets/sartajbhuvaji/brain-tumor-classification-mri/Training/no_tumor/image(37).jpg,no_tumor,/kaggle/input/datasets/sartajbhuvaji/brain-tumor-classification-mri/Testing/no_tumor/image(57).jpg,no_tumor
near,2,/kaggle/input/datasets/sartajbhuvaji/brain-tumor-classification-mri/Training/no_tumor/image(38).jpg,no_tumor,/kaggle/input/datasets/sartajbhuvaji/brain-tumor-classification-mri/Training/no_tumor/image(5).jpg,no_tumor
near,2,/kaggle/input/datasets/sartajbhuvaji/brain-tumor-classification-mri/Training/no_tumor/image(38).jpg,no_tumor,/kaggle/input/datasets/sartajbhuvaji/brain-tumor-classification-mri/Testing/no_tumor/image(29).jpg,no_tumor
near,3,/kaggle/input/datasets/sartajbhuvaji/brain-tumor-classification-mri/Training/no_tumor/image(38).jpg,no_tumor,/kaggle/input/datasets/sartajbhuvaji/brain-tumor-classification-mri/Testing/no_tumor/image(39).jpg,no_tumor
near,2,/kaggle/input/datasets/sartajbhuvaji/brain-tumor-classification-mri/Training/no_tumor/image(38).jpg,no_tumor,/kaggle/input/datasets/sartajbhuvaji/brain-tumor-classification-mri/Testing/no_tumor/image(47).jpg,no_tumor
near,5,/kaggle/input/datasets/sartajbhuvaji/brain-tumor-classification-mri/Training/no_tumor/image(38).jpg,no_tumor,/kaggle/input/datasets/sartajbhuvaji/brain-tumor-classification-mri/Testing/no_tumor/image(6).jpg,no_tumor
near,1,/kaggle/input/datasets/sartajbhuvaji/brain-tumor-classification-mri/Training/no_tumor/image(40).jpg,no_tumor,/kaggle/input/datasets/sartajbhuvaji/brain-tumor-classification-mri/Training/no_tumor/image(51).jpg,no_tumor
near,5,/kaggle/input/datasets/sartajbhuvaji/brain-tumor-classification-mri/Training/no_tumor/image(40).jpg,no_tumor,/kaggle/input/datasets/sartajbhuvaji/brain-tumor-classification-mri/Testing/no_tumor/image(12).jpg,no_tumor
near,1,/kaggle/input/datasets/sartajbhuvaji/brain-tumor-classification-mri/Training/no_tumor/image(40).jpg,no_tumor,/kaggle/input/datasets/sartajbhuvaji/brain-tumor-classification-mri/Testing/no_tumor/image(76).jpg,no_tumor
near,2,/kaggle/input/datasets/sartajbhuvaji/brain-tumor-classification-mri/Training/no_tumor/image(47).jpg,no_tumor,/kaggle/input/datasets/sartajbhuvaji/brain-tumor-classification-mri/Testing/no_tumor/image(20).jpg,no_tumor
near,1,/kaggle/input/datasets/sartajbhuvaji/brain-tumor-classification-mri/Training/no_tumor/image(5).jpg,no_tumor,/kaggle/input/datasets/sartajbhuvaji/brain-tumor-classification-mri/Testing/no_tumor/image(39).jpg,no_tumor
near,3,/kaggle/input/datasets/sartajbhuvaji/brain-tumor-classification-mri/Training/no_tumor/image(5).jpg,no_tumor,/kaggle/input/datasets/sartajbhuvaji/brain-tumor-classification-mri/Testing/no_tumor/image(6).jpg,no_tumor
near,2,/kaggle/input/datasets/sartajbhuvaji/brain-tumor-classification-mri/Training/no_tumor/image(5).jpg,no_tumor,/kaggle/input/datasets/sartajbhuvaji/brain-tumor-classification-mri/Testing/no_tumor/image(63).jpg,no_tumor
near,4,/kaggle/input/datasets/sartajbhuvaji/brain-tumor-classification-mri/Training/no_tumor/image(50).jpg,no_tumor,/kaggle/input/datasets/sartajbhuvaji/brain-tumor-classification-mri/Testing/no_tumor/image(42).jpg,no_tumor
near,4,/kaggle/input/datasets/sartajbhuvaji/brain-tumor-classification-mri/Training/no_tumor/image(50).jpg,no_tumor,/kaggle/input/datasets/sartajbhuvaji/brain-tumor-classification-mri/Testing/no_tumor/image(8).jpg,no_tumor
near,4,/kaggle/input/datasets/sartajbhuvaji/brain-tumor-classification-mri/Training/no_tumor/image(51).jpg,no_tumor,/kaggle/input/datasets/sartajbhuvaji/brain-tumor-classification-mri/Testing/no_tumor/image(12).jpg,no_tumor
near,1,/kaggle/input/datasets/sartajbhuvaji/brain-tumor-classification-mri/Training/no_tumor/image(51).jpg,no_tumor,/kaggle/input/datasets/sartajbhuvaji/brain-tumor-classification-mri/Testing/no_tumor/image(65).jpg,no_tumor
near,2,/kaggle/input/datasets/sartajbhuvaji/brain-tumor-classification-mri/Training/no_tumor/image(52).jpg,no_tumor,/kaggle/input/datasets/sartajbhuvaji/brain-tumor-classification-mri/Testing/no_tumor/image(27).jpg,no_tumor
near,3,/kaggle/input/datasets/sartajbhuvaji/brain-tumor-classification-mri/Training/no_tumor/image(6).jpg,no_tumor,/kaggle/input/datasets/sartajbhuvaji/brain-tumor-classification-mri/Testing/no_tumor/image(7).jpg,no_tumor
near,3,/kaggle/input/datasets/sartajbhuvaji/brain-tumor-classification-mri/Training/no_tumor/image(95).jpg,no_tumor,/kaggle/input/datasets/sartajbhuvaji/brain-tumor-classification-mri/Training/no_tumor/image(99).jpg,no_tumor
near,4,/kaggle/input/datasets/sartajbhuvaji/brain-tumor-classification-mri/Training/pituitary_tumor/p (10).jpg,pituitary,/kaggle/input/datasets/sartajbhuvaji/brain-tumor-classification-mri/Training/pituitary_tumor/p (11).jpg,pituitary
near,4,/kaggle/input/datasets/sartajbhuvaji/brain-tumor-classification-mri/Training/pituitary_tumor/p (100).jpg,pituitary,/kaggle/input/datasets/sartajbhuvaji/brain-tumor-classification-mri/Training/pituitary_tumor/p (327).jpg,pituitary
near,6,/kaggle/input/datasets/sartajbhuvaji/brain-tumor-classification-mri/Training/pituitary_tumor/p (100).jpg,pituitary,/kaggle/input/datasets/sartajbhuvaji/brain-tumor-classification-mri/Training/pituitary_tumor/p (383).jpg,pituitary
near,4,/kaggle/input/datasets/sartajbhuvaji/brain-tumor-classification-mri/Training/pituitary_tumor/p (100).jpg,pituitary,/kaggle/input/datasets/sartajbhuvaji/brain-tumor-classification-mri/Training/pituitary_tumor/p (99).jpg,pituitary
near,4,/kaggle/input/datasets/sartajbhuvaji/brain-tumor-classification-mri/Training/pituitary_tumor/p (101).jpg,pituitary,/kaggle/input/datasets/sartajbhuvaji/brain-tumor-classification-mri/Training/pituitary_tumor/p (326).jpg,pituitary
near,6,/kaggle/input/datasets/sartajbhuvaji/brain-tumor-classification-mri/Training/pituitary_tumor/p (101).jpg,pituitary,/kaggle/input/datasets/sartajbhuvaji/brain-tumor-classification-mri/Training/pituitary_tumor/p (400).jpg,pituitary
near,4,/kaggle/input/datasets/sartajbhuvaji/brain-tumor-classification-mri/Training/pituitary_tumor/p (103).jpg,pituitary,/kaggle/input/datasets/sartajbhuvaji/brain-tumor-classification-mri/Training/pituitary_tumor/p (104).jpg,pituitary
near,4,/kaggle/input/datasets/sartajbhuvaji/brain-tumor-classification-mri/Training/pituitary_tumor/p (104).jpg,pituitary,/kaggle/input/datasets/sartajbhuvaji/brain-tumor-classification-mri/Training/pituitary_tumor/p (105).jpg,pituitary
near,6,/kaggle/input/datasets/sartajbhuvaji/brain-tumor-classification-mri/Training/pituitary_tumor/p (104).jpg,pituitary,/kaggle/input/datasets/sartajbhuvaji/brain-tumor-classification-mri/Training/pituitary_tumor/p (106).jpg,pituitary
near,4,/kaggle/input/datasets/sartajbhuvaji/brain-tumor-classification-mri/Training/pituitary_tumor/p (105).jpg,pituitary,/kaggle/input/datasets/sartajbhuvaji/brain-tumor-classification-mri/Training/pituitary_tumor/p (106).jpg,pituitary
near,5,/kaggle/input/datasets/sartajbhuvaji/brain-tumor-classification-mri/Training/pituitary_tumor/p (107).jpg,pituitary,/kaggle/input/datasets/sartajbhuvaji/brain-tumor-classification-mri/Training/pituitary_tumor/p (108).jpg,pituitary
near,4,/kaggle/input/datasets/sartajbhuvaji/brain-tumor-classification-mri/Training/pituitary_tumor/p (110).jpg,pituitary,/kaggle/input/datasets/sartajbhuvaji/brain-tumor-classification-mri/Training/pituitary_tumor/p (111).jpg,pituitary
near,6,/kaggle/input/datasets/sartajbhuvaji/brain-tumor-classification-mri/Training/pituitary_tumor/p (110).jpg,pituitary,/kaggle/input/datasets/sartajbhuvaji/brain-tumor-classification-mri/Training/pituitary_tumor/p (63).jpg,pituitary
near,6,/kaggle/input/datasets/sartajbhuvaji/brain-tumor-classification-mri/Training/pituitary_tumor/p (111).jpg,pituitary,/kaggle/input/datasets/sartajbhuvaji/brain-tumor-classification-mri/Training/pituitary_tumor/p (63).jpg,pituitary
near,6,/kaggle/input/datasets/sartajbhuvaji/brain-tumor-classification-mri/Training/pituitary_tumor/p (114).jpg,pituitary,/kaggle/input/datasets/sartajbhuvaji/brain-tumor-classification-mri/Training/pituitary_tumor/p (241).jpg,pituitary
near,6,/kaggle/input/datasets/sartajbhuvaji/brain-tumor-classification-mri/Training/pituitary_tumor/p (115).jpg,pituitary,/kaggle/input/datasets/sartajbhuvaji/brain-tumor-classification-mri/Training/pituitary_tumor/p (116).jpg,pituitary
near,3,/kaggle/input/datasets/sartajbhuvaji/brain-tumor-classification-mri/Training/pituitary_tumor/p (116).jpg,pituitary,/kaggle/input/datasets/sartajbhuvaji/brain-tumor-classification-mri/Training/pituitary_tumor/p (117).jpg,pituitary
near,5,/kaggle/input/datasets/sartajbhuvaji/brain-tumor-classification-mri/Training/pituitary_tumor/p (116).jpg,pituitary,/kaggle/input/datasets/sartajbhuvaji/brain-tumor-classification-mri/Training/pituitary_tumor/p (238).jpg,pituitary
near,4,/kaggle/input/datasets/sartajbhuvaji/brain-tumor-classification-mri/Training/pituitary_tumor/p (117).jpg,pituitary,/kaggle/input/datasets/sartajbhuvaji/brain-tumor-classification-mri/Training/pituitary_tumor/p (238).jpg,pituitary
near,6,/kaggle/input/datasets/sartajbhuvaji/brain-tumor-classification-mri/Training/pituitary_tumor/p (118).jpg,pituitary,/kaggle/input/datasets/sartajbhuvaji/brain-tumor-classification-mri/Training/pituitary_tumor/p (123).jpg,pituitary
near,4,/kaggle/input/datasets/sartajbhuvaji/brain-tumor-classification-mri/Training/pituitary_tumor/p (119).jpg,pituitary,/kaggle/input/datasets/sartajbhuvaji/brain-tumor-classification-mri/Training/pituitary_tumor/p (120).jpg,pituitary
near,6,/kaggle/input/datasets/sartajbhuvaji/brain-tumor-classification-mri/Training/pituitary_tumor/p (120).jpg,pituitary,/kaggle/input/datasets/sartajbhuvaji/brain-tumor-classification-mri/Training/pituitary_tumor/p (121).jpg,pituitary
near,4,/kaggle/input/datasets/sartajbhuvaji/brain-tumor-classification-mri/Training/pituitary_tumor/p (120).jpg,pituitary,/kaggle/input/datasets/sartajbhuvaji/brain-tumor-classification-mri/Training/pituitary_tumor/p (175).jpg,pituitary
near,6,/kaggle/input/datasets/sartajbhuvaji/brain-tumor-classification-mri/Training/pituitary_tumor/p (120).jpg,pituitary,/kaggle/input/datasets/sartajbhuvaji/brain-tumor-classification-mri/Training/pituitary_tumor/p (432).jpg,pituitary
near,6,/kaggle/input/datasets/sartajbhuvaji/brain-tumor-classification-mri/Training/pituitary_tumor/p (121).jpg,pituitary,/kaggle/input/datasets/sartajbhuvaji/brain-tumor-classification-mri/Training/pituitary_tumor/p (411).jpg,pituitary
near,6,/kaggle/input/datasets/sartajbhuvaji/brain-tumor-classification-mri/Training/pituitary_tumor/p (121).jpg,pituitary,/kaggle/input/datasets/sartajbhuvaji/brain-tumor-classification-mri/Training/pituitary_tumor/p (413).jpg,pituitary
near,6,/kaggle/input/datasets/sartajbhuvaji/brain-tumor-classification-mri/Training/pituitary_tumor/p (122).jpg,pituitary,/kaggle/input/datasets/sartajbhuvaji/brain-tumor-classification-mri/Training/pituitary_tumor/p (123).jpg,pituitary
near,6,/kaggle/input/datasets/sartajbhuvaji/brain-tumor-classification-mri/Training/pituitary_tumor/p (122).jpg,pituitary,/kaggle/input/datasets/sartajbhuvaji/brain-tumor-classification-mri/Training/pituitary_tumor/p (141).jpg,pituitary
near,6,/kaggle/input/datasets/sartajbhuvaji/brain-tumor-classification-mri/Training/pituitary_tumor/p (122).jpg,pituitary,/kaggle/input/datasets/sartajbhuvaji/brain-tumor-classification-mri/Training/pituitary_tumor/p (143).jpg,pituitary
near,6,/kaggle/input/datasets/sartajbhuvaji/brain-tumor-classification-mri/Training/pituitary_tumor/p (123).jpg,pituitary,/kaggle/input/datasets/sartajbhuvaji/brain-tumor-classification-mri/Training/pituitary_tumor/p (141).jpg,pituitary
near,2,/kaggle/input/datasets/sartajbhuvaji/brain-tumor-classification-mri/Training/pituitary_tumor/p (125).jpg,pituitary,/kaggle/input/datasets/sartajbhuvaji/brain-tumor-classification-mri/Testing/pituitary_tumor/image(10).jpg,pituitary
near,5,/kaggle/input/datasets/sartajbhuvaji/brain-tumor-classification-mri/Training/pituitary_tumor/p (129).jpg,pituitary,/kaggle/input/datasets/sartajbhuvaji/brain-tumor-classification-mri/Testing/pituitary_tumor/image(18).jpg,pituitary
near,5,/kaggle/input/datasets/sartajbhuvaji/brain-tumor-classification-mri/Training/pituitary_tumor/p (13).jpg,pituitary,/kaggle/input/datasets/sartajbhuvaji/brain-tumor-classification-mri/Training/pituitary_tumor/p (14).jpg,pituitary
near,3,/kaggle/input/datasets/sartajbhuvaji/brain-tumor-classification-mri/Training/pituitary_tumor/p (133).jpg,pituitary,/kaggle/input/datasets/sartajbhuvaji/brain-tumor-classification-mri/Testing/pituitary_tumor/image(27).jpg,pituitary
near,3,/kaggle/input/datasets/sartajbhuvaji/brain-tumor-classification-mri/Training/pituitary_tumor/p (133).jpg,pituitary,/kaggle/input/datasets/sartajbhuvaji/brain-tumor-classification-mri/Testing/pituitary_tumor/image(28).jpg,pituitary
near,5,/kaggle/input/datasets/sartajbhuvaji/brain-tumor-classification-mri/Training/pituitary_tumor/p (135).jpg,pituitary,/kaggle/input/datasets/sartajbhuvaji/brain-tumor-classification-mri/Testing/pituitary_tumor/image(89).jpg,pituitary
near,5,/kaggle/input/datasets/sartajbhuvaji/brain-tumor-classification-mri/Training/pituitary_tumor/p (135).jpg,pituitary,/kaggle/input/datasets/sartajbhuvaji/brain-tumor-classification-mri/Testing/pituitary_tumor/image(90).jpg,pituitary
near,5,/kaggle/input/datasets/sartajbhuvaji/brain-tumor-classification-mri/Training/pituitary_tumor/p (135).jpg,pituitary,/kaggle/input/datasets/sartajbhuvaji/brain-tumor-classification-mri/Testing/pituitary_tumor/image(91).jpg,pituitary
near,2,/kaggle/input/datasets/sartajbhuvaji/brain-tumor-classification-mri/Training/pituitary_tumor/p (139).jpg,pituitary,/kaggle/input/datasets/sartajbhuvaji/brain-tumor-classification-mri/Testing/pituitary_tumor/image(87).jpg,pituitary
near,2,/kaggle/input/datasets/sartajbhuvaji/brain-tumor-classification-mri/Training/pituitary_tumor/p (139).jpg,pituitary,/kaggle/input/datasets/sartajbhuvaji/brain-tumor-classification-mri/Testing/pituitary_tumor/image(88).jpg,pituitary
near,5,/kaggle/input/datasets/sartajbhuvaji/brain-tumor-classification-mri/Training/pituitary_tumor/p (140).jpg,pituitary,/kaggle/input/datasets/sartajbhuvaji/brain-tumor-classification-mri/Training/pituitary_tumor/p (324).jpg,pituitary
near,4,/kaggle/input/datasets/sartajbhuvaji/brain-tumor-classification-mri/Training/pituitary_tumor/p (140).jpg,pituitary,/kaggle/input/datasets/sartajbhuvaji/brain-tumor-classification-mri/Training/pituitary_tumor/p (325).jpg,pituitary
near,6,/kaggle/input/datasets/sartajbhuvaji/brain-tumor-classification-mri/Training/pituitary_tumor/p (141).jpg,pituitary,/kaggle/input/datasets/sartajbhuvaji/brain-tumor-classification-mri/Training/pituitary_tumor/p (143).jpg,pituitary
near,6,/kaggle/input/datasets/sartajbhuvaji/brain-tumor-classification-mri/Training/pituitary_tumor/p (143).jpg,pituitary,/kaggle/input/datasets/sartajbhuvaji/brain-tumor-classification-mri/Training/pituitary_tumor/p (144).jpg,pituitary
near,6,/kaggle/input/datasets/sartajbhuvaji/brain-tumor-classification-mri/Training/pituitary_tumor/p (145).jpg,pituitary,/kaggle/input/datasets/sartajbhuvaji/brain-tumor-classification-mri/Training/pituitary_tumor/p (150).jpg,pituitary
near,4,/kaggle/input/datasets/sartajbhuvaji/brain-tumor-classification-mri/Training/pituitary_tumor/p (147).jpg,pituitary,/kaggle/input/datasets/sartajbhuvaji/brain-tumor-classification-mri/Training/pituitary_tumor/p (148).jpg,pituitary
near,6,/kaggle/input/datasets/sartajbhuvaji/brain-tumor-classification-mri/Training/pituitary_tumor/p (148).jpg,pituitary,/kaggle/input/datasets/sartajbhuvaji/brain-tumor-classification-mri/Training/pituitary_tumor/p (149).jpg,pituitary
near,5,/kaggle/input/datasets/sartajbhuvaji/brain-tumor-classification-mri/Training/pituitary_tumor/p (152).jpg,pituitary,/kaggle/input/datasets/sartajbhuvaji/brain-tumor-classification-mri/Training/pituitary_tumor/p (153).jpg,pituitary
near,5,/kaggle/input/datasets/sartajbhuvaji/brain-tumor-classification-mri/Training/pituitary_tumor/p (152).jpg,pituitary,/kaggle/input/datasets/sartajbhuvaji/brain-tumor-classification-mri/Training/pituitary_tumor/p (154).jpg,pituitary
near,4,/kaggle/input/datasets/sartajbhuvaji/brain-tumor-classification-mri/Training/pituitary_tumor/p (152).jpg,pituitary,/kaggle/input/datasets/sartajbhuvaji/brain-tumor-classification-mri/Training/pituitary_tumor/p (156).jpg,pituitary
near,4,/kaggle/input/datasets/sartajbhuvaji/brain-tumor-classification-mri/Training/pituitary_tumor/p (153).jpg,pituitary,/kaggle/input/datasets/sartajbhuvaji/brain-tumor-classification-mri/Training/pituitary_tumor/p (154).jpg,pituitary
near,4,/kaggle/input/datasets/sartajbhuvaji/brain-tumor-classification-mri/Training/pituitary_tumor/p (153).jpg,pituitary,/kaggle/input/datasets/sartajbhuvaji/brain-tumor-classification-mri/Training/pituitary_tumor/p (155).jpg,pituitary
near,6,/kaggle/input/datasets/sartajbhuvaji/brain-tumor-classification-mri/Training/pituitary_tumor/p (154).jpg,pituitary,/kaggle/input/datasets/sartajbhuvaji/brain-tumor-classification-mri/Training/pituitary_tumor/p (155).jpg,pituitary
near,6,/kaggle/input/datasets/sartajbhuvaji/brain-tumor-classification-mri/Training/pituitary_tumor/p (159).jpg,pituitary,/kaggle/input/datasets/sartajbhuvaji/brain-tumor-classification-mri/Training/pituitary_tumor/p (160).jpg,pituitary
near,5,/kaggle/input/datasets/sartajbhuvaji/brain-tumor-classification-mri/Training/pituitary_tumor/p (161).jpg,pituitary,/kaggle/input/datasets/sartajbhuvaji/brain-tumor-classification-mri/Training/pituitary_tumor/p (162).jpg,pituitary
near,5,/kaggle/input/datasets/sartajbhuvaji/brain-tumor-classification-mri/Training/pituitary_tumor/p (161).jpg,pituitary,/kaggle/input/datasets/sartajbhuvaji/brain-tumor-classification-mri/Training/pituitary_tumor/p (163).jpg,pituitary
near,4,/kaggle/input/datasets/sartajbhuvaji/brain-tumor-classification-mri/Training/pituitary_tumor/p (162).jpg,pituitary,/kaggle/input/datasets/sartajbhuvaji/brain-tumor-classification-mri/Training/pituitary_tumor/p (163).jpg,pituitary
near,4,/kaggle/input/datasets/sartajbhuvaji/brain-tumor-classification-mri/Training/pituitary_tumor/p (162).jpg,pituitary,/kaggle/input/datasets/sartajbhuvaji/brain-tumor-classification-mri/Training/pituitary_tumor/p (164).jpg,pituitary
near,6,/kaggle/input/datasets/sartajbhuvaji/brain-tumor-classification-mri/Training/pituitary_tumor/p (162).jpg,pituitary,/kaggle/input/datasets/sartajbhuvaji/brain-tumor-classification-mri/Training/pituitary_tumor/p (165).jpg,pituitary
near,6,/kaggle/input/datasets/sartajbhuvaji/brain-tumor-classification-mri/Training/pituitary_tumor/p (162).jpg,pituitary,/kaggle/input/datasets/sartajbhuvaji/brain-tumor-classification-mri/Training/pituitary_tumor/p (195).jpg,pituitary
near,6,/kaggle/input/datasets/sartajbhuvaji/brain-tumor-classification-mri/Training/pituitary_tumor/p (162).jpg,pituitary,/kaggle/input/datasets/sartajbhuvaji/brain-tumor-classification-mri/Training/pituitary_tumor/p (596).jpg,pituitary
near,6,/kaggle/input/datasets/sartajbhuvaji/brain-tumor-classification-mri/Training/pituitary_tumor/p (163).jpg,pituitary,/kaggle/input/datasets/sartajbhuvaji/brain-tumor-classification-mri/Training/pituitary_tumor/p (164).jpg,pituitary
near,4,/kaggle/input/datasets/sartajbhuvaji/brain-tumor-classification-mri/Training/pituitary_tumor/p (164).jpg,pituitary,/kaggle/input/datasets/sartajbhuvaji/brain-tumor-classification-mri/Training/pituitary_tumor/p (165).jpg,pituitary
near,5,/kaggle/input/datasets/sartajbhuvaji/brain-tumor-classification-mri/Training/pituitary_tumor/p (168).jpg,pituitary,/kaggle/input/datasets/sartajbhuvaji/brain-tumor-classification-mri/Training/pituitary_tumor/p (169).jpg,pituitary
near,5,/kaggle/input/datasets/sartajbhuvaji/brain-tumor-classification-mri/Training/pituitary_tumor/p (169).jpg,pituitary,/kaggle/input/datasets/sartajbhuvaji/brain-tumor-classification-mri/Training/pituitary_tumor/p (170).jpg,pituitary
near,4,/kaggle/input/datasets/sartajbhuvaji/brain-tumor-classification-mri/Training/pituitary_tumor/p (170).jpg,pituitary,/kaggle/input/datasets/sartajbhuvaji/brain-tumor-classification-mri/Training/pituitary_tumor/p (171).jpg,pituitary
near,5,/kaggle/input/datasets/sartajbhuvaji/brain-tumor-classification-mri/Training/pituitary_tumor/p (172).jpg,pituitary,/kaggle/input/datasets/sartajbhuvaji/brain-tumor-classification-mri/Training/pituitary_tumor/p (173).jpg,pituitary
near,5,/kaggle/input/datasets/sartajbhuvaji/brain-tumor-classification-mri/Training/pituitary_tumor/p (172).jpg,pituitary,/kaggle/input/datasets/sartajbhuvaji/brain-tumor-classification-mri/Training/pituitary_tumor/p (176).jpg,pituitary
near,2,/kaggle/input/datasets/sartajbhuvaji/brain-tumor-classification-mri/Training/pituitary_tumor/p (173).jpg,pituitary,/kaggle/input/datasets/sartajbhuvaji/brain-tumor-classification-mri/Training/pituitary_tumor/p (174).jpg,pituitary
near,4,/kaggle/input/datasets/sartajbhuvaji/brain-tumor-classification-mri/Training/pituitary_tumor/p (173).jpg,pituitary,/kaggle/input/datasets/sartajbhuvaji/brain-tumor-classification-mri/Training/pituitary_tumor/p (175).jpg,pituitary
near,2,/kaggle/input/datasets/sartajbhuvaji/brain-tumor-classification-mri/Training/pituitary_tumor/p (173).jpg,pituitary,/kaggle/input/datasets/sartajbhuvaji/brain-tumor-classification-mri/Training/pituitary_tumor/p (176).jpg,pituitary
near,4,/kaggle/input/datasets/sartajbhuvaji/brain-tumor-classification-mri/Training/pituitary_tumor/p (174).jpg,pituitary,/kaggle/input/datasets/sartajbhuvaji/brain-tumor-classification-mri/Training/pituitary_tumor/p (175).jpg,pituitary
near,4,/kaggle/input/datasets/sartajbhuvaji/brain-tumor-classification-mri/Training/pituitary_tumor/p (174).jpg,pituitary,/kaggle/input/datasets/sartajbhuvaji/brain-tumor-classification-mri/Training/pituitary_tumor/p (176).jpg,pituitary
near,4,/kaggle/input/datasets/sartajbhuvaji/brain-tumor-classification-mri/Training/pituitary_tumor/p (175).jpg,pituitary,/kaggle/input/datasets/sartajbhuvaji/brain-tumor-classification-mri/Training/pituitary_tumor/p (176).jpg,pituitary
near,6,/kaggle/input/datasets/sartajbhuvaji/brain-tumor-classification-mri/Training/pituitary_tumor/p (176).jpg,pituitary,/kaggle/input/datasets/sartajbhuvaji/brain-tumor-classification-mri/Training/pituitary_tumor/p (202).jpg,pituitary
near,5,/kaggle/input/datasets/sartajbhuvaji/brain-tumor-classification-mri/Training/pituitary_tumor/p (176).jpg,pituitary,/kaggle/input/datasets/sartajbhuvaji/brain-tumor-classification-mri/Training/pituitary_tumor/p (206).jpg,pituitary
near,4,/kaggle/input/datasets/sartajbhuvaji/brain-tumor-classification-mri/Training/pituitary_tumor/p (177).jpg,pituitary,/kaggle/input/datasets/sartajbhuvaji/brain-tumor-classification-mri/Training/pituitary_tumor/p (178).jpg,pituitary
near,6,/kaggle/input/datasets/sartajbhuvaji/brain-tumor-classification-mri/Training/pituitary_tumor/p (181).jpg,pituitary,/kaggle/input/datasets/sartajbhuvaji/brain-tumor-classification-mri/Training/pituitary_tumor/p (183).jpg,pituitary
near,4,/kaggle/input/datasets/sartajbhuvaji/brain-tumor-classification-mri/Training/pituitary_tumor/p (185).jpg,pituitary,/kaggle/input/datasets/sartajbhuvaji/brain-tumor-classification-mri/Training/pituitary_tumor/p (186).jpg,pituitary
near,5,/kaggle/input/datasets/sartajbhuvaji/brain-tumor-classification-mri/Training/pituitary_tumor/p (186).jpg,pituitary,/kaggle/input/datasets/sartajbhuvaji/brain-tumor-classification-mri/Training/pituitary_tumor/p (187).jpg,pituitary
near,3,/kaggle/input/datasets/sartajbhuvaji/brain-tumor-classification-mri/Training/pituitary_tumor/p (186).jpg,pituitary,/kaggle/input/datasets/sartajbhuvaji/brain-tumor-classification-mri/Training/pituitary_tumor/p (188).jpg,pituitary
near,4,/kaggle/input/datasets/sartajbhuvaji/brain-tumor-classification-mri/Training/pituitary_tumor/p (187).jpg,pituitary,/kaggle/input/datasets/sartajbhuvaji/brain-tumor-classification-mri/Training/pituitary_tumor/p (188).jpg,pituitary
near,5,/kaggle/input/datasets/sartajbhuvaji/brain-tumor-classification-mri/Training/pituitary_tumor/p (188).jpg,pituitary,/kaggle/input/datasets/sartajbhuvaji/brain-tumor-classification-mri/Training/pituitary_tumor/p (189).jpg,pituitary
near,6,/kaggle/input/datasets/sartajbhuvaji/brain-tumor-classification-mri/Training/pituitary_tumor/p (191).jpg,pituitary,/kaggle/input/datasets/sartajbhuvaji/brain-tumor-classification-mri/Training/pituitary_tumor/p (192).jpg,pituitary
near,5,/kaggle/input/datasets/sartajbhuvaji/brain-tumor-classification-mri/Training/pituitary_tumor/p (192).jpg,pituitary,/kaggle/input/datasets/sartajbhuvaji/brain-tumor-classification-mri/Training/pituitary_tumor/p (193).jpg,pituitary
near,4,/kaggle/input/datasets/sartajbhuvaji/brain-tumor-classification-mri/Training/pituitary_tumor/p (192).jpg,pituitary,/kaggle/input/datasets/sartajbhuvaji/brain-tumor-classification-mri/Training/pituitary_tumor/p (429).jpg,pituitary
near,3,/kaggle/input/datasets/sartajbhuvaji/brain-tumor-classification-mri/Training/pituitary_tumor/p (195).jpg,pituitary,/kaggle/input/datasets/sartajbhuvaji/brain-tumor-classification-mri/Training/pituitary_tumor/p (196).jpg,pituitary
near,3,/kaggle/input/datasets/sartajbhuvaji/brain-tumor-classification-mri/Training/pituitary_tumor/p (195).jpg,pituitary,/kaggle/input/datasets/sartajbhuvaji/brain-tumor-classification-mri/Training/pituitary_tumor/p (197).jpg,pituitary
near,3,/kaggle/input/datasets/sartajbhuvaji/brain-tumor-classification-mri/Training/pituitary_tumor/p (195).jpg,pituitary,/kaggle/input/datasets/sartajbhuvaji/brain-tumor-classification-mri/Training/pituitary_tumor/p (198).jpg,pituitary
near,6,/kaggle/input/datasets/sartajbhuvaji/brain-tumor-classification-mri/Training/pituitary_tumor/p (195).jpg,pituitary,/kaggle/input/datasets/sartajbhuvaji/brain-tumor-classification-mri/Training/pituitary_tumor/p (596).jpg,pituitary
near,4,/kaggle/input/datasets/sartajbhuvaji/brain-tumor-classification-mri/Training/pituitary_tumor/p (196).jpg,pituitary,/kaggle/input/datasets/sartajbhuvaji/brain-tumor-classification-mri/Training/pituitary_tumor/p (198).jpg,pituitary
near,6,/kaggle/input/datasets/sartajbhuvaji/brain-tumor-classification-mri/Training/pituitary_tumor/p (196).jpg,pituitary,/kaggle/input/datasets/sartajbhuvaji/brain-tumor-classification-mri/Training/pituitary_tumor/p (432).jpg,pituitary
near,4,/kaggle/input/datasets/sartajbhuvaji/brain-tumor-classification-mri/Training/pituitary_tumor/p (197).jpg,pituitary,/kaggle/input/datasets/sartajbhuvaji/brain-tumor-classification-mri/Training/pituitary_tumor/p (198).jpg,pituitary
near,6,/kaggle/input/datasets/sartajbhuvaji/brain-tumor-classification-mri/Training/pituitary_tumor/p (197).jpg,pituitary,/kaggle/input/datasets/sartajbhuvaji/brain-tumor-classification-mri/Training/pituitary_tumor/p (432).jpg,pituitary
near,6,/kaggle/input/datasets/sartajbhuvaji/brain-tumor-classification-mri/Training/pituitary_tumor/p (201).jpg,pituitary,/kaggle/input/datasets/sartajbhuvaji/brain-tumor-classification-mri/Training/pituitary_tumor/p (205).jpg,pituitary
near,6,/kaggle/input/datasets/sartajbhuvaji/brain-tumor-classification-mri/Training/pituitary_tumor/p (201).jpg,pituitary,/kaggle/input/datasets/sartajbhuvaji/brain-tumor-classification-mri/Training/pituitary_tumor/p (270).jpg,pituitary
near,6,/kaggle/input/datasets/sartajbhuvaji/brain-tumor-classification-mri/Training/pituitary_tumor/p (203).jpg,pituitary,/kaggle/input/datasets/sartajbhuvaji/brain-tumor-classification-mri/Training/pituitary_tumor/p (205).jpg,pituitary
near,4,/kaggle/input/datasets/sartajbhuvaji/brain-tumor-classification-mri/Training/pituitary_tumor/p (204).jpg,pituitary,/kaggle/input/datasets/sartajbhuvaji/brain-tumor-classification-mri/Training/pituitary_tumor/p (205).jpg,pituitary
near,6,/kaggle/input/datasets/sartajbhuvaji/brain-tumor-classification-mri/Training/pituitary_tumor/p (205).jpg,pituitary,/kaggle/input/datasets/sartajbhuvaji/brain-tumor-classification-mri/Training/pituitary_tumor/p (206).jpg,pituitary
near,6,/kaggle/input/datasets/sartajbhuvaji/brain-tumor-classification-mri/Training/pituitary_tumor/p (205).jpg,pituitary,/kaggle/input/datasets/sartajbhuvaji/brain-tumor-classification-mri/Training/pituitary_tumor/p (265).jpg,pituitary
near,6,/kaggle/input/datasets/sartajbhuvaji/brain-tumor-classification-mri/Training/pituitary_tumor/p (207).jpg,pituitary,/kaggle/input/datasets/sartajbhuvaji/brain-tumor-classification-mri/Training/pituitary_tumor/p (211).jpg,pituitary
near,6,/kaggle/input/datasets/sartajbhuvaji/brain-tumor-classification-mri/Training/pituitary_tumor/p (207).jpg,pituitary,/kaggle/input/datasets/sartajbhuvaji/brain-tumor-classification-mri/Training/pituitary_tumor/p (212).jpg,pituitary
near,6,/kaggle/input/datasets/sartajbhuvaji/brain-tumor-classification-mri/Training/pituitary_tumor/p (208).jpg,pituitary,/kaggle/input/datasets/sartajbhuvaji/brain-tumor-classification-mri/Training/pituitary_tumor/p (210).jpg,pituitary
near,2,/kaggle/input/datasets/sartajbhuvaji/brain-tumor-classification-mri/Training/pituitary_tumor/p (208).jpg,pituitary,/kaggle/input/datasets/sartajbhuvaji/brain-tumor-classification-mri/Training/pituitary_tumor/p (211).jpg,pituitary
near,4,/kaggle/input/datasets/sartajbhuvaji/brain-tumor-classification-mri/Training/pituitary_tumor/p (208).jpg,pituitary,/kaggle/input/datasets/sartajbhuvaji/brain-tumor-classification-mri/Training/pituitary_tumor/p (212).jpg,pituitary
near,6,/kaggle/input/datasets/sartajbhuvaji/brain-tumor-classification-mri/Training/pituitary_tumor/p (209).jpg,pituitary,/kaggle/input/datasets/sartajbhuvaji/brain-tumor-classification-mri/Training/pituitary_tumor/p (210).jpg,pituitary
near,5,/kaggle/input/datasets/sartajbhuvaji/brain-tumor-classification-mri/Training/pituitary_tumor/p (21).jpg,pituitary,/kaggle/input/datasets/sartajbhuvaji/brain-tumor-classification-mri/Training/pituitary_tumor/p (22).jpg,pituitary
near,6,/kaggle/input/datasets/sartajbhuvaji/brain-tumor-classification-mri/Training/pituitary_tumor/p (210).jpg,pituitary,/kaggle/input/datasets/sartajbhuvaji/brain-tumor-classification-mri/Training/pituitary_tumor/p (211).jpg,pituitary
near,2,/kaggle/input/datasets/sartajbhuvaji/brain-tumor-classification-mri/Training/pituitary_tumor/p (211).jpg,pituitary,/kaggle/input/datasets/sartajbhuvaji/brain-tumor-classification-mri/Training/pituitary_tumor/p (212).jpg,pituitary
near,5,/kaggle/input/datasets/sartajbhuvaji/brain-tumor-classification-mri/Training/pituitary_tumor/p (213).jpg,pituitary,/kaggle/input/datasets/sartajbhuvaji/brain-tumor-classification-mri/Training/pituitary_tumor/p (214).jpg,pituitary
near,5,/kaggle/input/datasets/sartajbhuvaji/brain-tumor-classification-mri/Training/pituitary_tumor/p (217).jpg,pituitary,/kaggle/input/datasets/sartajbhuvaji/brain-tumor-classification-mri/Training/pituitary_tumor/p (218).jpg,pituitary
near,5,/kaggle/input/datasets/sartajbhuvaji/brain-tumor-classification-mri/Training/pituitary_tumor/p (217).jpg,pituitary,/kaggle/input/datasets/sartajbhuvaji/brain-tumor-classification-mri/Training/pituitary_tumor/p (219).jpg,pituitary
near,2,/kaggle/input/datasets/sartajbhuvaji/brain-tumor-classification-mri/Training/pituitary_tumor/p (218).jpg,pituitary,/kaggle/input/datasets/sartajbhuvaji/brain-tumor-classification-mri/Training/pituitary_tumor/p (219).jpg,pituitary
near,4,/kaggle/input/datasets/sartajbhuvaji/brain-tumor-classification-mri/Training/pituitary_tumor/p (218).jpg,pituitary,/kaggle/input/datasets/sartajbhuvaji/brain-tumor-classification-mri/Training/pituitary_tumor/p (220).jpg,pituitary
near,2,/kaggle/input/datasets/sartajbhuvaji/brain-tumor-classification-mri/Training/pituitary_tumor/p (219).jpg,pituitary,/kaggle/input/datasets/sartajbhuvaji/brain-tumor-classification-mri/Training/pituitary_tumor/p (220).jpg,pituitary
near,6,/kaggle/input/datasets/sartajbhuvaji/brain-tumor-classification-mri/Training/pituitary_tumor/p (221).jpg,pituitary,/kaggle/input/datasets/sartajbhuvaji/brain-tumor-classification-mri/Training/pituitary_tumor/p (224).jpg,pituitary
near,6,/kaggle/input/datasets/sartajbhuvaji/brain-tumor-classification-mri/Training/pituitary_tumor/p (222).jpg,pituitary,/kaggle/input/datasets/sartajbhuvaji/brain-tumor-classification-mri/Training/pituitary_tumor/p (223).jpg,pituitary
near,6,/kaggle/input/datasets/sartajbhuvaji/brain-tumor-classification-mri/Training/pituitary_tumor/p (222).jpg,pituitary,/kaggle/input/datasets/sartajbhuvaji/brain-tumor-classification-mri/Training/pituitary_tumor/p (225).jpg,pituitary
near,5,/kaggle/input/datasets/sartajbhuvaji/brain-tumor-classification-mri/Training/pituitary_tumor/p (223).jpg,pituitary,/kaggle/input/datasets/sartajbhuvaji/brain-tumor-classification-mri/Training/pituitary_tumor/p (224).jpg,pituitary
near,6,/kaggle/input/datasets/sartajbhuvaji/brain-tumor-classification-mri/Training/pituitary_tumor/p (223).jpg,pituitary,/kaggle/input/datasets/sartajbhuvaji/brain-tumor-classification-mri/Training/pituitary_tumor/p (225).jpg,pituitary
near,5,/kaggle/input/datasets/sartajbhuvaji/brain-tumor-classification-mri/Training/pituitary_tumor/p (229).jpg,pituitary,/kaggle/input/datasets/sartajbhuvaji/brain-tumor-classification-mri/Training/pituitary_tumor/p (237).jpg,pituitary
near,6,/kaggle/input/datasets/sartajbhuvaji/brain-tumor-classification-mri/Training/pituitary_tumor/p (230).jpg,pituitary,/kaggle/input/datasets/sartajbhuvaji/brain-tumor-classification-mri/Training/pituitary_tumor/p (264).jpg,pituitary
near,5,/kaggle/input/datasets/sartajbhuvaji/brain-tumor-classification-mri/Training/pituitary_tumor/p (231).jpg,pituitary,/kaggle/input/datasets/sartajbhuvaji/brain-tumor-classification-mri/Training/pituitary_tumor/p (232).jpg,pituitary
near,4,/kaggle/input/datasets/sartajbhuvaji/brain-tumor-classification-mri/Training/pituitary_tumor/p (232).jpg,pituitary,/kaggle/input/datasets/sartajbhuvaji/brain-tumor-classification-mri/Training/pituitary_tumor/p (233).jpg,pituitary
near,6,/kaggle/input/datasets/sartajbhuvaji/brain-tumor-classification-mri/Training/pituitary_tumor/p (234).jpg,pituitary,/kaggle/input/datasets/sartajbhuvaji/brain-tumor-classification-mri/Training/pituitary_tumor/p (596).jpg,pituitary
near,4,/kaggle/input/datasets/sartajbhuvaji/brain-tumor-classification-mri/Training/pituitary_tumor/p (235).jpg,pituitary,/kaggle/input/datasets/sartajbhuvaji/brain-tumor-classification-mri/Training/pituitary_tumor/p (236).jpg,pituitary
near,5,/kaggle/input/datasets/sartajbhuvaji/brain-tumor-classification-mri/Training/pituitary_tumor/p (236).jpg,pituitary,/kaggle/input/datasets/sartajbhuvaji/brain-tumor-classification-mri/Training/pituitary_tumor/p (237).jpg,pituitary
near,5,/kaggle/input/datasets/sartajbhuvaji/brain-tumor-classification-mri/Training/pituitary_tumor/p (240).jpg,pituitary,/kaggle/input/datasets/sartajbhuvaji/brain-tumor-classification-mri/Training/pituitary_tumor/p (324).jpg,pituitary
near,4,/kaggle/input/datasets/sartajbhuvaji/brain-tumor-classification-mri/Training/pituitary_tumor/p (240).jpg,pituitary,/kaggle/input/datasets/sartajbhuvaji/brain-tumor-classification-mri/Training/pituitary_tumor/p (325).jpg,pituitary
near,2,/kaggle/input/datasets/sartajbhuvaji/brain-tumor-classification-mri/Training/pituitary_tumor/p (241).jpg,pituitary,/kaggle/input/datasets/sartajbhuvaji/brain-tumor-classification-mri/Training/pituitary_tumor/p (242).jpg,pituitary
near,2,/kaggle/input/datasets/sartajbhuvaji/brain-tumor-classification-mri/Training/pituitary_tumor/p (241).jpg,pituitary,/kaggle/input/datasets/sartajbhuvaji/brain-tumor-classification-mri/Training/pituitary_tumor/p (243).jpg,pituitary
near,4,/kaggle/input/datasets/sartajbhuvaji/brain-tumor-classification-mri/Training/pituitary_tumor/p (256).jpg,pituitary,/kaggle/input/datasets/sartajbhuvaji/brain-tumor-classification-mri/Training/pituitary_tumor/p (257).jpg,pituitary
near,6,/kaggle/input/datasets/sartajbhuvaji/brain-tumor-classification-mri/Training/pituitary_tumor/p (257).jpg,pituitary,/kaggle/input/datasets/sartajbhuvaji/brain-tumor-classification-mri/Training/pituitary_tumor/p (258).jpg,pituitary
near,5,/kaggle/input/datasets/sartajbhuvaji/brain-tumor-classification-mri/Training/pituitary_tumor/p (257).jpg,pituitary,/kaggle/input/datasets/sartajbhuvaji/brain-tumor-classification-mri/Training/pituitary_tumor/p (261).jpg,pituitary
near,6,/kaggle/input/datasets/sartajbhuvaji/brain-tumor-classification-mri/Training/pituitary_tumor/p (258).jpg,pituitary,/kaggle/input/datasets/sartajbhuvaji/brain-tumor-classification-mri/Training/pituitary_tumor/p (259).jpg,pituitary
near,5,/kaggle/input/datasets/sartajbhuvaji/brain-tumor-classification-mri/Training/pituitary_tumor/p (258).jpg,pituitary,/kaggle/input/datasets/sartajbhuvaji/brain-tumor-classification-mri/Training/pituitary_tumor/p (260).jpg,pituitary
near,3,/kaggle/input/datasets/sartajbhuvaji/brain-tumor-classification-mri/Training/pituitary_tumor/p (259).jpg,pituitary,/kaggle/input/datasets/sartajbhuvaji/brain-tumor-classification-mri/Training/pituitary_tumor/p (260).jpg,pituitary
near,5,/kaggle/input/datasets/sartajbhuvaji/brain-tumor-classification-mri/Training/pituitary_tumor/p (26).jpg,pituitary,/kaggle/input/datasets/sartajbhuvaji/brain-tumor-classification-mri/Training/pituitary_tumor/p (27).jpg,pituitary
near,4,/kaggle/input/datasets/sartajbhuvaji/brain-tumor-classification-mri/Training/pituitary_tumor/p (260).jpg,pituitary,/kaggle/input/datasets/sartajbhuvaji/brain-tumor-classification-mri/Training/pituitary_tumor/p (261).jpg,pituitary
near,6,/kaggle/input/datasets/sartajbhuvaji/brain-tumor-classification-mri/Training/pituitary_tumor/p (262).jpg,pituitary,/kaggle/input/datasets/sartajbhuvaji/brain-tumor-classification-mri/Training/pituitary_tumor/p (263).jpg,pituitary
near,5,/kaggle/input/datasets/sartajbhuvaji/brain-tumor-classification-mri/Training/pituitary_tumor/p (264).jpg,pituitary,/kaggle/input/datasets/sartajbhuvaji/brain-tumor-classification-mri/Training/pituitary_tumor/p (596).jpg,pituitary
near,3,/kaggle/input/datasets/sartajbhuvaji/brain-tumor-classification-mri/Training/pituitary_tumor/p (266).jpg,pituitary,/kaggle/input/datasets/sartajbhuvaji/brain-tumor-classification-mri/Training/pituitary_tumor/p (267).jpg,pituitary
near,5,/kaggle/input/datasets/sartajbhuvaji/brain-tumor-classification-mri/Training/pituitary_tumor/p (266).jpg,pituitary,/kaggle/input/datasets/sartajbhuvaji/brain-tumor-classification-mri/Training/pituitary_tumor/p (269).jpg,pituitary
near,4,/kaggle/input/datasets/sartajbhuvaji/brain-tumor-classification-mri/Training/pituitary_tumor/p (267).jpg,pituitary,/kaggle/input/datasets/sartajbhuvaji/brain-tumor-classification-mri/Training/pituitary_tumor/p (269).jpg,pituitary
near,2,/kaggle/input/datasets/sartajbhuvaji/brain-tumor-classification-mri/Training/pituitary_tumor/p (27).jpg,pituitary,/kaggle/input/datasets/sartajbhuvaji/brain-tumor-classification-mri/Training/pituitary_tumor/p (28).jpg,pituitary
near,2,/kaggle/input/datasets/sartajbhuvaji/brain-tumor-classification-mri/Training/pituitary_tumor/p (270).jpg,pituitary,/kaggle/input/datasets/sartajbhuvaji/brain-tumor-classification-mri/Training/pituitary_tumor/p (271).jpg,pituitary
near,4,/kaggle/input/datasets/sartajbhuvaji/brain-tumor-classification-mri/Training/pituitary_tumor/p (270).jpg,pituitary,/kaggle/input/datasets/sartajbhuvaji/brain-tumor-classification-mri/Training/pituitary_tumor/p (273).jpg,pituitary
near,2,/kaggle/input/datasets/sartajbhuvaji/brain-tumor-classification-mri/Training/pituitary_tumor/p (270).jpg,pituitary,/kaggle/input/datasets/sartajbhuvaji/brain-tumor-classification-mri/Training/pituitary_tumor/p (274).jpg,pituitary
near,4,/kaggle/input/datasets/sartajbhuvaji/brain-tumor-classification-mri/Training/pituitary_tumor/p (270).jpg,pituitary,/kaggle/input/datasets/sartajbhuvaji/brain-tumor-classification-mri/Training/pituitary_tumor/p (275).jpg,pituitary
near,5,/kaggle/input/datasets/sartajbhuvaji/brain-tumor-classification-mri/Training/pituitary_tumor/p (271).jpg,pituitary,/kaggle/input/datasets/sartajbhuvaji/brain-tumor-classification-mri/Training/pituitary_tumor/p (272).jpg,pituitary
near,2,/kaggle/input/datasets/sartajbhuvaji/brain-tumor-classification-mri/Training/pituitary_tumor/p (271).jpg,pituitary,/kaggle/input/datasets/sartajbhuvaji/brain-tumor-classification-mri/Training/pituitary_tumor/p (273).jpg,pituitary
near,2,/kaggle/input/datasets/sartajbhuvaji/brain-tumor-classification-mri/Training/pituitary_tumor/p (271).jpg,pituitary,/kaggle/input/datasets/sartajbhuvaji/brain-tumor-classification-mri/Training/pituitary_tumor/p (274).jpg,pituitary
near,4,/kaggle/input/datasets/sartajbhuvaji/brain-tumor-classification-mri/Training/pituitary_tumor/p (271).jpg,pituitary,/kaggle/input/datasets/sartajbhuvaji/brain-tumor-classification-mri/Training/pituitary_tumor/p (275).jpg,pituitary
near,5,/kaggle/input/datasets/sartajbhuvaji/brain-tumor-classification-mri/Training/pituitary_tumor/p (272).jpg,pituitary,/kaggle/input/datasets/sartajbhuvaji/brain-tumor-classification-mri/Training/pituitary_tumor/p (274).jpg,pituitary
near,4,/kaggle/input/datasets/sartajbhuvaji/brain-tumor-classification-mri/Training/pituitary_tumor/p (273).jpg,pituitary,/kaggle/input/datasets/sartajbhuvaji/brain-tumor-classification-mri/Training/pituitary_tumor/p (274).jpg,pituitary
near,4,/kaggle/input/datasets/sartajbhuvaji/brain-tumor-classification-mri/Training/pituitary_tumor/p (273).jpg,pituitary,/kaggle/input/datasets/sartajbhuvaji/brain-tumor-classification-mri/Training/pituitary_tumor/p (275).jpg,pituitary
near,2,/kaggle/input/datasets/sartajbhuvaji/brain-tumor-classification-mri/Training/pituitary_tumor/p (274).jpg,pituitary,/kaggle/input/datasets/sartajbhuvaji/brain-tumor-classification-mri/Training/pituitary_tumor/p (275).jpg,pituitary
near,6,/kaggle/input/datasets/sartajbhuvaji/brain-tumor-classification-mri/Training/pituitary_tumor/p (276).jpg,pituitary,/kaggle/input/datasets/sartajbhuvaji/brain-tumor-classification-mri/Training/pituitary_tumor/p (277).jpg,pituitary
near,6,/kaggle/input/datasets/sartajbhuvaji/brain-tumor-classification-mri/Training/pituitary_tumor/p (278).jpg,pituitary,/kaggle/input/datasets/sartajbhuvaji/brain-tumor-classification-mri/Training/pituitary_tumor/p (279).jpg,pituitary
near,5,/kaggle/input/datasets/sartajbhuvaji/brain-tumor-classification-mri/Training/pituitary_tumor/p (286).jpg,pituitary,/kaggle/input/datasets/sartajbhuvaji/brain-tumor-classification-mri/Training/pituitary_tumor/p (288).jpg,pituitary
near,6,/kaggle/input/datasets/sartajbhuvaji/brain-tumor-classification-mri/Training/pituitary_tumor/p (286).jpg,pituitary,/kaggle/input/datasets/sartajbhuvaji/brain-tumor-classification-mri/Training/pituitary_tumor/p (289).jpg,pituitary
near,5,/kaggle/input/datasets/sartajbhuvaji/brain-tumor-classification-mri/Training/pituitary_tumor/p (287).jpg,pituitary,/kaggle/input/datasets/sartajbhuvaji/brain-tumor-classification-mri/Training/pituitary_tumor/p (288).jpg,pituitary
near,6,/kaggle/input/datasets/sartajbhuvaji/brain-tumor-classification-mri/Training/pituitary_tumor/p (287).jpg,pituitary,/kaggle/input/datasets/sartajbhuvaji/brain-tumor-classification-mri/Training/pituitary_tumor/p (289).jpg,pituitary
near,5,/kaggle/input/datasets/sartajbhuvaji/brain-tumor-classification-mri/Training/pituitary_tumor/p (288).jpg,pituitary,/kaggle/input/datasets/sartajbhuvaji/brain-tumor-classification-mri/Training/pituitary_tumor/p (289).jpg,pituitary
near,3,/kaggle/input/datasets/sartajbhuvaji/brain-tumor-classification-mri/Training/pituitary_tumor/p (29).jpg,pituitary,/kaggle/input/datasets/sartajbhuvaji/brain-tumor-classification-mri/Training/pituitary_tumor/p (30).jpg,pituitary
near,4,/kaggle/input/datasets/sartajbhuvaji/brain-tumor-classification-mri/Training/pituitary_tumor/p (290).jpg,pituitary,/kaggle/input/datasets/sartajbhuvaji/brain-tumor-classification-mri/Training/pituitary_tumor/p (291).jpg,pituitary
near,6,/kaggle/input/datasets/sartajbhuvaji/brain-tumor-classification-mri/Training/pituitary_tumor/p (291).jpg,pituitary,/kaggle/input/datasets/sartajbhuvaji/brain-tumor-classification-mri/Training/pituitary_tumor/p (420).jpg,pituitary
near,5,/kaggle/input/datasets/sartajbhuvaji/brain-tumor-classification-mri/Training/pituitary_tumor/p (294).jpg,pituitary,/kaggle/input/datasets/sartajbhuvaji/brain-tumor-classification-mri/Training/pituitary_tumor/p (298).jpg,pituitary
near,6,/kaggle/input/datasets/sartajbhuvaji/brain-tumor-classification-mri/Training/pituitary_tumor/p (294).jpg,pituitary,/kaggle/input/datasets/sartajbhuvaji/brain-tumor-classification-mri/Training/pituitary_tumor/p (299).jpg,pituitary
near,6,/kaggle/input/datasets/sartajbhuvaji/brain-tumor-classification-mri/Training/pituitary_tumor/p (295).jpg,pituitary,/kaggle/input/datasets/sartajbhuvaji/brain-tumor-classification-mri/Training/pituitary_tumor/p (296).jpg,pituitary
near,4,/kaggle/input/datasets/sartajbhuvaji/brain-tumor-classification-mri/Training/pituitary_tumor/p (296).jpg,pituitary,/kaggle/input/datasets/sartajbhuvaji/brain-tumor-classification-mri/Training/pituitary_tumor/p (297).jpg,pituitary
near,6,/kaggle/input/datasets/sartajbhuvaji/brain-tumor-classification-mri/Training/pituitary_tumor/p (297).jpg,pituitary,/kaggle/input/datasets/sartajbhuvaji/brain-tumor-classification-mri/Training/pituitary_tumor/p (298).jpg,pituitary
near,3,/kaggle/input/datasets/sartajbhuvaji/brain-tumor-classification-mri/Training/pituitary_tumor/p (3).jpg,pituitary,/kaggle/input/datasets/sartajbhuvaji/brain-tumor-classification-mri/Training/pituitary_tumor/p (4).jpg,pituitary
near,6,/kaggle/input/datasets/sartajbhuvaji/brain-tumor-classification-mri/Training/pituitary_tumor/p (301).jpg,pituitary,/kaggle/input/datasets/sartajbhuvaji/brain-tumor-classification-mri/Training/pituitary_tumor/p (307).jpg,pituitary
near,4,/kaggle/input/datasets/sartajbhuvaji/brain-tumor-classification-mri/Training/pituitary_tumor/p (302).jpg,pituitary,/kaggle/input/datasets/sartajbhuvaji/brain-tumor-classification-mri/Training/pituitary_tumor/p (304).jpg,pituitary
near,6,/kaggle/input/datasets/sartajbhuvaji/brain-tumor-classification-mri/Training/pituitary_tumor/p (302).jpg,pituitary,/kaggle/input/datasets/sartajbhuvaji/brain-tumor-classification-mri/Training/pituitary_tumor/p (305).jpg,pituitary
near,4,/kaggle/input/datasets/sartajbhuvaji/brain-tumor-classification-mri/Training/pituitary_tumor/p (302).jpg,pituitary,/kaggle/input/datasets/sartajbhuvaji/brain-tumor-classification-mri/Training/pituitary_tumor/p (306).jpg,pituitary
near,4,/kaggle/input/datasets/sartajbhuvaji/brain-tumor-classification-mri/Training/pituitary_tumor/p (303).jpg,pituitary,/kaggle/input/datasets/sartajbhuvaji/brain-tumor-classification-mri/Training/pituitary_tumor/p (304).jpg,pituitary
near,6,/kaggle/input/datasets/sartajbhuvaji/brain-tumor-classification-mri/Training/pituitary_tumor/p (303).jpg,pituitary,/kaggle/input/datasets/sartajbhuvaji/brain-tumor-classification-mri/Training/pituitary_tumor/p (305).jpg,pituitary
near,4,/kaggle/input/datasets/sartajbhuvaji/brain-tumor-classification-mri/Training/pituitary_tumor/p (303).jpg,pituitary,/kaggle/input/datasets/sartajbhuvaji/brain-tumor-classification-mri/Training/pituitary_tumor/p (306).jpg,pituitary
near,6,/kaggle/input/datasets/sartajbhuvaji/brain-tumor-classification-mri/Training/pituitary_tumor/p (304).jpg,pituitary,/kaggle/input/datasets/sartajbhuvaji/brain-tumor-classification-mri/Training/pituitary_tumor/p (306).jpg,pituitary
near,6,/kaggle/input/datasets/sartajbhuvaji/brain-tumor-classification-mri/Training/pituitary_tumor/p (307).jpg,pituitary,/kaggle/input/datasets/sartajbhuvaji/brain-tumor-classification-mri/Training/pituitary_tumor/p (308).jpg,pituitary
near,3,/kaggle/input/datasets/sartajbhuvaji/brain-tumor-classification-mri/Training/pituitary_tumor/p (31).jpg,pituitary,/kaggle/input/datasets/sartajbhuvaji/brain-tumor-classification-mri/Training/pituitary_tumor/p (32).jpg,pituitary
near,2,/kaggle/input/datasets/sartajbhuvaji/brain-tumor-classification-mri/Training/pituitary_tumor/p (310).jpg,pituitary,/kaggle/input/datasets/sartajbhuvaji/brain-tumor-classification-mri/Training/pituitary_tumor/p (311).jpg,pituitary
near,5,/kaggle/input/datasets/sartajbhuvaji/brain-tumor-classification-mri/Training/pituitary_tumor/p (311).jpg,pituitary,/kaggle/input/datasets/sartajbhuvaji/brain-tumor-classification-mri/Training/pituitary_tumor/p (312).jpg,pituitary
near,6,/kaggle/input/datasets/sartajbhuvaji/brain-tumor-classification-mri/Training/pituitary_tumor/p (313).jpg,pituitary,/kaggle/input/datasets/sartajbhuvaji/brain-tumor-classification-mri/Training/pituitary_tumor/p (314).jpg,pituitary
near,6,/kaggle/input/datasets/sartajbhuvaji/brain-tumor-classification-mri/Training/pituitary_tumor/p (315).jpg,pituitary,/kaggle/input/datasets/sartajbhuvaji/brain-tumor-classification-mri/Training/pituitary_tumor/p (316).jpg,pituitary
near,6,/kaggle/input/datasets/sartajbhuvaji/brain-tumor-classification-mri/Training/pituitary_tumor/p (321).jpg,pituitary,/kaggle/input/datasets/sartajbhuvaji/brain-tumor-classification-mri/Training/pituitary_tumor/p (322).jpg,pituitary
near,4,/kaggle/input/datasets/sartajbhuvaji/brain-tumor-classification-mri/Training/pituitary_tumor/p (326).jpg,pituitary,/kaggle/input/datasets/sartajbhuvaji/brain-tumor-classification-mri/Training/pituitary_tumor/p (400).jpg,pituitary
near,4,/kaggle/input/datasets/sartajbhuvaji/brain-tumor-classification-mri/Training/pituitary_tumor/p (327).jpg,pituitary,/kaggle/input/datasets/sartajbhuvaji/brain-tumor-classification-mri/Training/pituitary_tumor/p (99).jpg,pituitary
near,4,/kaggle/input/datasets/sartajbhuvaji/brain-tumor-classification-mri/Training/pituitary_tumor/p (33).jpg,pituitary,/kaggle/input/datasets/sartajbhuvaji/brain-tumor-classification-mri/Training/pituitary_tumor/p (34).jpg,pituitary
near,4,/kaggle/input/datasets/sartajbhuvaji/brain-tumor-classification-mri/Training/pituitary_tumor/p (33).jpg,pituitary,/kaggle/input/datasets/sartajbhuvaji/brain-tumor-classification-mri/Training/pituitary_tumor/p (35).jpg,pituitary
near,4,/kaggle/input/datasets/sartajbhuvaji/brain-tumor-classification-mri/Training/pituitary_tumor/p (33).jpg,pituitary,/kaggle/input/datasets/sartajbhuvaji/brain-tumor-classification-mri/Training/pituitary_tumor/p (36).jpg,pituitary
near,5,/kaggle/input/datasets/sartajbhuvaji/brain-tumor-classification-mri/Training/pituitary_tumor/p (33).jpg,pituitary,/kaggle/input/datasets/sartajbhuvaji/brain-tumor-classification-mri/Training/pituitary_tumor/p (37).jpg,pituitary
near,6,/kaggle/input/datasets/sartajbhuvaji/brain-tumor-classification-mri/Training/pituitary_tumor/p (332).jpg,pituitary,/kaggle/input/datasets/sartajbhuvaji/brain-tumor-classification-mri/Training/pituitary_tumor/p (333).jpg,pituitary
near,2,/kaggle/input/datasets/sartajbhuvaji/brain-tumor-classification-mri/Training/pituitary_tumor/p (335).jpg,pituitary,/kaggle/input/datasets/sartajbhuvaji/brain-tumor-classification-mri/Training/pituitary_tumor/p (336).jpg,pituitary
near,6,/kaggle/input/datasets/sartajbhuvaji/brain-tumor-classification-mri/Training/pituitary_tumor/p (335).jpg,pituitary,/kaggle/input/datasets/sartajbhuvaji/brain-tumor-classification-mri/Training/pituitary_tumor/p (337).jpg,pituitary
near,6,/kaggle/input/datasets/sartajbhuvaji/brain-tumor-classification-mri/Training/pituitary_tumor/p (335).jpg,pituitary,/kaggle/input/datasets/sartajbhuvaji/brain-tumor-classification-mri/Training/pituitary_tumor/p (400).jpg,pituitary
near,6,/kaggle/input/datasets/sartajbhuvaji/brain-tumor-classification-mri/Training/pituitary_tumor/p (336).jpg,pituitary,/kaggle/input/datasets/sartajbhuvaji/brain-tumor-classification-mri/Training/pituitary_tumor/p (337).jpg,pituitary
near,6,/kaggle/input/datasets/sartajbhuvaji/brain-tumor-classification-mri/Training/pituitary_tumor/p (336).jpg,pituitary,/kaggle/input/datasets/sartajbhuvaji/brain-tumor-classification-mri/Training/pituitary_tumor/p (400).jpg,pituitary
near,3,/kaggle/input/datasets/sartajbhuvaji/brain-tumor-classification-mri/Training/pituitary_tumor/p (338).jpg,pituitary,/kaggle/input/datasets/sartajbhuvaji/brain-tumor-classification-mri/Training/pituitary_tumor/p (339).jpg,pituitary
near,4,/kaggle/input/datasets/sartajbhuvaji/brain-tumor-classification-mri/Training/pituitary_tumor/p (34).jpg,pituitary,/kaggle/input/datasets/sartajbhuvaji/brain-tumor-classification-mri/Training/pituitary_tumor/p (35).jpg,pituitary
near,4,/kaggle/input/datasets/sartajbhuvaji/brain-tumor-classification-mri/Training/pituitary_tumor/p (34).jpg,pituitary,/kaggle/input/datasets/sartajbhuvaji/brain-tumor-classification-mri/Training/pituitary_tumor/p (36).jpg,pituitary
near,5,/kaggle/input/datasets/sartajbhuvaji/brain-tumor-classification-mri/Training/pituitary_tumor/p (34).jpg,pituitary,/kaggle/input/datasets/sartajbhuvaji/brain-tumor-classification-mri/Training/pituitary_tumor/p (37).jpg,pituitary
near,6,/kaggle/input/datasets/sartajbhuvaji/brain-tumor-classification-mri/Training/pituitary_tumor/p (346).jpg,pituitary,/kaggle/input/datasets/sartajbhuvaji/brain-tumor-classification-mri/Training/pituitary_tumor/p (347).jpg,pituitary
near,6,/kaggle/input/datasets/sartajbhuvaji/brain-tumor-classification-mri/Training/pituitary_tumor/p (347).jpg,pituitary,/kaggle/input/datasets/sartajbhuvaji/brain-tumor-classification-mri/Training/pituitary_tumor/p (348).jpg,pituitary
near,2,/kaggle/input/datasets/sartajbhuvaji/brain-tumor-classification-mri/Training/pituitary_tumor/p (35).jpg,pituitary,/kaggle/input/datasets/sartajbhuvaji/brain-tumor-classification-mri/Training/pituitary_tumor/p (36).jpg,pituitary
near,3,/kaggle/input/datasets/sartajbhuvaji/brain-tumor-classification-mri/Training/pituitary_tumor/p (35).jpg,pituitary,/kaggle/input/datasets/sartajbhuvaji/brain-tumor-classification-mri/Training/pituitary_tumor/p (37).jpg,pituitary
near,6,/kaggle/input/datasets/sartajbhuvaji/brain-tumor-classification-mri/Training/pituitary_tumor/p (350).jpg,pituitary,/kaggle/input/datasets/sartajbhuvaji/brain-tumor-classification-mri/Training/pituitary_tumor/p (351).jpg,pituitary
near,6,/kaggle/input/datasets/sartajbhuvaji/brain-tumor-classification-mri/Training/pituitary_tumor/p (350).jpg,pituitary,/kaggle/input/datasets/sartajbhuvaji/brain-tumor-classification-mri/Training/pituitary_tumor/p (352).jpg,pituitary
near,6,/kaggle/input/datasets/sartajbhuvaji/brain-tumor-classification-mri/Training/pituitary_tumor/p (357).jpg,pituitary,/kaggle/input/datasets/sartajbhuvaji/brain-tumor-classification-mri/Training/pituitary_tumor/p (358).jpg,pituitary
near,3,/kaggle/input/datasets/sartajbhuvaji/brain-tumor-classification-mri/Training/pituitary_tumor/p (36).jpg,pituitary,/kaggle/input/datasets/sartajbhuvaji/brain-tumor-classification-mri/Training/pituitary_tumor/p (37).jpg,pituitary
near,4,/kaggle/input/datasets/sartajbhuvaji/brain-tumor-classification-mri/Training/pituitary_tumor/p (362).jpg,pituitary,/kaggle/input/datasets/sartajbhuvaji/brain-tumor-classification-mri/Training/pituitary_tumor/p (363).jpg,pituitary
near,2,/kaggle/input/datasets/sartajbhuvaji/brain-tumor-classification-mri/Training/pituitary_tumor/p (367).jpg,pituitary,/kaggle/input/datasets/sartajbhuvaji/brain-tumor-classification-mri/Training/pituitary_tumor/p (368).jpg,pituitary
near,1,/kaggle/input/datasets/sartajbhuvaji/brain-tumor-classification-mri/Training/pituitary_tumor/p (369).jpg,pituitary,/kaggle/input/datasets/sartajbhuvaji/brain-tumor-classification-mri/Training/pituitary_tumor/p (370).jpg,pituitary
near,5,/kaggle/input/datasets/sartajbhuvaji/brain-tumor-classification-mri/Training/pituitary_tumor/p (372).jpg,pituitary,/kaggle/input/datasets/sartajbhuvaji/brain-tumor-classification-mri/Training/pituitary_tumor/p (373).jpg,pituitary
near,2,/kaggle/input/datasets/sartajbhuvaji/brain-tumor-classification-mri/Training/pituitary_tumor/p (374).jpg,pituitary,/kaggle/input/datasets/sartajbhuvaji/brain-tumor-classification-mri/Training/pituitary_tumor/p (375).jpg,pituitary
near,6,/kaggle/input/datasets/sartajbhuvaji/brain-tumor-classification-mri/Training/pituitary_tumor/p (374).jpg,pituitary,/kaggle/input/datasets/sartajbhuvaji/brain-tumor-classification-mri/Training/pituitary_tumor/p (376).jpg,pituitary
near,4,/kaggle/input/datasets/sartajbhuvaji/brain-tumor-classification-mri/Training/pituitary_tumor/p (375).jpg,pituitary,/kaggle/input/datasets/sartajbhuvaji/brain-tumor-classification-mri/Training/pituitary_tumor/p (376).jpg,pituitary
near,6,/kaggle/input/datasets/sartajbhuvaji/brain-tumor-classification-mri/Training/pituitary_tumor/p (376).jpg,pituitary,/kaggle/input/datasets/sartajbhuvaji/brain-tumor-classification-mri/Training/pituitary_tumor/p (377).jpg,pituitary
near,6,/kaggle/input/datasets/sartajbhuvaji/brain-tumor-classification-mri/Training/pituitary_tumor/p (376).jpg,pituitary,/kaggle/input/datasets/sartajbhuvaji/brain-tumor-classification-mri/Training/pituitary_tumor/p (382).jpg,pituitary
near,4,/kaggle/input/datasets/sartajbhuvaji/brain-tumor-classification-mri/Training/pituitary_tumor/p (377).jpg,pituitary,/kaggle/input/datasets/sartajbhuvaji/brain-tumor-classification-mri/Training/pituitary_tumor/p (378).jpg,pituitary
near,2,/kaggle/input/datasets/sartajbhuvaji/brain-tumor-classification-mri/Training/pituitary_tumor/p (379).jpg,pituitary,/kaggle/input/datasets/sartajbhuvaji/brain-tumor-classification-mri/Training/pituitary_tumor/p (380).jpg,pituitary
near,6,/kaggle/input/datasets/sartajbhuvaji/brain-tumor-classification-mri/Training/pituitary_tumor/p (379).jpg,pituitary,/kaggle/input/datasets/sartajbhuvaji/brain-tumor-classification-mri/Training/pituitary_tumor/p (475).jpg,pituitary
near,6,/kaggle/input/datasets/sartajbhuvaji/brain-tumor-classification-mri/Training/pituitary_tumor/p (379).jpg,pituitary,/kaggle/input/datasets/sartajbhuvaji/brain-tumor-classification-mri/Training/pituitary_tumor/p (476).jpg,pituitary
near,6,/kaggle/input/datasets/sartajbhuvaji/brain-tumor-classification-mri/Training/pituitary_tumor/p (380).jpg,pituitary,/kaggle/input/datasets/sartajbhuvaji/brain-tumor-classification-mri/Training/pituitary_tumor/p (475).jpg,pituitary
near,4,/kaggle/input/datasets/sartajbhuvaji/brain-tumor-classification-mri/Training/pituitary_tumor/p (380).jpg,pituitary,/kaggle/input/datasets/sartajbhuvaji/brain-tumor-classification-mri/Training/pituitary_tumor/p (476).jpg,pituitary
near,4,/kaggle/input/datasets/sartajbhuvaji/brain-tumor-classification-mri/Training/pituitary_tumor/p (381).jpg,pituitary,/kaggle/input/datasets/sartajbhuvaji/brain-tumor-classification-mri/Training/pituitary_tumor/p (382).jpg,pituitary
near,3,/kaggle/input/datasets/sartajbhuvaji/brain-tumor-classification-mri/Training/pituitary_tumor/p (381).jpg,pituitary,/kaggle/input/datasets/sartajbhuvaji/brain-tumor-classification-mri/Training/pituitary_tumor/p (383).jpg,pituitary
near,5,/kaggle/input/datasets/sartajbhuvaji/brain-tumor-classification-mri/Training/pituitary_tumor/p (381).jpg,pituitary,/kaggle/input/datasets/sartajbhuvaji/brain-tumor-classification-mri/Training/pituitary_tumor/p (384).jpg,pituitary
near,3,/kaggle/input/datasets/sartajbhuvaji/brain-tumor-classification-mri/Training/pituitary_tumor/p (382).jpg,pituitary,/kaggle/input/datasets/sartajbhuvaji/brain-tumor-classification-mri/Training/pituitary_tumor/p (383).jpg,pituitary
near,3,/kaggle/input/datasets/sartajbhuvaji/brain-tumor-classification-mri/Training/pituitary_tumor/p (382).jpg,pituitary,/kaggle/input/datasets/sartajbhuvaji/brain-tumor-classification-mri/Training/pituitary_tumor/p (384).jpg,pituitary
near,2,/kaggle/input/datasets/sartajbhuvaji/brain-tumor-classification-mri/Training/pituitary_tumor/p (383).jpg,pituitary,/kaggle/input/datasets/sartajbhuvaji/brain-tumor-classification-mri/Training/pituitary_tumor/p (384).jpg,pituitary
near,4,/kaggle/input/datasets/sartajbhuvaji/brain-tumor-classification-mri/Training/pituitary_tumor/p (391).jpg,pituitary,/kaggle/input/datasets/sartajbhuvaji/brain-tumor-classification-mri/Training/pituitary_tumor/p (392).jpg,pituitary
near,4,/kaggle/input/datasets/sartajbhuvaji/brain-tumor-classification-mri/Training/pituitary_tumor/p (391).jpg,pituitary,/kaggle/input/datasets/sartajbhuvaji/brain-tumor-classification-mri/Training/pituitary_tumor/p (393).jpg,pituitary
near,4,/kaggle/input/datasets/sartajbhuvaji/brain-tumor-classification-mri/Training/pituitary_tumor/p (391).jpg,pituitary,/kaggle/input/datasets/sartajbhuvaji/brain-tumor-classification-mri/Training/pituitary_tumor/p (394).jpg,pituitary
near,2,/kaggle/input/datasets/sartajbhuvaji/brain-tumor-classification-mri/Training/pituitary_tumor/p (392).jpg,pituitary,/kaggle/input/datasets/sartajbhuvaji/brain-tumor-classification-mri/Training/pituitary_tumor/p (393).jpg,pituitary
near,2,/kaggle/input/datasets/sartajbhuvaji/brain-tumor-classification-mri/Training/pituitary_tumor/p (392).jpg,pituitary,/kaggle/input/datasets/sartajbhuvaji/brain-tumor-classification-mri/Training/pituitary_tumor/p (394).jpg,pituitary
near,6,/kaggle/input/datasets/sartajbhuvaji/brain-tumor-classification-mri/Training/pituitary_tumor/p (392).jpg,pituitary,/kaggle/input/datasets/sartajbhuvaji/brain-tumor-classification-mri/Training/pituitary_tumor/p (395).jpg,pituitary
near,2,/kaggle/input/datasets/sartajbhuvaji/brain-tumor-classification-mri/Training/pituitary_tumor/p (393).jpg,pituitary,/kaggle/input/datasets/sartajbhuvaji/brain-tumor-classification-mri/Training/pituitary_tumor/p (394).jpg,pituitary
near,5,/kaggle/input/datasets/sartajbhuvaji/brain-tumor-classification-mri/Training/pituitary_tumor/p (402).jpg,pituitary,/kaggle/input/datasets/sartajbhuvaji/brain-tumor-classification-mri/Training/pituitary_tumor/p (403).jpg,pituitary
near,4,/kaggle/input/datasets/sartajbhuvaji/brain-tumor-classification-mri/Training/pituitary_tumor/p (402).jpg,pituitary,/kaggle/input/datasets/sartajbhuvaji/brain-tumor-classification-mri/Training/pituitary_tumor/p (72).jpg,pituitary
near,6,/kaggle/input/datasets/sartajbhuvaji/brain-tumor-classification-mri/Training/pituitary_tumor/p (402).jpg,pituitary,/kaggle/input/datasets/sartajbhuvaji/brain-tumor-classification-mri/Training/pituitary_tumor/p (73).jpg,pituitary
near,6,/kaggle/input/datasets/sartajbhuvaji/brain-tumor-classification-mri/Training/pituitary_tumor/p (402).jpg,pituitary,/kaggle/input/datasets/sartajbhuvaji/brain-tumor-classification-mri/Training/pituitary_tumor/p (75).jpg,pituitary
near,3,/kaggle/input/datasets/sartajbhuvaji/brain-tumor-classification-mri/Training/pituitary_tumor/p (405).jpg,pituitary,/kaggle/input/datasets/sartajbhuvaji/brain-tumor-classification-mri/Training/pituitary_tumor/p (406).jpg,pituitary
near,6,/kaggle/input/datasets/sartajbhuvaji/brain-tumor-classification-mri/Training/pituitary_tumor/p (406).jpg,pituitary,/kaggle/input/datasets/sartajbhuvaji/brain-tumor-classification-mri/Training/pituitary_tumor/p (407).jpg,pituitary
near,6,/kaggle/input/datasets/sartajbhuvaji/brain-tumor-classification-mri/Training/pituitary_tumor/p (406).jpg,pituitary,/kaggle/input/datasets/sartajbhuvaji/brain-tumor-classification-mri/Training/pituitary_tumor/p (408).jpg,pituitary
near,5,/kaggle/input/datasets/sartajbhuvaji/brain-tumor-classification-mri/Training/pituitary_tumor/p (409).jpg,pituitary,/kaggle/input/datasets/sartajbhuvaji/brain-tumor-classification-mri/Training/pituitary_tumor/p (414).jpg,pituitary
near,5,/kaggle/input/datasets/sartajbhuvaji/brain-tumor-classification-mri/Training/pituitary_tumor/p (409).jpg,pituitary,/kaggle/input/datasets/sartajbhuvaji/brain-tumor-classification-mri/Training/pituitary_tumor/p (429).jpg,pituitary
near,5,/kaggle/input/datasets/sartajbhuvaji/brain-tumor-classification-mri/Training/pituitary_tumor/p (41).jpg,pituitary,/kaggle/input/datasets/sartajbhuvaji/brain-tumor-classification-mri/Training/pituitary_tumor/p (42).jpg,pituitary
near,6,/kaggle/input/datasets/sartajbhuvaji/brain-tumor-classification-mri/Training/pituitary_tumor/p (410).jpg,pituitary,/kaggle/input/datasets/sartajbhuvaji/brain-tumor-classification-mri/Training/pituitary_tumor/p (413).jpg,pituitary
near,5,/kaggle/input/datasets/sartajbhuvaji/brain-tumor-classification-mri/Training/pituitary_tumor/p (410).jpg,pituitary,/kaggle/input/datasets/sartajbhuvaji/brain-tumor-classification-mri/Training/pituitary_tumor/p (429).jpg,pituitary
near,4,/kaggle/input/datasets/sartajbhuvaji/brain-tumor-classification-mri/Training/pituitary_tumor/p (411).jpg,pituitary,/kaggle/input/datasets/sartajbhuvaji/brain-tumor-classification-mri/Training/pituitary_tumor/p (412).jpg,pituitary
near,4,/kaggle/input/datasets/sartajbhuvaji/brain-tumor-classification-mri/Training/pituitary_tumor/p (411).jpg,pituitary,/kaggle/input/datasets/sartajbhuvaji/brain-tumor-classification-mri/Training/pituitary_tumor/p (413).jpg,pituitary
near,5,/kaggle/input/datasets/sartajbhuvaji/brain-tumor-classification-mri/Training/pituitary_tumor/p (411).jpg,pituitary,/kaggle/input/datasets/sartajbhuvaji/brain-tumor-classification-mri/Training/pituitary_tumor/p (414).jpg,pituitary
near,6,/kaggle/input/datasets/sartajbhuvaji/brain-tumor-classification-mri/Training/pituitary_tumor/p (411).jpg,pituitary,/kaggle/input/datasets/sartajbhuvaji/brain-tumor-classification-mri/Training/pituitary_tumor/p (432).jpg,pituitary
near,6,/kaggle/input/datasets/sartajbhuvaji/brain-tumor-classification-mri/Training/pituitary_tumor/p (412).jpg,pituitary,/kaggle/input/datasets/sartajbhuvaji/brain-tumor-classification-mri/Training/pituitary_tumor/p (413).jpg,pituitary
near,5,/kaggle/input/datasets/sartajbhuvaji/brain-tumor-classification-mri/Training/pituitary_tumor/p (413).jpg,pituitary,/kaggle/input/datasets/sartajbhuvaji/brain-tumor-classification-mri/Training/pituitary_tumor/p (414).jpg,pituitary
near,5,/kaggle/input/datasets/sartajbhuvaji/brain-tumor-classification-mri/Training/pituitary_tumor/p (413).jpg,pituitary,/kaggle/input/datasets/sartajbhuvaji/brain-tumor-classification-mri/Training/pituitary_tumor/p (429).jpg,pituitary
near,6,/kaggle/input/datasets/sartajbhuvaji/brain-tumor-classification-mri/Training/pituitary_tumor/p (414).jpg,pituitary,/kaggle/input/datasets/sartajbhuvaji/brain-tumor-classification-mri/Training/pituitary_tumor/p (429).jpg,pituitary
near,4,/kaggle/input/datasets/sartajbhuvaji/brain-tumor-classification-mri/Training/pituitary_tumor/p (417).jpg,pituitary,/kaggle/input/datasets/sartajbhuvaji/brain-tumor-classification-mri/Training/pituitary_tumor/p (418).jpg,pituitary
near,3,/kaggle/input/datasets/sartajbhuvaji/brain-tumor-classification-mri/Training/pituitary_tumor/p (419).jpg,pituitary,/kaggle/input/datasets/sartajbhuvaji/brain-tumor-classification-mri/Training/pituitary_tumor/p (420).jpg,pituitary
near,5,/kaggle/input/datasets/sartajbhuvaji/brain-tumor-classification-mri/Training/pituitary_tumor/p (419).jpg,pituitary,/kaggle/input/datasets/sartajbhuvaji/brain-tumor-classification-mri/Training/pituitary_tumor/p (421).jpg,pituitary
near,5,/kaggle/input/datasets/sartajbhuvaji/brain-tumor-classification-mri/Training/pituitary_tumor/p (419).jpg,pituitary,/kaggle/input/datasets/sartajbhuvaji/brain-tumor-classification-mri/Training/pituitary_tumor/p (422).jpg,pituitary
near,6,/kaggle/input/datasets/sartajbhuvaji/brain-tumor-classification-mri/Training/pituitary_tumor/p (419).jpg,pituitary,/kaggle/input/datasets/sartajbhuvaji/brain-tumor-classification-mri/Training/pituitary_tumor/p (423).jpg,pituitary
near,4,/kaggle/input/datasets/sartajbhuvaji/brain-tumor-classification-mri/Training/pituitary_tumor/p (420).jpg,pituitary,/kaggle/input/datasets/sartajbhuvaji/brain-tumor-classification-mri/Training/pituitary_tumor/p (421).jpg,pituitary
near,2,/kaggle/input/datasets/sartajbhuvaji/brain-tumor-classification-mri/Training/pituitary_tumor/p (420).jpg,pituitary,/kaggle/input/datasets/sartajbhuvaji/brain-tumor-classification-mri/Training/pituitary_tumor/p (422).jpg,pituitary
near,5,/kaggle/input/datasets/sartajbhuvaji/brain-tumor-classification-mri/Training/pituitary_tumor/p (420).jpg,pituitary,/kaggle/input/datasets/sartajbhuvaji/brain-tumor-classification-mri/Training/pituitary_tumor/p (589).jpg,pituitary
near,5,/kaggle/input/datasets/sartajbhuvaji/brain-tumor-classification-mri/Training/pituitary_tumor/p (420).jpg,pituitary,/kaggle/input/datasets/sartajbhuvaji/brain-tumor-classification-mri/Training/pituitary_tumor/p (590).jpg,pituitary
near,4,/kaggle/input/datasets/sartajbhuvaji/brain-tumor-classification-mri/Training/pituitary_tumor/p (421).jpg,pituitary,/kaggle/input/datasets/sartajbhuvaji/brain-tumor-classification-mri/Training/pituitary_tumor/p (422).jpg,pituitary
near,5,/kaggle/input/datasets/sartajbhuvaji/brain-tumor-classification-mri/Training/pituitary_tumor/p (421).jpg,pituitary,/kaggle/input/datasets/sartajbhuvaji/brain-tumor-classification-mri/Training/pituitary_tumor/p (423).jpg,pituitary
near,5,/kaggle/input/datasets/sartajbhuvaji/brain-tumor-classification-mri/Training/pituitary_tumor/p (421).jpg,pituitary,/kaggle/input/datasets/sartajbhuvaji/brain-tumor-classification-mri/Training/pituitary_tumor/p (589).jpg,pituitary
near,5,/kaggle/input/datasets/sartajbhuvaji/brain-tumor-classification-mri/Training/pituitary_tumor/p (421).jpg,pituitary,/kaggle/input/datasets/sartajbhuvaji/brain-tumor-classification-mri/Training/pituitary_tumor/p (590).jpg,pituitary
near,5,/kaggle/input/datasets/sartajbhuvaji/brain-tumor-classification-mri/Training/pituitary_tumor/p (422).jpg,pituitary,/kaggle/input/datasets/sartajbhuvaji/brain-tumor-classification-mri/Training/pituitary_tumor/p (423).jpg,pituitary
near,5,/kaggle/input/datasets/sartajbhuvaji/brain-tumor-classification-mri/Training/pituitary_tumor/p (422).jpg,pituitary,/kaggle/input/datasets/sartajbhuvaji/brain-tumor-classification-mri/Training/pituitary_tumor/p (589).jpg,pituitary
near,5,/kaggle/input/datasets/sartajbhuvaji/brain-tumor-classification-mri/Training/pituitary_tumor/p (422).jpg,pituitary,/kaggle/input/datasets/sartajbhuvaji/brain-tumor-classification-mri/Training/pituitary_tumor/p (590).jpg,pituitary
near,6,/kaggle/input/datasets/sartajbhuvaji/brain-tumor-classification-mri/Training/pituitary_tumor/p (423).jpg,pituitary,/kaggle/input/datasets/sartajbhuvaji/brain-tumor-classification-mri/Training/pituitary_tumor/p (589).jpg,pituitary
near,6,/kaggle/input/datasets/sartajbhuvaji/brain-tumor-classification-mri/Training/pituitary_tumor/p (423).jpg,pituitary,/kaggle/input/datasets/sartajbhuvaji/brain-tumor-classification-mri/Training/pituitary_tumor/p (590).jpg,pituitary
near,6,/kaggle/input/datasets/sartajbhuvaji/brain-tumor-classification-mri/Training/pituitary_tumor/p (425).jpg,pituitary,/kaggle/input/datasets/sartajbhuvaji/brain-tumor-classification-mri/Training/pituitary_tumor/p (428).jpg,pituitary
near,3,/kaggle/input/datasets/sartajbhuvaji/brain-tumor-classification-mri/Training/pituitary_tumor/p (43).jpg,pituitary,/kaggle/input/datasets/sartajbhuvaji/brain-tumor-classification-mri/Training/pituitary_tumor/p (44).jpg,pituitary
near,6,/kaggle/input/datasets/sartajbhuvaji/brain-tumor-classification-mri/Training/pituitary_tumor/p (430).jpg,pituitary,/kaggle/input/datasets/sartajbhuvaji/brain-tumor-classification-mri/Training/pituitary_tumor/p (431).jpg,pituitary
near,6,/kaggle/input/datasets/sartajbhuvaji/brain-tumor-classification-mri/Training/pituitary_tumor/p (433).jpg,pituitary,/kaggle/input/datasets/sartajbhuvaji/brain-tumor-classification-mri/Training/pituitary_tumor/p (434).jpg,pituitary
near,4,/kaggle/input/datasets/sartajbhuvaji/brain-tumor-classification-mri/Training/pituitary_tumor/p (439).jpg,pituitary,/kaggle/input/datasets/sartajbhuvaji/brain-tumor-classification-mri/Training/pituitary_tumor/p (440).jpg,pituitary
near,4,/kaggle/input/datasets/sartajbhuvaji/brain-tumor-classification-mri/Training/pituitary_tumor/p (444).jpg,pituitary,/kaggle/input/datasets/sartajbhuvaji/brain-tumor-classification-mri/Training/pituitary_tumor/p (445).jpg,pituitary
near,6,/kaggle/input/datasets/sartajbhuvaji/brain-tumor-classification-mri/Training/pituitary_tumor/p (445).jpg,pituitary,/kaggle/input/datasets/sartajbhuvaji/brain-tumor-classification-mri/Training/pituitary_tumor/p (446).jpg,pituitary
near,6,/kaggle/input/datasets/sartajbhuvaji/brain-tumor-classification-mri/Training/pituitary_tumor/p (446).jpg,pituitary,/kaggle/input/datasets/sartajbhuvaji/brain-tumor-classification-mri/Training/pituitary_tumor/p (447).jpg,pituitary
near,2,/kaggle/input/datasets/sartajbhuvaji/brain-tumor-classification-mri/Training/pituitary_tumor/p (454).jpg,pituitary,/kaggle/input/datasets/sartajbhuvaji/brain-tumor-classification-mri/Training/pituitary_tumor/p (455).jpg,pituitary
near,6,/kaggle/input/datasets/sartajbhuvaji/brain-tumor-classification-mri/Training/pituitary_tumor/p (454).jpg,pituitary,/kaggle/input/datasets/sartajbhuvaji/brain-tumor-classification-mri/Training/pituitary_tumor/p (590).jpg,pituitary
near,4,/kaggle/input/datasets/sartajbhuvaji/brain-tumor-classification-mri/Training/pituitary_tumor/p (456).jpg,pituitary,/kaggle/input/datasets/sartajbhuvaji/brain-tumor-classification-mri/Training/pituitary_tumor/p (457).jpg,pituitary
near,6,/kaggle/input/datasets/sartajbhuvaji/brain-tumor-classification-mri/Training/pituitary_tumor/p (458).jpg,pituitary,/kaggle/input/datasets/sartajbhuvaji/brain-tumor-classification-mri/Training/pituitary_tumor/p (459).jpg,pituitary
near,3,/kaggle/input/datasets/sartajbhuvaji/brain-tumor-classification-mri/Training/pituitary_tumor/p (46).jpg,pituitary,/kaggle/input/datasets/sartajbhuvaji/brain-tumor-classification-mri/Training/pituitary_tumor/p (47).jpg,pituitary
near,6,/kaggle/input/datasets/sartajbhuvaji/brain-tumor-classification-mri/Training/pituitary_tumor/p (460).jpg,pituitary,/kaggle/input/datasets/sartajbhuvaji/brain-tumor-classification-mri/Training/pituitary_tumor/p (461).jpg,pituitary
near,2,/kaggle/input/datasets/sartajbhuvaji/brain-tumor-classification-mri/Training/pituitary_tumor/p (460).jpg,pituitary,/kaggle/input/datasets/sartajbhuvaji/brain-tumor-classification-mri/Training/pituitary_tumor/p (464).jpg,pituitary
near,4,/kaggle/input/datasets/sartajbhuvaji/brain-tumor-classification-mri/Training/pituitary_tumor/p (461).jpg,pituitary,/kaggle/input/datasets/sartajbhuvaji/brain-tumor-classification-mri/Training/pituitary_tumor/p (463).jpg,pituitary
near,4,/kaggle/input/datasets/sartajbhuvaji/brain-tumor-classification-mri/Training/pituitary_tumor/p (461).jpg,pituitary,/kaggle/input/datasets/sartajbhuvaji/brain-tumor-classification-mri/Training/pituitary_tumor/p (464).jpg,pituitary
near,5,/kaggle/input/datasets/sartajbhuvaji/brain-tumor-classification-mri/Training/pituitary_tumor/p (462).jpg,pituitary,/kaggle/input/datasets/sartajbhuvaji/brain-tumor-classification-mri/Training/pituitary_tumor/p (463).jpg,pituitary
near,5,/kaggle/input/datasets/sartajbhuvaji/brain-tumor-classification-mri/Training/pituitary_tumor/p (462).jpg,pituitary,/kaggle/input/datasets/sartajbhuvaji/brain-tumor-classification-mri/Training/pituitary_tumor/p (464).jpg,pituitary
near,6,/kaggle/input/datasets/sartajbhuvaji/brain-tumor-classification-mri/Training/pituitary_tumor/p (463).jpg,pituitary,/kaggle/input/datasets/sartajbhuvaji/brain-tumor-classification-mri/Training/pituitary_tumor/p (464).jpg,pituitary
near,4,/kaggle/input/datasets/sartajbhuvaji/brain-tumor-classification-mri/Training/pituitary_tumor/p (465).jpg,pituitary,/kaggle/input/datasets/sartajbhuvaji/brain-tumor-classification-mri/Training/pituitary_tumor/p (466).jpg,pituitary
near,5,/kaggle/input/datasets/sartajbhuvaji/brain-tumor-classification-mri/Training/pituitary_tumor/p (465).jpg,pituitary,/kaggle/input/datasets/sartajbhuvaji/brain-tumor-classification-mri/Training/pituitary_tumor/p (774).jpg,pituitary
near,5,/kaggle/input/datasets/sartajbhuvaji/brain-tumor-classification-mri/Training/pituitary_tumor/p (466).jpg,pituitary,/kaggle/input/datasets/sartajbhuvaji/brain-tumor-classification-mri/Training/pituitary_tumor/p (467).jpg,pituitary
near,6,/kaggle/input/datasets/sartajbhuvaji/brain-tumor-classification-mri/Training/pituitary_tumor/p (469).jpg,pituitary,/kaggle/input/datasets/sartajbhuvaji/brain-tumor-classification-mri/Training/pituitary_tumor/p (540).jpg,pituitary
near,6,/kaggle/input/datasets/sartajbhuvaji/brain-tumor-classification-mri/Training/pituitary_tumor/p (472).jpg,pituitary,/kaggle/input/datasets/sartajbhuvaji/brain-tumor-classification-mri/Training/pituitary_tumor/p (473).jpg,pituitary
near,4,/kaggle/input/datasets/sartajbhuvaji/brain-tumor-classification-mri/Training/pituitary_tumor/p (475).jpg,pituitary,/kaggle/input/datasets/sartajbhuvaji/brain-tumor-classification-mri/Training/pituitary_tumor/p (476).jpg,pituitary
near,5,/kaggle/input/datasets/sartajbhuvaji/brain-tumor-classification-mri/Training/pituitary_tumor/p (480).jpg,pituitary,/kaggle/input/datasets/sartajbhuvaji/brain-tumor-classification-mri/Training/pituitary_tumor/p (481).jpg,pituitary
near,6,/kaggle/input/datasets/sartajbhuvaji/brain-tumor-classification-mri/Training/pituitary_tumor/p (483).jpg,pituitary,/kaggle/input/datasets/sartajbhuvaji/brain-tumor-classification-mri/Training/pituitary_tumor/p (484).jpg,pituitary
near,5,/kaggle/input/datasets/sartajbhuvaji/brain-tumor-classification-mri/Training/pituitary_tumor/p (485).jpg,pituitary,/kaggle/input/datasets/sartajbhuvaji/brain-tumor-classification-mri/Training/pituitary_tumor/p (486).jpg,pituitary
near,2,/kaggle/input/datasets/sartajbhuvaji/brain-tumor-classification-mri/Training/pituitary_tumor/p (49).jpg,pituitary,/kaggle/input/datasets/sartajbhuvaji/brain-tumor-classification-mri/Training/pituitary_tumor/p (50).jpg,pituitary
near,6,/kaggle/input/datasets/sartajbhuvaji/brain-tumor-classification-mri/Training/pituitary_tumor/p (49).jpg,pituitary,/kaggle/input/datasets/sartajbhuvaji/brain-tumor-classification-mri/Training/pituitary_tumor/p (51).jpg,pituitary
near,3,/kaggle/input/datasets/sartajbhuvaji/brain-tumor-classification-mri/Training/pituitary_tumor/p (494).jpg,pituitary,/kaggle/input/datasets/sartajbhuvaji/brain-tumor-classification-mri/Training/pituitary_tumor/p (495).jpg,pituitary
near,6,/kaggle/input/datasets/sartajbhuvaji/brain-tumor-classification-mri/Training/pituitary_tumor/p (494).jpg,pituitary,/kaggle/input/datasets/sartajbhuvaji/brain-tumor-classification-mri/Training/pituitary_tumor/p (496).jpg,pituitary
near,5,/kaggle/input/datasets/sartajbhuvaji/brain-tumor-classification-mri/Training/pituitary_tumor/p (495).jpg,pituitary,/kaggle/input/datasets/sartajbhuvaji/brain-tumor-classification-mri/Training/pituitary_tumor/p (496).jpg,pituitary
near,6,/kaggle/input/datasets/sartajbhuvaji/brain-tumor-classification-mri/Training/pituitary_tumor/p (50).jpg,pituitary,/kaggle/input/datasets/sartajbhuvaji/brain-tumor-classification-mri/Training/pituitary_tumor/p (51).jpg,pituitary
near,6,/kaggle/input/datasets/sartajbhuvaji/brain-tumor-classification-mri/Training/pituitary_tumor/p (505).jpg,pituitary,/kaggle/input/datasets/sartajbhuvaji/brain-tumor-classification-mri/Training/pituitary_tumor/p (506).jpg,pituitary
near,4,/kaggle/input/datasets/sartajbhuvaji/brain-tumor-classification-mri/Training/pituitary_tumor/p (515).jpg,pituitary,/kaggle/input/datasets/sartajbhuvaji/brain-tumor-classification-mri/Training/pituitary_tumor/p (516).jpg,pituitary
near,5,/kaggle/input/datasets/sartajbhuvaji/brain-tumor-classification-mri/Training/pituitary_tumor/p (516).jpg,pituitary,/kaggle/input/datasets/sartajbhuvaji/brain-tumor-classification-mri/Training/pituitary_tumor/p (517).jpg,pituitary
near,4,/kaggle/input/datasets/sartajbhuvaji/brain-tumor-classification-mri/Training/pituitary_tumor/p (517).jpg,pituitary,/kaggle/input/datasets/sartajbhuvaji/brain-tumor-classification-mri/Training/pituitary_tumor/p (518).jpg,pituitary
near,4,/kaggle/input/datasets/sartajbhuvaji/brain-tumor-classification-mri/Training/pituitary_tumor/p (518).jpg,pituitary,/kaggle/input/datasets/sartajbhuvaji/brain-tumor-classification-mri/Training/pituitary_tumor/p (519).jpg,pituitary
near,4,/kaggle/input/datasets/sartajbhuvaji/brain-tumor-classification-mri/Training/pituitary_tumor/p (521).jpg,pituitary,/kaggle/input/datasets/sartajbhuvaji/brain-tumor-classification-mri/Training/pituitary_tumor/p (522).jpg,pituitary
near,5,/kaggle/input/datasets/sartajbhuvaji/brain-tumor-classification-mri/Training/pituitary_tumor/p (522).jpg,pituitary,/kaggle/input/datasets/sartajbhuvaji/brain-tumor-classification-mri/Training/pituitary_tumor/p (523).jpg,pituitary
near,6,/kaggle/input/datasets/sartajbhuvaji/brain-tumor-classification-mri/Training/pituitary_tumor/p (523).jpg,pituitary,/kaggle/input/datasets/sartajbhuvaji/brain-tumor-classification-mri/Training/pituitary_tumor/p (524).jpg,pituitary
near,4,/kaggle/input/datasets/sartajbhuvaji/brain-tumor-classification-mri/Training/pituitary_tumor/p (526).jpg,pituitary,/kaggle/input/datasets/sartajbhuvaji/brain-tumor-classification-mri/Training/pituitary_tumor/p (527).jpg,pituitary
near,3,/kaggle/input/datasets/sartajbhuvaji/brain-tumor-classification-mri/Training/pituitary_tumor/p (53).jpg,pituitary,/kaggle/input/datasets/sartajbhuvaji/brain-tumor-classification-mri/Training/pituitary_tumor/p (54).jpg,pituitary
near,6,/kaggle/input/datasets/sartajbhuvaji/brain-tumor-classification-mri/Training/pituitary_tumor/p (53).jpg,pituitary,/kaggle/input/datasets/sartajbhuvaji/brain-tumor-classification-mri/Training/pituitary_tumor/p (55).jpg,pituitary
near,4,/kaggle/input/datasets/sartajbhuvaji/brain-tumor-classification-mri/Training/pituitary_tumor/p (532).jpg,pituitary,/kaggle/input/datasets/sartajbhuvaji/brain-tumor-classification-mri/Training/pituitary_tumor/p (533).jpg,pituitary
near,4,/kaggle/input/datasets/sartajbhuvaji/brain-tumor-classification-mri/Training/pituitary_tumor/p (535).jpg,pituitary,/kaggle/input/datasets/sartajbhuvaji/brain-tumor-classification-mri/Training/pituitary_tumor/p (536).jpg,pituitary
near,5,/kaggle/input/datasets/sartajbhuvaji/brain-tumor-classification-mri/Training/pituitary_tumor/p (536).jpg,pituitary,/kaggle/input/datasets/sartajbhuvaji/brain-tumor-classification-mri/Training/pituitary_tumor/p (537).jpg,pituitary
near,5,/kaggle/input/datasets/sartajbhuvaji/brain-tumor-classification-mri/Training/pituitary_tumor/p (54).jpg,pituitary,/kaggle/input/datasets/sartajbhuvaji/brain-tumor-classification-mri/Training/pituitary_tumor/p (55).jpg,pituitary
near,5,/kaggle/input/datasets/sartajbhuvaji/brain-tumor-classification-mri/Training/pituitary_tumor/p (541).jpg,pituitary,/kaggle/input/datasets/sartajbhuvaji/brain-tumor-classification-mri/Training/pituitary_tumor/p (542).jpg,pituitary
near,6,/kaggle/input/datasets/sartajbhuvaji/brain-tumor-classification-mri/Training/pituitary_tumor/p (550).jpg,pituitary,/kaggle/input/datasets/sartajbhuvaji/brain-tumor-classification-mri/Training/pituitary_tumor/p (551).jpg,pituitary
near,4,/kaggle/input/datasets/sartajbhuvaji/brain-tumor-classification-mri/Training/pituitary_tumor/p (554).jpg,pituitary,/kaggle/input/datasets/sartajbhuvaji/brain-tumor-classification-mri/Training/pituitary_tumor/p (555).jpg,pituitary
near,2,/kaggle/input/datasets/sartajbhuvaji/brain-tumor-classification-mri/Training/pituitary_tumor/p (558).jpg,pituitary,/kaggle/input/datasets/sartajbhuvaji/brain-tumor-classification-mri/Training/pituitary_tumor/p (559).jpg,pituitary
near,5,/kaggle/input/datasets/sartajbhuvaji/brain-tumor-classification-mri/Training/pituitary_tumor/p (560).jpg,pituitary,/kaggle/input/datasets/sartajbhuvaji/brain-tumor-classification-mri/Training/pituitary_tumor/p (561).jpg,pituitary
near,6,/kaggle/input/datasets/sartajbhuvaji/brain-tumor-classification-mri/Training/pituitary_tumor/p (569).jpg,pituitary,/kaggle/input/datasets/sartajbhuvaji/brain-tumor-classification-mri/Training/pituitary_tumor/p (570).jpg,pituitary
near,6,/kaggle/input/datasets/sartajbhuvaji/brain-tumor-classification-mri/Training/pituitary_tumor/p (569).jpg,pituitary,/kaggle/input/datasets/sartajbhuvaji/brain-tumor-classification-mri/Testing/pituitary_tumor/image(85).jpg,pituitary
near,6,/kaggle/input/datasets/sartajbhuvaji/brain-tumor-classification-mri/Training/pituitary_tumor/p (569).jpg,pituitary,/kaggle/input/datasets/sartajbhuvaji/brain-tumor-classification-mri/Testing/pituitary_tumor/image(86).jpg,pituitary
near,6,/kaggle/input/datasets/sartajbhuvaji/brain-tumor-classification-mri/Training/pituitary_tumor/p (569).jpg,pituitary,/kaggle/input/datasets/sartajbhuvaji/brain-tumor-classification-mri/Testing/pituitary_tumor/image.jpg,pituitary
near,5,/kaggle/input/datasets/sartajbhuvaji/brain-tumor-classification-mri/Training/pituitary_tumor/p (570).jpg,pituitary,/kaggle/input/datasets/sartajbhuvaji/brain-tumor-classification-mri/Testing/pituitary_tumor/image(79).jpg,pituitary
near,5,/kaggle/input/datasets/sartajbhuvaji/brain-tumor-classification-mri/Training/pituitary_tumor/p (571).jpg,pituitary,/kaggle/input/datasets/sartajbhuvaji/brain-tumor-classification-mri/Training/pituitary_tumor/p (572).jpg,pituitary
near,6,/kaggle/input/datasets/sartajbhuvaji/brain-tumor-classification-mri/Training/pituitary_tumor/p (573).jpg,pituitary,/kaggle/input/datasets/sartajbhuvaji/brain-tumor-classification-mri/Training/pituitary_tumor/p (575).jpg,pituitary
near,6,/kaggle/input/datasets/sartajbhuvaji/brain-tumor-classification-mri/Training/pituitary_tumor/p (573).jpg,pituitary,/kaggle/input/datasets/sartajbhuvaji/brain-tumor-classification-mri/Training/pituitary_tumor/p (576).jpg,pituitary
near,4,/kaggle/input/datasets/sartajbhuvaji/brain-tumor-classification-mri/Training/pituitary_tumor/p (573).jpg,pituitary,/kaggle/input/datasets/sartajbhuvaji/brain-tumor-classification-mri/Training/pituitary_tumor/p (577).jpg,pituitary
near,6,/kaggle/input/datasets/sartajbhuvaji/brain-tumor-classification-mri/Training/pituitary_tumor/p (575).jpg,pituitary,/kaggle/input/datasets/sartajbhuvaji/brain-tumor-classification-mri/Training/pituitary_tumor/p (576).jpg,pituitary
near,6,/kaggle/input/datasets/sartajbhuvaji/brain-tumor-classification-mri/Training/pituitary_tumor/p (575).jpg,pituitary,/kaggle/input/datasets/sartajbhuvaji/brain-tumor-classification-mri/Training/pituitary_tumor/p (577).jpg,pituitary
near,6,/kaggle/input/datasets/sartajbhuvaji/brain-tumor-classification-mri/Training/pituitary_tumor/p (576).jpg,pituitary,/kaggle/input/datasets/sartajbhuvaji/brain-tumor-classification-mri/Training/pituitary_tumor/p (577).jpg,pituitary
near,6,/kaggle/input/datasets/sartajbhuvaji/brain-tumor-classification-mri/Training/pituitary_tumor/p (581).jpg,pituitary,/kaggle/input/datasets/sartajbhuvaji/brain-tumor-classification-mri/Training/pituitary_tumor/p (582).jpg,pituitary
near,4,/kaggle/input/datasets/sartajbhuvaji/brain-tumor-classification-mri/Training/pituitary_tumor/p (584).jpg,pituitary,/kaggle/input/datasets/sartajbhuvaji/brain-tumor-classification-mri/Training/pituitary_tumor/p (585).jpg,pituitary
near,2,/kaggle/input/datasets/sartajbhuvaji/brain-tumor-classification-mri/Training/pituitary_tumor/p (584).jpg,pituitary,/kaggle/input/datasets/sartajbhuvaji/brain-tumor-classification-mri/Training/pituitary_tumor/p (586).jpg,pituitary
near,2,/kaggle/input/datasets/sartajbhuvaji/brain-tumor-classification-mri/Training/pituitary_tumor/p (584).jpg,pituitary,/kaggle/input/datasets/sartajbhuvaji/brain-tumor-classification-mri/Training/pituitary_tumor/p (587).jpg,pituitary
near,2,/kaggle/input/datasets/sartajbhuvaji/brain-tumor-classification-mri/Training/pituitary_tumor/p (585).jpg,pituitary,/kaggle/input/datasets/sartajbhuvaji/brain-tumor-classification-mri/Training/pituitary_tumor/p (586).jpg,pituitary
near,2,/kaggle/input/datasets/sartajbhuvaji/brain-tumor-classification-mri/Training/pituitary_tumor/p (585).jpg,pituitary,/kaggle/input/datasets/sartajbhuvaji/brain-tumor-classification-mri/Training/pituitary_tumor/p (587).jpg,pituitary
near,2,/kaggle/input/datasets/sartajbhuvaji/brain-tumor-classification-mri/Training/pituitary_tumor/p (586).jpg,pituitary,/kaggle/input/datasets/sartajbhuvaji/brain-tumor-classification-mri/Training/pituitary_tumor/p (587).jpg,pituitary
near,2,/kaggle/input/datasets/sartajbhuvaji/brain-tumor-classification-mri/Training/pituitary_tumor/p (589).jpg,pituitary,/kaggle/input/datasets/sartajbhuvaji/brain-tumor-classification-mri/Training/pituitary_tumor/p (590).jpg,pituitary
near,6,/kaggle/input/datasets/sartajbhuvaji/brain-tumor-classification-mri/Training/pituitary_tumor/p (590).jpg,pituitary,/kaggle/input/datasets/sartajbhuvaji/brain-tumor-classification-mri/Training/pituitary_tumor/p (591).jpg,pituitary
near,4,/kaggle/input/datasets/sartajbhuvaji/brain-tumor-classification-mri/Training/pituitary_tumor/p (592).jpg,pituitary,/kaggle/input/datasets/sartajbhuvaji/brain-tumor-classification-mri/Training/pituitary_tumor/p (593).jpg,pituitary
near,6,/kaggle/input/datasets/sartajbhuvaji/brain-tumor-classification-mri/Training/pituitary_tumor/p (592).jpg,pituitary,/kaggle/input/datasets/sartajbhuvaji/brain-tumor-classification-mri/Training/pituitary_tumor/p (594).jpg,pituitary
near,2,/kaggle/input/datasets/sartajbhuvaji/brain-tumor-classification-mri/Training/pituitary_tumor/p (593).jpg,pituitary,/kaggle/input/datasets/sartajbhuvaji/brain-tumor-classification-mri/Training/pituitary_tumor/p (594).jpg,pituitary
near,4,/kaggle/input/datasets/sartajbhuvaji/brain-tumor-classification-mri/Training/pituitary_tumor/p (599).jpg,pituitary,/kaggle/input/datasets/sartajbhuvaji/brain-tumor-classification-mri/Training/pituitary_tumor/p (600).jpg,pituitary
near,6,/kaggle/input/datasets/sartajbhuvaji/brain-tumor-classification-mri/Training/pituitary_tumor/p (599).jpg,pituitary,/kaggle/input/datasets/sartajbhuvaji/brain-tumor-classification-mri/Training/pituitary_tumor/p (601).jpg,pituitary
near,5,/kaggle/input/datasets/sartajbhuvaji/brain-tumor-classification-mri/Training/pituitary_tumor/p (6).jpg,pituitary,/kaggle/input/datasets/sartajbhuvaji/brain-tumor-classification-mri/Training/pituitary_tumor/p (7).jpg,pituitary
near,6,/kaggle/input/datasets/sartajbhuvaji/brain-tumor-classification-mri/Training/pituitary_tumor/p (60).jpg,pituitary,/kaggle/input/datasets/sartajbhuvaji/brain-tumor-classification-mri/Training/pituitary_tumor/p (61).jpg,pituitary
near,6,/kaggle/input/datasets/sartajbhuvaji/brain-tumor-classification-mri/Training/pituitary_tumor/p (600).jpg,pituitary,/kaggle/input/datasets/sartajbhuvaji/brain-tumor-classification-mri/Training/pituitary_tumor/p (601).jpg,pituitary
near,4,/kaggle/input/datasets/sartajbhuvaji/brain-tumor-classification-mri/Training/pituitary_tumor/p (600).jpg,pituitary,/kaggle/input/datasets/sartajbhuvaji/brain-tumor-classification-mri/Training/pituitary_tumor/p (691).jpg,pituitary
near,6,/kaggle/input/datasets/sartajbhuvaji/brain-tumor-classification-mri/Training/pituitary_tumor/p (603).jpg,pituitary,/kaggle/input/datasets/sartajbhuvaji/brain-tumor-classification-mri/Training/pituitary_tumor/p (604).jpg,pituitary
near,6,/kaggle/input/datasets/sartajbhuvaji/brain-tumor-classification-mri/Training/pituitary_tumor/p (604).jpg,pituitary,/kaggle/input/datasets/sartajbhuvaji/brain-tumor-classification-mri/Training/pituitary_tumor/p (605).jpg,pituitary
near,4,/kaggle/input/datasets/sartajbhuvaji/brain-tumor-classification-mri/Training/pituitary_tumor/p (608).jpg,pituitary,/kaggle/input/datasets/sartajbhuvaji/brain-tumor-classification-mri/Training/pituitary_tumor/p (609).jpg,pituitary
near,6,/kaggle/input/datasets/sartajbhuvaji/brain-tumor-classification-mri/Training/pituitary_tumor/p (608).jpg,pituitary,/kaggle/input/datasets/sartajbhuvaji/brain-tumor-classification-mri/Training/pituitary_tumor/p (610).jpg,pituitary
near,6,/kaggle/input/datasets/sartajbhuvaji/brain-tumor-classification-mri/Training/pituitary_tumor/p (608).jpg,pituitary,/kaggle/input/datasets/sartajbhuvaji/brain-tumor-classification-mri/Training/pituitary_tumor/p (612).jpg,pituitary
near,2,/kaggle/input/datasets/sartajbhuvaji/brain-tumor-classification-mri/Training/pituitary_tumor/p (609).jpg,pituitary,/kaggle/input/datasets/sartajbhuvaji/brain-tumor-classification-mri/Training/pituitary_tumor/p (610).jpg,pituitary
near,6,/kaggle/input/datasets/sartajbhuvaji/brain-tumor-classification-mri/Training/pituitary_tumor/p (609).jpg,pituitary,/kaggle/input/datasets/sartajbhuvaji/brain-tumor-classification-mri/Training/pituitary_tumor/p (611).jpg,pituitary
near,4,/kaggle/input/datasets/sartajbhuvaji/brain-tumor-classification-mri/Training/pituitary_tumor/p (610).jpg,pituitary,/kaggle/input/datasets/sartajbhuvaji/brain-tumor-classification-mri/Training/pituitary_tumor/p (611).jpg,pituitary
near,6,/kaggle/input/datasets/sartajbhuvaji/brain-tumor-classification-mri/Training/pituitary_tumor/p (611).jpg,pituitary,/kaggle/input/datasets/sartajbhuvaji/brain-tumor-classification-mri/Training/pituitary_tumor/p (612).jpg,pituitary
near,6,/kaggle/input/datasets/sartajbhuvaji/brain-tumor-classification-mri/Training/pituitary_tumor/p (612).jpg,pituitary,/kaggle/input/datasets/sartajbhuvaji/brain-tumor-classification-mri/Training/pituitary_tumor/p (613).jpg,pituitary
near,6,/kaggle/input/datasets/sartajbhuvaji/brain-tumor-classification-mri/Training/pituitary_tumor/p (614).jpg,pituitary,/kaggle/input/datasets/sartajbhuvaji/brain-tumor-classification-mri/Training/pituitary_tumor/p (615).jpg,pituitary
near,4,/kaggle/input/datasets/sartajbhuvaji/brain-tumor-classification-mri/Training/pituitary_tumor/p (615).jpg,pituitary,/kaggle/input/datasets/sartajbhuvaji/brain-tumor-classification-mri/Training/pituitary_tumor/p (616).jpg,pituitary
near,2,/kaggle/input/datasets/sartajbhuvaji/brain-tumor-classification-mri/Training/pituitary_tumor/p (617).jpg,pituitary,/kaggle/input/datasets/sartajbhuvaji/brain-tumor-classification-mri/Training/pituitary_tumor/p (618).jpg,pituitary
near,5,/kaggle/input/datasets/sartajbhuvaji/brain-tumor-classification-mri/Training/pituitary_tumor/p (62).jpg,pituitary,/kaggle/input/datasets/sartajbhuvaji/brain-tumor-classification-mri/Training/pituitary_tumor/p (63).jpg,pituitary
near,6,/kaggle/input/datasets/sartajbhuvaji/brain-tumor-classification-mri/Training/pituitary_tumor/p (621).jpg,pituitary,/kaggle/input/datasets/sartajbhuvaji/brain-tumor-classification-mri/Training/pituitary_tumor/p (622).jpg,pituitary
near,3,/kaggle/input/datasets/sartajbhuvaji/brain-tumor-classification-mri/Training/pituitary_tumor/p (624).jpg,pituitary,/kaggle/input/datasets/sartajbhuvaji/brain-tumor-classification-mri/Training/pituitary_tumor/p (625).jpg,pituitary
near,6,/kaggle/input/datasets/sartajbhuvaji/brain-tumor-classification-mri/Training/pituitary_tumor/p (625).jpg,pituitary,/kaggle/input/datasets/sartajbhuvaji/brain-tumor-classification-mri/Training/pituitary_tumor/p (626).jpg,pituitary
near,6,/kaggle/input/datasets/sartajbhuvaji/brain-tumor-classification-mri/Training/pituitary_tumor/p (626).jpg,pituitary,/kaggle/input/datasets/sartajbhuvaji/brain-tumor-classification-mri/Training/pituitary_tumor/p (627).jpg,pituitary
near,6,/kaggle/input/datasets/sartajbhuvaji/brain-tumor-classification-mri/Training/pituitary_tumor/p (627).jpg,pituitary,/kaggle/input/datasets/sartajbhuvaji/brain-tumor-classification-mri/Training/pituitary_tumor/p (628).jpg,pituitary
near,6,/kaggle/input/datasets/sartajbhuvaji/brain-tumor-classification-mri/Training/pituitary_tumor/p (63).jpg,pituitary,/kaggle/input/datasets/sartajbhuvaji/brain-tumor-classification-mri/Training/pituitary_tumor/p (65).jpg,pituitary
near,2,/kaggle/input/datasets/sartajbhuvaji/brain-tumor-classification-mri/Training/pituitary_tumor/p (634).jpg,pituitary,/kaggle/input/datasets/sartajbhuvaji/brain-tumor-classification-mri/Training/pituitary_tumor/p (635).jpg,pituitary
near,2,/kaggle/input/datasets/sartajbhuvaji/brain-tumor-classification-mri/Training/pituitary_tumor/p (64).jpg,pituitary,/kaggle/input/datasets/sartajbhuvaji/brain-tumor-classification-mri/Training/pituitary_tumor/p (65).jpg,pituitary
near,6,/kaggle/input/datasets/sartajbhuvaji/brain-tumor-classification-mri/Training/pituitary_tumor/p (641).jpg,pituitary,/kaggle/input/datasets/sartajbhuvaji/brain-tumor-classification-mri/Training/pituitary_tumor/p (642).jpg,pituitary
near,5,/kaggle/input/datasets/sartajbhuvaji/brain-tumor-classification-mri/Training/pituitary_tumor/p (644).jpg,pituitary,/kaggle/input/datasets/sartajbhuvaji/brain-tumor-classification-mri/Training/pituitary_tumor/p (646).jpg,pituitary
near,4,/kaggle/input/datasets/sartajbhuvaji/brain-tumor-classification-mri/Training/pituitary_tumor/p (645).jpg,pituitary,/kaggle/input/datasets/sartajbhuvaji/brain-tumor-classification-mri/Training/pituitary_tumor/p (646).jpg,pituitary
near,4,/kaggle/input/datasets/sartajbhuvaji/brain-tumor-classification-mri/Training/pituitary_tumor/p (651).jpg,pituitary,/kaggle/input/datasets/sartajbhuvaji/brain-tumor-classification-mri/Training/pituitary_tumor/p (652).jpg,pituitary
near,5,/kaggle/input/datasets/sartajbhuvaji/brain-tumor-classification-mri/Training/pituitary_tumor/p (660).jpg,pituitary,/kaggle/input/datasets/sartajbhuvaji/brain-tumor-classification-mri/Training/pituitary_tumor/p (661).jpg,pituitary
near,6,/kaggle/input/datasets/sartajbhuvaji/brain-tumor-classification-mri/Training/pituitary_tumor/p (668).jpg,pituitary,/kaggle/input/datasets/sartajbhuvaji/brain-tumor-classification-mri/Training/pituitary_tumor/p (768).jpg,pituitary
near,6,/kaggle/input/datasets/sartajbhuvaji/brain-tumor-classification-mri/Training/pituitary_tumor/p (669).jpg,pituitary,/kaggle/input/datasets/sartajbhuvaji/brain-tumor-classification-mri/Training/pituitary_tumor/p (670).jpg,pituitary
near,2,/kaggle/input/datasets/sartajbhuvaji/brain-tumor-classification-mri/Training/pituitary_tumor/p (675).jpg,pituitary,/kaggle/input/datasets/sartajbhuvaji/brain-tumor-classification-mri/Training/pituitary_tumor/p (676).jpg,pituitary
near,4,/kaggle/input/datasets/sartajbhuvaji/brain-tumor-classification-mri/Training/pituitary_tumor/p (680).jpg,pituitary,/kaggle/input/datasets/sartajbhuvaji/brain-tumor-classification-mri/Training/pituitary_tumor/p (681).jpg,pituitary
near,5,/kaggle/input/datasets/sartajbhuvaji/brain-tumor-classification-mri/Training/pituitary_tumor/p (683).jpg,pituitary,/kaggle/input/datasets/sartajbhuvaji/brain-tumor-classification-mri/Training/pituitary_tumor/p (684).jpg,pituitary
near,5,/kaggle/input/datasets/sartajbhuvaji/brain-tumor-classification-mri/Training/pituitary_tumor/p (684).jpg,pituitary,/kaggle/input/datasets/sartajbhuvaji/brain-tumor-classification-mri/Training/pituitary_tumor/p (685).jpg,pituitary
near,4,/kaggle/input/datasets/sartajbhuvaji/brain-tumor-classification-mri/Training/pituitary_tumor/p (684).jpg,pituitary,/kaggle/input/datasets/sartajbhuvaji/brain-tumor-classification-mri/Training/pituitary_tumor/p (686).jpg,pituitary
near,5,/kaggle/input/datasets/sartajbhuvaji/brain-tumor-classification-mri/Training/pituitary_tumor/p (685).jpg,pituitary,/kaggle/input/datasets/sartajbhuvaji/brain-tumor-classification-mri/Training/pituitary_tumor/p (686).jpg,pituitary
near,4,/kaggle/input/datasets/sartajbhuvaji/brain-tumor-classification-mri/Training/pituitary_tumor/p (686).jpg,pituitary,/kaggle/input/datasets/sartajbhuvaji/brain-tumor-classification-mri/Training/pituitary_tumor/p (687).jpg,pituitary
near,4,/kaggle/input/datasets/sartajbhuvaji/brain-tumor-classification-mri/Training/pituitary_tumor/p (686).jpg,pituitary,/kaggle/input/datasets/sartajbhuvaji/brain-tumor-classification-mri/Training/pituitary_tumor/p (688).jpg,pituitary
near,5,/kaggle/input/datasets/sartajbhuvaji/brain-tumor-classification-mri/Training/pituitary_tumor/p (686).jpg,pituitary,/kaggle/input/datasets/sartajbhuvaji/brain-tumor-classification-mri/Training/pituitary_tumor/p (689).jpg,pituitary
near,2,/kaggle/input/datasets/sartajbhuvaji/brain-tumor-classification-mri/Training/pituitary_tumor/p (687).jpg,pituitary,/kaggle/input/datasets/sartajbhuvaji/brain-tumor-classification-mri/Training/pituitary_tumor/p (688).jpg,pituitary
near,5,/kaggle/input/datasets/sartajbhuvaji/brain-tumor-classification-mri/Training/pituitary_tumor/p (687).jpg,pituitary,/kaggle/input/datasets/sartajbhuvaji/brain-tumor-classification-mri/Training/pituitary_tumor/p (689).jpg,pituitary
near,6,/kaggle/input/datasets/sartajbhuvaji/brain-tumor-classification-mri/Training/pituitary_tumor/p (693).jpg,pituitary,/kaggle/input/datasets/sartajbhuvaji/brain-tumor-classification-mri/Training/pituitary_tumor/p (694).jpg,pituitary
near,2,/kaggle/input/datasets/sartajbhuvaji/brain-tumor-classification-mri/Training/pituitary_tumor/p (695).jpg,pituitary,/kaggle/input/datasets/sartajbhuvaji/brain-tumor-classification-mri/Training/pituitary_tumor/p (696).jpg,pituitary
near,6,/kaggle/input/datasets/sartajbhuvaji/brain-tumor-classification-mri/Training/pituitary_tumor/p (699).jpg,pituitary,/kaggle/input/datasets/sartajbhuvaji/brain-tumor-classification-mri/Training/pituitary_tumor/p (700).jpg,pituitary
near,6,/kaggle/input/datasets/sartajbhuvaji/brain-tumor-classification-mri/Training/pituitary_tumor/p (7).jpg,pituitary,/kaggle/input/datasets/sartajbhuvaji/brain-tumor-classification-mri/Training/pituitary_tumor/p (8).jpg,pituitary
near,4,/kaggle/input/datasets/sartajbhuvaji/brain-tumor-classification-mri/Training/pituitary_tumor/p (702).jpg,pituitary,/kaggle/input/datasets/sartajbhuvaji/brain-tumor-classification-mri/Training/pituitary_tumor/p (703).jpg,pituitary
near,6,/kaggle/input/datasets/sartajbhuvaji/brain-tumor-classification-mri/Training/pituitary_tumor/p (703).jpg,pituitary,/kaggle/input/datasets/sartajbhuvaji/brain-tumor-classification-mri/Training/pituitary_tumor/p (704).jpg,pituitary
near,5,/kaggle/input/datasets/sartajbhuvaji/brain-tumor-classification-mri/Training/pituitary_tumor/p (703).jpg,pituitary,/kaggle/input/datasets/sartajbhuvaji/brain-tumor-classification-mri/Training/pituitary_tumor/p (705).jpg,pituitary
near,5,/kaggle/input/datasets/sartajbhuvaji/brain-tumor-classification-mri/Training/pituitary_tumor/p (703).jpg,pituitary,/kaggle/input/datasets/sartajbhuvaji/brain-tumor-classification-mri/Training/pituitary_tumor/p (706).jpg,pituitary
near,3,/kaggle/input/datasets/sartajbhuvaji/brain-tumor-classification-mri/Training/pituitary_tumor/p (704).jpg,pituitary,/kaggle/input/datasets/sartajbhuvaji/brain-tumor-classification-mri/Training/pituitary_tumor/p (705).jpg,pituitary
near,6,/kaggle/input/datasets/sartajbhuvaji/brain-tumor-classification-mri/Training/pituitary_tumor/p (705).jpg,pituitary,/kaggle/input/datasets/sartajbhuvaji/brain-tumor-classification-mri/Training/pituitary_tumor/p (706).jpg,pituitary
near,2,/kaggle/input/datasets/sartajbhuvaji/brain-tumor-classification-mri/Training/pituitary_tumor/p (706).jpg,pituitary,/kaggle/input/datasets/sartajbhuvaji/brain-tumor-classification-mri/Training/pituitary_tumor/p (707).jpg,pituitary
near,4,/kaggle/input/datasets/sartajbhuvaji/brain-tumor-classification-mri/Training/pituitary_tumor/p (706).jpg,pituitary,/kaggle/input/datasets/sartajbhuvaji/brain-tumor-classification-mri/Training/pituitary_tumor/p (708).jpg,pituitary
near,2,/kaggle/input/datasets/sartajbhuvaji/brain-tumor-classification-mri/Training/pituitary_tumor/p (707).jpg,pituitary,/kaggle/input/datasets/sartajbhuvaji/brain-tumor-classification-mri/Training/pituitary_tumor/p (708).jpg,pituitary
near,6,/kaggle/input/datasets/sartajbhuvaji/brain-tumor-classification-mri/Training/pituitary_tumor/p (709).jpg,pituitary,/kaggle/input/datasets/sartajbhuvaji/brain-tumor-classification-mri/Training/pituitary_tumor/p (710).jpg,pituitary
near,3,/kaggle/input/datasets/sartajbhuvaji/brain-tumor-classification-mri/Training/pituitary_tumor/p (71).jpg,pituitary,/kaggle/input/datasets/sartajbhuvaji/brain-tumor-classification-mri/Training/pituitary_tumor/p (72).jpg,pituitary
near,4,/kaggle/input/datasets/sartajbhuvaji/brain-tumor-classification-mri/Training/pituitary_tumor/p (710).jpg,pituitary,/kaggle/input/datasets/sartajbhuvaji/brain-tumor-classification-mri/Training/pituitary_tumor/p (711).jpg,pituitary
near,4,/kaggle/input/datasets/sartajbhuvaji/brain-tumor-classification-mri/Training/pituitary_tumor/p (715).jpg,pituitary,/kaggle/input/datasets/sartajbhuvaji/brain-tumor-classification-mri/Training/pituitary_tumor/p (716).jpg,pituitary
near,6,/kaggle/input/datasets/sartajbhuvaji/brain-tumor-classification-mri/Training/pituitary_tumor/p (719).jpg,pituitary,/kaggle/input/datasets/sartajbhuvaji/brain-tumor-classification-mri/Training/pituitary_tumor/p (720).jpg,pituitary
near,6,/kaggle/input/datasets/sartajbhuvaji/brain-tumor-classification-mri/Training/pituitary_tumor/p (72).jpg,pituitary,/kaggle/input/datasets/sartajbhuvaji/brain-tumor-classification-mri/Training/pituitary_tumor/p (73).jpg,pituitary
near,6,/kaggle/input/datasets/sartajbhuvaji/brain-tumor-classification-mri/Training/pituitary_tumor/p (72).jpg,pituitary,/kaggle/input/datasets/sartajbhuvaji/brain-tumor-classification-mri/Training/pituitary_tumor/p (75).jpg,pituitary
near,6,/kaggle/input/datasets/sartajbhuvaji/brain-tumor-classification-mri/Training/pituitary_tumor/p (720).jpg,pituitary,/kaggle/input/datasets/sartajbhuvaji/brain-tumor-classification-mri/Training/pituitary_tumor/p (721).jpg,pituitary
near,5,/kaggle/input/datasets/sartajbhuvaji/brain-tumor-classification-mri/Training/pituitary_tumor/p (728).jpg,pituitary,/kaggle/input/datasets/sartajbhuvaji/brain-tumor-classification-mri/Training/pituitary_tumor/p (730).jpg,pituitary
near,4,/kaggle/input/datasets/sartajbhuvaji/brain-tumor-classification-mri/Training/pituitary_tumor/p (729).jpg,pituitary,/kaggle/input/datasets/sartajbhuvaji/brain-tumor-classification-mri/Training/pituitary_tumor/p (730).jpg,pituitary
near,6,/kaggle/input/datasets/sartajbhuvaji/brain-tumor-classification-mri/Training/pituitary_tumor/p (730).jpg,pituitary,/kaggle/input/datasets/sartajbhuvaji/brain-tumor-classification-mri/Training/pituitary_tumor/p (731).jpg,pituitary
near,6,/kaggle/input/datasets/sartajbhuvaji/brain-tumor-classification-mri/Training/pituitary_tumor/p (731).jpg,pituitary,/kaggle/input/datasets/sartajbhuvaji/brain-tumor-classification-mri/Training/pituitary_tumor/p (732).jpg,pituitary
near,5,/kaggle/input/datasets/sartajbhuvaji/brain-tumor-classification-mri/Training/pituitary_tumor/p (755).jpg,pituitary,/kaggle/input/datasets/sartajbhuvaji/brain-tumor-classification-mri/Training/pituitary_tumor/p (756).jpg,pituitary
near,4,/kaggle/input/datasets/sartajbhuvaji/brain-tumor-classification-mri/Training/pituitary_tumor/p (757).jpg,pituitary,/kaggle/input/datasets/sartajbhuvaji/brain-tumor-classification-mri/Training/pituitary_tumor/p (758).jpg,pituitary
near,6,/kaggle/input/datasets/sartajbhuvaji/brain-tumor-classification-mri/Training/pituitary_tumor/p (758).jpg,pituitary,/kaggle/input/datasets/sartajbhuvaji/brain-tumor-classification-mri/Training/pituitary_tumor/p (759).jpg,pituitary
near,6,/kaggle/input/datasets/sartajbhuvaji/brain-tumor-classification-mri/Training/pituitary_tumor/p (761).jpg,pituitary,/kaggle/input/datasets/sartajbhuvaji/brain-tumor-classification-mri/Training/pituitary_tumor/p (762).jpg,pituitary
near,4,/kaggle/input/datasets/sartajbhuvaji/brain-tumor-classification-mri/Training/pituitary_tumor/p (763).jpg,pituitary,/kaggle/input/datasets/sartajbhuvaji/brain-tumor-classification-mri/Training/pituitary_tumor/p (764).jpg,pituitary
near,5,/kaggle/input/datasets/sartajbhuvaji/brain-tumor-classification-mri/Training/pituitary_tumor/p (763).jpg,pituitary,/kaggle/input/datasets/sartajbhuvaji/brain-tumor-classification-mri/Training/pituitary_tumor/p (765).jpg,pituitary
near,1,/kaggle/input/datasets/sartajbhuvaji/brain-tumor-classification-mri/Training/pituitary_tumor/p (764).jpg,pituitary,/kaggle/input/datasets/sartajbhuvaji/brain-tumor-classification-mri/Training/pituitary_tumor/p (765).jpg,pituitary
near,6,/kaggle/input/datasets/sartajbhuvaji/brain-tumor-classification-mri/Training/pituitary_tumor/p (768).jpg,pituitary,/kaggle/input/datasets/sartajbhuvaji/brain-tumor-classification-mri/Training/pituitary_tumor/p (773).jpg,pituitary
near,2,/kaggle/input/datasets/sartajbhuvaji/brain-tumor-classification-mri/Training/pituitary_tumor/p (776).jpg,pituitary,/kaggle/input/datasets/sartajbhuvaji/brain-tumor-classification-mri/Training/pituitary_tumor/p (777).jpg,pituitary
near,6,/kaggle/input/datasets/sartajbhuvaji/brain-tumor-classification-mri/Training/pituitary_tumor/p (78).jpg,pituitary,/kaggle/input/datasets/sartajbhuvaji/brain-tumor-classification-mri/Training/pituitary_tumor/p (79).jpg,pituitary
near,6,/kaggle/input/datasets/sartajbhuvaji/brain-tumor-classification-mri/Training/pituitary_tumor/p (785).jpg,pituitary,/kaggle/input/datasets/sartajbhuvaji/brain-tumor-classification-mri/Training/pituitary_tumor/p (786).jpg,pituitary
near,6,/kaggle/input/datasets/sartajbhuvaji/brain-tumor-classification-mri/Training/pituitary_tumor/p (785).jpg,pituitary,/kaggle/input/datasets/sartajbhuvaji/brain-tumor-classification-mri/Training/pituitary_tumor/p (787).jpg,pituitary
near,6,/kaggle/input/datasets/sartajbhuvaji/brain-tumor-classification-mri/Training/pituitary_tumor/p (786).jpg,pituitary,/kaggle/input/datasets/sartajbhuvaji/brain-tumor-classification-mri/Training/pituitary_tumor/p (787).jpg,pituitary
near,6,/kaggle/input/datasets/sartajbhuvaji/brain-tumor-classification-mri/Training/pituitary_tumor/p (788).jpg,pituitary,/kaggle/input/datasets/sartajbhuvaji/brain-tumor-classification-mri/Training/pituitary_tumor/p (789).jpg,pituitary
near,6,/kaggle/input/datasets/sartajbhuvaji/brain-tumor-classification-mri/Training/pituitary_tumor/p (788).jpg,pituitary,/kaggle/input/datasets/sartajbhuvaji/brain-tumor-classification-mri/Training/pituitary_tumor/p (790).jpg,pituitary
near,4,/kaggle/input/datasets/sartajbhuvaji/brain-tumor-classification-mri/Training/pituitary_tumor/p (789).jpg,pituitary,/kaggle/input/datasets/sartajbhuvaji/brain-tumor-classification-mri/Training/pituitary_tumor/p (790).jpg,pituitary
near,6,/kaggle/input/datasets/sartajbhuvaji/brain-tumor-classification-mri/Training/pituitary_tumor/p (79).jpg,pituitary,/kaggle/input/datasets/sartajbhuvaji/brain-tumor-classification-mri/Training/pituitary_tumor/p (80).jpg,pituitary
near,6,/kaggle/input/datasets/sartajbhuvaji/brain-tumor-classification-mri/Training/pituitary_tumor/p (792).jpg,pituitary,/kaggle/input/datasets/sartajbhuvaji/brain-tumor-classification-mri/Training/pituitary_tumor/p (793).jpg,pituitary
near,4,/kaggle/input/datasets/sartajbhuvaji/brain-tumor-classification-mri/Training/pituitary_tumor/p (80).jpg,pituitary,/kaggle/input/datasets/sartajbhuvaji/brain-tumor-classification-mri/Training/pituitary_tumor/p (81).jpg,pituitary
near,6,/kaggle/input/datasets/sartajbhuvaji/brain-tumor-classification-mri/Training/pituitary_tumor/p (800).jpg,pituitary,/kaggle/input/datasets/sartajbhuvaji/brain-tumor-classification-mri/Training/pituitary_tumor/p (801).jpg,pituitary
near,6,/kaggle/input/datasets/sartajbhuvaji/brain-tumor-classification-mri/Training/pituitary_tumor/p (800).jpg,pituitary,/kaggle/input/datasets/sartajbhuvaji/brain-tumor-classification-mri/Training/pituitary_tumor/p (802).jpg,pituitary
near,6,/kaggle/input/datasets/sartajbhuvaji/brain-tumor-classification-mri/Training/pituitary_tumor/p (801).jpg,pituitary,/kaggle/input/datasets/sartajbhuvaji/brain-tumor-classification-mri/Training/pituitary_tumor/p (802).jpg,pituitary
near,6,/kaggle/input/datasets/sartajbhuvaji/brain-tumor-classification-mri/Training/pituitary_tumor/p (804).jpg,pituitary,/kaggle/input/datasets/sartajbhuvaji/brain-tumor-classification-mri/Training/pituitary_tumor/p (805).jpg,pituitary
near,6,/kaggle/input/datasets/sartajbhuvaji/brain-tumor-classification-mri/Training/pituitary_tumor/p (805).jpg,pituitary,/kaggle/input/datasets/sartajbhuvaji/brain-tumor-classification-mri/Training/pituitary_tumor/p (806).jpg,pituitary
near,5,/kaggle/input/datasets/sartajbhuvaji/brain-tumor-classification-mri/Training/pituitary_tumor/p (806).jpg,pituitary,/kaggle/input/datasets/sartajbhuvaji/brain-tumor-classification-mri/Training/pituitary_tumor/p (807).jpg,pituitary
near,6,/kaggle/input/datasets/sartajbhuvaji/brain-tumor-classification-mri/Training/pituitary_tumor/p (809).jpg,pituitary,/kaggle/input/datasets/sartajbhuvaji/brain-tumor-classification-mri/Training/pituitary_tumor/p (810).jpg,pituitary
near,4,/kaggle/input/datasets/sartajbhuvaji/brain-tumor-classification-mri/Training/pituitary_tumor/p (817).jpg,pituitary,/kaggle/input/datasets/sartajbhuvaji/brain-tumor-classification-mri/Training/pituitary_tumor/p (818).jpg,pituitary
near,4,/kaggle/input/datasets/sartajbhuvaji/brain-tumor-classification-mri/Training/pituitary_tumor/p (819).jpg,pituitary,/kaggle/input/datasets/sartajbhuvaji/brain-tumor-classification-mri/Training/pituitary_tumor/p (820).jpg,pituitary
near,6,/kaggle/input/datasets/sartajbhuvaji/brain-tumor-classification-mri/Training/pituitary_tumor/p (82).jpg,pituitary,/kaggle/input/datasets/sartajbhuvaji/brain-tumor-classification-mri/Training/pituitary_tumor/p (83).jpg,pituitary
near,5,/kaggle/input/datasets/sartajbhuvaji/brain-tumor-classification-mri/Training/pituitary_tumor/p (820).jpg,pituitary,/kaggle/input/datasets/sartajbhuvaji/brain-tumor-classification-mri/Training/pituitary_tumor/p (821).jpg,pituitary
near,6,/kaggle/input/datasets/sartajbhuvaji/brain-tumor-classification-mri/Training/pituitary_tumor/p (820).jpg,pituitary,/kaggle/input/datasets/sartajbhuvaji/brain-tumor-classification-mri/Training/pituitary_tumor/p (822).jpg,pituitary
near,5,/kaggle/input/datasets/sartajbhuvaji/brain-tumor-classification-mri/Training/pituitary_tumor/p (821).jpg,pituitary,/kaggle/input/datasets/sartajbhuvaji/brain-tumor-classification-mri/Training/pituitary_tumor/p (822).jpg,pituitary
near,2,/kaggle/input/datasets/sartajbhuvaji/brain-tumor-classification-mri/Training/pituitary_tumor/p (824).jpg,pituitary,/kaggle/input/datasets/sartajbhuvaji/brain-tumor-classification-mri/Training/pituitary_tumor/p (825).jpg,pituitary
near,2,/kaggle/input/datasets/sartajbhuvaji/brain-tumor-classification-mri/Training/pituitary_tumor/p (824).jpg,pituitary,/kaggle/input/datasets/sartajbhuvaji/brain-tumor-classification-mri/Training/pituitary_tumor/p (826).jpg,pituitary
near,4,/kaggle/input/datasets/sartajbhuvaji/brain-tumor-classification-mri/Training/pituitary_tumor/p (83).jpg,pituitary,/kaggle/input/datasets/sartajbhuvaji/brain-tumor-classification-mri/Training/pituitary_tumor/p (84).jpg,pituitary
near,6,/kaggle/input/datasets/sartajbhuvaji/brain-tumor-classification-mri/Training/pituitary_tumor/p (83).jpg,pituitary,/kaggle/input/datasets/sartajbhuvaji/brain-tumor-classification-mri/Training/pituitary_tumor/p (85).jpg,pituitary
near,2,/kaggle/input/datasets/sartajbhuvaji/brain-tumor-classification-mri/Training/pituitary_tumor/p (84).jpg,pituitary,/kaggle/input/datasets/sartajbhuvaji/brain-tumor-classification-mri/Training/pituitary_tumor/p (85).jpg,pituitary
near,4,/kaggle/input/datasets/sartajbhuvaji/brain-tumor-classification-mri/Training/pituitary_tumor/p (84).jpg,pituitary,/kaggle/input/datasets/sartajbhuvaji/brain-tumor-classification-mri/Training/pituitary_tumor/p (86).jpg,pituitary
near,6,/kaggle/input/datasets/sartajbhuvaji/brain-tumor-classification-mri/Training/pituitary_tumor/p (85).jpg,pituitary,/kaggle/input/datasets/sartajbhuvaji/brain-tumor-classification-mri/Training/pituitary_tumor/p (86).jpg,pituitary
near,6,/kaggle/input/datasets/sartajbhuvaji/brain-tumor-classification-mri/Training/pituitary_tumor/p (87).jpg,pituitary,/kaggle/input/datasets/sartajbhuvaji/brain-tumor-classification-mri/Training/pituitary_tumor/p (88).jpg,pituitary
near,4,/kaggle/input/datasets/sartajbhuvaji/brain-tumor-classification-mri/Training/pituitary_tumor/p (88).jpg,pituitary,/kaggle/input/datasets/sartajbhuvaji/brain-tumor-classification-mri/Training/pituitary_tumor/p (89).jpg,pituitary
near,3,/kaggle/input/datasets/sartajbhuvaji/brain-tumor-classification-mri/Training/pituitary_tumor/p (90).jpg,pituitary,/kaggle/input/datasets/sartajbhuvaji/brain-tumor-classification-mri/Training/pituitary_tumor/p (91).jpg,pituitary
near,3,/kaggle/input/datasets/sartajbhuvaji/brain-tumor-classification-mri/Training/pituitary_tumor/p (92).jpg,pituitary,/kaggle/input/datasets/sartajbhuvaji/brain-tumor-classification-mri/Training/pituitary_tumor/p (93).jpg,pituitary
near,5,/kaggle/input/datasets/sartajbhuvaji/brain-tumor-classification-mri/Training/pituitary_tumor/p (92).jpg,pituitary,/kaggle/input/datasets/sartajbhuvaji/brain-tumor-classification-mri/Training/pituitary_tumor/p (94).jpg,pituitary
near,4,/kaggle/input/datasets/sartajbhuvaji/brain-tumor-classification-mri/Training/pituitary_tumor/p (93).jpg,pituitary,/kaggle/input/datasets/sartajbhuvaji/brain-tumor-classification-mri/Training/pituitary_tumor/p (94).jpg,pituitary
near,6,/kaggle/input/datasets/sartajbhuvaji/brain-tumor-classification-mri/Training/pituitary_tumor/p (95).jpg,pituitary,/kaggle/input/datasets/sartajbhuvaji/brain-tumor-classification-mri/Training/pituitary_tumor/p (97).jpg,pituitary
near,6,/kaggle/input/datasets/sartajbhuvaji/brain-tumor-classification-mri/Training/pituitary_tumor/p (98).jpg,pituitary,/kaggle/input/datasets/sartajbhuvaji/brain-tumor-classification-mri/Training/pituitary_tumor/p (99).jpg,pituitary
near,5,/kaggle/input/datasets/sartajbhuvaji/brain-tumor-classification-mri/Testing/glioma_tumor/image(38).jpg,glioma,/kaggle/input/datasets/sartajbhuvaji/brain-tumor-classification-mri/Testing/glioma_tumor/image(86).jpg,glioma
near,2,/kaggle/input/datasets/sartajbhuvaji/brain-tumor-classification-mri/Testing/glioma_tumor/image(4).jpg,glioma,/kaggle/input/datasets/sartajbhuvaji/brain-tumor-classification-mri/Testing/glioma_tumor/image(7).jpg,glioma
near,4,/kaggle/input/datasets/sartajbhuvaji/brain-tumor-classification-mri/Testing/glioma_tumor/image(52).jpg,glioma,/kaggle/input/datasets/sartajbhuvaji/brain-tumor-classification-mri/Testing/meningioma_tumor/image(10).jpg,meningioma
near,4,/kaggle/input/datasets/sartajbhuvaji/brain-tumor-classification-mri/Testing/glioma_tumor/image(98).jpg,glioma,/kaggle/input/datasets/sartajbhuvaji/brain-tumor-classification-mri/Testing/meningioma_tumor/image(10).jpg,meningioma
near,4,/kaggle/input/datasets/sartajbhuvaji/brain-tumor-classification-mri/Testing/glioma_tumor/image(99).jpg,glioma,/kaggle/input/datasets/sartajbhuvaji/brain-tumor-classification-mri/Testing/meningioma_tumor/image(10).jpg,meningioma
near,2,/kaggle/input/datasets/sartajbhuvaji/brain-tumor-classification-mri/Testing/meningioma_tumor/image(113).jpg,meningioma,/kaggle/input/datasets/sartajbhuvaji/brain-tumor-classification-mri/Testing/meningioma_tumor/image(91).jpg,meningioma
near,3,/kaggle/input/datasets/sartajbhuvaji/brain-tumor-classification-mri/Testing/meningioma_tumor/image(121).jpg,meningioma,/kaggle/input/datasets/sartajbhuvaji/brain-tumor-classification-mri/Testing/meningioma_tumor/image(83).jpg,meningioma
near,2,/kaggle/input/datasets/sartajbhuvaji/brain-tumor-classification-mri/Testing/meningioma_tumor/image(125).jpg,meningioma,/kaggle/input/datasets/sartajbhuvaji/brain-tumor-classification-mri/Testing/meningioma_tumor/image(33).jpg,meningioma
near,2,/kaggle/input/datasets/sartajbhuvaji/brain-tumor-classification-mri/Testing/meningioma_tumor/image(21).jpg,meningioma,/kaggle/input/datasets/sartajbhuvaji/brain-tumor-classification-mri/Testing/meningioma_tumor/image(65).jpg,meningioma
near,4,/kaggle/input/datasets/sartajbhuvaji/brain-tumor-classification-mri/Testing/meningioma_tumor/image(26).jpg,meningioma,/kaggle/input/datasets/sartajbhuvaji/brain-tumor-classification-mri/Testing/meningioma_tumor/image(99).jpg,meningioma
near,4,/kaggle/input/datasets/sartajbhuvaji/brain-tumor-classification-mri/Testing/meningioma_tumor/image(35).jpg,meningioma,/kaggle/input/datasets/sartajbhuvaji/brain-tumor-classification-mri/Testing/meningioma_tumor/image(46).jpg,meningioma
near,6,/kaggle/input/datasets/sartajbhuvaji/brain-tumor-classification-mri/Testing/meningioma_tumor/image(6).jpg,meningioma,/kaggle/input/datasets/sartajbhuvaji/brain-tumor-classification-mri/Testing/meningioma_tumor/image(72).jpg,meningioma
near,5,/kaggle/input/datasets/sartajbhuvaji/brain-tumor-classification-mri/Testing/no_tumor/image(12).jpg,no_tumor,/kaggle/input/datasets/sartajbhuvaji/brain-tumor-classification-mri/Testing/no_tumor/image(65).jpg,no_tumor
near,4,/kaggle/input/datasets/sartajbhuvaji/brain-tumor-classification-mri/Testing/no_tumor/image(12).jpg,no_tumor,/kaggle/input/datasets/sartajbhuvaji/brain-tumor-classification-mri/Testing/no_tumor/image(76).jpg,no_tumor
near,2,/kaggle/input/datasets/sartajbhuvaji/brain-tumor-classification-mri/Testing/no_tumor/image(14).jpg,no_tumor,/kaggle/input/datasets/sartajbhuvaji/brain-tumor-classification-mri/Testing/no_tumor/image(36).jpg,no_tumor
near,4,/kaggle/input/datasets/sartajbhuvaji/brain-tumor-classification-mri/Testing/no_tumor/image(14).jpg,no_tumor,/kaggle/input/datasets/sartajbhuvaji/brain-tumor-classification-mri/Testing/no_tumor/image(57).jpg,no_tumor
near,6,/kaggle/input/datasets/sartajbhuvaji/brain-tumor-classification-mri/Testing/no_tumor/image(14).jpg,no_tumor,/kaggle/input/datasets/sartajbhuvaji/brain-tumor-classification-mri/Testing/no_tumor/image(62).jpg,no_tumor
near,2,/kaggle/input/datasets/sartajbhuvaji/brain-tumor-classification-mri/Testing/no_tumor/image(20).jpg,no_tumor,/kaggle/input/datasets/sartajbhuvaji/brain-tumor-classification-mri/Testing/no_tumor/image(72).jpg,no_tumor
near,2,/kaggle/input/datasets/sartajbhuvaji/brain-tumor-classification-mri/Testing/no_tumor/image(27).jpg,no_tumor,/kaggle/input/datasets/sartajbhuvaji/brain-tumor-classification-mri/Testing/no_tumor/image(77).jpg,no_tumor
near,1,/kaggle/input/datasets/sartajbhuvaji/brain-tumor-classification-mri/Testing/no_tumor/image(29).jpg,no_tumor,/kaggle/input/datasets/sartajbhuvaji/brain-tumor-classification-mri/Testing/no_tumor/image(39).jpg,no_tumor
near,3,/kaggle/input/datasets/sartajbhuvaji/brain-tumor-classification-mri/Testing/no_tumor/image(29).jpg,no_tumor,/kaggle/input/datasets/sartajbhuvaji/brain-tumor-classification-mri/Testing/no_tumor/image(6).jpg,no_tumor
near,2,/kaggle/input/datasets/sartajbhuvaji/brain-tumor-classification-mri/Testing/no_tumor/image(29).jpg,no_tumor,/kaggle/input/datasets/sartajbhuvaji/brain-tumor-classification-mri/Testing/no_tumor/image(63).jpg,no_tumor
near,3,/kaggle/input/datasets/sartajbhuvaji/brain-tumor-classification-mri/Testing/no_tumor/image(30).jpg,no_tumor,/kaggle/input/datasets/sartajbhuvaji/brain-tumor-classification-mri/Testing/no_tumor/image(7).jpg,no_tumor
near,6,/kaggle/input/datasets/sartajbhuvaji/brain-tumor-classification-mri/Testing/no_tumor/image(36).jpg,no_tumor,/kaggle/input/datasets/sartajbhuvaji/brain-tumor-classification-mri/Testing/no_tumor/image(57).jpg,no_tumor
near,1,/kaggle/input/datasets/sartajbhuvaji/brain-tumor-classification-mri/Testing/no_tumor/image(39).jpg,no_tumor,/kaggle/input/datasets/sartajbhuvaji/brain-tumor-classification-mri/Testing/no_tumor/image(47).jpg,no_tumor
near,2,/kaggle/input/datasets/sartajbhuvaji/brain-tumor-classification-mri/Testing/no_tumor/image(39).jpg,no_tumor,/kaggle/input/datasets/sartajbhuvaji/brain-tumor-classification-mri/Testing/no_tumor/image(6).jpg,no_tumor
near,3,/kaggle/input/datasets/sartajbhuvaji/brain-tumor-classification-mri/Testing/no_tumor/image(39).jpg,no_tumor,/kaggle/input/datasets/sartajbhuvaji/brain-tumor-classification-mri/Testing/no_tumor/image(63).jpg,no_tumor
near,4,/kaggle/input/datasets/sartajbhuvaji/brain-tumor-classification-mri/Testing/no_tumor/image(42).jpg,no_tumor,/kaggle/input/datasets/sartajbhuvaji/brain-tumor-classification-mri/Testing/no_tumor/image(48).jpg,no_tumor
near,4,/kaggle/input/datasets/sartajbhuvaji/brain-tumor-classification-mri/Testing/no_tumor/image(42).jpg,no_tumor,/kaggle/input/datasets/sartajbhuvaji/brain-tumor-classification-mri/Testing/no_tumor/image(75).jpg,no_tumor
near,4,/kaggle/input/datasets/sartajbhuvaji/brain-tumor-classification-mri/Testing/no_tumor/image(42).jpg,no_tumor,/kaggle/input/datasets/sartajbhuvaji/brain-tumor-classification-mri/Testing/no_tumor/image(8).jpg,no_tumor
near,5,/kaggle/input/datasets/sartajbhuvaji/brain-tumor-classification-mri/Testing/no_tumor/image(43).jpg,no_tumor,/kaggle/input/datasets/sartajbhuvaji/brain-tumor-classification-mri/Testing/no_tumor/image(59).jpg,no_tumor
near,3,/kaggle/input/datasets/sartajbhuvaji/brain-tumor-classification-mri/Testing/no_tumor/image(47).jpg,no_tumor,/kaggle/input/datasets/sartajbhuvaji/brain-tumor-classification-mri/Testing/no_tumor/image(6).jpg,no_tumor
near,2,/kaggle/input/datasets/sartajbhuvaji/brain-tumor-classification-mri/Testing/no_tumor/image(47).jpg,no_tumor,/kaggle/input/datasets/sartajbhuvaji/brain-tumor-classification-mri/Testing/no_tumor/image(63).jpg,no_tumor
near,4,/kaggle/input/datasets/sartajbhuvaji/brain-tumor-classification-mri/Testing/no_tumor/image(48).jpg,no_tumor,/kaggle/input/datasets/sartajbhuvaji/brain-tumor-classification-mri/Testing/no_tumor/image(8).jpg,no_tumor
near,2,/kaggle/input/datasets/sartajbhuvaji/brain-tumor-classification-mri/Testing/no_tumor/image(57).jpg,no_tumor,/kaggle/input/datasets/sartajbhuvaji/brain-tumor-classification-mri/Testing/no_tumor/image(62).jpg,no_tumor
near,5,/kaggle/input/datasets/sartajbhuvaji/brain-tumor-classification-mri/Testing/no_tumor/image(6).jpg,no_tumor,/kaggle/input/datasets/sartajbhuvaji/brain-tumor-classification-mri/Testing/no_tumor/image(63).jpg,no_tumor
near,1,/kaggle/input/datasets/sartajbhuvaji/brain-tumor-classification-mri/Testing/no_tumor/image(65).jpg,no_tumor,/kaggle/input/datasets/sartajbhuvaji/brain-tumor-classification-mri/Testing/no_tumor/image(76).jpg,no_tumor
near,4,/kaggle/input/datasets/sartajbhuvaji/brain-tumor-classification-mri/Testing/no_tumor/image(75).jpg,no_tumor,/kaggle/input/datasets/sartajbhuvaji/brain-tumor-classification-mri/Testing/no_tumor/image(8).jpg,no_tumor
near,5,/kaggle/input/datasets/sartajbhuvaji/brain-tumor-classification-mri/Testing/pituitary_tumor/image(31).jpg,pituitary,/kaggle/input/datasets/sartajbhuvaji/brain-tumor-classification-mri/Testing/pituitary_tumor/image(89).jpg,pituitary
near,5,/kaggle/input/datasets/sartajbhuvaji/brain-tumor-classification-mri/Testing/pituitary_tumor/image(31).jpg,pituitary,/kaggle/input/datasets/sartajbhuvaji/brain-tumor-classification-mri/Testing/pituitary_tumor/image(90).jpg,pituitary
near,5,/kaggle/input/datasets/sartajbhuvaji/brain-tumor-classification-mri/Testing/pituitary_tumor/image(31).jpg,pituitary,/kaggle/input/datasets/sartajbhuvaji/brain-tumor-classification-mri/Testing/pituitary_tumor/image(91).jpg,pituitary
near,5,/kaggle/input/datasets/sartajbhuvaji/brain-tumor-classification-mri/Testing/pituitary_tumor/image(79).jpg,pituitary,/kaggle/input/datasets/sartajbhuvaji/brain-tumor-classification-mri/Testing/pituitary_tumor/image(85).jpg,pituitary
near,5,/kaggle/input/datasets/sartajbhuvaji/brain-tumor-classification-mri/Testing/pituitary_tumor/image(79).jpg,pituitary,/kaggle/input/datasets/sartajbhuvaji/brain-tumor-classification-mri/Testing/pituitary_tumor/image(86).jpg,pituitary
near,5,/kaggle/input/datasets/sartajbhuvaji/brain-tumor-classification-mri/Testing/pituitary_tumor/image(79).jpg,pituitary,/kaggle/input/datasets/sartajbhuvaji/brain-tumor-classification-mri/Testing/pituitary_tumor/image.jpg,pituitary
