path,filename,source_split,disk_class,label,phash,dup_group,split
/kaggle/input/datasets/sartajbhuvaji/brain-tumor-classification-mri/Training/glioma_tumor/gg (1).jpg,gg (1).jpg,Training,glioma_tumor,glioma,14396159219519087672,0,cal
/kaggle/input/datasets/sartajbhuvaji/brain-tumor-classification-mri/Training/glioma_tumor/gg (10).jpg,gg (10).jpg,Training,glioma_tumor,glioma,9326460809209275274,1,test
/kaggle/input/datasets/sartajbhuvaji/brain-tumor-classification-mri/Training/glioma_tumor/gg (100).jpg,gg (100).jpg,Training,glioma_tumor,glioma,10465268635487380839,2,test
/kaggle/input/datasets/sartajbhuvaji/brain-tumor-classification-mri/Training/glioma_tumor/gg (101).jpg,gg (101).jpg,Training,glioma_tumor,glioma,10749558190182523235,3,train
/kaggle/input/datasets/sartajbhuvaji/brain-tumor-classification-mri/Training/glioma_tumor/gg (102).jpg,gg (102).jpg,Training,glioma_tumor,glioma,10766451086829576547,3,train
/kaggle/input/datasets/sartajbhuvaji/brain-tumor-classification-mri/Training/glioma_tumor/gg (103).jpg,gg (103).jpg,Training,glioma_tumor,glioma,10393247325318489190,4,train
/kaggle/input/datasets/sartajbhuvaji/brain-tumor-classification-mri/Training/glioma_tumor/gg (104).jpg,gg (104).jpg,Training,glioma_tumor,glioma,10680350706346713443,5,cal
/kaggle/input/datasets/sartajbhuvaji/brain-tumor-classification-mri/Training/glioma_tumor/gg (105).jpg,gg (105).jpg,Training,glioma_tumor,glioma,10680351840214213473,6,cal
/kaggle/input/datasets/sartajbhuvaji/brain-tumor-classification-mri/Training/glioma_tumor/gg (106).jpg,gg (106).jpg,Training,glioma_tumor,glioma,10767609078698500449,7,val
/kaggle/input/datasets/sartajbhuvaji/brain-tumor-classification-mri/Training/glioma_tumor/gg (107).jpg,gg (107).jpg,Training,glioma_tumor,glioma,10770951572572102953,8,cal
/kaggle/input/datasets/sartajbhuvaji/brain-tumor-classification-mri/Training/glioma_tumor/gg (108).jpg,gg (108).jpg,Training,glioma_tumor,glioma,9312418599121462759,9,train
/kaggle/input/datasets/sartajbhuvaji/brain-tumor-classification-mri/Training/glioma_tumor/gg (109).jpg,gg (109).jpg,Training,glioma_tumor,glioma,10393562928105137505,10,train
/kaggle/input/datasets/sartajbhuvaji/brain-tumor-classification-mri/Training/glioma_tumor/gg (11).jpg,gg (11).jpg,Training,glioma_tumor,glioma,14350292434839364995,11,train
/kaggle/input/datasets/sartajbhuvaji/brain-tumor-classification-mri/Training/glioma_tumor/gg (110).jpg,gg (110).jpg,Training,glioma_tumor,glioma,10677781908185163873,12,train
/kaggle/input/datasets/sartajbhuvaji/brain-tumor-classification-mri/Training/glioma_tumor/gg (111).jpg,gg (111).jpg,Training,glioma_tumor,glioma,10667654511666538600,13,train
/kaggle/input/datasets/sartajbhuvaji/brain-tumor-classification-mri/Training/glioma_tumor/gg (112).jpg,gg (112).jpg,Training,glioma_tumor,glioma,10667715920639232024,14,test
/kaggle/input/datasets/sartajbhuvaji/brain-tumor-classification-mri/Training/glioma_tumor/gg (113).jpg,gg (113).jpg,Training,glioma_tumor,glioma,10379485806419707930,15,train
/kaggle/input/datasets/sartajbhuvaji/brain-tumor-classification-mri/Training/glioma_tumor/gg (114).jpg,gg (114).jpg,Training,glioma_tumor,glioma,10379424182753179744,16,train
/kaggle/input/datasets/sartajbhuvaji/brain-tumor-classification-mri/Training/glioma_tumor/gg (115).jpg,gg (115).jpg,Training,glioma_tumor,glioma,10389551849871517792,17,train
/kaggle/input/datasets/sartajbhuvaji/brain-tumor-classification-mri/Training/glioma_tumor/gg (116).jpg,gg (116).jpg,Training,glioma_tumor,glioma,10770985648849511527,103,train
/kaggle/input/datasets/sartajbhuvaji/brain-tumor-classification-mri/Training/glioma_tumor/gg (117).jpg,gg (117).jpg,Training,glioma_tumor,glioma,10910878712144799078,18,cal
/kaggle/input/datasets/sartajbhuvaji/brain-tumor-classification-mri/Training/glioma_tumor/gg (118).jpg,gg (118).jpg,Training,glioma_tumor,glioma,10478307234847891097,19,train
/kaggle/input/datasets/sartajbhuvaji/brain-tumor-classification-mri/Training/glioma_tumor/gg (119).jpg,gg (119).jpg,Training,glioma_tumor,glioma,10478588159533173656,20,train
/kaggle/input/datasets/sartajbhuvaji/brain-tumor-classification-mri/Training/glioma_tumor/gg (12).jpg,gg (12).jpg,Training,glioma_tumor,glioma,14356766359038423174,21,test
/kaggle/input/datasets/sartajbhuvaji/brain-tumor-classification-mri/Training/glioma_tumor/gg (120).jpg,gg (120).jpg,Training,glioma_tumor,glioma,10910034290653947238,22,test
/kaggle/input/datasets/sartajbhuvaji/brain-tumor-classification-mri/Training/glioma_tumor/gg (121).jpg,gg (121).jpg,Training,glioma_tumor,glioma,10766482086817703015,908,train
/kaggle/input/datasets/sartajbhuvaji/brain-tumor-classification-mri/Training/glioma_tumor/gg (122).jpg,gg (122).jpg,Training,glioma_tumor,glioma,10766481873144129637,908,train
/kaggle/input/datasets/sartajbhuvaji/brain-tumor-classification-mri/Training/glioma_tumor/gg (123).jpg,gg (123).jpg,Training,glioma_tumor,glioma,10766481873144129889,908,train
/kaggle/input/datasets/sartajbhuvaji/brain-tumor-classification-mri/Training/glioma_tumor/gg (124).jpg,gg (124).jpg,Training,glioma_tumor,glioma,10770985549258842465,84,train
/kaggle/input/datasets/sartajbhuvaji/brain-tumor-classification-mri/Training/glioma_tumor/gg (125).jpg,gg (125).jpg,Training,glioma_tumor,glioma,10761982919856644393,909,val
/kaggle/input/datasets/sartajbhuvaji/brain-tumor-classification-mri/Training/glioma_tumor/gg (126).jpg,gg (126).jpg,Training,glioma_tumor,glioma,10404505129648204132,23,train
/kaggle/input/datasets/sartajbhuvaji/brain-tumor-classification-mri/Training/glioma_tumor/gg (127).jpg,gg (127).jpg,Training,glioma_tumor,glioma,10766482092169635941,908,train
/kaggle/input/datasets/sartajbhuvaji/brain-tumor-classification-mri/Training/glioma_tumor/gg (128).jpg,gg (128).jpg,Training,glioma_tumor,glioma,13996395341225863366,24,train
/kaggle/input/datasets/sartajbhuvaji/brain-tumor-classification-mri/Training/glioma_tumor/gg (129).jpg,gg (129).jpg,Training,glioma_tumor,glioma,10694142996588618130,25,val
/kaggle/input/datasets/sartajbhuvaji/brain-tumor-classification-mri/Training/glioma_tumor/gg (13).jpg,gg (13).jpg,Training,glioma_tumor,glioma,9744798865634309318,21,test
/kaggle/input/datasets/sartajbhuvaji/brain-tumor-classification-mri/Training/glioma_tumor/gg (130).jpg,gg (130).jpg,Training,glioma_tumor,glioma,10405631179886715062,26,train
/kaggle/input/datasets/sartajbhuvaji/brain-tumor-classification-mri/Training/glioma_tumor/gg (131).jpg,gg (131).jpg,Training,glioma_tumor,glioma,10389305614053435574,26,train
/kaggle/input/datasets/sartajbhuvaji/brain-tumor-classification-mri/Training/glioma_tumor/gg (132).jpg,gg (132).jpg,Training,glioma_tumor,glioma,10407025068506101926,27,train
/kaggle/input/datasets/sartajbhuvaji/brain-tumor-classification-mri/Training/glioma_tumor/gg (133).jpg,gg (133).jpg,Training,glioma_tumor,glioma,15017581970913770594,28,train
/kaggle/input/datasets/sartajbhuvaji/brain-tumor-classification-mri/Training/glioma_tumor/gg (134).jpg,gg (134).jpg,Training,glioma_tumor,glioma,15144808659309048931,1004,train
/kaggle/input/datasets/sartajbhuvaji/brain-tumor-classification-mri/Training/glioma_tumor/gg (135).jpg,gg (135).jpg,Training,glioma_tumor,glioma,13991610060923548835,29,train
/kaggle/input/datasets/sartajbhuvaji/brain-tumor-classification-mri/Training/glioma_tumor/gg (136).jpg,gg (136).jpg,Training,glioma_tumor,glioma,13991610009379812547,30,cal
/kaggle/input/datasets/sartajbhuvaji/brain-tumor-classification-mri/Training/glioma_tumor/gg (137).jpg,gg (137).jpg,Training,glioma_tumor,glioma,13996113631284126854,31,train
/kaggle/input/datasets/sartajbhuvaji/brain-tumor-classification-mri/Training/glioma_tumor/gg (138).jpg,gg (138).jpg,Training,glioma_tumor,glioma,13996113644101968998,32,train
/kaggle/input/datasets/sartajbhuvaji/brain-tumor-classification-mri/Training/glioma_tumor/gg (139).jpg,gg (139).jpg,Training,glioma_tumor,glioma,13995268102564226150,32,train
/kaggle/input/datasets/sartajbhuvaji/brain-tumor-classification-mri/Training/glioma_tumor/gg (14).jpg,gg (14).jpg,Training,glioma_tumor,glioma,10819470125831628571,33,train
/kaggle/input/datasets/sartajbhuvaji/brain-tumor-classification-mri/Training/glioma_tumor/gg (140).jpg,gg (140).jpg,Training,glioma_tumor,glioma,14283511882506985505,34,train
/kaggle/input/datasets/sartajbhuvaji/brain-tumor-classification-mri/Training/glioma_tumor/gg (141).jpg,gg (141).jpg,Training,glioma_tumor,glioma,14081397194722194227,35,test
/kaggle/input/datasets/sartajbhuvaji/brain-tumor-classification-mri/Training/glioma_tumor/gg (142).jpg,gg (142).jpg,Training,glioma_tumor,glioma,10719177472745283080,36,val
/kaggle/input/datasets/sartajbhuvaji/brain-tumor-classification-mri/Training/glioma_tumor/gg (143).jpg,gg (143).jpg,Training,glioma_tumor,glioma,10743933199546081609,37,val
/kaggle/input/datasets/sartajbhuvaji/brain-tumor-classification-mri/Training/glioma_tumor/gg (144).jpg,gg (144).jpg,Training,glioma_tumor,glioma,10752940433160020249,37,val
/kaggle/input/datasets/sartajbhuvaji/brain-tumor-classification-mri/Training/glioma_tumor/gg (145).jpg,gg (145).jpg,Training,glioma_tumor,glioma,10766486347695270208,38,train
/kaggle/input/datasets/sartajbhuvaji/brain-tumor-classification-mri/Training/glioma_tumor/gg (146).jpg,gg (146).jpg,Training,glioma_tumor,glioma,10770462281321096582,39,train
/kaggle/input/datasets/sartajbhuvaji/brain-tumor-classification-mri/Training/glioma_tumor/gg (147).jpg,gg (147).jpg,Training,glioma_tumor,glioma,9599457207747945863,40,train
/kaggle/input/datasets/sartajbhuvaji/brain-tumor-classification-mri/Training/glioma_tumor/gg (148).jpg,gg (148).jpg,Training,glioma_tumor,glioma,9617471606257426853,40,train
/kaggle/input/datasets/sartajbhuvaji/brain-tumor-classification-mri/Training/glioma_tumor/gg (149).jpg,gg (149).jpg,Training,glioma_tumor,glioma,10482725615946523013,40,train
/kaggle/input/datasets/sartajbhuvaji/brain-tumor-classification-mri/Training/glioma_tumor/gg (15).jpg,gg (15).jpg,Training,glioma_tumor,glioma,10676973487547950874,41,train
/kaggle/input/datasets/sartajbhuvaji/brain-tumor-classification-mri/Training/glioma_tumor/gg (150).jpg,gg (150).jpg,Training,glioma_tumor,glioma,10752924077906813317,42,cal
/kaggle/input/datasets/sartajbhuvaji/brain-tumor-classification-mri/Training/glioma_tumor/gg (151).jpg,gg (151).jpg,Training,glioma_tumor,glioma,10743916604877252837,43,train
/kaggle/input/datasets/sartajbhuvaji/brain-tumor-classification-mri/Training/glioma_tumor/gg (152).jpg,gg (152).jpg,Training,glioma_tumor,glioma,10482725683894231233,44,train
/kaggle/input/datasets/sartajbhuvaji/brain-tumor-classification-mri/Training/glioma_tumor/gg (153).jpg,gg (153).jpg,Training,glioma_tumor,glioma,10478222016633660289,45,train
/kaggle/input/datasets/sartajbhuvaji/brain-tumor-classification-mri/Training/glioma_tumor/gg (154).jpg,gg (154).jpg,Training,glioma_tumor,glioma,10752377544421499549,46,train
/kaggle/input/datasets/sartajbhuvaji/brain-tumor-classification-mri/Training/glioma_tumor/gg (155).jpg,gg (155).jpg,Training,glioma_tumor,glioma,15221721301631837339,47,train
/kaggle/input/datasets/sartajbhuvaji/brain-tumor-classification-mri/Training/glioma_tumor/gg (156).jpg,gg (156).jpg,Training,glioma_tumor,glioma,10465937154671453383,48,train
/kaggle/input/datasets/sartajbhuvaji/brain-tumor-classification-mri/Training/glioma_tumor/gg (157).jpg,gg (157).jpg,Training,glioma_tumor,glioma,10394161018331735239,49,train
/kaggle/input/datasets/sartajbhuvaji/brain-tumor-classification-mri/Training/glioma_tumor/gg (158).jpg,gg (158).jpg,Training,glioma_tumor,glioma,10469213524310106465,50,cal
/kaggle/input/datasets/sartajbhuvaji/brain-tumor-classification-mri/Training/glioma_tumor/gg (159).jpg,gg (159).jpg,Training,glioma_tumor,glioma,9320796645031944505,51,train
/kaggle/input/datasets/sartajbhuvaji/brain-tumor-classification-mri/Training/glioma_tumor/gg (16).jpg,gg (16).jpg,Training,glioma_tumor,glioma,14033567828215083640,585,train
/kaggle/input/datasets/sartajbhuvaji/brain-tumor-classification-mri/Training/glioma_tumor/gg (160).jpg,gg (160).jpg,Training,glioma_tumor,glioma,9320795549815286072,51,train
/kaggle/input/datasets/sartajbhuvaji/brain-tumor-classification-mri/Training/glioma_tumor/gg (161).jpg,gg (161).jpg,Training,glioma_tumor,glioma,9320779052847479096,51,train
/kaggle/input/datasets/sartajbhuvaji/brain-tumor-classification-mri/Training/glioma_tumor/gg (162).jpg,gg (162).jpg,Training,glioma_tumor,glioma,10463122396231066727,52,train
/kaggle/input/datasets/sartajbhuvaji/brain-tumor-classification-mri/Training/glioma_tumor/gg (163).jpg,gg (163).jpg,Training,glioma_tumor,glioma,9320796507588802921,51,train
/kaggle/input/datasets/sartajbhuvaji/brain-tumor-classification-mri/Training/glioma_tumor/gg (164).jpg,gg (164).jpg,Training,glioma_tumor,glioma,15279370822481371424,53,train
/kaggle/input/datasets/sartajbhuvaji/brain-tumor-classification-mri/Training/glioma_tumor/gg (165).jpg,gg (165).jpg,Training,glioma_tumor,glioma,15279335745483596076,54,train
/kaggle/input/datasets/sartajbhuvaji/brain-tumor-classification-mri/Training/glioma_tumor/gg (166).jpg,gg (166).jpg,Training,glioma_tumor,glioma,15279375400642158944,55,train
/kaggle/input/datasets/sartajbhuvaji/brain-tumor-classification-mri/Training/glioma_tumor/gg (167).jpg,gg (167).jpg,Training,glioma_tumor,glioma,15279322632679860576,56,cal
/kaggle/input/datasets/sartajbhuvaji/brain-tumor-classification-mri/Training/glioma_tumor/gg (168).jpg,gg (168).jpg,Training,glioma_tumor,glioma,15279370861144465768,57,train
/kaggle/input/datasets/sartajbhuvaji/brain-tumor-classification-mri/Training/glioma_tumor/gg (169).jpg,gg (169).jpg,Training,glioma_tumor,glioma,10791238613628510265,58,train
/kaggle/input/datasets/sartajbhuvaji/brain-tumor-classification-mri/Training/glioma_tumor/gg (17).jpg,gg (17).jpg,Training,glioma_tumor,glioma,14000353780962964072,585,train
/kaggle/input/datasets/sartajbhuvaji/brain-tumor-classification-mri/Training/glioma_tumor/gg (170).jpg,gg (170).jpg,Training,glioma_tumor,glioma,10797993978706681897,58,train
/kaggle/input/datasets/sartajbhuvaji/brain-tumor-classification-mri/Training/glioma_tumor/gg (171).jpg,gg (171).jpg,Training,glioma_tumor,glioma,10793490379082326077,58,train
/kaggle/input/datasets/sartajbhuvaji/brain-tumor-classification-mri/Training/glioma_tumor/gg (172).jpg,gg (172).jpg,Training,glioma_tumor,glioma,10719180761893384233,59,cal
/kaggle/input/datasets/sartajbhuvaji/brain-tumor-classification-mri/Training/glioma_tumor/gg (173).jpg,gg (173).jpg,Training,glioma_tumor,glioma,10719479829857053793,60,test
/kaggle/input/datasets/sartajbhuvaji/brain-tumor-classification-mri/Training/glioma_tumor/gg (174).jpg,gg (174).jpg,Training,glioma_tumor,glioma,10433203267618487393,61,train
/kaggle/input/datasets/sartajbhuvaji/brain-tumor-classification-mri/Training/glioma_tumor/gg (175).jpg,gg (175).jpg,Training,glioma_tumor,glioma,10397192062785563745,61,train
/kaggle/input/datasets/sartajbhuvaji/brain-tumor-classification-mri/Training/glioma_tumor/gg (176).jpg,gg (176).jpg,Training,glioma_tumor,glioma,10507529428993206569,62,train
/kaggle/input/datasets/sartajbhuvaji/brain-tumor-classification-mri/Training/glioma_tumor/gg (177).jpg,gg (177).jpg,Training,glioma_tumor,glioma,10719177464159500329,63,cal
/kaggle/input/datasets/sartajbhuvaji/brain-tumor-classification-mri/Training/glioma_tumor/gg (178).jpg,gg (178).jpg,Training,glioma_tumor,glioma,10503021174713837665,64,train
/kaggle/input/datasets/sartajbhuvaji/brain-tumor-classification-mri/Training/glioma_tumor/gg (179).jpg,gg (179).jpg,Training,glioma_tumor,glioma,10504147078913484897,64,train
/kaggle/input/datasets/sartajbhuvaji/brain-tumor-classification-mri/Training/glioma_tumor/gg (18).jpg,gg (18).jpg,Training,glioma_tumor,glioma,14000353772373160776,585,train
/kaggle/input/datasets/sartajbhuvaji/brain-tumor-classification-mri/Training/glioma_tumor/gg (180).jpg,gg (180).jpg,Training,glioma_tumor,glioma,10766204972581332418,65,train
/kaggle/input/datasets/sartajbhuvaji/brain-tumor-classification-mri/Training/glioma_tumor/gg (181).jpg,gg (181).jpg,Training,glioma_tumor,glioma,10766486442979911142,66,train
/kaggle/input/datasets/sartajbhuvaji/brain-tumor-classification-mri/Training/glioma_tumor/gg (182).jpg,gg (182).jpg,Training,glioma_tumor,glioma,10766486455057473957,67,train
/kaggle/input/datasets/sartajbhuvaji/brain-tumor-classification-mri/Training/glioma_tumor/gg (183).jpg,gg (183).jpg,Training,glioma_tumor,glioma,10463122181567102051,68,cal
/kaggle/input/datasets/sartajbhuvaji/brain-tumor-classification-mri/Training/glioma_tumor/gg (184).jpg,gg (184).jpg,Training,glioma_tumor,glioma,10463122396231066727,52,train
/kaggle/input/datasets/sartajbhuvaji/brain-tumor-classification-mri/Training/glioma_tumor/gg (185).jpg,gg (185).jpg,Training,glioma_tumor,glioma,14066495770526835751,69,train
/kaggle/input/datasets/sartajbhuvaji/brain-tumor-classification-mri/Training/glioma_tumor/gg (186).jpg,gg (186).jpg,Training,glioma_tumor,glioma,10766550214545321255,70,train
/kaggle/input/datasets/sartajbhuvaji/brain-tumor-classification-mri/Training/glioma_tumor/gg (187).jpg,gg (187).jpg,Training,glioma_tumor,glioma,10767680546866735143,71,train
/kaggle/input/datasets/sartajbhuvaji/brain-tumor-classification-mri/Training/glioma_tumor/gg (188).jpg,gg (188).jpg,Training,glioma_tumor,glioma,9595620908632926499,1444,train
/kaggle/input/datasets/sartajbhuvaji/brain-tumor-classification-mri/Training/glioma_tumor/gg (189).jpg,gg (189).jpg,Training,glioma_tumor,glioma,9592243276834955553,1444,train
/kaggle/input/datasets/sartajbhuvaji/brain-tumor-classification-mri/Training/glioma_tumor/gg (19).jpg,gg (19).jpg,Training,glioma_tumor,glioma,14000353772373226056,585,train
/kaggle/input/datasets/sartajbhuvaji/brain-tumor-classification-mri/Training/glioma_tumor/gg (190).jpg,gg (190).jpg,Training,glioma_tumor,glioma,9587739711298890017,1444,train
/kaggle/input/datasets/sartajbhuvaji/brain-tumor-classification-mri/Training/glioma_tumor/gg (191).jpg,gg (191).jpg,Training,glioma_tumor,glioma,9591117411287851297,1444,train
/kaggle/input/datasets/sartajbhuvaji/brain-tumor-classification-mri/Training/glioma_tumor/gg (192).jpg,gg (192).jpg,Training,glioma_tumor,glioma,9591082196850991401,1444,train
/kaggle/input/datasets/sartajbhuvaji/brain-tumor-classification-mri/Training/glioma_tumor/gg (193).jpg,gg (193).jpg,Training,glioma_tumor,glioma,9604628004011532601,1444,train
/kaggle/input/datasets/sartajbhuvaji/brain-tumor-classification-mri/Training/glioma_tumor/gg (194).jpg,gg (194).jpg,Training,glioma_tumor,glioma,10765989468046451943,103,train
/kaggle/input/datasets/sartajbhuvaji/brain-tumor-classification-mri/Training/glioma_tumor/gg (195).jpg,gg (195).jpg,Training,glioma_tumor,glioma,10749100986590258630,72,val
/kaggle/input/datasets/sartajbhuvaji/brain-tumor-classification-mri/Training/glioma_tumor/gg (196).jpg,gg (196).jpg,Training,glioma_tumor,glioma,10895465783933215950,73,test
/kaggle/input/datasets/sartajbhuvaji/brain-tumor-classification-mri/Training/glioma_tumor/gg (197).jpg,gg (197).jpg,Training,glioma_tumor,glioma,10757544879440607337,74,train
/kaggle/input/datasets/sartajbhuvaji/brain-tumor-classification-mri/Training/glioma_tumor/gg (198).jpg,gg (198).jpg,Training,glioma_tumor,glioma,10894339729476199900,75,cal
/kaggle/input/datasets/sartajbhuvaji/brain-tumor-classification-mri/Training/glioma_tumor/gg (199).jpg,gg (199).jpg,Training,glioma_tumor,glioma,10896593728311567724,76,train
/kaggle/input/datasets/sartajbhuvaji/brain-tumor-classification-mri/Training/glioma_tumor/gg (2).jpg,gg (2).jpg,Training,glioma_tumor,glioma,10404505129648204132,23,train
/kaggle/input/datasets/sartajbhuvaji/brain-tumor-classification-mri/Training/glioma_tumor/gg (20).jpg,gg (20).jpg,Training,glioma_tumor,glioma,14000351711594230344,585,train
/kaggle/input/datasets/sartajbhuvaji/brain-tumor-classification-mri/Training/glioma_tumor/gg (200).jpg,gg (200).jpg,Training,glioma_tumor,glioma,10896593865809241444,76,train
/kaggle/input/datasets/sartajbhuvaji/brain-tumor-classification-mri/Training/glioma_tumor/gg (201).jpg,gg (201).jpg,Training,glioma_tumor,glioma,10914608126879737188,76,train
/kaggle/input/datasets/sartajbhuvaji/brain-tumor-classification-mri/Training/glioma_tumor/gg (202).jpg,gg (202).jpg,Training,glioma_tumor,glioma,10914605945044738916,76,train
/kaggle/input/datasets/sartajbhuvaji/brain-tumor-classification-mri/Training/glioma_tumor/gg (203).jpg,gg (203).jpg,Training,glioma_tumor,glioma,10770420366726883685,77,train
/kaggle/input/datasets/sartajbhuvaji/brain-tumor-classification-mri/Training/glioma_tumor/gg (204).jpg,gg (204).jpg,Training,glioma_tumor,glioma,10465866769848345891,78,train
/kaggle/input/datasets/sartajbhuvaji/brain-tumor-classification-mri/Training/glioma_tumor/gg (205).jpg,gg (205).jpg,Training,glioma_tumor,glioma,10465831585736369505,79,cal
/kaggle/input/datasets/sartajbhuvaji/brain-tumor-classification-mri/Training/glioma_tumor/gg (206).jpg,gg (206).jpg,Training,glioma_tumor,glioma,9313015651134343066,80,train
/kaggle/input/datasets/sartajbhuvaji/brain-tumor-classification-mri/Training/glioma_tumor/gg (207).jpg,gg (207).jpg,Training,glioma_tumor,glioma,10465936880729106334,80,train
/kaggle/input/datasets/sartajbhuvaji/brain-tumor-classification-mri/Training/glioma_tumor/gg (208).jpg,gg (208).jpg,Training,glioma_tumor,glioma,10389657200678463378,81,cal
/kaggle/input/datasets/sartajbhuvaji/brain-tumor-classification-mri/Training/glioma_tumor/gg (209).jpg,gg (209).jpg,Training,glioma_tumor,glioma,10388531249366263702,82,test
/kaggle/input/datasets/sartajbhuvaji/brain-tumor-classification-mri/Training/glioma_tumor/gg (21).jpg,gg (21).jpg,Training,glioma_tumor,glioma,14009358772604678729,585,train
/kaggle/input/datasets/sartajbhuvaji/brain-tumor-classification-mri/Training/glioma_tumor/gg (210).jpg,gg (210).jpg,Training,glioma_tumor,glioma,10461433302767175366,83,train
/kaggle/input/datasets/sartajbhuvaji/brain-tumor-classification-mri/Training/glioma_tumor/gg (211).jpg,gg (211).jpg,Training,glioma_tumor,glioma,10461437700813685398,83,train
/kaggle/input/datasets/sartajbhuvaji/brain-tumor-classification-mri/Training/glioma_tumor/gg (212).jpg,gg (212).jpg,Training,glioma_tumor,glioma,10766767925745967141,84,train
/kaggle/input/datasets/sartajbhuvaji/brain-tumor-classification-mri/Training/glioma_tumor/gg (213).jpg,gg (213).jpg,Training,glioma_tumor,glioma,10757760726495158309,84,train
/kaggle/input/datasets/sartajbhuvaji/brain-tumor-classification-mri/Training/glioma_tumor/gg (214).jpg,gg (214).jpg,Training,glioma_tumor,glioma,10766486485132665121,84,train
/kaggle/input/datasets/sartajbhuvaji/brain-tumor-classification-mri/Training/glioma_tumor/gg (215).jpg,gg (215).jpg,Training,glioma_tumor,glioma,10765923535187632421,84,train
/kaggle/input/datasets/sartajbhuvaji/brain-tumor-classification-mri/Training/glioma_tumor/gg (216).jpg,gg (216).jpg,Training,glioma_tumor,glioma,10766767951116777573,908,train
/kaggle/input/datasets/sartajbhuvaji/brain-tumor-classification-mri/Training/glioma_tumor/gg (217).jpg,gg (217).jpg,Training,glioma_tumor,glioma,10694705960106080357,908,train
/kaggle/input/datasets/sartajbhuvaji/brain-tumor-classification-mri/Training/glioma_tumor/gg (218).jpg,gg (218).jpg,Training,glioma_tumor,glioma,10694705960114544742,85,train
/kaggle/input/datasets/sartajbhuvaji/brain-tumor-classification-mri/Training/glioma_tumor/gg (219).jpg,gg (219).jpg,Training,glioma_tumor,glioma,10839384106731660326,86,train
/kaggle/input/datasets/sartajbhuvaji/brain-tumor-classification-mri/Training/glioma_tumor/gg (22).jpg,gg (22).jpg,Training,glioma_tumor,glioma,13996114451489829518,792,train
/kaggle/input/datasets/sartajbhuvaji/brain-tumor-classification-mri/Training/glioma_tumor/gg (220).jpg,gg (220).jpg,Training,glioma_tumor,glioma,9591011553221699625,139,train
/kaggle/input/datasets/sartajbhuvaji/brain-tumor-classification-mri/Training/glioma_tumor/gg (221).jpg,gg (221).jpg,Training,glioma_tumor,glioma,10455702690275010857,87,cal
/kaggle/input/datasets/sartajbhuvaji/brain-tumor-classification-mri/Training/glioma_tumor/gg (222).jpg,gg (222).jpg,Training,glioma_tumor,glioma,10770954548225914921,88,train
/kaggle/input/datasets/sartajbhuvaji/brain-tumor-classification-mri/Training/glioma_tumor/gg (223).jpg,gg (223).jpg,Training,glioma_tumor,glioma,10685663232052967461,89,test
/kaggle/input/datasets/sartajbhuvaji/brain-tumor-classification-mri/Training/glioma_tumor/gg (224).jpg,gg (224).jpg,Training,glioma_tumor,glioma,10751915586046403917,90,val
/kaggle/input/datasets/sartajbhuvaji/brain-tumor-classification-mri/Training/glioma_tumor/gg (225).jpg,gg (225).jpg,Training,glioma_tumor,glioma,10747341763722109287,91,train
/kaggle/input/datasets/sartajbhuvaji/brain-tumor-classification-mri/Training/glioma_tumor/gg (226).jpg,gg (226).jpg,Training,glioma_tumor,glioma,10749562764602140769,92,train
/kaggle/input/datasets/sartajbhuvaji/brain-tumor-classification-mri/Training/glioma_tumor/gg (227).jpg,gg (227).jpg,Training,glioma_tumor,glioma,10743968320592029793,93,test
/kaggle/input/datasets/sartajbhuvaji/brain-tumor-classification-mri/Training/glioma_tumor/gg (228).jpg,gg (228).jpg,Training,glioma_tumor,glioma,9606773972607199329,94,cal
/kaggle/input/datasets/sartajbhuvaji/brain-tumor-classification-mri/Training/glioma_tumor/gg (229).jpg,gg (229).jpg,Training,glioma_tumor,glioma,10755192977089902690,95,train
/kaggle/input/datasets/sartajbhuvaji/brain-tumor-classification-mri/Training/glioma_tumor/gg (23).jpg,gg (23).jpg,Training,glioma_tumor,glioma,13991907445124051854,792,train
/kaggle/input/datasets/sartajbhuvaji/brain-tumor-classification-mri/Training/glioma_tumor/gg (230).jpg,gg (230).jpg,Training,glioma_tumor,glioma,10723684911275718680,96,train
/kaggle/input/datasets/sartajbhuvaji/brain-tumor-classification-mri/Training/glioma_tumor/gg (231).jpg,gg (231).jpg,Training,glioma_tumor,glioma,10795760071709962776,97,train
/kaggle/input/datasets/sartajbhuvaji/brain-tumor-classification-mri/Training/glioma_tumor/gg (232).jpg,gg (232).jpg,Training,glioma_tumor,glioma,10719198878044666392,97,train
/kaggle/input/datasets/sartajbhuvaji/brain-tumor-classification-mri/Training/glioma_tumor/gg (233).jpg,gg (233).jpg,Training,glioma_tumor,glioma,9514733118733035616,98,train
/kaggle/input/datasets/sartajbhuvaji/brain-tumor-classification-mri/Training/glioma_tumor/gg (234).jpg,gg (234).jpg,Training,glioma_tumor,glioma,9243391173529701472,99,train
/kaggle/input/datasets/sartajbhuvaji/brain-tumor-classification-mri/Training/glioma_tumor/gg (235).jpg,gg (235).jpg,Training,glioma_tumor,glioma,9299404685305194593,100,train
/kaggle/input/datasets/sartajbhuvaji/brain-tumor-classification-mri/Training/glioma_tumor/gg (236).jpg,gg (236).jpg,Training,glioma_tumor,glioma,9303908379421321315,100,train
/kaggle/input/datasets/sartajbhuvaji/brain-tumor-classification-mri/Training/glioma_tumor/gg (237).jpg,gg (237).jpg,Training,glioma_tumor,glioma,10754097163186299910,101,test
/kaggle/input/datasets/sartajbhuvaji/brain-tumor-classification-mri/Training/glioma_tumor/gg (238).jpg,gg (238).jpg,Training,glioma_tumor,glioma,10460241667236654183,102,train
/kaggle/input/datasets/sartajbhuvaji/brain-tumor-classification-mri/Training/glioma_tumor/gg (239).jpg,gg (239).jpg,Training,glioma_tumor,glioma,10767045016357512550,103,train
/kaggle/input/datasets/sartajbhuvaji/brain-tumor-classification-mri/Training/glioma_tumor/gg (24).jpg,gg (24).jpg,Training,glioma_tumor,glioma,13990781820091446172,792,train
/kaggle/input/datasets/sartajbhuvaji/brain-tumor-classification-mri/Training/glioma_tumor/gg (240).jpg,gg (240).jpg,Training,glioma_tumor,glioma,10765919099270819174,103,train
/kaggle/input/datasets/sartajbhuvaji/brain-tumor-classification-mri/Training/glioma_tumor/gg (241).jpg,gg (241).jpg,Training,glioma_tumor,glioma,10770422698898187367,103,train
/kaggle/input/datasets/sartajbhuvaji/brain-tumor-classification-mri/Training/glioma_tumor/gg (242).jpg,gg (242).jpg,Training,glioma_tumor,glioma,9460723768250872627,104,test
/kaggle/input/datasets/sartajbhuvaji/brain-tumor-classification-mri/Training/glioma_tumor/gg (243).jpg,gg (243).jpg,Training,glioma_tumor,glioma,9604838990753837169,105,cal
/kaggle/input/datasets/sartajbhuvaji/brain-tumor-classification-mri/Training/glioma_tumor/gg (244).jpg,gg (244).jpg,Training,glioma_tumor,glioma,13841584069922075238,106,train
/kaggle/input/datasets/sartajbhuvaji/brain-tumor-classification-mri/Training/glioma_tumor/gg (245).jpg,gg (245).jpg,Training,glioma_tumor,glioma,13852561594013787175,107,test
/kaggle/input/datasets/sartajbhuvaji/brain-tumor-classification-mri/Training/glioma_tumor/gg (246).jpg,gg (246).jpg,Training,glioma_tumor,glioma,13852275823884706853,108,test
/kaggle/input/datasets/sartajbhuvaji/brain-tumor-classification-mri/Training/glioma_tumor/gg (247).jpg,gg (247).jpg,Training,glioma_tumor,glioma,14131567875884409893,109,train
/kaggle/input/datasets/sartajbhuvaji/brain-tumor-classification-mri/Training/glioma_tumor/gg (248).jpg,gg (248).jpg,Training,glioma_tumor,glioma,15149101327593031578,110,train
/kaggle/input/datasets/sartajbhuvaji/brain-tumor-classification-mri/Training/glioma_tumor/gg (249).jpg,gg (249).jpg,Training,glioma_tumor,glioma,10389657166336541594,81,cal
/kaggle/input/datasets/sartajbhuvaji/brain-tumor-classification-mri/Training/glioma_tumor/gg (25).jpg,gg (25).jpg,Training,glioma_tumor,glioma,13991907591149294492,792,train
/kaggle/input/datasets/sartajbhuvaji/brain-tumor-classification-mri/Training/glioma_tumor/gg (250).jpg,gg (250).jpg,Training,glioma_tumor,glioma,15001343454312661910,915,test
/kaggle/input/datasets/sartajbhuvaji/brain-tumor-classification-mri/Training/glioma_tumor/gg (251).jpg,gg (251).jpg,Training,glioma_tumor,glioma,15288430424219787735,111,train
/kaggle/input/datasets/sartajbhuvaji/brain-tumor-classification-mri/Training/glioma_tumor/gg (252).jpg,gg (252).jpg,Training,glioma_tumor,glioma,15289557085607502214,112,train
/kaggle/input/datasets/sartajbhuvaji/brain-tumor-classification-mri/Training/glioma_tumor/gg (253).jpg,gg (253).jpg,Training,glioma_tumor,glioma,10389287743403406307,113,train
/kaggle/input/datasets/sartajbhuvaji/brain-tumor-classification-mri/Training/glioma_tumor/gg (254).jpg,gg (254).jpg,Training,glioma_tumor,glioma,14999040037734786145,114,val
/kaggle/input/datasets/sartajbhuvaji/brain-tumor-classification-mri/Training/glioma_tumor/gg (255).jpg,gg (255).jpg,Training,glioma_tumor,glioma,13850656217415361641,115,train
/kaggle/input/datasets/sartajbhuvaji/brain-tumor-classification-mri/Training/glioma_tumor/gg (256).jpg,gg (256).jpg,Training,glioma_tumor,glioma,13849811826856504421,116,val
/kaggle/input/datasets/sartajbhuvaji/brain-tumor-classification-mri/Training/glioma_tumor/gg (257).jpg,gg (257).jpg,Training,glioma_tumor,glioma,13850372543619867749,117,train
/kaggle/input/datasets/sartajbhuvaji/brain-tumor-classification-mri/Training/glioma_tumor/gg (258).jpg,gg (258).jpg,Training,glioma_tumor,glioma,13850590178009769061,118,train
/kaggle/input/datasets/sartajbhuvaji/brain-tumor-classification-mri/Training/glioma_tumor/gg (259).jpg,gg (259).jpg,Training,glioma_tumor,glioma,13849465369343373926,106,train
/kaggle/input/datasets/sartajbhuvaji/brain-tumor-classification-mri/Training/glioma_tumor/gg (26).jpg,gg (26).jpg,Training,glioma_tumor,glioma,13849478344305044614,119,train
/kaggle/input/datasets/sartajbhuvaji/brain-tumor-classification-mri/Training/glioma_tumor/gg (260).jpg,gg (260).jpg,Training,glioma_tumor,glioma,10843607288011531462,120,train
/kaggle/input/datasets/sartajbhuvaji/brain-tumor-classification-mri/Training/glioma_tumor/gg (261).jpg,gg (261).jpg,Training,glioma_tumor,glioma,10752412694159107431,2,test
/kaggle/input/datasets/sartajbhuvaji/brain-tumor-classification-mri/Training/glioma_tumor/gg (262).jpg,gg (262).jpg,Training,glioma_tumor,glioma,10537642888876009059,121,train
/kaggle/input/datasets/sartajbhuvaji/brain-tumor-classification-mri/Training/glioma_tumor/gg (263).jpg,gg (263).jpg,Training,glioma_tumor,glioma,10394090650750428513,122,train
/kaggle/input/datasets/sartajbhuvaji/brain-tumor-classification-mri/Training/glioma_tumor/gg (264).jpg,gg (264).jpg,Training,glioma_tumor,glioma,10393580510921106729,123,test
/kaggle/input/datasets/sartajbhuvaji/brain-tumor-classification-mri/Training/glioma_tumor/gg (265).jpg,gg (265).jpg,Training,glioma_tumor,glioma,10829253136992450852,124,train
/kaggle/input/datasets/sartajbhuvaji/brain-tumor-classification-mri/Training/glioma_tumor/gg (266).jpg,gg (266).jpg,Training,glioma_tumor,glioma,10897719761362952460,125,train
/kaggle/input/datasets/sartajbhuvaji/brain-tumor-classification-mri/Training/glioma_tumor/gg (267).jpg,gg (267).jpg,Training,glioma_tumor,glioma,10893216165946679596,125,train
/kaggle/input/datasets/sartajbhuvaji/brain-tumor-classification-mri/Training/glioma_tumor/gg (268).jpg,gg (268).jpg,Training,glioma_tumor,glioma,10765919107720898853,126,train
/kaggle/input/datasets/sartajbhuvaji/brain-tumor-classification-mri/Training/glioma_tumor/gg (269).jpg,gg (269).jpg,Training,glioma_tumor,glioma,10765918983175235945,127,train
/kaggle/input/datasets/sartajbhuvaji/brain-tumor-classification-mri/Training/glioma_tumor/gg (27).jpg,gg (27).jpg,Training,glioma_tumor,glioma,10765360371300575329,908,train
/kaggle/input/datasets/sartajbhuvaji/brain-tumor-classification-mri/Training/glioma_tumor/gg (270).jpg,gg (270).jpg,Training,glioma_tumor,glioma,10765918966156179565,74,train
/kaggle/input/datasets/sartajbhuvaji/brain-tumor-classification-mri/Training/glioma_tumor/gg (271).jpg,gg (271).jpg,Training,glioma_tumor,glioma,10910102817981490070,128,train
/kaggle/input/datasets/sartajbhuvaji/brain-tumor-classification-mri/Training/glioma_tumor/gg (272).jpg,gg (272).jpg,Training,glioma_tumor,glioma,10910102817981490070,128,train
/kaggle/input/datasets/sartajbhuvaji/brain-tumor-classification-mri/Training/glioma_tumor/gg (273).jpg,gg (273).jpg,Training,glioma_tumor,glioma,10896574082087072462,129,train
/kaggle/input/datasets/sartajbhuvaji/brain-tumor-classification-mri/Training/glioma_tumor/gg (274).jpg,gg (274).jpg,Training,glioma_tumor,glioma,9743936247088768666,130,train
/kaggle/input/datasets/sartajbhuvaji/brain-tumor-classification-mri/Training/glioma_tumor/gg (275).jpg,gg (275).jpg,Training,glioma_tumor,glioma,9743654502599454358,131,train
/kaggle/input/datasets/sartajbhuvaji/brain-tumor-classification-mri/Training/glioma_tumor/gg (276).jpg,gg (276).jpg,Training,glioma_tumor,glioma,9743672094851755654,131,train
/kaggle/input/datasets/sartajbhuvaji/brain-tumor-classification-mri/Training/glioma_tumor/gg (277).jpg,gg (277).jpg,Training,glioma_tumor,glioma,9761686476164590998,131,train
/kaggle/input/datasets/sartajbhuvaji/brain-tumor-classification-mri/Training/glioma_tumor/gg (278).jpg,gg (278).jpg,Training,glioma_tumor,glioma,9761686749972949398,131,train
/kaggle/input/datasets/sartajbhuvaji/brain-tumor-classification-mri/Training/glioma_tumor/gg (279).jpg,gg (279).jpg,Training,glioma_tumor,glioma,14355288035806308499,132,test
/kaggle/input/datasets/sartajbhuvaji/brain-tumor-classification-mri/Training/glioma_tumor/gg (28).jpg,gg (28).jpg,Training,glioma_tumor,glioma,10764234269530810465,908,train
/kaggle/input/datasets/sartajbhuvaji/brain-tumor-classification-mri/Training/glioma_tumor/gg (280).jpg,gg (280).jpg,Training,glioma_tumor,glioma,14356413660537501843,133,train
/kaggle/input/datasets/sartajbhuvaji/brain-tumor-classification-mri/Training/glioma_tumor/gg (281).jpg,gg (281).jpg,Training,glioma_tumor,glioma,9685340838404956256,463,cal
/kaggle/input/datasets/sartajbhuvaji/brain-tumor-classification-mri/Training/glioma_tumor/gg (282).jpg,gg (282).jpg,Training,glioma_tumor,glioma,10838262334419771433,134,train
/kaggle/input/datasets/sartajbhuvaji/brain-tumor-classification-mri/Training/glioma_tumor/gg (283).jpg,gg (283).jpg,Training,glioma_tumor,glioma,10836010546688634929,135,train
/kaggle/input/datasets/sartajbhuvaji/brain-tumor-classification-mri/Training/glioma_tumor/gg (284).jpg,gg (284).jpg,Training,glioma_tumor,glioma,10836006221658468404,135,train
/kaggle/input/datasets/sartajbhuvaji/brain-tumor-classification-mri/Training/glioma_tumor/gg (285).jpg,gg (285).jpg,Training,glioma_tumor,glioma,10836006217428578356,135,train
/kaggle/input/datasets/sartajbhuvaji/brain-tumor-classification-mri/Training/glioma_tumor/gg (286).jpg,gg (286).jpg,Training,glioma_tumor,glioma,14042275363458147388,136,val
/kaggle/input/datasets/sartajbhuvaji/brain-tumor-classification-mri/Training/glioma_tumor/gg (287).jpg,gg (287).jpg,Training,glioma_tumor,glioma,14035534420864758054,137,train
/kaggle/input/datasets/sartajbhuvaji/brain-tumor-classification-mri/Training/glioma_tumor/gg (288).jpg,gg (288).jpg,Training,glioma_tumor,glioma,14035817932405498936,138,train
/kaggle/input/datasets/sartajbhuvaji/brain-tumor-classification-mri/Training/glioma_tumor/gg (289).jpg,gg (289).jpg,Training,glioma_tumor,glioma,14035817949585383544,138,train
/kaggle/input/datasets/sartajbhuvaji/brain-tumor-classification-mri/Training/glioma_tumor/gg (29).jpg,gg (29).jpg,Training,glioma_tumor,glioma,9609061243477319721,139,train
/kaggle/input/datasets/sartajbhuvaji/brain-tumor-classification-mri/Training/glioma_tumor/gg (290).jpg,gg (290).jpg,Training,glioma_tumor,glioma,14035819627912376424,140,train
/kaggle/input/datasets/sartajbhuvaji/brain-tumor-classification-mri/Training/glioma_tumor/gg (291).jpg,gg (291).jpg,Training,glioma_tumor,glioma,14035533793529180489,141,train
/kaggle/input/datasets/sartajbhuvaji/brain-tumor-classification-mri/Training/glioma_tumor/gg (292).jpg,gg (292).jpg,Training,glioma_tumor,glioma,14035533235184284008,142,train
/kaggle/input/datasets/sartajbhuvaji/brain-tumor-classification-mri/Training/glioma_tumor/gg (293).jpg,gg (293).jpg,Training,glioma_tumor,glioma,14035533231960961380,142,train
/kaggle/input/datasets/sartajbhuvaji/brain-tumor-classification-mri/Training/glioma_tumor/gg (294).jpg,gg (294).jpg,Training,glioma_tumor,glioma,14035817949585383544,138,train
/kaggle/input/datasets/sartajbhuvaji/brain-tumor-classification-mri/Training/glioma_tumor/gg (295).jpg,gg (295).jpg,Training,glioma_tumor,glioma,14022024674182521958,143,train
/kaggle/input/datasets/sartajbhuvaji/brain-tumor-classification-mri/Training/glioma_tumor/gg (296).jpg,gg (296).jpg,Training,glioma_tumor,glioma,10694709953758519337,144,train
/kaggle/input/datasets/sartajbhuvaji/brain-tumor-classification-mri/Training/glioma_tumor/gg (297).jpg,gg (297).jpg,Training,glioma_tumor,glioma,9609061652551184421,145,train
/kaggle/input/datasets/sartajbhuvaji/brain-tumor-classification-mri/Training/glioma_tumor/gg (298).jpg,gg (298).jpg,Training,glioma_tumor,glioma,9591047318193387621,146,train
/kaggle/input/datasets/sartajbhuvaji/brain-tumor-classification-mri/Training/glioma_tumor/gg (299).jpg,gg (299).jpg,Training,glioma_tumor,glioma,9604627884524255269,147,val
/kaggle/input/datasets/sartajbhuvaji/brain-tumor-classification-mri/Training/glioma_tumor/gg (3).jpg,gg (3).jpg,Training,glioma_tumor,glioma,10923334430824673637,148,cal
/kaggle/input/datasets/sartajbhuvaji/brain-tumor-classification-mri/Training/glioma_tumor/gg (30).jpg,gg (30).jpg,Training,glioma_tumor,glioma,9316327469562224648,149,train
/kaggle/input/datasets/sartajbhuvaji/brain-tumor-classification-mri/Training/glioma_tumor/gg (300).jpg,gg (300).jpg,Training,glioma_tumor,glioma,10865267301310605372,150,train
/kaggle/input/datasets/sartajbhuvaji/brain-tumor-classification-mri/Training/glioma_tumor/gg (301).jpg,gg (301).jpg,Training,glioma_tumor,glioma,9683066918748562748,151,train
/kaggle/input/datasets/sartajbhuvaji/brain-tumor-classification-mri/Training/glioma_tumor/gg (302).jpg,gg (302).jpg,Training,glioma_tumor,glioma,14294775335109812260,152,cal
/kaggle/input/datasets/sartajbhuvaji/brain-tumor-classification-mri/Training/glioma_tumor/gg (303).jpg,gg (303).jpg,Training,glioma_tumor,glioma,9748656181379622449,153,train
/kaggle/input/datasets/sartajbhuvaji/brain-tumor-classification-mri/Training/glioma_tumor/gg (304).jpg,gg (304).jpg,Training,glioma_tumor,glioma,9676035533241215033,154,train
/kaggle/input/datasets/sartajbhuvaji/brain-tumor-classification-mri/Training/glioma_tumor/gg (305).jpg,gg (305).jpg,Training,glioma_tumor,glioma,9676034984552856633,155,cal
/kaggle/input/datasets/sartajbhuvaji/brain-tumor-classification-mri/Training/glioma_tumor/gg (306).jpg,gg (306).jpg,Training,glioma_tumor,glioma,9757112628112797817,156,train
/kaggle/input/datasets/sartajbhuvaji/brain-tumor-classification-mri/Training/glioma_tumor/gg (307).jpg,gg (307).jpg,Training,glioma_tumor,glioma,10910035129232273457,157,train
/kaggle/input/datasets/sartajbhuvaji/brain-tumor-classification-mri/Training/glioma_tumor/gg (308).jpg,gg (308).jpg,Training,glioma_tumor,glioma,9757111700679323697,158,train
/kaggle/input/datasets/sartajbhuvaji/brain-tumor-classification-mri/Training/glioma_tumor/gg (309).jpg,gg (309).jpg,Training,glioma_tumor,glioma,9685335305733156915,159,train
/kaggle/input/datasets/sartajbhuvaji/brain-tumor-classification-mri/Training/glioma_tumor/gg (31).jpg,gg (31).jpg,Training,glioma_tumor,glioma,9609026157889480745,139,train
/kaggle/input/datasets/sartajbhuvaji/brain-tumor-classification-mri/Training/glioma_tumor/gg (310).jpg,gg (310).jpg,Training,glioma_tumor,glioma,9685334206221529395,159,train
/kaggle/input/datasets/sartajbhuvaji/brain-tumor-classification-mri/Training/glioma_tumor/gg (311).jpg,gg (311).jpg,Training,glioma_tumor,glioma,14297021319865577907,159,train
/kaggle/input/datasets/sartajbhuvaji/brain-tumor-classification-mri/Training/glioma_tumor/gg (312).jpg,gg (312).jpg,Training,glioma_tumor,glioma,15161718950825898021,160,cal
/kaggle/input/datasets/sartajbhuvaji/brain-tumor-classification-mri/Training/glioma_tumor/gg (313).jpg,gg (313).jpg,Training,glioma_tumor,glioma,14008794405398143025,161,val
/kaggle/input/datasets/sartajbhuvaji/brain-tumor-classification-mri/Training/glioma_tumor/gg (314).jpg,gg (314).jpg,Training,glioma_tumor,glioma,10836008472145310818,162,test
/kaggle/input/datasets/sartajbhuvaji/brain-tumor-classification-mri/Training/glioma_tumor/gg (315).jpg,gg (315).jpg,Training,glioma_tumor,glioma,13851453085372932833,163,val
/kaggle/input/datasets/sartajbhuvaji/brain-tumor-classification-mri/Training/glioma_tumor/gg (316).jpg,gg (316).jpg,Training,glioma_tumor,glioma,13851448687386047009,164,train
/kaggle/input/datasets/sartajbhuvaji/brain-tumor-classification-mri/Training/glioma_tumor/gg (317).jpg,gg (317).jpg,Training,glioma_tumor,glioma,13850885703025963105,165,train
/kaggle/input/datasets/sartajbhuvaji/brain-tumor-classification-mri/Training/glioma_tumor/gg (318).jpg,gg (318).jpg,Training,glioma_tumor,glioma,14139119446440292389,166,train
/kaggle/input/datasets/sartajbhuvaji/brain-tumor-classification-mri/Training/glioma_tumor/gg (319).jpg,gg (319).jpg,Training,glioma_tumor,glioma,13923509545624166437,167,train
/kaggle/input/datasets/sartajbhuvaji/brain-tumor-classification-mri/Training/glioma_tumor/gg (32).jpg,gg (32).jpg,Training,glioma_tumor,glioma,15077043713207395995,168,test
/kaggle/input/datasets/sartajbhuvaji/brain-tumor-classification-mri/Training/glioma_tumor/gg (320).jpg,gg (320).jpg,Training,glioma_tumor,glioma,14139683491673042977,169,train
/kaggle/input/datasets/sartajbhuvaji/brain-tumor-classification-mri/Training/glioma_tumor/gg (321).jpg,gg (321).jpg,Training,glioma_tumor,glioma,13994987761395053665,170,val
/kaggle/input/datasets/sartajbhuvaji/brain-tumor-classification-mri/Training/glioma_tumor/gg (322).jpg,gg (322).jpg,Training,glioma_tumor,glioma,13996109280426603569,171,train
/kaggle/input/datasets/sartajbhuvaji/brain-tumor-classification-mri/Training/glioma_tumor/gg (323).jpg,gg (323).jpg,Training,glioma_tumor,glioma,14067040944543380529,172,train
/kaggle/input/datasets/sartajbhuvaji/brain-tumor-classification-mri/Training/glioma_tumor/gg (324).jpg,gg (324).jpg,Training,glioma_tumor,glioma,14202786030833381427,173,train
/kaggle/input/datasets/sartajbhuvaji/brain-tumor-classification-mri/Training/glioma_tumor/gg (325).jpg,gg (325).jpg,Training,glioma_tumor,glioma,14203062553720943153,174,train
/kaggle/input/datasets/sartajbhuvaji/brain-tumor-classification-mri/Training/glioma_tumor/gg (326).jpg,gg (326).jpg,Training,glioma_tumor,glioma,14288002133021310057,175,train
/kaggle/input/datasets/sartajbhuvaji/brain-tumor-classification-mri/Training/glioma_tumor/gg (327).jpg,gg (327).jpg,Training,glioma_tumor,glioma,9685323245142031464,176,train
/kaggle/input/datasets/sartajbhuvaji/brain-tumor-classification-mri/Training/glioma_tumor/gg (328).jpg,gg (328).jpg,Training,glioma_tumor,glioma,9685323229035838505,176,train
/kaggle/input/datasets/sartajbhuvaji/brain-tumor-classification-mri/Training/glioma_tumor/gg (329).jpg,gg (329).jpg,Training,glioma_tumor,glioma,14064861681425658471,177,train
/kaggle/input/datasets/sartajbhuvaji/brain-tumor-classification-mri/Training/glioma_tumor/gg (33).jpg,gg (33).jpg,Training,glioma_tumor,glioma,10609472901122041491,178,train
/kaggle/input/datasets/sartajbhuvaji/brain-tumor-classification-mri/Training/glioma_tumor/gg (330).jpg,gg (330).jpg,Training,glioma_tumor,glioma,13922996231721854264,179,val
/kaggle/input/datasets/sartajbhuvaji/brain-tumor-classification-mri/Training/glioma_tumor/gg (331).jpg,gg (331).jpg,Training,glioma_tumor,glioma,9309058138666904872,180,train
/kaggle/input/datasets/sartajbhuvaji/brain-tumor-classification-mri/Training/glioma_tumor/gg (332).jpg,gg (332).jpg,Training,glioma_tumor,glioma,13921800083326659884,181,val
/kaggle/input/datasets/sartajbhuvaji/brain-tumor-classification-mri/Training/glioma_tumor/gg (333).jpg,gg (333).jpg,Training,glioma_tumor,glioma,14065919670245991784,182,train
/kaggle/input/datasets/sartajbhuvaji/brain-tumor-classification-mri/Training/glioma_tumor/gg (334).jpg,gg (334).jpg,Training,glioma_tumor,glioma,14065919361276912994,182,train
/kaggle/input/datasets/sartajbhuvaji/brain-tumor-classification-mri/Training/glioma_tumor/gg (335).jpg,gg (335).jpg,Training,glioma_tumor,glioma,10838262394400301382,183,train
/kaggle/input/datasets/sartajbhuvaji/brain-tumor-classification-mri/Training/glioma_tumor/gg (336).jpg,gg (336).jpg,Training,glioma_tumor,glioma,10838262394400301382,183,train
/kaggle/input/datasets/sartajbhuvaji/brain-tumor-classification-mri/Training/glioma_tumor/gg (337).jpg,gg (337).jpg,Training,glioma_tumor,glioma,10838257910580404627,184,train
/kaggle/input/datasets/sartajbhuvaji/brain-tumor-classification-mri/Training/glioma_tumor/gg (338).jpg,gg (338).jpg,Training,glioma_tumor,glioma,10838257910714622355,184,train
/kaggle/input/datasets/sartajbhuvaji/brain-tumor-classification-mri/Training/glioma_tumor/gg (339).jpg,gg (339).jpg,Training,glioma_tumor,glioma,10838255707402430427,185,train
/kaggle/input/datasets/sartajbhuvaji/brain-tumor-classification-mri/Training/glioma_tumor/gg (34).jpg,gg (34).jpg,Training,glioma_tumor,glioma,10393300118934792138,186,train
/kaggle/input/datasets/sartajbhuvaji/brain-tumor-classification-mri/Training/glioma_tumor/gg (340).jpg,gg (340).jpg,Training,glioma_tumor,glioma,14288002318059190565,187,val
/kaggle/input/datasets/sartajbhuvaji/brain-tumor-classification-mri/Training/glioma_tumor/gg (341).jpg,gg (341).jpg,Training,glioma_tumor,glioma,9676382081342519348,188,train
/kaggle/input/datasets/sartajbhuvaji/brain-tumor-classification-mri/Training/glioma_tumor/gg (342).jpg,gg (342).jpg,Training,glioma_tumor,glioma,9685389216156049460,189,train
/kaggle/input/datasets/sartajbhuvaji/brain-tumor-classification-mri/Training/glioma_tumor/gg (343).jpg,gg (343).jpg,Training,glioma_tumor,glioma,13996970901332108641,190,cal
/kaggle/input/datasets/sartajbhuvaji/brain-tumor-classification-mri/Training/glioma_tumor/gg (344).jpg,gg (344).jpg,Training,glioma_tumor,glioma,14059246587170874657,191,test
/kaggle/input/datasets/sartajbhuvaji/brain-tumor-classification-mri/Training/glioma_tumor/gg (345).jpg,gg (345).jpg,Training,glioma_tumor,glioma,13843284911558060320,192,val
/kaggle/input/datasets/sartajbhuvaji/brain-tumor-classification-mri/Training/glioma_tumor/gg (346).jpg,gg (346).jpg,Training,glioma_tumor,glioma,10456578060410972513,193,test
/kaggle/input/datasets/sartajbhuvaji/brain-tumor-classification-mri/Training/glioma_tumor/gg (347).jpg,gg (347).jpg,Training,glioma_tumor,glioma,9592168406932547881,193,test
/kaggle/input/datasets/sartajbhuvaji/brain-tumor-classification-mri/Training/glioma_tumor/gg (348).jpg,gg (348).jpg,Training,glioma_tumor,glioma,9592168406964005161,193,test
/kaggle/input/datasets/sartajbhuvaji/brain-tumor-classification-mri/Training/glioma_tumor/gg (349).jpg,gg (349).jpg,Training,glioma_tumor,glioma,10745089911570852137,193,test
/kaggle/input/datasets/sartajbhuvaji/brain-tumor-classification-mri/Training/glioma_tumor/gg (35).jpg,gg (35).jpg,Training,glioma_tumor,glioma,10406757591638238658,194,train
/kaggle/input/datasets/sartajbhuvaji/brain-tumor-classification-mri/Training/glioma_tumor/gg (350).jpg,gg (350).jpg,Training,glioma_tumor,glioma,13838272186522020960,195,cal
/kaggle/input/datasets/sartajbhuvaji/brain-tumor-classification-mri/Training/glioma_tumor/gg (351).jpg,gg (351).jpg,Training,glioma_tumor,glioma,13838272186438134884,195,cal
/kaggle/input/datasets/sartajbhuvaji/brain-tumor-classification-mri/Training/glioma_tumor/gg (352).jpg,gg (352).jpg,Training,glioma_tumor,glioma,13986050882881484836,196,val
/kaggle/input/datasets/sartajbhuvaji/brain-tumor-classification-mri/Training/glioma_tumor/gg (353).jpg,gg (353).jpg,Training,glioma_tumor,glioma,14067045307427928114,197,val
/kaggle/input/datasets/sartajbhuvaji/brain-tumor-classification-mri/Training/glioma_tumor/gg (354).jpg,gg (354).jpg,Training,glioma_tumor,glioma,13995058077831410736,198,train
/kaggle/input/datasets/sartajbhuvaji/brain-tumor-classification-mri/Training/glioma_tumor/gg (355).jpg,gg (355).jpg,Training,glioma_tumor,glioma,14065989771962365028,199,train
/kaggle/input/datasets/sartajbhuvaji/brain-tumor-classification-mri/Training/glioma_tumor/gg (356).jpg,gg (356).jpg,Training,glioma_tumor,glioma,14068804470197793892,200,train
/kaggle/input/datasets/sartajbhuvaji/brain-tumor-classification-mri/Training/glioma_tumor/gg (357).jpg,gg (357).jpg,Training,glioma_tumor,glioma,10895467858453292932,201,train
/kaggle/input/datasets/sartajbhuvaji/brain-tumor-classification-mri/Training/glioma_tumor/gg (358).jpg,gg (358).jpg,Training,glioma_tumor,glioma,10751352635958977892,202,train
/kaggle/input/datasets/sartajbhuvaji/brain-tumor-classification-mri/Training/glioma_tumor/gg (359).jpg,gg (359).jpg,Training,glioma_tumor,glioma,10747060159878160741,203,train
/kaggle/input/datasets/sartajbhuvaji/brain-tumor-classification-mri/Training/glioma_tumor/gg (36).jpg,gg (36).jpg,Training,glioma_tumor,glioma,10388531574713951686,204,train
/kaggle/input/datasets/sartajbhuvaji/brain-tumor-classification-mri/Training/glioma_tumor/gg (360).jpg,gg (360).jpg,Training,glioma_tumor,glioma,10765923381350506853,205,train
/kaggle/input/datasets/sartajbhuvaji/brain-tumor-classification-mri/Training/glioma_tumor/gg (361).jpg,gg (361).jpg,Training,glioma_tumor,glioma,10754664455296542817,206,train
/kaggle/input/datasets/sartajbhuvaji/brain-tumor-classification-mri/Training/glioma_tumor/gg (362).jpg,gg (362).jpg,Training,glioma_tumor,glioma,10465374188611906599,985,train
/kaggle/input/datasets/sartajbhuvaji/brain-tumor-classification-mri/Training/glioma_tumor/gg (363).jpg,gg (363).jpg,Training,glioma_tumor,glioma,10465920645823800519,48,train
/kaggle/input/datasets/sartajbhuvaji/brain-tumor-classification-mri/Training/glioma_tumor/gg (364).jpg,gg (364).jpg,Training,glioma_tumor,glioma,10865281676244163945,207,test
/kaggle/input/datasets/sartajbhuvaji/brain-tumor-classification-mri/Training/glioma_tumor/gg (365).jpg,gg (365).jpg,Training,glioma_tumor,glioma,9232203280835160160,1444,train
/kaggle/input/datasets/sartajbhuvaji/brain-tumor-classification-mri/Training/glioma_tumor/gg (366).jpg,gg (366).jpg,Training,glioma_tumor,glioma,9227699131217094753,1444,train
/kaggle/input/datasets/sartajbhuvaji/brain-tumor-classification-mri/Training/glioma_tumor/gg (367).jpg,gg (367).jpg,Training,glioma_tumor,glioma,9382264288422635142,208,train
/kaggle/input/datasets/sartajbhuvaji/brain-tumor-classification-mri/Training/glioma_tumor/gg (368).jpg,gg (368).jpg,Training,glioma_tumor,glioma,10824470322407876199,209,train
/kaggle/input/datasets/sartajbhuvaji/brain-tumor-classification-mri/Training/glioma_tumor/gg (369).jpg,gg (369).jpg,Training,glioma_tumor,glioma,10691891217920697703,210,cal
/kaggle/input/datasets/sartajbhuvaji/brain-tumor-classification-mri/Training/glioma_tumor/gg (37).jpg,gg (37).jpg,Training,glioma_tumor,glioma,10676761950865991106,204,train
/kaggle/input/datasets/sartajbhuvaji/brain-tumor-classification-mri/Training/glioma_tumor/gg (370).jpg,gg (370).jpg,Training,glioma_tumor,glioma,10459397243462508897,211,train
/kaggle/input/datasets/sartajbhuvaji/brain-tumor-classification-mri/Training/glioma_tumor/gg (371).jpg,gg (371).jpg,Training,glioma_tumor,glioma,10711598726966175009,212,train
/kaggle/input/datasets/sartajbhuvaji/brain-tumor-classification-mri/Training/glioma_tumor/gg (372).jpg,gg (372).jpg,Training,glioma_tumor,glioma,10461648913272693092,213,train
/kaggle/input/datasets/sartajbhuvaji/brain-tumor-classification-mri/Training/glioma_tumor/gg (373).jpg,gg (373).jpg,Training,glioma_tumor,glioma,13839349174987678012,214,val
/kaggle/input/datasets/sartajbhuvaji/brain-tumor-classification-mri/Training/glioma_tumor/gg (374).jpg,gg (374).jpg,Training,glioma_tumor,glioma,13879881605991194732,215,train
/kaggle/input/datasets/sartajbhuvaji/brain-tumor-classification-mri/Training/glioma_tumor/gg (375).jpg,gg (375).jpg,Training,glioma_tumor,glioma,15009158671659786285,216,test
/kaggle/input/datasets/sartajbhuvaji/brain-tumor-classification-mri/Training/glioma_tumor/gg (376).jpg,gg (376).jpg,Training,glioma_tumor,glioma,10452624156548686140,217,train
/kaggle/input/datasets/sartajbhuvaji/brain-tumor-classification-mri/Training/glioma_tumor/gg (377).jpg,gg (377).jpg,Training,glioma_tumor,glioma,10667671038688586037,218,train
/kaggle/input/datasets/sartajbhuvaji/brain-tumor-classification-mri/Training/glioma_tumor/gg (378).jpg,gg (378).jpg,Training,glioma_tumor,glioma,14203015437851125813,219,val
/kaggle/input/datasets/sartajbhuvaji/brain-tumor-classification-mri/Training/glioma_tumor/gg (379).jpg,gg (379).jpg,Training,glioma_tumor,glioma,13915694181786871333,220,train
/kaggle/input/datasets/sartajbhuvaji/brain-tumor-classification-mri/Training/glioma_tumor/gg (38).jpg,gg (38).jpg,Training,glioma_tumor,glioma,13994438176490464359,69,train
/kaggle/input/datasets/sartajbhuvaji/brain-tumor-classification-mri/Training/glioma_tumor/gg (380).jpg,gg (380).jpg,Training,glioma_tumor,glioma,13915694078707642737,221,train
/kaggle/input/datasets/sartajbhuvaji/brain-tumor-classification-mri/Training/glioma_tumor/gg (381).jpg,gg (381).jpg,Training,glioma_tumor,glioma,9609113759084066913,222,train
/kaggle/input/datasets/sartajbhuvaji/brain-tumor-classification-mri/Training/glioma_tumor/gg (382).jpg,gg (382).jpg,Training,glioma_tumor,glioma,9320813022509676904,223,train
/kaggle/input/datasets/sartajbhuvaji/brain-tumor-classification-mri/Training/glioma_tumor/gg (383).jpg,gg (383).jpg,Training,glioma_tumor,glioma,9320813022509742184,223,train
/kaggle/input/datasets/sartajbhuvaji/brain-tumor-classification-mri/Training/glioma_tumor/gg (384).jpg,gg (384).jpg,Training,glioma_tumor,glioma,9303990559020906592,224,train
/kaggle/input/datasets/sartajbhuvaji/brain-tumor-classification-mri/Training/glioma_tumor/gg (385).jpg,gg (385).jpg,Training,glioma_tumor,glioma,13996459937855776182,225,train
/kaggle/input/datasets/sartajbhuvaji/brain-tumor-classification-mri/Training/glioma_tumor/gg (386).jpg,gg (386).jpg,Training,glioma_tumor,glioma,13996390978737612002,226,train
/kaggle/input/datasets/sartajbhuvaji/brain-tumor-classification-mri/Training/glioma_tumor/gg (387).jpg,gg (387).jpg,Training,glioma_tumor,glioma,14068184654669112546,227,train
/kaggle/input/datasets/sartajbhuvaji/brain-tumor-classification-mri/Training/glioma_tumor/gg (388).jpg,gg (388).jpg,Training,glioma_tumor,glioma,14068234132771792534,228,cal
/kaggle/input/datasets/sartajbhuvaji/brain-tumor-classification-mri/Training/glioma_tumor/gg (389).jpg,gg (389).jpg,Training,glioma_tumor,glioma,13995005270958432297,229,train
/kaggle/input/datasets/sartajbhuvaji/brain-tumor-classification-mri/Training/glioma_tumor/gg (39).jpg,gg (39).jpg,Training,glioma_tumor,glioma,13994156736024485925,230,train
/kaggle/input/datasets/sartajbhuvaji/brain-tumor-classification-mri/Training/glioma_tumor/gg (390).jpg,gg (390).jpg,Training,glioma_tumor,glioma,13989375788612481128,231,train
/kaggle/input/datasets/sartajbhuvaji/brain-tumor-classification-mri/Training/glioma_tumor/gg (391).jpg,gg (391).jpg,Training,glioma_tumor,glioma,13852275824024100965,232,train
/kaggle/input/datasets/sartajbhuvaji/brain-tumor-classification-mri/Training/glioma_tumor/gg (392).jpg,gg (392).jpg,Training,glioma_tumor,glioma,13843568142888220210,233,train
/kaggle/input/datasets/sartajbhuvaji/brain-tumor-classification-mri/Training/glioma_tumor/gg (393).jpg,gg (393).jpg,Training,glioma_tumor,glioma,13987682846639404896,234,val
/kaggle/input/datasets/sartajbhuvaji/brain-tumor-classification-mri/Training/glioma_tumor/gg (394).jpg,gg (394).jpg,Training,glioma_tumor,glioma,13843831541347919712,234,val
/kaggle/input/datasets/sartajbhuvaji/brain-tumor-classification-mri/Training/glioma_tumor/gg (395).jpg,gg (395).jpg,Training,glioma_tumor,glioma,13852838774958990688,234,val
/kaggle/input/datasets/sartajbhuvaji/brain-tumor-classification-mri/Training/glioma_tumor/gg (396).jpg,gg (396).jpg,Training,glioma_tumor,glioma,9384423518623707173,235,train
/kaggle/input/datasets/sartajbhuvaji/brain-tumor-classification-mri/Training/glioma_tumor/gg (397).jpg,gg (397).jpg,Training,glioma_tumor,glioma,10609471612696737057,236,train
/kaggle/input/datasets/sartajbhuvaji/brain-tumor-classification-mri/Training/glioma_tumor/gg (398).jpg,gg (398).jpg,Training,glioma_tumor,glioma,10609472711459680553,237,train
/kaggle/input/datasets/sartajbhuvaji/brain-tumor-classification-mri/Training/glioma_tumor/gg (399).jpg,gg (399).jpg,Training,glioma_tumor,glioma,9456550108086739305,238,train
/kaggle/input/datasets/sartajbhuvaji/brain-tumor-classification-mri/Training/glioma_tumor/gg (4).jpg,gg (4).jpg,Training,glioma_tumor,glioma,10850081676304396645,239,train
/kaggle/input/datasets/sartajbhuvaji/brain-tumor-classification-mri/Training/glioma_tumor/gg (40).jpg,gg (40).jpg,Training,glioma_tumor,glioma,15149328940924931109,240,train
/kaggle/input/datasets/sartajbhuvaji/brain-tumor-classification-mri/Training/glioma_tumor/gg (400).jpg,gg (400).jpg,Training,glioma_tumor,glioma,15212080268531820921,241,train
/kaggle/input/datasets/sartajbhuvaji/brain-tumor-classification-mri/Training/glioma_tumor/gg (401).jpg,gg (401).jpg,Training,glioma_tumor,glioma,9447472814974187817,242,train
/kaggle/input/datasets/sartajbhuvaji/brain-tumor-classification-mri/Training/glioma_tumor/gg (402).jpg,gg (402).jpg,Training,glioma_tumor,glioma,9528625568114876769,243,test
/kaggle/input/datasets/sartajbhuvaji/brain-tumor-classification-mri/Training/glioma_tumor/gg (403).jpg,gg (403).jpg,Training,glioma_tumor,glioma,10825662192081266016,244,cal
/kaggle/input/datasets/sartajbhuvaji/brain-tumor-classification-mri/Training/glioma_tumor/gg (404).jpg,gg (404).jpg,Training,glioma_tumor,glioma,13991625436732533195,245,test
/kaggle/input/datasets/sartajbhuvaji/brain-tumor-classification-mri/Training/glioma_tumor/gg (405).jpg,gg (405).jpg,Training,glioma_tumor,glioma,14009921318775055241,246,train
/kaggle/input/datasets/sartajbhuvaji/brain-tumor-classification-mri/Training/glioma_tumor/gg (406).jpg,gg (406).jpg,Training,glioma_tumor,glioma,14080853004383314889,246,train
/kaggle/input/datasets/sartajbhuvaji/brain-tumor-classification-mri/Training/glioma_tumor/gg (407).jpg,gg (407).jpg,Training,glioma_tumor,glioma,13996461296439237324,247,train
/kaggle/input/datasets/sartajbhuvaji/brain-tumor-classification-mri/Training/glioma_tumor/gg (408).jpg,gg (408).jpg,Training,glioma_tumor,glioma,13851729010315380379,248,train
/kaggle/input/datasets/sartajbhuvaji/brain-tumor-classification-mri/Training/glioma_tumor/gg (409).jpg,gg (409).jpg,Training,glioma_tumor,glioma,13852841750443468419,249,train
/kaggle/input/datasets/sartajbhuvaji/brain-tumor-classification-mri/Training/glioma_tumor/gg (41).jpg,gg (41).jpg,Training,glioma_tumor,glioma,15001273102904075301,250,train
/kaggle/input/datasets/sartajbhuvaji/brain-tumor-classification-mri/Training/glioma_tumor/gg (410).jpg,gg (410).jpg,Training,glioma_tumor,glioma,13852859325462226563,249,train
/kaggle/input/datasets/sartajbhuvaji/brain-tumor-classification-mri/Training/glioma_tumor/gg (411).jpg,gg (411).jpg,Training,glioma_tumor,glioma,13852912103892329091,251,train
/kaggle/input/datasets/sartajbhuvaji/brain-tumor-classification-mri/Training/glioma_tumor/gg (412).jpg,gg (412).jpg,Training,glioma_tumor,glioma,13848338205313917571,252,train
/kaggle/input/datasets/sartajbhuvaji/brain-tumor-classification-mri/Training/glioma_tumor/gg (413).jpg,gg (413).jpg,Training,glioma_tumor,glioma,13848404175994675910,253,cal
/kaggle/input/datasets/sartajbhuvaji/brain-tumor-classification-mri/Training/glioma_tumor/gg (414).jpg,gg (414).jpg,Training,glioma_tumor,glioma,13996477615602439118,254,test
/kaggle/input/datasets/sartajbhuvaji/brain-tumor-classification-mri/Training/glioma_tumor/gg (415).jpg,gg (415).jpg,Training,glioma_tumor,glioma,14355904840272915650,255,val
/kaggle/input/datasets/sartajbhuvaji/brain-tumor-classification-mri/Training/glioma_tumor/gg (416).jpg,gg (416).jpg,Training,glioma_tumor,glioma,9671615321089453286,256,train
/kaggle/input/datasets/sartajbhuvaji/brain-tumor-classification-mri/Training/glioma_tumor/gg (417).jpg,gg (417).jpg,Training,glioma_tumor,glioma,10865266820206413852,257,train
/kaggle/input/datasets/sartajbhuvaji/brain-tumor-classification-mri/Training/glioma_tumor/gg (418).jpg,gg (418).jpg,Training,glioma_tumor,glioma,9712362907791902748,257,train
/kaggle/input/datasets/sartajbhuvaji/brain-tumor-classification-mri/Training/glioma_tumor/gg (419).jpg,gg (419).jpg,Training,glioma_tumor,glioma,9712362921750534184,258,val
/kaggle/input/datasets/sartajbhuvaji/brain-tumor-classification-mri/Training/glioma_tumor/gg (42).jpg,gg (42).jpg,Training,glioma_tumor,glioma,15001272973988212773,250,train
/kaggle/input/datasets/sartajbhuvaji/brain-tumor-classification-mri/Training/glioma_tumor/gg (420).jpg,gg (420).jpg,Training,glioma_tumor,glioma,10865266833088916824,259,val
/kaggle/input/datasets/sartajbhuvaji/brain-tumor-classification-mri/Training/glioma_tumor/gg (421).jpg,gg (421).jpg,Training,glioma_tumor,glioma,13874253241396289636,260,train
/kaggle/input/datasets/sartajbhuvaji/brain-tumor-classification-mri/Training/glioma_tumor/gg (422).jpg,gg (422).jpg,Training,glioma_tumor,glioma,10766482079146403303,908,train
/kaggle/input/datasets/sartajbhuvaji/brain-tumor-classification-mri/Training/glioma_tumor/gg (423).jpg,gg (423).jpg,Training,glioma_tumor,glioma,10770989870808637924,1027,val
/kaggle/input/datasets/sartajbhuvaji/brain-tumor-classification-mri/Training/glioma_tumor/gg (424).jpg,gg (424).jpg,Training,glioma_tumor,glioma,9609061111112474980,1027,val
/kaggle/input/datasets/sartajbhuvaji/brain-tumor-classification-mri/Training/glioma_tumor/gg (425).jpg,gg (425).jpg,Training,glioma_tumor,glioma,9600120114510898631,261,train
/kaggle/input/datasets/sartajbhuvaji/brain-tumor-classification-mri/Training/glioma_tumor/gg (426).jpg,gg (426).jpg,Training,glioma_tumor,glioma,9613635307012435143,262,train
/kaggle/input/datasets/sartajbhuvaji/brain-tumor-classification-mri/Training/glioma_tumor/gg (427).jpg,gg (427).jpg,Training,glioma_tumor,glioma,9613635341388885187,262,train
/kaggle/input/datasets/sartajbhuvaji/brain-tumor-classification-mri/Training/glioma_tumor/gg (428).jpg,gg (428).jpg,Training,glioma_tumor,glioma,13851715004527030851,263,val
/kaggle/input/datasets/sartajbhuvaji/brain-tumor-classification-mri/Training/glioma_tumor/gg (429).jpg,gg (429).jpg,Training,glioma_tumor,glioma,13852840938485331521,264,train
/kaggle/input/datasets/sartajbhuvaji/brain-tumor-classification-mri/Training/glioma_tumor/gg (43).jpg,gg (43).jpg,Training,glioma_tumor,glioma,10683170587577694305,265,train
/kaggle/input/datasets/sartajbhuvaji/brain-tumor-classification-mri/Training/glioma_tumor/gg (430).jpg,gg (430).jpg,Training,glioma_tumor,glioma,10379489237837494376,266,train
/kaggle/input/datasets/sartajbhuvaji/brain-tumor-classification-mri/Training/glioma_tumor/gg (431).jpg,gg (431).jpg,Training,glioma_tumor,glioma,10667648859237789024,267,train
/kaggle/input/datasets/sartajbhuvaji/brain-tumor-classification-mri/Training/glioma_tumor/gg (432).jpg,gg (432).jpg,Training,glioma_tumor,glioma,10676655990040964448,267,train
/kaggle/input/datasets/sartajbhuvaji/brain-tumor-classification-mri/Training/glioma_tumor/gg (433).jpg,gg (433).jpg,Training,glioma_tumor,glioma,10388461193363729697,268,val
/kaggle/input/datasets/sartajbhuvaji/brain-tumor-classification-mri/Training/glioma_tumor/gg (434).jpg,gg (434).jpg,Training,glioma_tumor,glioma,10389028541362086947,269,cal
/kaggle/input/datasets/sartajbhuvaji/brain-tumor-classification-mri/Training/glioma_tumor/gg (435).jpg,gg (435).jpg,Training,glioma_tumor,glioma,10766552173072361159,270,train
/kaggle/input/datasets/sartajbhuvaji/brain-tumor-classification-mri/Training/glioma_tumor/gg (436).jpg,gg (436).jpg,Training,glioma_tumor,glioma,13849478361487008966,119,train
/kaggle/input/datasets/sartajbhuvaji/brain-tumor-classification-mri/Training/glioma_tumor/gg (437).jpg,gg (437).jpg,Training,glioma_tumor,glioma,15073894781835044038,119,train
/kaggle/input/datasets/sartajbhuvaji/brain-tumor-classification-mri/Training/glioma_tumor/gg (438).jpg,gg (438).jpg,Training,glioma_tumor,glioma,15076709204110894278,119,train
/kaggle/input/datasets/sartajbhuvaji/brain-tumor-classification-mri/Training/glioma_tumor/gg (439).jpg,gg (439).jpg,Training,glioma_tumor,glioma,13923787699504165062,119,train
/kaggle/input/datasets/sartajbhuvaji/brain-tumor-classification-mri/Training/glioma_tumor/gg (44).jpg,gg (44).jpg,Training,glioma_tumor,glioma,10460870622255981923,271,train
/kaggle/input/datasets/sartajbhuvaji/brain-tumor-classification-mri/Training/glioma_tumor/gg (440).jpg,gg (440).jpg,Training,glioma_tumor,glioma,13923211555676303750,272,test
/kaggle/input/datasets/sartajbhuvaji/brain-tumor-classification-mri/Training/glioma_tumor/gg (441).jpg,gg (441).jpg,Training,glioma_tumor,glioma,14063963389945786567,273,train
/kaggle/input/datasets/sartajbhuvaji/brain-tumor-classification-mri/Training/glioma_tumor/gg (442).jpg,gg (442).jpg,Training,glioma_tumor,glioma,15216673792597242567,274,train
/kaggle/input/datasets/sartajbhuvaji/brain-tumor-classification-mri/Training/glioma_tumor/gg (443).jpg,gg (443).jpg,Training,glioma_tumor,glioma,14068238565993952226,275,test
/kaggle/input/datasets/sartajbhuvaji/brain-tumor-classification-mri/Training/glioma_tumor/gg (444).jpg,gg (444).jpg,Training,glioma_tumor,glioma,10621790510897197938,276,train
/kaggle/input/datasets/sartajbhuvaji/brain-tumor-classification-mri/Training/glioma_tumor/gg (445).jpg,gg (445).jpg,Training,glioma_tumor,glioma,10550032190181498979,277,train
/kaggle/input/datasets/sartajbhuvaji/brain-tumor-classification-mri/Training/glioma_tumor/gg (446).jpg,gg (446).jpg,Training,glioma_tumor,glioma,9743606410913278373,278,test
/kaggle/input/datasets/sartajbhuvaji/brain-tumor-classification-mri/Training/glioma_tumor/gg (447).jpg,gg (447).jpg,Training,glioma_tumor,glioma,10607224433449069956,279,train
/kaggle/input/datasets/sartajbhuvaji/brain-tumor-classification-mri/Training/glioma_tumor/gg (448).jpg,gg (448).jpg,Training,glioma_tumor,glioma,10606098267254121957,279,train
/kaggle/input/datasets/sartajbhuvaji/brain-tumor-classification-mri/Training/glioma_tumor/gg (449).jpg,gg (449).jpg,Training,glioma_tumor,glioma,10606098542132553093,279,train
/kaggle/input/datasets/sartajbhuvaji/brain-tumor-classification-mri/Training/glioma_tumor/gg (45).jpg,gg (45).jpg,Training,glioma_tumor,glioma,10748256590655333734,280,train
/kaggle/input/datasets/sartajbhuvaji/brain-tumor-classification-mri/Training/glioma_tumor/gg (450).jpg,gg (450).jpg,Training,glioma_tumor,glioma,10897719768941799107,281,train
/kaggle/input/datasets/sartajbhuvaji/brain-tumor-classification-mri/Training/glioma_tumor/gg (451).jpg,gg (451).jpg,Training,glioma_tumor,glioma,10897719768941798555,281,train
/kaggle/input/datasets/sartajbhuvaji/brain-tumor-classification-mri/Training/glioma_tumor/gg (452).jpg,gg (452).jpg,Training,glioma_tumor,glioma,15032218729090458720,282,train
/kaggle/input/datasets/sartajbhuvaji/brain-tumor-classification-mri/Training/glioma_tumor/gg (453).jpg,gg (453).jpg,Training,glioma_tumor,glioma,13878171053993770080,283,cal
/kaggle/input/datasets/sartajbhuvaji/brain-tumor-classification-mri/Training/glioma_tumor/gg (454).jpg,gg (454).jpg,Training,glioma_tumor,glioma,9263164428762892369,284,val
/kaggle/input/datasets/sartajbhuvaji/brain-tumor-classification-mri/Training/glioma_tumor/gg (455).jpg,gg (455).jpg,Training,glioma_tumor,glioma,10488143545659033683,285,train
/kaggle/input/datasets/sartajbhuvaji/brain-tumor-classification-mri/Training/glioma_tumor/gg (456).jpg,gg (456).jpg,Training,glioma_tumor,glioma,9335223105130858579,285,train
/kaggle/input/datasets/sartajbhuvaji/brain-tumor-classification-mri/Training/glioma_tumor/gg (457).jpg,gg (457).jpg,Training,glioma_tumor,glioma,9584891409481615986,286,val
/kaggle/input/datasets/sartajbhuvaji/brain-tumor-classification-mri/Training/glioma_tumor/gg (458).jpg,gg (458).jpg,Training,glioma_tumor,glioma,10738656273462683768,287,train
/kaggle/input/datasets/sartajbhuvaji/brain-tumor-classification-mri/Training/glioma_tumor/gg (459).jpg,gg (459).jpg,Training,glioma_tumor,glioma,9587981621036015712,288,val
/kaggle/input/datasets/sartajbhuvaji/brain-tumor-classification-mri/Training/glioma_tumor/gg (46).jpg,gg (46).jpg,Training,glioma_tumor,glioma,10908134343997334886,289,train
/kaggle/input/datasets/sartajbhuvaji/brain-tumor-classification-mri/Training/glioma_tumor/gg (460).jpg,gg (460).jpg,Training,glioma_tumor,glioma,9520462759449354600,290,train
/kaggle/input/datasets/sartajbhuvaji/brain-tumor-classification-mri/Training/glioma_tumor/gg (461).jpg,gg (461).jpg,Training,glioma_tumor,glioma,9520462759473472609,291,train
/kaggle/input/datasets/sartajbhuvaji/brain-tumor-classification-mri/Training/glioma_tumor/gg (462).jpg,gg (462).jpg,Training,glioma_tumor,glioma,9520392390729360421,291,train
/kaggle/input/datasets/sartajbhuvaji/brain-tumor-classification-mri/Training/glioma_tumor/gg (463).jpg,gg (463).jpg,Training,glioma_tumor,glioma,10609419007786951015,292,train
/kaggle/input/datasets/sartajbhuvaji/brain-tumor-classification-mri/Training/glioma_tumor/gg (464).jpg,gg (464).jpg,Training,glioma_tumor,glioma,10897649391857393765,293,train
/kaggle/input/datasets/sartajbhuvaji/brain-tumor-classification-mri/Training/glioma_tumor/gg (465).jpg,gg (465).jpg,Training,glioma_tumor,glioma,10778074985267279981,294,train
/kaggle/input/datasets/sartajbhuvaji/brain-tumor-classification-mri/Training/glioma_tumor/gg (466).jpg,gg (466).jpg,Training,glioma_tumor,glioma,10778074985267738731,294,train
/kaggle/input/datasets/sartajbhuvaji/brain-tumor-classification-mri/Training/glioma_tumor/gg (467).jpg,gg (467).jpg,Training,glioma_tumor,glioma,9598994210226168966,295,val
/kaggle/input/datasets/sartajbhuvaji/brain-tumor-classification-mri/Training/glioma_tumor/gg (468).jpg,gg (468).jpg,Training,glioma_tumor,glioma,9628267607728317639,296,train
/kaggle/input/datasets/sartajbhuvaji/brain-tumor-classification-mri/Training/glioma_tumor/gg (469).jpg,gg (469).jpg,Training,glioma_tumor,glioma,9628267607713473639,296,train
/kaggle/input/datasets/sartajbhuvaji/brain-tumor-classification-mri/Training/glioma_tumor/gg (47).jpg,gg (47).jpg,Training,glioma_tumor,glioma,10890119945487853031,289,train
/kaggle/input/datasets/sartajbhuvaji/brain-tumor-classification-mri/Training/glioma_tumor/gg (470).jpg,gg (470).jpg,Training,glioma_tumor,glioma,9628267642107813988,296,train
/kaggle/input/datasets/sartajbhuvaji/brain-tumor-classification-mri/Training/glioma_tumor/gg (471).jpg,gg (471).jpg,Training,glioma_tumor,glioma,9628271902681753701,296,train
/kaggle/input/datasets/sartajbhuvaji/brain-tumor-classification-mri/Training/glioma_tumor/gg (472).jpg,gg (472).jpg,Training,glioma_tumor,glioma,9626301672333011040,297,cal
/kaggle/input/datasets/sartajbhuvaji/brain-tumor-classification-mri/Training/glioma_tumor/gg (473).jpg,gg (473).jpg,Training,glioma_tumor,glioma,14309676857540829581,298,train
/kaggle/input/datasets/sartajbhuvaji/brain-tumor-classification-mri/Training/glioma_tumor/gg (474).jpg,gg (474).jpg,Training,glioma_tumor,glioma,14094928488402595900,299,train
/kaggle/input/datasets/sartajbhuvaji/brain-tumor-classification-mri/Training/glioma_tumor/gg (475).jpg,gg (475).jpg,Training,glioma_tumor,glioma,14094928488402726968,299,train
/kaggle/input/datasets/sartajbhuvaji/brain-tumor-classification-mri/Training/glioma_tumor/gg (476).jpg,gg (476).jpg,Training,glioma_tumor,glioma,14094647013426016316,299,train
/kaggle/input/datasets/sartajbhuvaji/brain-tumor-classification-mri/Training/glioma_tumor/gg (477).jpg,gg (477).jpg,Training,glioma_tumor,glioma,14022590484514812476,299,train
/kaggle/input/datasets/sartajbhuvaji/brain-tumor-classification-mri/Training/glioma_tumor/gg (478).jpg,gg (478).jpg,Training,glioma_tumor,glioma,13986561691790750268,299,train
/kaggle/input/datasets/sartajbhuvaji/brain-tumor-classification-mri/Training/glioma_tumor/gg (479).jpg,gg (479).jpg,Training,glioma_tumor,glioma,14107592693370086182,300,train
/kaggle/input/datasets/sartajbhuvaji/brain-tumor-classification-mri/Training/glioma_tumor/gg (48).jpg,gg (48).jpg,Training,glioma_tumor,glioma,13852561593818363590,301,train
/kaggle/input/datasets/sartajbhuvaji/brain-tumor-classification-mri/Training/glioma_tumor/gg (480).jpg,gg (480).jpg,Training,glioma_tumor,glioma,14107593758521975566,300,train
/kaggle/input/datasets/sartajbhuvaji/brain-tumor-classification-mri/Training/glioma_tumor/gg (481).jpg,gg (481).jpg,Training,glioma_tumor,glioma,14073253923038323482,302,train
/kaggle/input/datasets/sartajbhuvaji/brain-tumor-classification-mri/Training/glioma_tumor/gg (482).jpg,gg (482).jpg,Training,glioma_tumor,glioma,14382028155062137549,303,train
/kaggle/input/datasets/sartajbhuvaji/brain-tumor-classification-mri/Training/glioma_tumor/gg (483).jpg,gg (483).jpg,Training,glioma_tumor,glioma,14023698797545992492,304,train
/kaggle/input/datasets/sartajbhuvaji/brain-tumor-classification-mri/Training/glioma_tumor/gg (484).jpg,gg (484).jpg,Training,glioma_tumor,glioma,14023698797545468473,304,train
/kaggle/input/datasets/sartajbhuvaji/brain-tumor-classification-mri/Training/glioma_tumor/gg (485).jpg,gg (485).jpg,Training,glioma_tumor,glioma,13987124638460097326,305,train
/kaggle/input/datasets/sartajbhuvaji/brain-tumor-classification-mri/Training/glioma_tumor/gg (486).jpg,gg (486).jpg,Training,glioma_tumor,glioma,13987122439437628270,305,train
/kaggle/input/datasets/sartajbhuvaji/brain-tumor-classification-mri/Training/glioma_tumor/gg (487).jpg,gg (487).jpg,Training,glioma_tumor,glioma,14059725394463371899,306,cal
/kaggle/input/datasets/sartajbhuvaji/brain-tumor-classification-mri/Training/glioma_tumor/gg (488).jpg,gg (488).jpg,Training,glioma_tumor,glioma,14068168681692030523,307,train
/kaggle/input/datasets/sartajbhuvaji/brain-tumor-classification-mri/Training/glioma_tumor/gg (489).jpg,gg (489).jpg,Training,glioma_tumor,glioma,14068186273878074169,307,train
/kaggle/input/datasets/sartajbhuvaji/brain-tumor-classification-mri/Training/glioma_tumor/gg (49).jpg,gg (49).jpg,Training,glioma_tumor,glioma,13852627634309113539,308,train
/kaggle/input/datasets/sartajbhuvaji/brain-tumor-classification-mri/Training/glioma_tumor/gg (490).jpg,gg (490).jpg,Training,glioma_tumor,glioma,10922487260358993712,309,train
/kaggle/input/datasets/sartajbhuvaji/brain-tumor-classification-mri/Training/glioma_tumor/gg (491).jpg,gg (491).jpg,Training,glioma_tumor,glioma,10923050210311824953,309,train
/kaggle/input/datasets/sartajbhuvaji/brain-tumor-classification-mri/Training/glioma_tumor/gg (492).jpg,gg (492).jpg,Training,glioma_tumor,glioma,9770128774424454705,309,train
/kaggle/input/datasets/sartajbhuvaji/brain-tumor-classification-mri/Training/glioma_tumor/gg (493).jpg,gg (493).jpg,Training,glioma_tumor,glioma,9772381046684575290,310,train
/kaggle/input/datasets/sartajbhuvaji/brain-tumor-classification-mri/Training/glioma_tumor/gg (494).jpg,gg (494).jpg,Training,glioma_tumor,glioma,9700254184550753842,311,test
/kaggle/input/datasets/sartajbhuvaji/brain-tumor-classification-mri/Training/glioma_tumor/gg (495).jpg,gg (495).jpg,Training,glioma_tumor,glioma,9772311744228935227,311,test
/kaggle/input/datasets/sartajbhuvaji/brain-tumor-classification-mri/Training/glioma_tumor/gg (496).jpg,gg (496).jpg,Training,glioma_tumor,glioma,14095770685041198640,312,train
/kaggle/input/datasets/sartajbhuvaji/brain-tumor-classification-mri/Training/glioma_tumor/gg (497).jpg,gg (497).jpg,Training,glioma_tumor,glioma,14058048648722173496,313,train
/kaggle/input/datasets/sartajbhuvaji/brain-tumor-classification-mri/Training/glioma_tumor/gg (498).jpg,gg (498).jpg,Training,glioma_tumor,glioma,9480758136454341692,314,train
/kaggle/input/datasets/sartajbhuvaji/brain-tumor-classification-mri/Training/glioma_tumor/gg (499).jpg,gg (499).jpg,Training,glioma_tumor,glioma,9770113308566315324,315,train
/kaggle/input/datasets/sartajbhuvaji/brain-tumor-classification-mri/Training/glioma_tumor/gg (5).jpg,gg (5).jpg,Training,glioma_tumor,glioma,10850924984545129321,316,test
/kaggle/input/datasets/sartajbhuvaji/brain-tumor-classification-mri/Training/glioma_tumor/gg (50).jpg,gg (50).jpg,Training,glioma_tumor,glioma,13852557008017892577,317,train
/kaggle/input/datasets/sartajbhuvaji/brain-tumor-classification-mri/Training/glioma_tumor/gg (500).jpg,gg (500).jpg,Training,glioma_tumor,glioma,14396100996859356769,318,test
/kaggle/input/datasets/sartajbhuvaji/brain-tumor-classification-mri/Training/glioma_tumor/gg (501).jpg,gg (501).jpg,Training,glioma_tumor,glioma,14396101001959622245,318,test
/kaggle/input/datasets/sartajbhuvaji/brain-tumor-classification-mri/Training/glioma_tumor/gg (502).jpg,gg (502).jpg,Training,glioma_tumor,glioma,9671543711196941880,319,train
/kaggle/input/datasets/sartajbhuvaji/brain-tumor-classification-mri/Training/glioma_tumor/gg (503).jpg,gg (503).jpg,Training,glioma_tumor,glioma,9671543712254958137,320,train
/kaggle/input/datasets/sartajbhuvaji/brain-tumor-classification-mri/Training/glioma_tumor/gg (504).jpg,gg (504).jpg,Training,glioma_tumor,glioma,14370259243927744666,321,train
/kaggle/input/datasets/sartajbhuvaji/brain-tumor-classification-mri/Training/glioma_tumor/gg (505).jpg,gg (505).jpg,Training,glioma_tumor,glioma,9758573225500356762,321,train
/kaggle/input/datasets/sartajbhuvaji/brain-tumor-classification-mri/Training/glioma_tumor/gg (506).jpg,gg (506).jpg,Training,glioma_tumor,glioma,14370263706264547482,321,train
/kaggle/input/datasets/sartajbhuvaji/brain-tumor-classification-mri/Training/glioma_tumor/gg (507).jpg,gg (507).jpg,Training,glioma_tumor,glioma,14369982218335826842,321,train
/kaggle/input/datasets/sartajbhuvaji/brain-tumor-classification-mri/Training/glioma_tumor/gg (508).jpg,gg (508).jpg,Training,glioma_tumor,glioma,10922472001416803998,322,train
/kaggle/input/datasets/sartajbhuvaji/brain-tumor-classification-mri/Training/glioma_tumor/gg (509).jpg,gg (509).jpg,Training,glioma_tumor,glioma,9770131030359487770,323,train
/kaggle/input/datasets/sartajbhuvaji/brain-tumor-classification-mri/Training/glioma_tumor/gg (51).jpg,gg (51).jpg,Training,glioma_tumor,glioma,15076990748830279008,324,train
/kaggle/input/datasets/sartajbhuvaji/brain-tumor-classification-mri/Training/glioma_tumor/gg (510).jpg,gg (510).jpg,Training,glioma_tumor,glioma,10923052401819460912,309,train
/kaggle/input/datasets/sartajbhuvaji/brain-tumor-classification-mri/Training/glioma_tumor/gg (511).jpg,gg (511).jpg,Training,glioma_tumor,glioma,10850993158512010540,325,train
/kaggle/input/datasets/sartajbhuvaji/brain-tumor-classification-mri/Training/glioma_tumor/gg (512).jpg,gg (512).jpg,Training,glioma_tumor,glioma,10850977764527138093,325,train
/kaggle/input/datasets/sartajbhuvaji/brain-tumor-classification-mri/Training/glioma_tumor/gg (513).jpg,gg (513).jpg,Training,glioma_tumor,glioma,10562681417673565549,325,train
/kaggle/input/datasets/sartajbhuvaji/brain-tumor-classification-mri/Training/glioma_tumor/gg (514).jpg,gg (514).jpg,Training,glioma_tumor,glioma,15174386127800460588,326,train
/kaggle/input/datasets/sartajbhuvaji/brain-tumor-classification-mri/Training/glioma_tumor/gg (515).jpg,gg (515).jpg,Training,glioma_tumor,glioma,14021464623193613868,326,train
/kaggle/input/datasets/sartajbhuvaji/brain-tumor-classification-mri/Training/glioma_tumor/gg (516).jpg,gg (516).jpg,Training,glioma_tumor,glioma,14021462425242265132,326,train
/kaggle/input/datasets/sartajbhuvaji/brain-tumor-classification-mri/Training/glioma_tumor/gg (517).jpg,gg (517).jpg,Training,glioma_tumor,glioma,9770114953606407468,327,train
/kaggle/input/datasets/sartajbhuvaji/brain-tumor-classification-mri/Training/glioma_tumor/gg (518).jpg,gg (518).jpg,Training,glioma_tumor,glioma,9621495143707714876,328,cal
/kaggle/input/datasets/sartajbhuvaji/brain-tumor-classification-mri/Training/glioma_tumor/gg (519).jpg,gg (519).jpg,Training,glioma_tumor,glioma,9638405290014287164,329,cal
/kaggle/input/datasets/sartajbhuvaji/brain-tumor-classification-mri/Training/glioma_tumor/gg (52).jpg,gg (52).jpg,Training,glioma_tumor,glioma,15073295255886651760,330,cal
/kaggle/input/datasets/sartajbhuvaji/brain-tumor-classification-mri/Training/glioma_tumor/gg (520).jpg,gg (520).jpg,Training,glioma_tumor,glioma,10910665698960631704,1111,cal
/kaggle/input/datasets/sartajbhuvaji/brain-tumor-classification-mri/Training/glioma_tumor/gg (521).jpg,gg (521).jpg,Training,glioma_tumor,glioma,15114975473945158712,331,train
/kaggle/input/datasets/sartajbhuvaji/brain-tumor-classification-mri/Training/glioma_tumor/gg (522).jpg,gg (522).jpg,Training,glioma_tumor,glioma,15114994165625922610,331,train
/kaggle/input/datasets/sartajbhuvaji/brain-tumor-classification-mri/Training/glioma_tumor/gg (523).jpg,gg (523).jpg,Training,glioma_tumor,glioma,13961505257268454448,332,val
/kaggle/input/datasets/sartajbhuvaji/brain-tumor-classification-mri/Training/glioma_tumor/gg (524).jpg,gg (524).jpg,Training,glioma_tumor,glioma,9627705077612242221,333,test
/kaggle/input/datasets/sartajbhuvaji/brain-tumor-classification-mri/Training/glioma_tumor/gg (525).jpg,gg (525).jpg,Training,glioma_tumor,glioma,9591676272070453036,333,test
/kaggle/input/datasets/sartajbhuvaji/brain-tumor-classification-mri/Training/glioma_tumor/gg (526).jpg,gg (526).jpg,Training,glioma_tumor,glioma,9735791460146439732,333,test
/kaggle/input/datasets/sartajbhuvaji/brain-tumor-classification-mri/Training/glioma_tumor/gg (527).jpg,gg (527).jpg,Training,glioma_tumor,glioma,9735789265418151476,333,test
/kaggle/input/datasets/sartajbhuvaji/brain-tumor-classification-mri/Training/glioma_tumor/gg (528).jpg,gg (528).jpg,Training,glioma_tumor,glioma,13879596832675815438,334,train
/kaggle/input/datasets/sartajbhuvaji/brain-tumor-classification-mri/Training/glioma_tumor/gg (529).jpg,gg (529).jpg,Training,glioma_tumor,glioma,10706247404016985884,335,train
/kaggle/input/datasets/sartajbhuvaji/brain-tumor-classification-mri/Training/glioma_tumor/gg (53).jpg,gg (53).jpg,Training,glioma_tumor,glioma,10766728103615554400,336,train
/kaggle/input/datasets/sartajbhuvaji/brain-tumor-classification-mri/Training/glioma_tumor/gg (530).jpg,gg (530).jpg,Training,glioma_tumor,glioma,10414149968964593305,337,val
/kaggle/input/datasets/sartajbhuvaji/brain-tumor-classification-mri/Training/glioma_tumor/gg (531).jpg,gg (531).jpg,Training,glioma_tumor,glioma,10414413860345067160,337,val
/kaggle/input/datasets/sartajbhuvaji/brain-tumor-classification-mri/Training/glioma_tumor/gg (532).jpg,gg (532).jpg,Training,glioma_tumor,glioma,10414344582507869898,338,train
/kaggle/input/datasets/sartajbhuvaji/brain-tumor-classification-mri/Training/glioma_tumor/gg (533).jpg,gg (533).jpg,Training,glioma_tumor,glioma,10648250296933295303,339,train
/kaggle/input/datasets/sartajbhuvaji/brain-tumor-classification-mri/Training/glioma_tumor/gg (534).jpg,gg (534).jpg,Training,glioma_tumor,glioma,9769005846887228616,340,train
/kaggle/input/datasets/sartajbhuvaji/brain-tumor-classification-mri/Training/glioma_tumor/gg (535).jpg,gg (535).jpg,Training,glioma_tumor,glioma,10815528514100323896,341,train
/kaggle/input/datasets/sartajbhuvaji/brain-tumor-classification-mri/Training/glioma_tumor/gg (536).jpg,gg (536).jpg,Training,glioma_tumor,glioma,10824465215771297336,319,train
/kaggle/input/datasets/sartajbhuvaji/brain-tumor-classification-mri/Training/glioma_tumor/gg (537).jpg,gg (537).jpg,Training,glioma_tumor,glioma,14007086666320470555,342,test
/kaggle/input/datasets/sartajbhuvaji/brain-tumor-classification-mri/Training/glioma_tumor/gg (538).jpg,gg (538).jpg,Training,glioma_tumor,glioma,13995566829419259532,343,train
/kaggle/input/datasets/sartajbhuvaji/brain-tumor-classification-mri/Training/glioma_tumor/gg (539).jpg,gg (539).jpg,Training,glioma_tumor,glioma,13993315029605639820,343,train
/kaggle/input/datasets/sartajbhuvaji/brain-tumor-classification-mri/Training/glioma_tumor/gg (54).jpg,gg (54).jpg,Training,glioma_tumor,glioma,10694670526755660128,336,train
/kaggle/input/datasets/sartajbhuvaji/brain-tumor-classification-mri/Training/glioma_tumor/gg (540).jpg,gg (540).jpg,Training,glioma_tumor,glioma,13995566829134636684,343,train
/kaggle/input/datasets/sartajbhuvaji/brain-tumor-classification-mri/Training/glioma_tumor/gg (541).jpg,gg (541).jpg,Training,glioma_tumor,glioma,13995565730696749964,343,train
/kaggle/input/datasets/sartajbhuvaji/brain-tumor-classification-mri/Training/glioma_tumor/gg (542).jpg,gg (542).jpg,Training,glioma_tumor,glioma,15437277134101857944,344,train
/kaggle/input/datasets/sartajbhuvaji/brain-tumor-classification-mri/Training/glioma_tumor/gg (543).jpg,gg (543).jpg,Training,glioma_tumor,glioma,15725507510268761752,345,val
/kaggle/input/datasets/sartajbhuvaji/brain-tumor-classification-mri/Training/glioma_tumor/gg (544).jpg,gg (544).jpg,Training,glioma_tumor,glioma,14065372117622731465,346,test
/kaggle/input/datasets/sartajbhuvaji/brain-tumor-classification-mri/Training/glioma_tumor/gg (545).jpg,gg (545).jpg,Training,glioma_tumor,glioma,14092395905886139085,347,train
/kaggle/input/datasets/sartajbhuvaji/brain-tumor-classification-mri/Training/glioma_tumor/gg (546).jpg,gg (546).jpg,Training,glioma_tumor,glioma,14311097542465118758,348,test
/kaggle/input/datasets/sartajbhuvaji/brain-tumor-classification-mri/Training/glioma_tumor/gg (547).jpg,gg (547).jpg,Training,glioma_tumor,glioma,14310813868465283686,348,test
/kaggle/input/datasets/sartajbhuvaji/brain-tumor-classification-mri/Training/glioma_tumor/gg (548).jpg,gg (548).jpg,Training,glioma_tumor,glioma,14029345372728668685,349,train
/kaggle/input/datasets/sartajbhuvaji/brain-tumor-classification-mri/Training/glioma_tumor/gg (549).jpg,gg (549).jpg,Training,glioma_tumor,glioma,14021446683192406221,350,train
/kaggle/input/datasets/sartajbhuvaji/brain-tumor-classification-mri/Training/glioma_tumor/gg (55).jpg,gg (55).jpg,Training,glioma_tumor,glioma,10749945427632653715,351,train
/kaggle/input/datasets/sartajbhuvaji/brain-tumor-classification-mri/Training/glioma_tumor/gg (550).jpg,gg (550).jpg,Training,glioma_tumor,glioma,14308564267674853734,348,test
/kaggle/input/datasets/sartajbhuvaji/brain-tumor-classification-mri/Training/glioma_tumor/gg (551).jpg,gg (551).jpg,Training,glioma_tumor,glioma,14311097542465118502,348,test
/kaggle/input/datasets/sartajbhuvaji/brain-tumor-classification-mri/Training/glioma_tumor/gg (552).jpg,gg (552).jpg,Training,glioma_tumor,glioma,14279856495738119788,352,train
/kaggle/input/datasets/sartajbhuvaji/brain-tumor-classification-mri/Training/glioma_tumor/gg (553).jpg,gg (553).jpg,Training,glioma_tumor,glioma,14279856495738668652,352,train
/kaggle/input/datasets/sartajbhuvaji/brain-tumor-classification-mri/Training/glioma_tumor/gg (554).jpg,gg (554).jpg,Training,glioma_tumor,glioma,13991626050901034808,353,train
/kaggle/input/datasets/sartajbhuvaji/brain-tumor-classification-mri/Training/glioma_tumor/gg (555).jpg,gg (555).jpg,Training,glioma_tumor,glioma,10887584905553167974,354,train
/kaggle/input/datasets/sartajbhuvaji/brain-tumor-classification-mri/Training/glioma_tumor/gg (556).jpg,gg (556).jpg,Training,glioma_tumor,glioma,13889153058588144496,355,train
/kaggle/input/datasets/sartajbhuvaji/brain-tumor-classification-mri/Training/glioma_tumor/gg (557).jpg,gg (557).jpg,Training,glioma_tumor,glioma,13889152988863095664,355,train
/kaggle/input/datasets/sartajbhuvaji/brain-tumor-classification-mri/Training/glioma_tumor/gg (558).jpg,gg (558).jpg,Training,glioma_tumor,glioma,9765908698613593645,356,train
/kaggle/input/datasets/sartajbhuvaji/brain-tumor-classification-mri/Training/glioma_tumor/gg (559).jpg,gg (559).jpg,Training,glioma_tumor,glioma,9494496264456549945,357,train
/kaggle/input/datasets/sartajbhuvaji/brain-tumor-classification-mri/Training/glioma_tumor/gg (56).jpg,gg (56).jpg,Training,glioma_tumor,glioma,10748819527793181078,351,train
/kaggle/input/datasets/sartajbhuvaji/brain-tumor-classification-mri/Training/glioma_tumor/gg (560).jpg,gg (560).jpg,Training,glioma_tumor,glioma,14394413483485312616,358,train
/kaggle/input/datasets/sartajbhuvaji/brain-tumor-classification-mri/Training/glioma_tumor/gg (561).jpg,gg (561).jpg,Training,glioma_tumor,glioma,9783641987343787576,359,train
/kaggle/input/datasets/sartajbhuvaji/brain-tumor-classification-mri/Training/glioma_tumor/gg (562).jpg,gg (562).jpg,Training,glioma_tumor,glioma,10620396360148858571,360,train
/kaggle/input/datasets/sartajbhuvaji/brain-tumor-classification-mri/Training/glioma_tumor/gg (563).jpg,gg (563).jpg,Training,glioma_tumor,glioma,10548338783240467659,360,train
/kaggle/input/datasets/sartajbhuvaji/brain-tumor-classification-mri/Training/glioma_tumor/gg (564).jpg,gg (564).jpg,Training,glioma_tumor,glioma,14280415120735823562,363,train
/kaggle/input/datasets/sartajbhuvaji/brain-tumor-classification-mri/Training/glioma_tumor/gg (565).jpg,gg (565).jpg,Training,glioma_tumor,glioma,9397107725216133787,361,train
/kaggle/input/datasets/sartajbhuvaji/brain-tumor-classification-mri/Training/glioma_tumor/gg (566).jpg,gg (566).jpg,Training,glioma_tumor,glioma,9685056643554243227,361,train
/kaggle/input/datasets/sartajbhuvaji/brain-tumor-classification-mri/Training/glioma_tumor/gg (567).jpg,gg (567).jpg,Training,glioma_tumor,glioma,14082539036490232459,362,train
/kaggle/input/datasets/sartajbhuvaji/brain-tumor-classification-mri/Training/glioma_tumor/gg (568).jpg,gg (568).jpg,Training,glioma_tumor,glioma,14081133035979498190,363,train
/kaggle/input/datasets/sartajbhuvaji/brain-tumor-classification-mri/Training/glioma_tumor/gg (569).jpg,gg (569).jpg,Training,glioma_tumor,glioma,14081129737713051342,363,train
/kaggle/input/datasets/sartajbhuvaji/brain-tumor-classification-mri/Training/glioma_tumor/gg (57).jpg,gg (57).jpg,Training,glioma_tumor,glioma,10753041652443586966,351,train
/kaggle/input/datasets/sartajbhuvaji/brain-tumor-classification-mri/Training/glioma_tumor/gg (570).jpg,gg (570).jpg,Training,glioma_tumor,glioma,14081412311932954314,363,train
/kaggle/input/datasets/sartajbhuvaji/brain-tumor-classification-mri/Training/glioma_tumor/gg (571).jpg,gg (571).jpg,Training,glioma_tumor,glioma,14009073243119641562,363,train
/kaggle/input/datasets/sartajbhuvaji/brain-tumor-classification-mri/Training/glioma_tumor/gg (572).jpg,gg (572).jpg,Training,glioma_tumor,glioma,13991340319385544410,363,train
/kaggle/input/datasets/sartajbhuvaji/brain-tumor-classification-mri/Training/glioma_tumor/gg (573).jpg,gg (573).jpg,Training,glioma_tumor,glioma,10890683445354440282,364,train
/kaggle/input/datasets/sartajbhuvaji/brain-tumor-classification-mri/Training/glioma_tumor/gg (574).jpg,gg (574).jpg,Training,glioma_tumor,glioma,9756620545143940170,365,train
/kaggle/input/datasets/sartajbhuvaji/brain-tumor-classification-mri/Training/glioma_tumor/gg (575).jpg,gg (575).jpg,Training,glioma_tumor,glioma,14065356453141754525,366,train
/kaggle/input/datasets/sartajbhuvaji/brain-tumor-classification-mri/Training/glioma_tumor/gg (576).jpg,gg (576).jpg,Training,glioma_tumor,glioma,14160511689873777001,367,val
/kaggle/input/datasets/sartajbhuvaji/brain-tumor-classification-mri/Training/glioma_tumor/gg (577).jpg,gg (577).jpg,Training,glioma_tumor,glioma,10918759706560849702,368,train
/kaggle/input/datasets/sartajbhuvaji/brain-tumor-classification-mri/Training/glioma_tumor/gg (578).jpg,gg (578).jpg,Training,glioma_tumor,glioma,9770341801581373093,368,train
/kaggle/input/datasets/sartajbhuvaji/brain-tumor-classification-mri/Training/glioma_tumor/gg (579).jpg,gg (579).jpg,Training,glioma_tumor,glioma,14034113155919786040,585,train
/kaggle/input/datasets/sartajbhuvaji/brain-tumor-classification-mri/Training/glioma_tumor/gg (58).jpg,gg (58).jpg,Training,glioma_tumor,glioma,10676480458778293638,351,train
/kaggle/input/datasets/sartajbhuvaji/brain-tumor-classification-mri/Training/glioma_tumor/gg (580).jpg,gg (580).jpg,Training,glioma_tumor,glioma,14033550205966365240,585,train
/kaggle/input/datasets/sartajbhuvaji/brain-tumor-classification-mri/Training/glioma_tumor/gg (581).jpg,gg (581).jpg,Training,glioma_tumor,glioma,13993312727614104475,369,test
/kaggle/input/datasets/sartajbhuvaji/brain-tumor-classification-mri/Training/glioma_tumor/gg (582).jpg,gg (582).jpg,Training,glioma_tumor,glioma,10630248332375369317,370,train
/kaggle/input/datasets/sartajbhuvaji/brain-tumor-classification-mri/Training/glioma_tumor/gg (583).jpg,gg (583).jpg,Training,glioma_tumor,glioma,9783568930755323756,371,train
/kaggle/input/datasets/sartajbhuvaji/brain-tumor-classification-mri/Training/glioma_tumor/gg (584).jpg,gg (584).jpg,Training,glioma_tumor,glioma,14323532168515039801,372,train
/kaggle/input/datasets/sartajbhuvaji/brain-tumor-classification-mri/Training/glioma_tumor/gg (585).jpg,gg (585).jpg,Training,glioma_tumor,glioma,14874326004067087897,373,train
/kaggle/input/datasets/sartajbhuvaji/brain-tumor-classification-mri/Training/glioma_tumor/gg (586).jpg,gg (586).jpg,Training,glioma_tumor,glioma,14873201228351189785,374,train
/kaggle/input/datasets/sartajbhuvaji/brain-tumor-classification-mri/Training/glioma_tumor/gg (587).jpg,gg (587).jpg,Training,glioma_tumor,glioma,14873201210970518297,374,train
/kaggle/input/datasets/sartajbhuvaji/brain-tumor-classification-mri/Training/glioma_tumor/gg (588).jpg,gg (588).jpg,Training,glioma_tumor,glioma,14297866222204531481,374,train
/kaggle/input/datasets/sartajbhuvaji/brain-tumor-classification-mri/Training/glioma_tumor/gg (589).jpg,gg (589).jpg,Training,glioma_tumor,glioma,14874326974507922201,374,train
/kaggle/input/datasets/sartajbhuvaji/brain-tumor-classification-mri/Training/glioma_tumor/gg (59).jpg,gg (59).jpg,Training,glioma_tumor,glioma,10677887834534453651,375,test
/kaggle/input/datasets/sartajbhuvaji/brain-tumor-classification-mri/Training/glioma_tumor/gg (590).jpg,gg (590).jpg,Training,glioma_tumor,glioma,14874608448410891033,374,train
/kaggle/input/datasets/sartajbhuvaji/brain-tumor-classification-mri/Training/glioma_tumor/gg (591).jpg,gg (591).jpg,Training,glioma_tumor,glioma,14586382466213127065,376,train
/kaggle/input/datasets/sartajbhuvaji/brain-tumor-classification-mri/Training/glioma_tumor/gg (592).jpg,gg (592).jpg,Training,glioma_tumor,glioma,14138552097364453006,377,val
/kaggle/input/datasets/sartajbhuvaji/brain-tumor-classification-mri/Training/glioma_tumor/gg (593).jpg,gg (593).jpg,Training,glioma_tumor,glioma,14065368599116996815,378,train
/kaggle/input/datasets/sartajbhuvaji/brain-tumor-classification-mri/Training/glioma_tumor/gg (594).jpg,gg (594).jpg,Training,glioma_tumor,glioma,14061991324938678349,379,val
/kaggle/input/datasets/sartajbhuvaji/brain-tumor-classification-mri/Training/glioma_tumor/gg (595).jpg,gg (595).jpg,Training,glioma_tumor,glioma,14060870020647120969,380,train
/kaggle/input/datasets/sartajbhuvaji/brain-tumor-classification-mri/Training/glioma_tumor/gg (596).jpg,gg (596).jpg,Training,glioma_tumor,glioma,14080010422008438857,380,train
/kaggle/input/datasets/sartajbhuvaji/brain-tumor-classification-mri/Training/glioma_tumor/gg (597).jpg,gg (597).jpg,Training,glioma_tumor,glioma,14067605744686162255,381,train
/kaggle/input/datasets/sartajbhuvaji/brain-tumor-classification-mri/Training/glioma_tumor/gg (598).jpg,gg (598).jpg,Training,glioma_tumor,glioma,14067605727531447183,382,train
/kaggle/input/datasets/sartajbhuvaji/brain-tumor-classification-mri/Training/glioma_tumor/gg (599).jpg,gg (599).jpg,Training,glioma_tumor,glioma,14068731648896348814,382,train
/kaggle/input/datasets/sartajbhuvaji/brain-tumor-classification-mri/Training/glioma_tumor/gg (6).jpg,gg (6).jpg,Training,glioma_tumor,glioma,10635950670058435365,383,train
/kaggle/input/datasets/sartajbhuvaji/brain-tumor-classification-mri/Training/glioma_tumor/gg (60).jpg,gg (60).jpg,Training,glioma_tumor,glioma,10767678347814381457,384,train
/kaggle/input/datasets/sartajbhuvaji/brain-tumor-classification-mri/Training/glioma_tumor/gg (600).jpg,gg (600).jpg,Training,glioma_tumor,glioma,14067061486438790029,382,train
/kaggle/input/datasets/sartajbhuvaji/brain-tumor-classification-mri/Training/glioma_tumor/gg (601).jpg,gg (601).jpg,Training,glioma_tumor,glioma,14067341870427255692,385,train
/kaggle/input/datasets/sartajbhuvaji/brain-tumor-classification-mri/Training/glioma_tumor/gg (602).jpg,gg (602).jpg,Training,glioma_tumor,glioma,14106184550450476649,386,train
/kaggle/input/datasets/sartajbhuvaji/brain-tumor-classification-mri/Training/glioma_tumor/gg (603).jpg,gg (603).jpg,Training,glioma_tumor,glioma,10935364544112633449,387,train
/kaggle/input/datasets/sartajbhuvaji/brain-tumor-classification-mri/Training/glioma_tumor/gg (604).jpg,gg (604).jpg,Training,glioma_tumor,glioma,14129528611713278286,388,test
/kaggle/input/datasets/sartajbhuvaji/brain-tumor-classification-mri/Training/glioma_tumor/gg (605).jpg,gg (605).jpg,Training,glioma_tumor,glioma,14067115074695411406,389,val
/kaggle/input/datasets/sartajbhuvaji/brain-tumor-classification-mri/Training/glioma_tumor/gg (606).jpg,gg (606).jpg,Training,glioma_tumor,glioma,13843550512066147467,390,test
/kaggle/input/datasets/sartajbhuvaji/brain-tumor-classification-mri/Training/glioma_tumor/gg (607).jpg,gg (607).jpg,Training,glioma_tumor,glioma,13843550649362625667,390,test
/kaggle/input/datasets/sartajbhuvaji/brain-tumor-classification-mri/Training/glioma_tumor/gg (608).jpg,gg (608).jpg,Training,glioma_tumor,glioma,13996406870244533902,391,train
/kaggle/input/datasets/sartajbhuvaji/brain-tumor-classification-mri/Training/glioma_tumor/gg (609).jpg,gg (609).jpg,Training,glioma_tumor,glioma,13995285367310460571,391,train
/kaggle/input/datasets/sartajbhuvaji/brain-tumor-classification-mri/Training/glioma_tumor/gg (61).jpg,gg (61).jpg,Training,glioma_tumor,glioma,10749663949313288083,384,train
/kaggle/input/datasets/sartajbhuvaji/brain-tumor-classification-mri/Training/glioma_tumor/gg (610).jpg,gg (610).jpg,Training,glioma_tumor,glioma,14283515743474755227,391,train
/kaggle/input/datasets/sartajbhuvaji/brain-tumor-classification-mri/Training/glioma_tumor/gg (611).jpg,gg (611).jpg,Training,glioma_tumor,glioma,13990781767696737931,391,train
/kaggle/input/datasets/sartajbhuvaji/brain-tumor-classification-mri/Training/glioma_tumor/gg (612).jpg,gg (612).jpg,Training,glioma_tumor,glioma,14008796166994731931,392,test
/kaggle/input/datasets/sartajbhuvaji/brain-tumor-classification-mri/Training/glioma_tumor/gg (613).jpg,gg (613).jpg,Training,glioma_tumor,glioma,9598976720369693070,393,train
/kaggle/input/datasets/sartajbhuvaji/brain-tumor-classification-mri/Training/glioma_tumor/gg (614).jpg,gg (614).jpg,Training,glioma_tumor,glioma,9598413710286729671,393,train
/kaggle/input/datasets/sartajbhuvaji/brain-tumor-classification-mri/Training/glioma_tumor/gg (615).jpg,gg (615).jpg,Training,glioma_tumor,glioma,9598413675926992327,393,train
/kaggle/input/datasets/sartajbhuvaji/brain-tumor-classification-mri/Training/glioma_tumor/gg (616).jpg,gg (616).jpg,Training,glioma_tumor,glioma,9741420547692508551,394,val
/kaggle/input/datasets/sartajbhuvaji/brain-tumor-classification-mri/Training/glioma_tumor/gg (617).jpg,gg (617).jpg,Training,glioma_tumor,glioma,9598994209197991311,395,train
/kaggle/input/datasets/sartajbhuvaji/brain-tumor-classification-mri/Training/glioma_tumor/gg (618).jpg,gg (618).jpg,Training,glioma_tumor,glioma,14395607346132576146,396,val
/kaggle/input/datasets/sartajbhuvaji/brain-tumor-classification-mri/Training/glioma_tumor/gg (619).jpg,gg (619).jpg,Training,glioma_tumor,glioma,14323268264253023664,397,train
/kaggle/input/datasets/sartajbhuvaji/brain-tumor-classification-mri/Training/glioma_tumor/gg (62).jpg,gg (62).jpg,Training,glioma_tumor,glioma,10739782714672308257,398,train
/kaggle/input/datasets/sartajbhuvaji/brain-tumor-classification-mri/Training/glioma_tumor/gg (620).jpg,gg (620).jpg,Training,glioma_tumor,glioma,14106252148178969784,399,train
/kaggle/input/datasets/sartajbhuvaji/brain-tumor-classification-mri/Training/glioma_tumor/gg (621).jpg,gg (621).jpg,Training,glioma_tumor,glioma,14107029486743332761,400,train
/kaggle/input/datasets/sartajbhuvaji/brain-tumor-classification-mri/Training/glioma_tumor/gg (622).jpg,gg (622).jpg,Training,glioma_tumor,glioma,14108437964342978105,401,train
/kaggle/input/datasets/sartajbhuvaji/brain-tumor-classification-mri/Training/glioma_tumor/gg (623).jpg,gg (623).jpg,Training,glioma_tumor,glioma,14109281272583710521,401,train
/kaggle/input/datasets/sartajbhuvaji/brain-tumor-classification-mri/Training/glioma_tumor/gg (624).jpg,gg (624).jpg,Training,glioma_tumor,glioma,14108999814787785269,402,cal
/kaggle/input/datasets/sartajbhuvaji/brain-tumor-classification-mri/Training/glioma_tumor/gg (625).jpg,gg (625).jpg,Training,glioma_tumor,glioma,14108718327730692915,403,train
/kaggle/input/datasets/sartajbhuvaji/brain-tumor-classification-mri/Training/glioma_tumor/gg (626).jpg,gg (626).jpg,Training,glioma_tumor,glioma,14134048361640506396,404,val
/kaggle/input/datasets/sartajbhuvaji/brain-tumor-classification-mri/Training/glioma_tumor/gg (627).jpg,gg (627).jpg,Training,glioma_tumor,glioma,14251146898680734876,405,cal
/kaggle/input/datasets/sartajbhuvaji/brain-tumor-classification-mri/Training/glioma_tumor/gg (628).jpg,gg (628).jpg,Training,glioma_tumor,glioma,14108157558961628316,406,train
/kaggle/input/datasets/sartajbhuvaji/brain-tumor-classification-mri/Training/glioma_tumor/gg (629).jpg,gg (629).jpg,Training,glioma_tumor,glioma,10850079064925234761,407,cal
/kaggle/input/datasets/sartajbhuvaji/brain-tumor-classification-mri/Training/glioma_tumor/gg (63).jpg,gg (63).jpg,Training,glioma_tumor,glioma,10379424367174508581,1444,train
/kaggle/input/datasets/sartajbhuvaji/brain-tumor-classification-mri/Training/glioma_tumor/gg (630).jpg,gg (630).jpg,Training,glioma_tumor,glioma,9698004167068690204,408,train
/kaggle/input/datasets/sartajbhuvaji/brain-tumor-classification-mri/Training/glioma_tumor/gg (631).jpg,gg (631).jpg,Training,glioma_tumor,glioma,13876205135776723004,585,train
/kaggle/input/datasets/sartajbhuvaji/brain-tumor-classification-mri/Training/glioma_tumor/gg (632).jpg,gg (632).jpg,Training,glioma_tumor,glioma,13894219542870896668,585,train
/kaggle/input/datasets/sartajbhuvaji/brain-tumor-classification-mri/Training/glioma_tumor/gg (633).jpg,gg (633).jpg,Training,glioma_tumor,glioma,14108437934347399728,585,train
/kaggle/input/datasets/sartajbhuvaji/brain-tumor-classification-mri/Training/glioma_tumor/gg (634).jpg,gg (634).jpg,Training,glioma_tumor,glioma,14108437998700737328,585,train
/kaggle/input/datasets/sartajbhuvaji/brain-tumor-classification-mri/Training/glioma_tumor/gg (635).jpg,gg (635).jpg,Training,glioma_tumor,glioma,14108437998701032241,585,train
/kaggle/input/datasets/sartajbhuvaji/brain-tumor-classification-mri/Training/glioma_tumor/gg (636).jpg,gg (636).jpg,Training,glioma_tumor,glioma,13894219542869913644,585,train
/kaggle/input/datasets/sartajbhuvaji/brain-tumor-classification-mri/Training/glioma_tumor/gg (637).jpg,gg (637).jpg,Training,glioma_tumor,glioma,14038335005831999544,585,train
/kaggle/input/datasets/sartajbhuvaji/brain-tumor-classification-mri/Training/glioma_tumor/gg (638).jpg,gg (638).jpg,Training,glioma_tumor,glioma,14038334988652130364,585,train
/kaggle/input/datasets/sartajbhuvaji/brain-tumor-classification-mri/Training/glioma_tumor/gg (639).jpg,gg (639).jpg,Training,glioma_tumor,glioma,14033831406063071292,585,train
/kaggle/input/datasets/sartajbhuvaji/brain-tumor-classification-mri/Training/glioma_tumor/gg (64).jpg,gg (64).jpg,Training,glioma_tumor,glioma,10379213200812433460,1444,train
/kaggle/input/datasets/sartajbhuvaji/brain-tumor-classification-mri/Training/glioma_tumor/gg (640).jpg,gg (640).jpg,Training,glioma_tumor,glioma,14033831131188326968,585,train
/kaggle/input/datasets/sartajbhuvaji/brain-tumor-classification-mri/Training/glioma_tumor/gg (641).jpg,gg (641).jpg,Training,glioma_tumor,glioma,14107294442252431928,585,train
/kaggle/input/datasets/sartajbhuvaji/brain-tumor-classification-mri/Training/glioma_tumor/gg (642).jpg,gg (642).jpg,Training,glioma_tumor,glioma,10850977215589197673,409,train
/kaggle/input/datasets/sartajbhuvaji/brain-tumor-classification-mri/Training/glioma_tumor/gg (643).jpg,gg (643).jpg,Training,glioma_tumor,glioma,10850992608808546617,410,train
/kaggle/input/datasets/sartajbhuvaji/brain-tumor-classification-mri/Training/glioma_tumor/gg (644).jpg,gg (644).jpg,Training,glioma_tumor,glioma,10849866707828044089,410,train
/kaggle/input/datasets/sartajbhuvaji/brain-tumor-classification-mri/Training/glioma_tumor/gg (645).jpg,gg (645).jpg,Training,glioma_tumor,glioma,10851556665789850465,411,train
/kaggle/input/datasets/sartajbhuvaji/brain-tumor-classification-mri/Training/glioma_tumor/gg (646).jpg,gg (646).jpg,Training,glioma_tumor,glioma,10852119615743271728,411,train
/kaggle/input/datasets/sartajbhuvaji/brain-tumor-classification-mri/Training/glioma_tumor/gg (647).jpg,gg (647).jpg,Training,glioma_tumor,glioma,9698617586441855587,412,train
/kaggle/input/datasets/sartajbhuvaji/brain-tumor-classification-mri/Training/glioma_tumor/gg (648).jpg,gg (648).jpg,Training,glioma_tumor,glioma,10846419477906155107,413,train
/kaggle/input/datasets/sartajbhuvaji/brain-tumor-classification-mri/Training/glioma_tumor/gg (649).jpg,gg (649).jpg,Training,glioma_tumor,glioma,10850079064925234761,407,cal
/kaggle/input/datasets/sartajbhuvaji/brain-tumor-classification-mri/Training/glioma_tumor/gg (65).jpg,gg (65).jpg,Training,glioma_tumor,glioma,10395185532421038561,414,train
/kaggle/input/datasets/sartajbhuvaji/brain-tumor-classification-mri/Training/glioma_tumor/gg (650).jpg,gg (650).jpg,Training,glioma_tumor,glioma,10914608254560579267,415,train
/kaggle/input/datasets/sartajbhuvaji/brain-tumor-classification-mri/Training/glioma_tumor/gg (651).jpg,gg (651).jpg,Training,glioma_tumor,glioma,10606096325933622501,279,train
/kaggle/input/datasets/sartajbhuvaji/brain-tumor-classification-mri/Training/glioma_tumor/gg (652).jpg,gg (652).jpg,Training,glioma_tumor,glioma,10642406546254423269,416,test
/kaggle/input/datasets/sartajbhuvaji/brain-tumor-classification-mri/Training/glioma_tumor/gg (653).jpg,gg (653).jpg,Training,glioma_tumor,glioma,10643532360274765412,417,train
/kaggle/input/datasets/sartajbhuvaji/brain-tumor-classification-mri/Training/glioma_tumor/gg (654).jpg,gg (654).jpg,Training,glioma_tumor,glioma,10830938958973789032,418,train
/kaggle/input/datasets/sartajbhuvaji/brain-tumor-classification-mri/Training/glioma_tumor/gg (655).jpg,gg (655).jpg,Training,glioma_tumor,glioma,14324612876784247866,419,train
/kaggle/input/datasets/sartajbhuvaji/brain-tumor-classification-mri/Training/glioma_tumor/gg (656).jpg,gg (656).jpg,Training,glioma_tumor,glioma,14072392674673308730,420,val
/kaggle/input/datasets/sartajbhuvaji/brain-tumor-classification-mri/Training/glioma_tumor/gg (657).jpg,gg (657).jpg,Training,glioma_tumor,glioma,9765556928848159645,421,val
/kaggle/input/datasets/sartajbhuvaji/brain-tumor-classification-mri/Training/glioma_tumor/gg (658).jpg,gg (658).jpg,Training,glioma_tumor,glioma,9785260525109667629,422,train
/kaggle/input/datasets/sartajbhuvaji/brain-tumor-classification-mri/Training/glioma_tumor/gg (659).jpg,gg (659).jpg,Training,glioma_tumor,glioma,9712637794975770477,423,train
/kaggle/input/datasets/sartajbhuvaji/brain-tumor-classification-mri/Training/glioma_tumor/gg (66).jpg,gg (66).jpg,Training,glioma_tumor,glioma,10379422950904062433,414,train
/kaggle/input/datasets/sartajbhuvaji/brain-tumor-classification-mri/Training/glioma_tumor/gg (660).jpg,gg (660).jpg,Training,glioma_tumor,glioma,9699408398061365065,424,train
/kaggle/input/datasets/sartajbhuvaji/brain-tumor-classification-mri/Training/glioma_tumor/gg (661).jpg,gg (661).jpg,Training,glioma_tumor,glioma,9699408398053173145,424,train
/kaggle/input/datasets/sartajbhuvaji/brain-tumor-classification-mri/Training/glioma_tumor/gg (662).jpg,gg (662).jpg,Training,glioma_tumor,glioma,9699478732437677848,424,train
/kaggle/input/datasets/sartajbhuvaji/brain-tumor-classification-mri/Training/glioma_tumor/gg (663).jpg,gg (663).jpg,Training,glioma_tumor,glioma,9681464333934421579,425,train
/kaggle/input/datasets/sartajbhuvaji/brain-tumor-classification-mri/Training/glioma_tumor/gg (664).jpg,gg (664).jpg,Training,glioma_tumor,glioma,14092956522868138873,426,cal
/kaggle/input/datasets/sartajbhuvaji/brain-tumor-classification-mri/Training/glioma_tumor/gg (665).jpg,gg (665).jpg,Training,glioma_tumor,glioma,14094927406050325049,427,train
/kaggle/input/datasets/sartajbhuvaji/brain-tumor-classification-mri/Training/glioma_tumor/gg (666).jpg,gg (666).jpg,Training,glioma_tumor,glioma,14094346863910990649,427,train
/kaggle/input/datasets/sartajbhuvaji/brain-tumor-classification-mri/Training/glioma_tumor/gg (667).jpg,gg (667).jpg,Training,glioma_tumor,glioma,14096053271597052472,427,train
/kaggle/input/datasets/sartajbhuvaji/brain-tumor-classification-mri/Training/glioma_tumor/gg (668).jpg,gg (668).jpg,Training,glioma_tumor,glioma,14091250587628630904,428,cal
/kaggle/input/datasets/sartajbhuvaji/brain-tumor-classification-mri/Training/glioma_tumor/gg (669).jpg,gg (669).jpg,Training,glioma_tumor,glioma,14270848257178362744,429,train
/kaggle/input/datasets/sartajbhuvaji/brain-tumor-classification-mri/Training/glioma_tumor/gg (67).jpg,gg (67).jpg,Training,glioma_tumor,glioma,10380584291773473265,430,test
/kaggle/input/datasets/sartajbhuvaji/brain-tumor-classification-mri/Training/glioma_tumor/gg (670).jpg,gg (670).jpg,Training,glioma_tumor,glioma,14288863755123697516,431,train
/kaggle/input/datasets/sartajbhuvaji/brain-tumor-classification-mri/Training/glioma_tumor/gg (671).jpg,gg (671).jpg,Training,glioma_tumor,glioma,14288863420116247405,431,train
/kaggle/input/datasets/sartajbhuvaji/brain-tumor-classification-mri/Training/glioma_tumor/gg (672).jpg,gg (672).jpg,Training,glioma_tumor,glioma,10850359848404083565,432,train
/kaggle/input/datasets/sartajbhuvaji/brain-tumor-classification-mri/Training/glioma_tumor/gg (673).jpg,gg (673).jpg,Training,glioma_tumor,glioma,10850922798353310573,432,train
/kaggle/input/datasets/sartajbhuvaji/brain-tumor-classification-mri/Training/glioma_tumor/gg (674).jpg,gg (674).jpg,Training,glioma_tumor,glioma,13951921676825993576,433,train
/kaggle/input/datasets/sartajbhuvaji/brain-tumor-classification-mri/Training/glioma_tumor/gg (675).jpg,gg (675).jpg,Training,glioma_tumor,glioma,13951355428337705289,433,train
/kaggle/input/datasets/sartajbhuvaji/brain-tumor-classification-mri/Training/glioma_tumor/gg (676).jpg,gg (676).jpg,Training,glioma_tumor,glioma,13951359826388525385,433,train
/kaggle/input/datasets/sartajbhuvaji/brain-tumor-classification-mri/Training/glioma_tumor/gg (677).jpg,gg (677).jpg,Training,glioma_tumor,glioma,14095473914927898953,434,train
/kaggle/input/datasets/sartajbhuvaji/brain-tumor-classification-mri/Training/glioma_tumor/gg (678).jpg,gg (678).jpg,Training,glioma_tumor,glioma,14095263916595331177,435,train
/kaggle/input/datasets/sartajbhuvaji/brain-tumor-classification-mri/Training/glioma_tumor/gg (679).jpg,gg (679).jpg,Training,glioma_tumor,glioma,14095211062753413481,436,train
/kaggle/input/datasets/sartajbhuvaji/brain-tumor-classification-mri/Training/glioma_tumor/gg (68).jpg,gg (68).jpg,Training,glioma_tumor,glioma,10793790030332045672,437,train
/kaggle/input/datasets/sartajbhuvaji/brain-tumor-classification-mri/Training/glioma_tumor/gg (680).jpg,gg (680).jpg,Training,glioma_tumor,glioma,9788989536356344113,438,test
/kaggle/input/datasets/sartajbhuvaji/brain-tumor-classification-mri/Training/glioma_tumor/gg (681).jpg,gg (681).jpg,Training,glioma_tumor,glioma,9788989536079537697,439,train
/kaggle/input/datasets/sartajbhuvaji/brain-tumor-classification-mri/Training/glioma_tumor/gg (682).jpg,gg (682).jpg,Training,glioma_tumor,glioma,9788987319893386849,439,train
/kaggle/input/datasets/sartajbhuvaji/brain-tumor-classification-mri/Training/glioma_tumor/gg (683).jpg,gg (683).jpg,Training,glioma_tumor,glioma,10896872982846907489,440,train
/kaggle/input/datasets/sartajbhuvaji/brain-tumor-classification-mri/Training/glioma_tumor/gg (684).jpg,gg (684).jpg,Training,glioma_tumor,glioma,9761965859569672545,440,train
/kaggle/input/datasets/sartajbhuvaji/brain-tumor-classification-mri/Training/glioma_tumor/gg (685).jpg,gg (685).jpg,Training,glioma_tumor,glioma,13839332373136681016,441,train
/kaggle/input/datasets/sartajbhuvaji/brain-tumor-classification-mri/Training/glioma_tumor/gg (686).jpg,gg (686).jpg,Training,glioma_tumor,glioma,13843273435399072104,442,train
/kaggle/input/datasets/sartajbhuvaji/brain-tumor-classification-mri/Training/glioma_tumor/gg (687).jpg,gg (687).jpg,Training,glioma_tumor,glioma,13843272610500197728,443,cal
/kaggle/input/datasets/sartajbhuvaji/brain-tumor-classification-mri/Training/glioma_tumor/gg (688).jpg,gg (688).jpg,Training,glioma_tumor,glioma,14284410522381530514,444,train
/kaggle/input/datasets/sartajbhuvaji/brain-tumor-classification-mri/Training/glioma_tumor/gg (689).jpg,gg (689).jpg,Training,glioma_tumor,glioma,14140858284477064370,445,train
/kaggle/input/datasets/sartajbhuvaji/brain-tumor-classification-mri/Training/glioma_tumor/gg (69).jpg,gg (69).jpg,Training,glioma_tumor,glioma,10721727497903810657,446,val
/kaggle/input/datasets/sartajbhuvaji/brain-tumor-classification-mri/Training/glioma_tumor/gg (690).jpg,gg (690).jpg,Training,glioma_tumor,glioma,10910039779689503690,447,train
/kaggle/input/datasets/sartajbhuvaji/brain-tumor-classification-mri/Training/glioma_tumor/gg (691).jpg,gg (691).jpg,Training,glioma_tumor,glioma,10837982185701915586,447,train
/kaggle/input/datasets/sartajbhuvaji/brain-tumor-classification-mri/Training/glioma_tumor/gg (692).jpg,gg (692).jpg,Training,glioma_tumor,glioma,9685341060855116678,448,train
/kaggle/input/datasets/sartajbhuvaji/brain-tumor-classification-mri/Training/glioma_tumor/gg (693).jpg,gg (693).jpg,Training,glioma_tumor,glioma,14297028283747951491,449,train
/kaggle/input/datasets/sartajbhuvaji/brain-tumor-classification-mri/Training/glioma_tumor/gg (694).jpg,gg (694).jpg,Training,glioma_tumor,glioma,9685060785982028742,450,train
/kaggle/input/datasets/sartajbhuvaji/brain-tumor-classification-mri/Training/glioma_tumor/gg (695).jpg,gg (695).jpg,Training,glioma_tumor,glioma,10838262633908822919,451,train
/kaggle/input/datasets/sartajbhuvaji/brain-tumor-classification-mri/Training/glioma_tumor/gg (696).jpg,gg (696).jpg,Training,glioma_tumor,glioma,14297027079282254742,448,train
/kaggle/input/datasets/sartajbhuvaji/brain-tumor-classification-mri/Training/glioma_tumor/gg (697).jpg,gg (697).jpg,Training,glioma_tumor,glioma,14297027079278347166,448,train
/kaggle/input/datasets/sartajbhuvaji/brain-tumor-classification-mri/Training/glioma_tumor/gg (698).jpg,gg (698).jpg,Training,glioma_tumor,glioma,14283510782787773043,452,train
/kaggle/input/datasets/sartajbhuvaji/brain-tumor-classification-mri/Training/glioma_tumor/gg (699).jpg,gg (699).jpg,Training,glioma_tumor,glioma,14296739901340935795,453,train
/kaggle/input/datasets/sartajbhuvaji/brain-tumor-classification-mri/Training/glioma_tumor/gg (7).jpg,gg (7).jpg,Training,glioma_tumor,glioma,9468317600472818638,454,train
/kaggle/input/datasets/sartajbhuvaji/brain-tumor-classification-mri/Training/glioma_tumor/gg (70).jpg,gg (70).jpg,Training,glioma_tumor,glioma,10739742446169122913,446,val
/kaggle/input/datasets/sartajbhuvaji/brain-tumor-classification-mri/Training/glioma_tumor/gg (700).jpg,gg (700).jpg,Training,glioma_tumor,glioma,14283284077368075827,455,train
/kaggle/input/datasets/sartajbhuvaji/brain-tumor-classification-mri/Training/glioma_tumor/gg (701).jpg,gg (701).jpg,Training,glioma_tumor,glioma,14283284077368075379,455,train
/kaggle/input/datasets/sartajbhuvaji/brain-tumor-classification-mri/Training/glioma_tumor/gg (702).jpg,gg (702).jpg,Training,glioma_tumor,glioma,14065917427545420391,456,train
/kaggle/input/datasets/sartajbhuvaji/brain-tumor-classification-mri/Training/glioma_tumor/gg (703).jpg,gg (703).jpg,Training,glioma_tumor,glioma,14289421997818143340,418,train
/kaggle/input/datasets/sartajbhuvaji/brain-tumor-classification-mri/Training/glioma_tumor/gg (704).jpg,gg (704).jpg,Training,glioma_tumor,glioma,10634806636846113586,457,test
/kaggle/input/datasets/sartajbhuvaji/brain-tumor-classification-mri/Training/glioma_tumor/gg (705).jpg,gg (705).jpg,Training,glioma_tumor,glioma,10635088189135622962,458,train
/kaggle/input/datasets/sartajbhuvaji/brain-tumor-classification-mri/Training/glioma_tumor/gg (706).jpg,gg (706).jpg,Training,glioma_tumor,glioma,13996113613034631212,459,train
/kaggle/input/datasets/sartajbhuvaji/brain-tumor-classification-mri/Training/glioma_tumor/gg (707).jpg,gg (707).jpg,Training,glioma_tumor,glioma,13991610013394888744,460,train
/kaggle/input/datasets/sartajbhuvaji/brain-tumor-classification-mri/Training/glioma_tumor/gg (708).jpg,gg (708).jpg,Training,glioma_tumor,glioma,13991610022250620000,461,test
/kaggle/input/datasets/sartajbhuvaji/brain-tumor-classification-mri/Training/glioma_tumor/gg (709).jpg,gg (709).jpg,Training,glioma_tumor,glioma,9685059397640009417,462,test
/kaggle/input/datasets/sartajbhuvaji/brain-tumor-classification-mri/Training/glioma_tumor/gg (71).jpg,gg (71).jpg,Training,glioma_tumor,glioma,10745090470693055585,446,val
/kaggle/input/datasets/sartajbhuvaji/brain-tumor-classification-mri/Training/glioma_tumor/gg (710).jpg,gg (710).jpg,Training,glioma_tumor,glioma,9685059414953964353,463,cal
/kaggle/input/datasets/sartajbhuvaji/brain-tumor-classification-mri/Training/glioma_tumor/gg (711).jpg,gg (711).jpg,Training,glioma_tumor,glioma,9685340821211459681,463,cal
/kaggle/input/datasets/sartajbhuvaji/brain-tumor-classification-mri/Training/glioma_tumor/gg (712).jpg,gg (712).jpg,Training,glioma_tumor,glioma,10837963327370836067,464,train
/kaggle/input/datasets/sartajbhuvaji/brain-tumor-classification-mri/Training/glioma_tumor/gg (713).jpg,gg (713).jpg,Training,glioma_tumor,glioma,13996131458619695154,465,train
/kaggle/input/datasets/sartajbhuvaji/brain-tumor-classification-mri/Training/glioma_tumor/gg (714).jpg,gg (714).jpg,Training,glioma_tumor,glioma,13996131458887082288,465,train
/kaggle/input/datasets/sartajbhuvaji/brain-tumor-classification-mri/Training/glioma_tumor/gg (715).jpg,gg (715).jpg,Training,glioma_tumor,glioma,13996109270822040721,466,train
/kaggle/input/datasets/sartajbhuvaji/brain-tumor-classification-mri/Training/glioma_tumor/gg (716).jpg,gg (716).jpg,Training,glioma_tumor,glioma,13991605671186346161,466,train
/kaggle/input/datasets/sartajbhuvaji/brain-tumor-classification-mri/Training/glioma_tumor/gg (717).jpg,gg (717).jpg,Training,glioma_tumor,glioma,13996109279470761168,467,val
/kaggle/input/datasets/sartajbhuvaji/brain-tumor-classification-mri/Training/glioma_tumor/gg (718).jpg,gg (718).jpg,Training,glioma_tumor,glioma,13864946235501195939,468,train
/kaggle/input/datasets/sartajbhuvaji/brain-tumor-classification-mri/Training/glioma_tumor/gg (719).jpg,gg (719).jpg,Training,glioma_tumor,glioma,13847213415046590690,469,test
/kaggle/input/datasets/sartajbhuvaji/brain-tumor-classification-mri/Training/glioma_tumor/gg (72).jpg,gg (72).jpg,Training,glioma_tumor,glioma,10747130467454040163,470,train
/kaggle/input/datasets/sartajbhuvaji/brain-tumor-classification-mri/Training/glioma_tumor/gg (720).jpg,gg (720).jpg,Training,glioma_tumor,glioma,13865227813220530402,469,test
/kaggle/input/datasets/sartajbhuvaji/brain-tumor-classification-mri/Training/glioma_tumor/gg (721).jpg,gg (721).jpg,Training,glioma_tumor,glioma,13847213414657583282,471,val
/kaggle/input/datasets/sartajbhuvaji/brain-tumor-classification-mri/Training/glioma_tumor/gg (722).jpg,gg (722).jpg,Training,glioma_tumor,glioma,13852908060190712851,472,train
/kaggle/input/datasets/sartajbhuvaji/brain-tumor-classification-mri/Training/glioma_tumor/gg (723).jpg,gg (723).jpg,Training,glioma_tumor,glioma,13924965654230738051,472,train
/kaggle/input/datasets/sartajbhuvaji/brain-tumor-classification-mri/Training/glioma_tumor/gg (724).jpg,gg (724).jpg,Training,glioma_tumor,glioma,15215743859078423750,473,train
/kaggle/input/datasets/sartajbhuvaji/brain-tumor-classification-mri/Training/glioma_tumor/gg (725).jpg,gg (725).jpg,Training,glioma_tumor,glioma,13924336613504266659,474,val
/kaggle/input/datasets/sartajbhuvaji/brain-tumor-classification-mri/Training/glioma_tumor/gg (726).jpg,gg (726).jpg,Training,glioma_tumor,glioma,9239532849363761122,475,train
/kaggle/input/datasets/sartajbhuvaji/brain-tumor-classification-mri/Training/glioma_tumor/gg (727).jpg,gg (727).jpg,Training,glioma_tumor,glioma,13852274655663171974,476,train
/kaggle/input/datasets/sartajbhuvaji/brain-tumor-classification-mri/Training/glioma_tumor/gg (728).jpg,gg (728).jpg,Training,glioma_tumor,glioma,14108228185403843736,406,train
/kaggle/input/datasets/sartajbhuvaji/brain-tumor-classification-mri/Training/glioma_tumor/gg (729).jpg,gg (729).jpg,Training,glioma_tumor,glioma,9785049362226095162,477,test
/kaggle/input/datasets/sartajbhuvaji/brain-tumor-classification-mri/Training/glioma_tumor/gg (73).jpg,gg (73).jpg,Training,glioma_tumor,glioma,10747693692285364321,470,train
/kaggle/input/datasets/sartajbhuvaji/brain-tumor-classification-mri/Training/glioma_tumor/gg (730).jpg,gg (730).jpg,Training,glioma_tumor,glioma,9749020531912746298,477,test
/kaggle/input/datasets/sartajbhuvaji/brain-tumor-classification-mri/Training/glioma_tumor/gg (731).jpg,gg (731).jpg,Training,glioma_tumor,glioma,9753524130481055290,477,test
/kaggle/input/datasets/sartajbhuvaji/brain-tumor-classification-mri/Training/glioma_tumor/gg (732).jpg,gg (732).jpg,Training,glioma_tumor,glioma,9758025531086218810,477,test
/kaggle/input/datasets/sartajbhuvaji/brain-tumor-classification-mri/Training/glioma_tumor/gg (733).jpg,gg (733).jpg,Training,glioma_tumor,glioma,14079166181613384219,478,test
/kaggle/input/datasets/sartajbhuvaji/brain-tumor-classification-mri/Training/glioma_tumor/gg (734).jpg,gg (734).jpg,Training,glioma_tumor,glioma,14006809576448878106,479,test
/kaggle/input/datasets/sartajbhuvaji/brain-tumor-classification-mri/Training/glioma_tumor/gg (735).jpg,gg (735).jpg,Training,glioma_tumor,glioma,14007108795009212568,480,val
/kaggle/input/datasets/sartajbhuvaji/brain-tumor-classification-mri/Training/glioma_tumor/gg (736).jpg,gg (736).jpg,Training,glioma_tumor,glioma,14036382711863715122,481,train
/kaggle/input/datasets/sartajbhuvaji/brain-tumor-classification-mri/Training/glioma_tumor/gg (737).jpg,gg (737).jpg,Training,glioma_tumor,glioma,9748950369317562258,482,train
/kaggle/input/datasets/sartajbhuvaji/brain-tumor-classification-mri/Training/glioma_tumor/gg (738).jpg,gg (738).jpg,Training,glioma_tumor,glioma,10901869674634815442,482,train
/kaggle/input/datasets/sartajbhuvaji/brain-tumor-classification-mri/Training/glioma_tumor/gg (739).jpg,gg (739).jpg,Training,glioma_tumor,glioma,10901940043393410842,482,train
/kaggle/input/datasets/sartajbhuvaji/brain-tumor-classification-mri/Training/glioma_tumor/gg (74).jpg,gg (74).jpg,Training,glioma_tumor,glioma,10749382344812028201,38,train
/kaggle/input/datasets/sartajbhuvaji/brain-tumor-classification-mri/Training/glioma_tumor/gg (740).jpg,gg (740).jpg,Training,glioma_tumor,glioma,9748948170042386331,482,train
/kaggle/input/datasets/sartajbhuvaji/brain-tumor-classification-mri/Training/glioma_tumor/gg (741).jpg,gg (741).jpg,Training,glioma_tumor,glioma,14022588290791465780,483,train
/kaggle/input/datasets/sartajbhuvaji/brain-tumor-classification-mri/Training/glioma_tumor/gg (742).jpg,gg (742).jpg,Training,glioma_tumor,glioma,14023714190698324786,483,train
/kaggle/input/datasets/sartajbhuvaji/brain-tumor-classification-mri/Training/glioma_tumor/gg (743).jpg,gg (743).jpg,Training,glioma_tumor,glioma,14023714189624657714,483,train
/kaggle/input/datasets/sartajbhuvaji/brain-tumor-classification-mri/Training/glioma_tumor/gg (744).jpg,gg (744).jpg,Training,glioma_tumor,glioma,14095208972221858672,484,train
/kaggle/input/datasets/sartajbhuvaji/brain-tumor-classification-mri/Training/glioma_tumor/gg (745).jpg,gg (745).jpg,Training,glioma_tumor,glioma,14165575443440820333,485,val
/kaggle/input/datasets/sartajbhuvaji/brain-tumor-classification-mri/Training/glioma_tumor/gg (746).jpg,gg (746).jpg,Training,glioma_tumor,glioma,14167264293032780845,485,val
/kaggle/input/datasets/sartajbhuvaji/brain-tumor-classification-mri/Training/glioma_tumor/gg (747).jpg,gg (747).jpg,Training,glioma_tumor,glioma,14167268623569347725,486,val
/kaggle/input/datasets/sartajbhuvaji/brain-tumor-classification-mri/Training/glioma_tumor/gg (748).jpg,gg (748).jpg,Training,glioma_tumor,glioma,14131798515626239180,487,test
/kaggle/input/datasets/sartajbhuvaji/brain-tumor-classification-mri/Training/glioma_tumor/gg (749).jpg,gg (749).jpg,Training,glioma_tumor,glioma,14131798515634627684,487,test
/kaggle/input/datasets/sartajbhuvaji/brain-tumor-classification-mri/Training/glioma_tumor/gg (75).jpg,gg (75).jpg,Training,glioma_tumor,glioma,10749311967211055457,488,train
/kaggle/input/datasets/sartajbhuvaji/brain-tumor-classification-mri/Training/glioma_tumor/gg (750).jpg,gg (750).jpg,Training,glioma_tumor,glioma,14131798514627993646,487,test
/kaggle/input/datasets/sartajbhuvaji/brain-tumor-classification-mri/Training/glioma_tumor/gg (751).jpg,gg (751).jpg,Training,glioma_tumor,glioma,14010469416787386904,489,train
/kaggle/input/datasets/sartajbhuvaji/brain-tumor-classification-mri/Training/glioma_tumor/gg (752).jpg,gg (752).jpg,Training,glioma_tumor,glioma,14009343516880282170,489,train
/kaggle/input/datasets/sartajbhuvaji/brain-tumor-classification-mri/Training/glioma_tumor/gg (753).jpg,gg (753).jpg,Training,glioma_tumor,glioma,14009904267810448155,489,train
/kaggle/input/datasets/sartajbhuvaji/brain-tumor-classification-mri/Training/glioma_tumor/gg (754).jpg,gg (754).jpg,Training,glioma_tumor,glioma,10850993158513845860,325,train
/kaggle/input/datasets/sartajbhuvaji/brain-tumor-classification-mri/Training/glioma_tumor/gg (755).jpg,gg (755).jpg,Training,glioma_tumor,glioma,14355341666912822370,490,train
/kaggle/input/datasets/sartajbhuvaji/brain-tumor-classification-mri/Training/glioma_tumor/gg (756).jpg,gg (756).jpg,Training,glioma_tumor,glioma,14067114623638845794,491,train
/kaggle/input/datasets/sartajbhuvaji/brain-tumor-classification-mri/Training/glioma_tumor/gg (757).jpg,gg (757).jpg,Training,glioma_tumor,glioma,13996109468655578145,492,train
/kaggle/input/datasets/sartajbhuvaji/brain-tumor-classification-mri/Training/glioma_tumor/gg (758).jpg,gg (758).jpg,Training,glioma_tumor,glioma,13996127060774513697,492,train
/kaggle/input/datasets/sartajbhuvaji/brain-tumor-classification-mri/Training/glioma_tumor/gg (759).jpg,gg (759).jpg,Training,glioma_tumor,glioma,13983461202291666996,493,train
/kaggle/input/datasets/sartajbhuvaji/brain-tumor-classification-mri/Training/glioma_tumor/gg (76).jpg,gg (76).jpg,Training,glioma_tumor,glioma,10749101075976970537,38,train
/kaggle/input/datasets/sartajbhuvaji/brain-tumor-classification-mri/Training/glioma_tumor/gg (760).jpg,gg (760).jpg,Training,glioma_tumor,glioma,14001473418692145204,494,test
/kaggle/input/datasets/sartajbhuvaji/brain-tumor-classification-mri/Training/glioma_tumor/gg (761).jpg,gg (761).jpg,Training,glioma_tumor,glioma,13982896070497690674,495,train
/kaggle/input/datasets/sartajbhuvaji/brain-tumor-classification-mri/Training/glioma_tumor/gg (762).jpg,gg (762).jpg,Training,glioma_tumor,glioma,10766481774615028326,496,train
/kaggle/input/datasets/sartajbhuvaji/brain-tumor-classification-mri/Training/glioma_tumor/gg (763).jpg,gg (763).jpg,Training,glioma_tumor,glioma,10766481774615028326,496,train
/kaggle/input/datasets/sartajbhuvaji/brain-tumor-classification-mri/Training/glioma_tumor/gg (764).jpg,gg (764).jpg,Training,glioma_tumor,glioma,10766486172661280807,496,train
/kaggle/input/datasets/sartajbhuvaji/brain-tumor-classification-mri/Training/glioma_tumor/gg (765).jpg,gg (765).jpg,Training,glioma_tumor,glioma,13838785848190461284,497,train
/kaggle/input/datasets/sartajbhuvaji/brain-tumor-classification-mri/Training/glioma_tumor/gg (766).jpg,gg (766).jpg,Training,glioma_tumor,glioma,13843290546257422624,498,train
/kaggle/input/datasets/sartajbhuvaji/brain-tumor-classification-mri/Training/glioma_tumor/gg (767).jpg,gg (767).jpg,Training,glioma_tumor,glioma,13879319206106261600,499,train
/kaggle/input/datasets/sartajbhuvaji/brain-tumor-classification-mri/Training/glioma_tumor/gg (768).jpg,gg (768).jpg,Training,glioma_tumor,glioma,13879319214693050417,499,train
/kaggle/input/datasets/sartajbhuvaji/brain-tumor-classification-mri/Training/glioma_tumor/gg (769).jpg,gg (769).jpg,Training,glioma_tumor,glioma,13879301622513295409,499,train
/kaggle/input/datasets/sartajbhuvaji/brain-tumor-classification-mri/Training/glioma_tumor/gg (77).jpg,gg (77).jpg,Training,glioma_tumor,glioma,10740867855612406057,38,train
/kaggle/input/datasets/sartajbhuvaji/brain-tumor-classification-mri/Training/glioma_tumor/gg (770).jpg,gg (770).jpg,Training,glioma_tumor,glioma,13879020216254030881,499,train
/kaggle/input/datasets/sartajbhuvaji/brain-tumor-classification-mri/Training/glioma_tumor/gg (771).jpg,gg (771).jpg,Training,glioma_tumor,glioma,13879085912075281469,500,train
/kaggle/input/datasets/sartajbhuvaji/brain-tumor-classification-mri/Training/glioma_tumor/gg (772).jpg,gg (772).jpg,Training,glioma_tumor,glioma,9676053134012920888,501,train
/kaggle/input/datasets/sartajbhuvaji/brain-tumor-classification-mri/Training/glioma_tumor/gg (773).jpg,gg (773).jpg,Training,glioma_tumor,glioma,9676333500908976180,502,train
/kaggle/input/datasets/sartajbhuvaji/brain-tumor-classification-mri/Training/glioma_tumor/gg (774).jpg,gg (774).jpg,Training,glioma_tumor,glioma,10829255142929741872,502,train
/kaggle/input/datasets/sartajbhuvaji/brain-tumor-classification-mri/Training/glioma_tumor/gg (775).jpg,gg (775).jpg,Training,glioma_tumor,glioma,9676333612552745013,503,train
/kaggle/input/datasets/sartajbhuvaji/brain-tumor-classification-mri/Training/glioma_tumor/gg (776).jpg,gg (776).jpg,Training,glioma_tumor,glioma,9788694930588479589,504,train
/kaggle/input/datasets/sartajbhuvaji/brain-tumor-classification-mri/Training/glioma_tumor/gg (777).jpg,gg (777).jpg,Training,glioma_tumor,glioma,9788690601277928033,505,train
/kaggle/input/datasets/sartajbhuvaji/brain-tumor-classification-mri/Training/glioma_tumor/gg (778).jpg,gg (778).jpg,Training,glioma_tumor,glioma,9788688367895228979,506,val
/kaggle/input/datasets/sartajbhuvaji/brain-tumor-classification-mri/Training/glioma_tumor/gg (779).jpg,gg (779).jpg,Training,glioma_tumor,glioma,9716631804649452083,506,val
/kaggle/input/datasets/sartajbhuvaji/brain-tumor-classification-mri/Training/glioma_tumor/gg (78).jpg,gg (78).jpg,Training,glioma_tumor,glioma,10739812195604914473,38,train
/kaggle/input/datasets/sartajbhuvaji/brain-tumor-classification-mri/Training/glioma_tumor/gg (780).jpg,gg (780).jpg,Training,glioma_tumor,glioma,9716632354271064627,506,val
/kaggle/input/datasets/sartajbhuvaji/brain-tumor-classification-mri/Training/glioma_tumor/gg (781).jpg,gg (781).jpg,Training,glioma_tumor,glioma,13852907940135051557,507,test
/kaggle/input/datasets/sartajbhuvaji/brain-tumor-classification-mri/Training/glioma_tumor/gg (782).jpg,gg (782).jpg,Training,glioma_tumor,glioma,13852925532253988132,507,test
/kaggle/input/datasets/sartajbhuvaji/brain-tumor-classification-mri/Training/glioma_tumor/gg (783).jpg,gg (783).jpg,Training,glioma_tumor,glioma,13852907944361863136,508,train
/kaggle/input/datasets/sartajbhuvaji/brain-tumor-classification-mri/Training/glioma_tumor/gg (784).jpg,gg (784).jpg,Training,glioma_tumor,glioma,13996972554899698656,509,train
/kaggle/input/datasets/sartajbhuvaji/brain-tumor-classification-mri/Training/glioma_tumor/gg (785).jpg,gg (785).jpg,Training,glioma_tumor,glioma,13996968169873421282,510,train
/kaggle/input/datasets/sartajbhuvaji/brain-tumor-classification-mri/Training/glioma_tumor/gg (786).jpg,gg (786).jpg,Training,glioma_tumor,glioma,13991903269291898598,511,test
/kaggle/input/datasets/sartajbhuvaji/brain-tumor-classification-mri/Training/glioma_tumor/gg (787).jpg,gg (787).jpg,Training,glioma_tumor,glioma,14068182975179535302,512,train
/kaggle/input/datasets/sartajbhuvaji/brain-tumor-classification-mri/Training/glioma_tumor/gg (788).jpg,gg (788).jpg,Training,glioma_tumor,glioma,14131022877958694053,513,test
/kaggle/input/datasets/sartajbhuvaji/brain-tumor-classification-mri/Training/glioma_tumor/gg (789).jpg,gg (789).jpg,Training,glioma_tumor,glioma,14127574775201097909,514,train
/kaggle/input/datasets/sartajbhuvaji/brain-tumor-classification-mri/Training/glioma_tumor/gg (79).jpg,gg (79).jpg,Training,glioma_tumor,glioma,10739746224907757665,38,train
/kaggle/input/datasets/sartajbhuvaji/brain-tumor-classification-mri/Training/glioma_tumor/gg (790).jpg,gg (790).jpg,Training,glioma_tumor,glioma,14127574775134251189,514,train
/kaggle/input/datasets/sartajbhuvaji/brain-tumor-classification-mri/Training/glioma_tumor/gg (791).jpg,gg (791).jpg,Training,glioma_tumor,glioma,9592520563799434164,515,train
/kaggle/input/datasets/sartajbhuvaji/brain-tumor-classification-mri/Training/glioma_tumor/gg (792).jpg,gg (792).jpg,Training,glioma_tumor,glioma,9592239084657797030,516,cal
/kaggle/input/datasets/sartajbhuvaji/brain-tumor-classification-mri/Training/glioma_tumor/gg (793).jpg,gg (793).jpg,Training,glioma_tumor,glioma,9519337409287120548,513,test
/kaggle/input/datasets/sartajbhuvaji/brain-tumor-classification-mri/Training/glioma_tumor/gg (794).jpg,gg (794).jpg,Training,glioma_tumor,glioma,10896592206817617558,517,val
/kaggle/input/datasets/sartajbhuvaji/brain-tumor-classification-mri/Training/glioma_tumor/gg (795).jpg,gg (795).jpg,Training,glioma_tumor,glioma,10896594406985901202,588,train
/kaggle/input/datasets/sartajbhuvaji/brain-tumor-classification-mri/Training/glioma_tumor/gg (796).jpg,gg (796).jpg,Training,glioma_tumor,glioma,9601246013195494626,518,train
/kaggle/input/datasets/sartajbhuvaji/brain-tumor-classification-mri/Training/glioma_tumor/gg (797).jpg,gg (797).jpg,Training,glioma_tumor,glioma,9592238814074578534,519,train
/kaggle/input/datasets/sartajbhuvaji/brain-tumor-classification-mri/Training/glioma_tumor/gg (798).jpg,gg (798).jpg,Training,glioma_tumor,glioma,9592238814066189669,519,train
/kaggle/input/datasets/sartajbhuvaji/brain-tumor-classification-mri/Training/glioma_tumor/gg (799).jpg,gg (799).jpg,Training,glioma_tumor,glioma,9600120183211434277,520,train
/kaggle/input/datasets/sartajbhuvaji/brain-tumor-classification-mri/Training/glioma_tumor/gg (8).jpg,gg (8).jpg,Training,glioma_tumor,glioma,10621245701814051726,1,test
/kaggle/input/datasets/sartajbhuvaji/brain-tumor-classification-mri/Training/glioma_tumor/gg (80).jpg,gg (80).jpg,Training,glioma_tumor,glioma,10739746224907772200,38,train
/kaggle/input/datasets/sartajbhuvaji/brain-tumor-classification-mri/Training/glioma_tumor/gg (800).jpg,gg (800).jpg,Training,glioma_tumor,glioma,9592221050354032945,521,train
/kaggle/input/datasets/sartajbhuvaji/brain-tumor-classification-mri/Training/glioma_tumor/gg (801).jpg,gg (801).jpg,Training,glioma_tumor,glioma,9592221320676977953,522,train
/kaggle/input/datasets/sartajbhuvaji/brain-tumor-classification-mri/Training/glioma_tumor/gg (802).jpg,gg (802).jpg,Training,glioma_tumor,glioma,9591112944488376613,1444,train
/kaggle/input/datasets/sartajbhuvaji/brain-tumor-classification-mri/Training/glioma_tumor/gg (803).jpg,gg (803).jpg,Training,glioma_tumor,glioma,10838261754649273230,523,cal
/kaggle/input/datasets/sartajbhuvaji/brain-tumor-classification-mri/Training/glioma_tumor/gg (804).jpg,gg (804).jpg,Training,glioma_tumor,glioma,9685335302240039822,523,cal
/kaggle/input/datasets/sartajbhuvaji/brain-tumor-classification-mri/Training/glioma_tumor/gg (805).jpg,gg (805).jpg,Training,glioma_tumor,glioma,9685335302242136966,523,cal
/kaggle/input/datasets/sartajbhuvaji/brain-tumor-classification-mri/Training/glioma_tumor/gg (806).jpg,gg (806).jpg,Training,glioma_tumor,glioma,9685335302242202054,523,cal
/kaggle/input/datasets/sartajbhuvaji/brain-tumor-classification-mri/Training/glioma_tumor/gg (807).jpg,gg (807).jpg,Training,glioma_tumor,glioma,9685337501263344071,523,cal
/kaggle/input/datasets/sartajbhuvaji/brain-tumor-classification-mri/Training/glioma_tumor/gg (808).jpg,gg (808).jpg,Training,glioma_tumor,glioma,14297027113772937351,524,train
/kaggle/input/datasets/sartajbhuvaji/brain-tumor-classification-mri/Training/glioma_tumor/gg (809).jpg,gg (809).jpg,Training,glioma_tumor,glioma,9591042993167065449,525,train
/kaggle/input/datasets/sartajbhuvaji/brain-tumor-classification-mri/Training/glioma_tumor/gg (81).jpg,gg (81).jpg,Training,glioma_tumor,glioma,10739746293606408520,38,train
/kaggle/input/datasets/sartajbhuvaji/brain-tumor-classification-mri/Training/glioma_tumor/gg (810).jpg,gg (810).jpg,Training,glioma_tumor,glioma,9591113048647119209,526,train
/kaggle/input/datasets/sartajbhuvaji/brain-tumor-classification-mri/Training/glioma_tumor/gg (811).jpg,gg (811).jpg,Training,glioma_tumor,glioma,9591113499617534305,527,train
/kaggle/input/datasets/sartajbhuvaji/brain-tumor-classification-mri/Training/glioma_tumor/gg (812).jpg,gg (812).jpg,Training,glioma_tumor,glioma,9592239124379083105,527,train
/kaggle/input/datasets/sartajbhuvaji/brain-tumor-classification-mri/Training/glioma_tumor/gg (813).jpg,gg (813).jpg,Training,glioma_tumor,glioma,13996406096011605234,528,train
/kaggle/input/datasets/sartajbhuvaji/brain-tumor-classification-mri/Training/glioma_tumor/gg (814).jpg,gg (814).jpg,Training,glioma_tumor,glioma,13987122575933908071,529,train
/kaggle/input/datasets/sartajbhuvaji/brain-tumor-classification-mri/Training/glioma_tumor/gg (815).jpg,gg (815).jpg,Training,glioma_tumor,glioma,13987122472871470182,529,train
/kaggle/input/datasets/sartajbhuvaji/brain-tumor-classification-mri/Training/glioma_tumor/gg (816).jpg,gg (816).jpg,Training,glioma_tumor,glioma,13987107079708554342,529,train
/kaggle/input/datasets/sartajbhuvaji/brain-tumor-classification-mri/Training/glioma_tumor/gg (817).jpg,gg (817).jpg,Training,glioma_tumor,glioma,13987106667391693924,529,train
/kaggle/input/datasets/sartajbhuvaji/brain-tumor-classification-mri/Training/glioma_tumor/gg (818).jpg,gg (818).jpg,Training,glioma_tumor,glioma,10910313305738699447,530,train
/kaggle/input/datasets/sartajbhuvaji/brain-tumor-classification-mri/Training/glioma_tumor/gg (819).jpg,gg (819).jpg,Training,glioma_tumor,glioma,10910313855226143671,530,train
/kaggle/input/datasets/sartajbhuvaji/brain-tumor-classification-mri/Training/glioma_tumor/gg (82).jpg,gg (82).jpg,Training,glioma_tumor,glioma,10739746285049897289,38,train
/kaggle/input/datasets/sartajbhuvaji/brain-tumor-classification-mri/Training/glioma_tumor/gg (820).jpg,gg (820).jpg,Training,glioma_tumor,glioma,10850975085291660897,531,train
/kaggle/input/datasets/sartajbhuvaji/brain-tumor-classification-mri/Training/glioma_tumor/gg (821).jpg,gg (821).jpg,Training,glioma_tumor,glioma,10923032679329588833,531,train
/kaggle/input/datasets/sartajbhuvaji/brain-tumor-classification-mri/Training/glioma_tumor/gg (822).jpg,gg (822).jpg,Training,glioma_tumor,glioma,10921906719360329315,532,train
/kaggle/input/datasets/sartajbhuvaji/brain-tumor-classification-mri/Training/glioma_tumor/gg (823).jpg,gg (823).jpg,Training,glioma_tumor,glioma,11426310968580552230,533,train
/kaggle/input/datasets/sartajbhuvaji/brain-tumor-classification-mri/Training/glioma_tumor/gg (824).jpg,gg (824).jpg,Training,glioma_tumor,glioma,11428281314871383654,534,train
/kaggle/input/datasets/sartajbhuvaji/brain-tumor-classification-mri/Training/glioma_tumor/gg (825).jpg,gg (825).jpg,Training,glioma_tumor,glioma,9756603961176565306,535,train
/kaggle/input/datasets/sartajbhuvaji/brain-tumor-classification-mri/Training/glioma_tumor/gg (826).jpg,gg (826).jpg,Training,glioma_tumor,glioma,9684493578928681064,536,train
/kaggle/input/datasets/sartajbhuvaji/brain-tumor-classification-mri/Training/glioma_tumor/gg (83).jpg,gg (83).jpg,Training,glioma_tumor,glioma,10757725443355849000,537,train
/kaggle/input/datasets/sartajbhuvaji/brain-tumor-classification-mri/Training/glioma_tumor/gg (84).jpg,gg (84).jpg,Training,glioma_tumor,glioma,10685667845029259576,538,train
/kaggle/input/datasets/sartajbhuvaji/brain-tumor-classification-mri/Training/glioma_tumor/gg (85).jpg,gg (85).jpg,Training,glioma_tumor,glioma,10685667639684508769,539,val
/kaggle/input/datasets/sartajbhuvaji/brain-tumor-classification-mri/Training/glioma_tumor/gg (86).jpg,gg (86).jpg,Training,glioma_tumor,glioma,10680350706346713443,5,cal
/kaggle/input/datasets/sartajbhuvaji/brain-tumor-classification-mri/Training/glioma_tumor/gg (87).jpg,gg (87).jpg,Training,glioma_tumor,glioma,10770954625533225320,540,train
/kaggle/input/datasets/sartajbhuvaji/brain-tumor-classification-mri/Training/glioma_tumor/gg (88).jpg,gg (88).jpg,Training,glioma_tumor,glioma,10761982881194582372,541,val
/kaggle/input/datasets/sartajbhuvaji/brain-tumor-classification-mri/Training/glioma_tumor/gg (89).jpg,gg (89).jpg,Training,glioma_tumor,glioma,10766486206745436644,542,train
/kaggle/input/datasets/sartajbhuvaji/brain-tumor-classification-mri/Training/glioma_tumor/gg (9).jpg,gg (9).jpg,Training,glioma_tumor,glioma,10621245702078292430,1,test
/kaggle/input/datasets/sartajbhuvaji/brain-tumor-classification-mri/Training/glioma_tumor/gg (90).jpg,gg (90).jpg,Training,glioma_tumor,glioma,10766486481634601316,908,train
/kaggle/input/datasets/sartajbhuvaji/brain-tumor-classification-mri/Training/glioma_tumor/gg (91).jpg,gg (91).jpg,Training,glioma_tumor,glioma,10749844217827175457,543,train
/kaggle/input/datasets/sartajbhuvaji/brain-tumor-classification-mri/Training/glioma_tumor/gg (92).jpg,gg (92).jpg,Training,glioma_tumor,glioma,10749276955726654503,985,train
/kaggle/input/datasets/sartajbhuvaji/brain-tumor-classification-mri/Training/glioma_tumor/gg (93).jpg,gg (93).jpg,Training,glioma_tumor,glioma,10461081695202389095,985,train
/kaggle/input/datasets/sartajbhuvaji/brain-tumor-classification-mri/Training/glioma_tumor/gg (94).jpg,gg (94).jpg,Training,glioma_tumor,glioma,9320855953701079864,544,train
/kaggle/input/datasets/sartajbhuvaji/brain-tumor-classification-mri/Training/glioma_tumor/gg (95).jpg,gg (95).jpg,Training,glioma_tumor,glioma,9320795481086498912,545,train
/kaggle/input/datasets/sartajbhuvaji/brain-tumor-classification-mri/Training/glioma_tumor/gg (96).jpg,gg (96).jpg,Training,glioma_tumor,glioma,10694675242615453793,908,train
/kaggle/input/datasets/sartajbhuvaji/brain-tumor-classification-mri/Training/glioma_tumor/gg (97).jpg,gg (97).jpg,Training,glioma_tumor,glioma,10694710426989506657,908,train
/kaggle/input/datasets/sartajbhuvaji/brain-tumor-classification-mri/Training/glioma_tumor/gg (98).jpg,gg (98).jpg,Training,glioma_tumor,glioma,10609489376671507559,985,train
/kaggle/input/datasets/sartajbhuvaji/brain-tumor-classification-mri/Training/glioma_tumor/gg (99).jpg,gg (99).jpg,Training,glioma_tumor,glioma,9454245710956029159,52,train
/kaggle/input/datasets/sartajbhuvaji/brain-tumor-classification-mri/Training/meningioma_tumor/m (10).jpg,m (10).jpg,Training,meningioma_tumor,meningioma,9744233119787476358,39,train
/kaggle/input/datasets/sartajbhuvaji/brain-tumor-classification-mri/Training/meningioma_tumor/m (100).jpg,m (100).jpg,Training,meningioma_tumor,meningioma,13899849643651248152,546,cal
/kaggle/input/datasets/sartajbhuvaji/brain-tumor-classification-mri/Training/meningioma_tumor/m (101).jpg,m (101).jpg,Training,meningioma_tumor,meningioma,13863816414291833881,547,train
/kaggle/input/datasets/sartajbhuvaji/brain-tumor-classification-mri/Training/meningioma_tumor/m (102).jpg,m (102).jpg,Training,meningioma_tumor,meningioma,14042851580301422648,548,train
/kaggle/input/datasets/sartajbhuvaji/brain-tumor-classification-mri/Training/meningioma_tumor/m (103).jpg,m (103).jpg,Training,meningioma_tumor,meningioma,14006822784339423379,549,train
/kaggle/input/datasets/sartajbhuvaji/brain-tumor-classification-mri/Training/meningioma_tumor/m (104).jpg,m (104).jpg,Training,meningioma_tumor,meningioma,14007104263537701267,549,train
/kaggle/input/datasets/sartajbhuvaji/brain-tumor-classification-mri/Training/meningioma_tumor/m (105).jpg,m (105).jpg,Training,meningioma_tumor,meningioma,14007104348699255955,550,train
/kaggle/input/datasets/sartajbhuvaji/brain-tumor-classification-mri/Training/meningioma_tumor/m (106).jpg,m (106).jpg,Training,meningioma_tumor,meningioma,14007104374410339462,551,train
/kaggle/input/datasets/sartajbhuvaji/brain-tumor-classification-mri/Training/meningioma_tumor/m (107).jpg,m (107).jpg,Training,meningioma_tumor,meningioma,13996129779410232974,552,cal
/kaggle/input/datasets/sartajbhuvaji/brain-tumor-classification-mri/Training/meningioma_tumor/m (108).jpg,m (108).jpg,Training,meningioma_tumor,meningioma,13994999489779754703,553,train
/kaggle/input/datasets/sartajbhuvaji/brain-tumor-classification-mri/Training/meningioma_tumor/m (109).jpg,m (109).jpg,Training,meningioma_tumor,meningioma,13995003883539751886,554,train
/kaggle/input/datasets/sartajbhuvaji/brain-tumor-classification-mri/Training/meningioma_tumor/m (11).jpg,m (11).jpg,Training,meningioma_tumor,meningioma,10896593873464157574,39,train
/kaggle/input/datasets/sartajbhuvaji/brain-tumor-classification-mri/Training/meningioma_tumor/m (110).jpg,m (110).jpg,Training,meningioma_tumor,meningioma,13995003746100962254,554,train
/kaggle/input/datasets/sartajbhuvaji/brain-tumor-classification-mri/Training/meningioma_tumor/m (111).jpg,m (111).jpg,Training,meningioma_tumor,meningioma,14067060245995906765,555,train
/kaggle/input/datasets/sartajbhuvaji/brain-tumor-classification-mri/Training/meningioma_tumor/m (112).jpg,m (112).jpg,Training,meningioma_tumor,meningioma,14067060245996160717,555,train
/kaggle/input/datasets/sartajbhuvaji/brain-tumor-classification-mri/Training/meningioma_tumor/m (113).jpg,m (113).jpg,Training,meningioma_tumor,meningioma,14643520998333125532,556,val
/kaggle/input/datasets/sartajbhuvaji/brain-tumor-classification-mri/Training/meningioma_tumor/m (114).jpg,m (114).jpg,Training,meningioma_tumor,meningioma,9765543808115224614,557,val
/kaggle/input/datasets/sartajbhuvaji/brain-tumor-classification-mri/Training/meningioma_tumor/m (115).jpg,m (115).jpg,Training,meningioma_tumor,meningioma,10634756609149576548,558,train
/kaggle/input/datasets/sartajbhuvaji/brain-tumor-classification-mri/Training/meningioma_tumor/m (116).jpg,m (116).jpg,Training,meningioma_tumor,meningioma,9470287809141793737,559,train
/kaggle/input/datasets/sartajbhuvaji/brain-tumor-classification-mri/Training/meningioma_tumor/m (117).jpg,m (117).jpg,Training,meningioma_tumor,meningioma,9469161909268498220,560,cal
/kaggle/input/datasets/sartajbhuvaji/brain-tumor-classification-mri/Training/meningioma_tumor/m (118).jpg,m (118).jpg,Training,meningioma_tumor,meningioma,14008514489349202843,561,train
/kaggle/input/datasets/sartajbhuvaji/brain-tumor-classification-mri/Training/meningioma_tumor/m (119).jpg,m (119).jpg,Training,meningioma_tumor,meningioma,14008514489349202843,561,train
/kaggle/input/datasets/sartajbhuvaji/brain-tumor-classification-mri/Training/meningioma_tumor/m (12).jpg,m (12).jpg,Training,meningioma_tumor,meningioma,10896857751961560487,562,train
/kaggle/input/datasets/sartajbhuvaji/brain-tumor-classification-mri/Training/meningioma_tumor/m (120).jpg,m (120).jpg,Training,meningioma_tumor,meningioma,14008795960030421915,561,train
/kaggle/input/datasets/sartajbhuvaji/brain-tumor-classification-mri/Training/meningioma_tumor/m (121).jpg,m (121).jpg,Training,meningioma_tumor,meningioma,14080852463146918809,561,train
/kaggle/input/datasets/sartajbhuvaji/brain-tumor-classification-mri/Training/meningioma_tumor/m (122).jpg,m (122).jpg,Training,meningioma_tumor,meningioma,14109563864315900512,563,train
/kaggle/input/datasets/sartajbhuvaji/brain-tumor-classification-mri/Training/meningioma_tumor/m (123).jpg,m (123).jpg,Training,meningioma_tumor,meningioma,14046794369795174957,564,train
/kaggle/input/datasets/sartajbhuvaji/brain-tumor-classification-mri/Training/meningioma_tumor/m (124).jpg,m (124).jpg,Training,meningioma_tumor,meningioma,14007106388417033164,565,train
/kaggle/input/datasets/sartajbhuvaji/brain-tumor-classification-mri/Training/meningioma_tumor/m (125).jpg,m (125).jpg,Training,meningioma_tumor,meningioma,14007089346255254158,566,val
/kaggle/input/datasets/sartajbhuvaji/brain-tumor-classification-mri/Training/meningioma_tumor/m (126).jpg,m (126).jpg,Training,meningioma_tumor,meningioma,13993596139560067983,567,train
/kaggle/input/datasets/sartajbhuvaji/brain-tumor-classification-mri/Training/meningioma_tumor/m (127).jpg,m (127).jpg,Training,meningioma_tumor,meningioma,14152046267245801779,568,train
/kaggle/input/datasets/sartajbhuvaji/brain-tumor-classification-mri/Training/meningioma_tumor/m (128).jpg,m (128).jpg,Training,meningioma_tumor,meningioma,10384803488198255932,569,train
/kaggle/input/datasets/sartajbhuvaji/brain-tumor-classification-mri/Training/meningioma_tumor/m (129).jpg,m (129).jpg,Training,meningioma_tumor,meningioma,10528918676290627100,570,train
/kaggle/input/datasets/sartajbhuvaji/brain-tumor-classification-mri/Training/meningioma_tumor/m (13).jpg,m (13).jpg,Training,meningioma_tumor,meningioma,10896875335666722085,571,test
/kaggle/input/datasets/sartajbhuvaji/brain-tumor-classification-mri/Training/meningioma_tumor/m (130).jpg,m (130).jpg,Training,meningioma_tumor,meningioma,10528918813784106524,570,train
/kaggle/input/datasets/sartajbhuvaji/brain-tumor-classification-mri/Training/meningioma_tumor/m (131).jpg,m (131).jpg,Training,meningioma_tumor,meningioma,10621308834491574217,572,train
/kaggle/input/datasets/sartajbhuvaji/brain-tumor-classification-mri/Training/meningioma_tumor/m (132).jpg,m (132).jpg,Training,meningioma_tumor,meningioma,10909803093433952216,572,train
/kaggle/input/datasets/sartajbhuvaji/brain-tumor-classification-mri/Training/meningioma_tumor/m (133).jpg,m (133).jpg,Training,meningioma_tumor,meningioma,10908694854431582158,573,train
/kaggle/input/datasets/sartajbhuvaji/brain-tumor-classification-mri/Training/meningioma_tumor/m (134).jpg,m (134).jpg,Training,meningioma_tumor,meningioma,10908416098169956302,574,val
/kaggle/input/datasets/sartajbhuvaji/brain-tumor-classification-mri/Training/meningioma_tumor/m (135).jpg,m (135).jpg,Training,meningioma_tumor,meningioma,11414770825217869417,575,train
/kaggle/input/datasets/sartajbhuvaji/brain-tumor-classification-mri/Training/meningioma_tumor/m (136).jpg,m (136).jpg,Training,meningioma_tumor,meningioma,11415896725141361257,575,train
/kaggle/input/datasets/sartajbhuvaji/brain-tumor-classification-mri/Training/meningioma_tumor/m (137).jpg,m (137).jpg,Training,meningioma_tumor,meningioma,11414762031293176673,576,train
/kaggle/input/datasets/sartajbhuvaji/brain-tumor-classification-mri/Training/meningioma_tumor/m (138).jpg,m (138).jpg,Training,meningioma_tumor,meningioma,10905599424257549638,577,train
/kaggle/input/datasets/sartajbhuvaji/brain-tumor-classification-mri/Training/meningioma_tumor/m (139).jpg,m (139).jpg,Training,meningioma_tumor,meningioma,10838045154962777998,578,train
/kaggle/input/datasets/sartajbhuvaji/brain-tumor-classification-mri/Training/meningioma_tumor/m (14).jpg,m (14).jpg,Training,meningioma_tumor,meningioma,10896576362993771813,571,test
/kaggle/input/datasets/sartajbhuvaji/brain-tumor-classification-mri/Training/meningioma_tumor/m (140).jpg,m (140).jpg,Training,meningioma_tumor,meningioma,10905599149373286094,579,train
/kaggle/input/datasets/sartajbhuvaji/brain-tumor-classification-mri/Training/meningioma_tumor/m (141).jpg,m (141).jpg,Training,meningioma_tumor,meningioma,10914606357217978072,580,train
/kaggle/input/datasets/sartajbhuvaji/brain-tumor-classification-mri/Training/meningioma_tumor/m (142).jpg,m (142).jpg,Training,meningioma_tumor,meningioma,14283511207990126233,581,test
/kaggle/input/datasets/sartajbhuvaji/brain-tumor-classification-mri/Training/meningioma_tumor/m (143).jpg,m (143).jpg,Training,meningioma_tumor,meningioma,14283511216613344793,581,test
/kaggle/input/datasets/sartajbhuvaji/brain-tumor-classification-mri/Training/meningioma_tumor/m (144).jpg,m (144).jpg,Training,meningioma_tumor,meningioma,14857720169102954041,581,test
/kaggle/input/datasets/sartajbhuvaji/brain-tumor-classification-mri/Training/meningioma_tumor/m (145).jpg,m (145).jpg,Training,meningioma_tumor,meningioma,14081679145618294604,582,train
/kaggle/input/datasets/sartajbhuvaji/brain-tumor-classification-mri/Training/meningioma_tumor/m (146).jpg,m (146).jpg,Training,meningioma_tumor,meningioma,11181431356486635108,583,cal
/kaggle/input/datasets/sartajbhuvaji/brain-tumor-classification-mri/Training/meningioma_tumor/m (147).jpg,m (147).jpg,Training,meningioma_tumor,meningioma,10906164281168242536,1111,cal
/kaggle/input/datasets/sartajbhuvaji/brain-tumor-classification-mri/Training/meningioma_tumor/m (148).jpg,m (148).jpg,Training,meningioma_tumor,meningioma,10906146688990603112,1111,cal
/kaggle/input/datasets/sartajbhuvaji/brain-tumor-classification-mri/Training/meningioma_tumor/m (149).jpg,m (149).jpg,Training,meningioma_tumor,meningioma,10915151706401957480,1111,cal
/kaggle/input/datasets/sartajbhuvaji/brain-tumor-classification-mri/Training/meningioma_tumor/m (15).jpg,m (15).jpg,Training,meningioma_tumor,meningioma,10896861962212812065,571,test
/kaggle/input/datasets/sartajbhuvaji/brain-tumor-classification-mri/Training/meningioma_tumor/m (150).jpg,m (150).jpg,Training,meningioma_tumor,meningioma,10915151706401957704,1111,cal
/kaggle/input/datasets/sartajbhuvaji/brain-tumor-classification-mri/Training/meningioma_tumor/m (151).jpg,m (151).jpg,Training,meningioma_tumor,meningioma,10915151706402219848,1111,cal
/kaggle/input/datasets/sartajbhuvaji/brain-tumor-classification-mri/Training/meningioma_tumor/m (152).jpg,m (152).jpg,Training,meningioma_tumor,meningioma,10910648106841990984,1111,cal
/kaggle/input/datasets/sartajbhuvaji/brain-tumor-classification-mri/Training/meningioma_tumor/m (153).jpg,m (153).jpg,Training,meningioma_tumor,meningioma,10838308900421928809,584,train
/kaggle/input/datasets/sartajbhuvaji/brain-tumor-classification-mri/Training/meningioma_tumor/m (154).jpg,m (154).jpg,Training,meningioma_tumor,meningioma,13889434532495635993,585,train
/kaggle/input/datasets/sartajbhuvaji/brain-tumor-classification-mri/Training/meningioma_tumor/m (155).jpg,m (155).jpg,Training,meningioma_tumor,meningioma,13889434523968874041,585,train
/kaggle/input/datasets/sartajbhuvaji/brain-tumor-classification-mri/Training/meningioma_tumor/m (156).jpg,m (156).jpg,Training,meningioma_tumor,meningioma,13889435082315015736,585,train
/kaggle/input/datasets/sartajbhuvaji/brain-tumor-classification-mri/Training/meningioma_tumor/m (157).jpg,m (157).jpg,Training,meningioma_tumor,meningioma,10897157356802958490,588,train
/kaggle/input/datasets/sartajbhuvaji/brain-tumor-classification-mri/Training/meningioma_tumor/m (158).jpg,m (158).jpg,Training,meningioma_tumor,meningioma,10825082187754649242,588,train
/kaggle/input/datasets/sartajbhuvaji/brain-tumor-classification-mri/Training/meningioma_tumor/m (159).jpg,m (159).jpg,Training,meningioma_tumor,meningioma,10825079988798551704,588,train
/kaggle/input/datasets/sartajbhuvaji/brain-tumor-classification-mri/Training/meningioma_tumor/m (16).jpg,m (16).jpg,Training,meningioma_tumor,meningioma,10896875155282273573,571,test
/kaggle/input/datasets/sartajbhuvaji/brain-tumor-classification-mri/Training/meningioma_tumor/m (160).jpg,m (160).jpg,Training,meningioma_tumor,meningioma,10824799475896067736,586,train
/kaggle/input/datasets/sartajbhuvaji/brain-tumor-classification-mri/Training/meningioma_tumor/m (161).jpg,m (161).jpg,Training,meningioma_tumor,meningioma,11401260232528004249,587,test
/kaggle/input/datasets/sartajbhuvaji/brain-tumor-classification-mri/Training/meningioma_tumor/m (162).jpg,m (162).jpg,Training,meningioma_tumor,meningioma,11414770756531948649,575,train
/kaggle/input/datasets/sartajbhuvaji/brain-tumor-classification-mri/Training/meningioma_tumor/m (163).jpg,m (163).jpg,Training,meningioma_tumor,meningioma,10896574615707346652,588,train
/kaggle/input/datasets/sartajbhuvaji/brain-tumor-classification-mri/Training/meningioma_tumor/m (164).jpg,m (164).jpg,Training,meningioma_tumor,meningioma,10896576831910471320,588,train
/kaggle/input/datasets/sartajbhuvaji/brain-tumor-classification-mri/Training/meningioma_tumor/m (165).jpg,m (165).jpg,Training,meningioma_tumor,meningioma,10896574632887727768,588,train
/kaggle/input/datasets/sartajbhuvaji/brain-tumor-classification-mri/Training/meningioma_tumor/m (166).jpg,m (166).jpg,Training,meningioma_tumor,meningioma,13996393657848280013,589,train
/kaggle/input/datasets/sartajbhuvaji/brain-tumor-classification-mri/Training/meningioma_tumor/m (167).jpg,m (167).jpg,Training,meningioma_tumor,meningioma,14174864083093041549,590,train
/kaggle/input/datasets/sartajbhuvaji/brain-tumor-classification-mri/Training/meningioma_tumor/m (168).jpg,m (168).jpg,Training,meningioma_tumor,meningioma,14138834873755971727,591,train
/kaggle/input/datasets/sartajbhuvaji/brain-tumor-classification-mri/Training/meningioma_tumor/m (169).jpg,m (169).jpg,Training,meningioma_tumor,meningioma,14138834908122329239,592,val
/kaggle/input/datasets/sartajbhuvaji/brain-tumor-classification-mri/Training/meningioma_tumor/m (17).jpg,m (17).jpg,Training,meningioma_tumor,meningioma,14095539619155758176,593,train
/kaggle/input/datasets/sartajbhuvaji/brain-tumor-classification-mri/Training/meningioma_tumor/m (170).jpg,m (170).jpg,Training,meningioma_tumor,meningioma,14138834909196005523,592,val
/kaggle/input/datasets/sartajbhuvaji/brain-tumor-classification-mri/Training/meningioma_tumor/m (171).jpg,m (171).jpg,Training,meningioma_tumor,meningioma,14138834908122787987,592,val
/kaggle/input/datasets/sartajbhuvaji/brain-tumor-classification-mri/Training/meningioma_tumor/m (172).jpg,m (172).jpg,Training,meningioma_tumor,meningioma,10599904250791343981,594,cal
/kaggle/input/datasets/sartajbhuvaji/brain-tumor-classification-mri/Training/meningioma_tumor/m (173).jpg,m (173).jpg,Training,meningioma_tumor,meningioma,10608911586679989865,595,train
/kaggle/input/datasets/sartajbhuvaji/brain-tumor-classification-mri/Training/meningioma_tumor/m (174).jpg,m (174).jpg,Training,meningioma_tumor,meningioma,10610037486586832457,595,train
/kaggle/input/datasets/sartajbhuvaji/brain-tumor-classification-mri/Training/meningioma_tumor/m (175).jpg,m (175).jpg,Training,meningioma_tumor,meningioma,10626925727491696204,596,train
/kaggle/input/datasets/sartajbhuvaji/brain-tumor-classification-mri/Training/meningioma_tumor/m (176).jpg,m (176).jpg,Training,meningioma_tumor,meningioma,10626644247951685324,597,train
/kaggle/input/datasets/sartajbhuvaji/brain-tumor-classification-mri/Training/meningioma_tumor/m (177).jpg,m (177).jpg,Training,meningioma_tumor,meningioma,10914874496328111692,597,train
/kaggle/input/datasets/sartajbhuvaji/brain-tumor-classification-mri/Training/meningioma_tumor/m (178).jpg,m (178).jpg,Training,meningioma_tumor,meningioma,14009921705319581273,598,cal
/kaggle/input/datasets/sartajbhuvaji/brain-tumor-classification-mri/Training/meningioma_tumor/m (179).jpg,m (179).jpg,Training,meningioma_tumor,meningioma,14008795822609384985,598,cal
/kaggle/input/datasets/sartajbhuvaji/brain-tumor-classification-mri/Training/meningioma_tumor/m (18).jpg,m (18).jpg,Training,meningioma_tumor,meningioma,14095539069612272232,599,train
/kaggle/input/datasets/sartajbhuvaji/brain-tumor-classification-mri/Training/meningioma_tumor/m (180).jpg,m (180).jpg,Training,meningioma_tumor,meningioma,14855468094412541484,600,train
/kaggle/input/datasets/sartajbhuvaji/brain-tumor-classification-mri/Training/meningioma_tumor/m (181).jpg,m (181).jpg,Training,meningioma_tumor,meningioma,10825079576480876089,601,test
/kaggle/input/datasets/sartajbhuvaji/brain-tumor-classification-mri/Training/meningioma_tumor/m (182).jpg,m (182).jpg,Training,meningioma_tumor,meningioma,10842813595229783609,601,test
/kaggle/input/datasets/sartajbhuvaji/brain-tumor-classification-mri/Training/meningioma_tumor/m (183).jpg,m (183).jpg,Training,meningioma_tumor,meningioma,10842813595229783609,601,test
/kaggle/input/datasets/sartajbhuvaji/brain-tumor-classification-mri/Training/meningioma_tumor/m (184).jpg,m (184).jpg,Training,meningioma_tumor,meningioma,11396756358014082601,575,train
/kaggle/input/datasets/sartajbhuvaji/brain-tumor-classification-mri/Training/meningioma_tumor/m (185).jpg,m (185).jpg,Training,meningioma_tumor,meningioma,11419274358281640545,602,train
/kaggle/input/datasets/sartajbhuvaji/brain-tumor-classification-mri/Training/meningioma_tumor/m (186).jpg,m (186).jpg,Training,meningioma_tumor,meningioma,9770060464043959841,603,train
/kaggle/input/datasets/sartajbhuvaji/brain-tumor-classification-mri/Training/meningioma_tumor/m (187).jpg,m (187).jpg,Training,meningioma_tumor,meningioma,10859437072801638083,604,train
/kaggle/input/datasets/sartajbhuvaji/brain-tumor-classification-mri/Training/meningioma_tumor/m (188).jpg,m (188).jpg,Training,meningioma_tumor,meningioma,13993580196593394201,605,train
/kaggle/input/datasets/sartajbhuvaji/brain-tumor-classification-mri/Training/meningioma_tumor/m (189).jpg,m (189).jpg,Training,meningioma_tumor,meningioma,14025105445499266619,606,train
/kaggle/input/datasets/sartajbhuvaji/brain-tumor-classification-mri/Training/meningioma_tumor/m (19).jpg,m (19).jpg,Training,meningioma_tumor,meningioma,13951424147821309032,607,train
/kaggle/input/datasets/sartajbhuvaji/brain-tumor-classification-mri/Training/meningioma_tumor/m (190).jpg,m (190).jpg,Training,meningioma_tumor,meningioma,14007091613925467187,606,train
/kaggle/input/datasets/sartajbhuvaji/brain-tumor-classification-mri/Training/meningioma_tumor/m (191).jpg,m (191).jpg,Training,meningioma_tumor,meningioma,13989077387226064435,608,val
/kaggle/input/datasets/sartajbhuvaji/brain-tumor-classification-mri/Training/meningioma_tumor/m (192).jpg,m (192).jpg,Training,meningioma_tumor,meningioma,14284063145647301171,609,train
/kaggle/input/datasets/sartajbhuvaji/brain-tumor-classification-mri/Training/meningioma_tumor/m (193).jpg,m (193).jpg,Training,meningioma_tumor,meningioma,10817146853487880014,610,train
/kaggle/input/datasets/sartajbhuvaji/brain-tumor-classification-mri/Training/meningioma_tumor/m (194).jpg,m (194).jpg,Training,meningioma_tumor,meningioma,10816020970757891662,610,train
/kaggle/input/datasets/sartajbhuvaji/brain-tumor-classification-mri/Training/meningioma_tumor/m (195).jpg,m (195).jpg,Training,meningioma_tumor,meningioma,9662536516197639758,610,train
/kaggle/input/datasets/sartajbhuvaji/brain-tumor-classification-mri/Training/meningioma_tumor/m (196).jpg,m (196).jpg,Training,meningioma_tumor,meningioma,14283229733879801548,610,train
/kaggle/input/datasets/sartajbhuvaji/brain-tumor-classification-mri/Training/meningioma_tumor/m (197).jpg,m (197).jpg,Training,meningioma_tumor,meningioma,14283511217446946504,610,train
/kaggle/input/datasets/sartajbhuvaji/brain-tumor-classification-mri/Training/meningioma_tumor/m (198).jpg,m (198).jpg,Training,meningioma_tumor,meningioma,14859971969765053144,611,train
/kaggle/input/datasets/sartajbhuvaji/brain-tumor-classification-mri/Training/meningioma_tumor/m (199).jpg,m (199).jpg,Training,meningioma_tumor,meningioma,10674773820178900168,612,train
/kaggle/input/datasets/sartajbhuvaji/brain-tumor-classification-mri/Training/meningioma_tumor/m (2).jpg,m (2).jpg,Training,meningioma_tumor,meningioma,10910366566400624233,575,train
/kaggle/input/datasets/sartajbhuvaji/brain-tumor-classification-mri/Training/meningioma_tumor/m (20).jpg,m (20).jpg,Training,meningioma_tumor,meningioma,13996395117935761875,614,train
/kaggle/input/datasets/sartajbhuvaji/brain-tumor-classification-mri/Training/meningioma_tumor/m (200).jpg,m (200).jpg,Training,meningioma_tumor,meningioma,9594419945562124738,613,test
/kaggle/input/datasets/sartajbhuvaji/brain-tumor-classification-mri/Training/meningioma_tumor/m (201).jpg,m (201).jpg,Training,meningioma_tumor,meningioma,10911492467347605065,575,train
/kaggle/input/datasets/sartajbhuvaji/brain-tumor-classification-mri/Training/meningioma_tumor/m (21).jpg,m (21).jpg,Training,meningioma_tumor,meningioma,13924337730089654739,614,train
/kaggle/input/datasets/sartajbhuvaji/brain-tumor-classification-mri/Training/meningioma_tumor/m (22).jpg,m (22).jpg,Training,meningioma_tumor,meningioma,14068452644361411011,614,train
/kaggle/input/datasets/sartajbhuvaji/brain-tumor-classification-mri/Training/meningioma_tumor/m (23).jpg,m (23).jpg,Training,meningioma_tumor,meningioma,14068452644327987651,614,train
/kaggle/input/datasets/sartajbhuvaji/brain-tumor-classification-mri/Training/meningioma_tumor/m (24).jpg,m (24).jpg,Training,meningioma_tumor,meningioma,14068452918136248723,614,train
/kaggle/input/datasets/sartajbhuvaji/brain-tumor-classification-mri/Training/meningioma_tumor/m (25).jpg,m (25).jpg,Training,meningioma_tumor,meningioma,14065919653005291931,615,train
/kaggle/input/datasets/sartajbhuvaji/brain-tumor-classification-mri/Training/meningioma_tumor/m (26).jpg,m (26).jpg,Training,meningioma_tumor,meningioma,14068171426120130861,616,train
/kaggle/input/datasets/sartajbhuvaji/brain-tumor-classification-mri/Training/meningioma_tumor/m (27).jpg,m (27).jpg,Training,meningioma_tumor,meningioma,13996389809775454573,617,train
/kaggle/input/datasets/sartajbhuvaji/brain-tumor-classification-mri/Training/meningioma_tumor/m (28).jpg,m (28).jpg,Training,meningioma_tumor,meningioma,14068236331923826989,618,train
/kaggle/input/datasets/sartajbhuvaji/brain-tumor-classification-mri/Training/meningioma_tumor/m (29).jpg,m (29).jpg,Training,meningioma_tumor,meningioma,14068236331923892524,618,train
/kaggle/input/datasets/sartajbhuvaji/brain-tumor-classification-mri/Training/meningioma_tumor/m (3).jpg,m (3).jpg,Training,meningioma_tumor,meningioma,11414769726813478500,619,train
/kaggle/input/datasets/sartajbhuvaji/brain-tumor-classification-mri/Training/meningioma_tumor/m (30).jpg,m (30).jpg,Training,meningioma_tumor,meningioma,14068241829415051616,620,train
/kaggle/input/datasets/sartajbhuvaji/brain-tumor-classification-mri/Training/meningioma_tumor/m (31).jpg,m (31).jpg,Training,meningioma_tumor,meningioma,10621808137329718150,621,train
/kaggle/input/datasets/sartajbhuvaji/brain-tumor-classification-mri/Training/meningioma_tumor/m (32).jpg,m (32).jpg,Training,meningioma_tumor,meningioma,10765923325455905670,621,train
/kaggle/input/datasets/sartajbhuvaji/brain-tumor-classification-mri/Training/meningioma_tumor/m (33).jpg,m (33).jpg,Training,meningioma_tumor,meningioma,10477693223125266566,622,train
/kaggle/input/datasets/sartajbhuvaji/brain-tumor-classification-mri/Training/meningioma_tumor/m (34).jpg,m (34).jpg,Training,meningioma_tumor,meningioma,10838255968448767079,623,val
/kaggle/input/datasets/sartajbhuvaji/brain-tumor-classification-mri/Training/meningioma_tumor/m (35).jpg,m (35).jpg,Training,meningioma_tumor,meningioma,10838045438436058526,624,train
/kaggle/input/datasets/sartajbhuvaji/brain-tumor-classification-mri/Training/meningioma_tumor/m (36).jpg,m (36).jpg,Training,meningioma_tumor,meningioma,10842549029473509790,624,train
/kaggle/input/datasets/sartajbhuvaji/brain-tumor-classification-mri/Training/meningioma_tumor/m (37).jpg,m (37).jpg,Training,meningioma_tumor,meningioma,10838044609575219911,625,train
/kaggle/input/datasets/sartajbhuvaji/brain-tumor-classification-mri/Training/meningioma_tumor/m (38).jpg,m (38).jpg,Training,meningioma_tumor,meningioma,10838044609644410566,625,train
/kaggle/input/datasets/sartajbhuvaji/brain-tumor-classification-mri/Training/meningioma_tumor/m (39).jpg,m (39).jpg,Training,meningioma_tumor,meningioma,9757110600897475558,626,train
/kaggle/input/datasets/sartajbhuvaji/brain-tumor-classification-mri/Training/meningioma_tumor/m (4).jpg,m (4).jpg,Training,meningioma_tumor,meningioma,13996692591665439276,627,cal
/kaggle/input/datasets/sartajbhuvaji/brain-tumor-classification-mri/Training/meningioma_tumor/m (40).jpg,m (40).jpg,Training,meningioma_tumor,meningioma,10838328279331709414,628,cal
/kaggle/input/datasets/sartajbhuvaji/brain-tumor-classification-mri/Training/meningioma_tumor/m (41).jpg,m (41).jpg,Training,meningioma_tumor,meningioma,9540905970788032549,629,train
/kaggle/input/datasets/sartajbhuvaji/brain-tumor-classification-mri/Training/meningioma_tumor/m (42).jpg,m (42).jpg,Training,meningioma_tumor,meningioma,9545409570146575396,629,train
/kaggle/input/datasets/sartajbhuvaji/brain-tumor-classification-mri/Training/meningioma_tumor/m (43).jpg,m (43).jpg,Training,meningioma_tumor,meningioma,9540910093759096928,629,train
/kaggle/input/datasets/sartajbhuvaji/brain-tumor-classification-mri/Training/meningioma_tumor/m (44).jpg,m (44).jpg,Training,meningioma_tumor,meningioma,9540905695708392548,629,train
/kaggle/input/datasets/sartajbhuvaji/brain-tumor-classification-mri/Training/meningioma_tumor/m (45).jpg,m (45).jpg,Training,meningioma_tumor,meningioma,9532183398824687980,630,train
/kaggle/input/datasets/sartajbhuvaji/brain-tumor-classification-mri/Training/meningioma_tumor/m (46).jpg,m (46).jpg,Training,meningioma_tumor,meningioma,14130358601487890796,631,train
/kaggle/input/datasets/sartajbhuvaji/brain-tumor-classification-mri/Training/meningioma_tumor/m (47).jpg,m (47).jpg,Training,meningioma_tumor,meningioma,10914535429443491367,632,train
/kaggle/input/datasets/sartajbhuvaji/brain-tumor-classification-mri/Training/meningioma_tumor/m (48).jpg,m (48).jpg,Training,meningioma_tumor,meningioma,10838328570055827750,633,train
/kaggle/input/datasets/sartajbhuvaji/brain-tumor-classification-mri/Training/meningioma_tumor/m (49).jpg,m (49).jpg,Training,meningioma_tumor,meningioma,13915083201947646316,634,test
/kaggle/input/datasets/sartajbhuvaji/brain-tumor-classification-mri/Training/meningioma_tumor/m (5).jpg,m (5).jpg,Training,meningioma_tumor,meningioma,10911211108334711371,635,train
/kaggle/input/datasets/sartajbhuvaji/brain-tumor-classification-mri/Training/meningioma_tumor/m (50).jpg,m (50).jpg,Training,meningioma_tumor,meningioma,15103964234408012078,636,val
/kaggle/input/datasets/sartajbhuvaji/brain-tumor-classification-mri/Training/meningioma_tumor/m (51).jpg,m (51).jpg,Training,meningioma_tumor,meningioma,15103960248154077998,637,train
/kaggle/input/datasets/sartajbhuvaji/brain-tumor-classification-mri/Training/meningioma_tumor/m (52).jpg,m (52).jpg,Training,meningioma_tumor,meningioma,15099456682882394671,638,train
/kaggle/input/datasets/sartajbhuvaji/brain-tumor-classification-mri/Training/meningioma_tumor/m (53).jpg,m (53).jpg,Training,meningioma_tumor,meningioma,15031902688673161787,639,train
/kaggle/input/datasets/sartajbhuvaji/brain-tumor-classification-mri/Training/meningioma_tumor/m (54).jpg,m (54).jpg,Training,meningioma_tumor,meningioma,13879267048491215402,640,train
/kaggle/input/datasets/sartajbhuvaji/brain-tumor-classification-mri/Training/meningioma_tumor/m (55).jpg,m (55).jpg,Training,meningioma_tumor,meningioma,9263657972617889834,641,train
/kaggle/input/datasets/sartajbhuvaji/brain-tumor-classification-mri/Training/meningioma_tumor/m (56).jpg,m (56).jpg,Training,meningioma_tumor,meningioma,10380650254212015408,642,train
/kaggle/input/datasets/sartajbhuvaji/brain-tumor-classification-mri/Training/meningioma_tumor/m (57).jpg,m (57).jpg,Training,meningioma_tumor,meningioma,10380650258473444624,642,train
/kaggle/input/datasets/sartajbhuvaji/brain-tumor-classification-mri/Training/meningioma_tumor/m (58).jpg,m (58).jpg,Training,meningioma_tumor,meningioma,9591099685937097137,643,train
/kaggle/input/datasets/sartajbhuvaji/brain-tumor-classification-mri/Training/meningioma_tumor/m (59).jpg,m (59).jpg,Training,meningioma_tumor,meningioma,9303986413586622897,643,train
/kaggle/input/datasets/sartajbhuvaji/brain-tumor-classification-mri/Training/meningioma_tumor/m (6).jpg,m (6).jpg,Training,meningioma_tumor,meningioma,10910102800613913418,635,train
/kaggle/input/datasets/sartajbhuvaji/brain-tumor-classification-mri/Training/meningioma_tumor/m (60).jpg,m (60).jpg,Training,meningioma_tumor,meningioma,10740080265996286385,644,val
/kaggle/input/datasets/sartajbhuvaji/brain-tumor-classification-mri/Training/meningioma_tumor/m (61).jpg,m (61).jpg,Training,meningioma_tumor,meningioma,9734669516224604593,643,train
/kaggle/input/datasets/sartajbhuvaji/brain-tumor-classification-mri/Training/meningioma_tumor/m (62).jpg,m (62).jpg,Training,meningioma_tumor,meningioma,10452707848258349329,645,train
/kaggle/input/datasets/sartajbhuvaji/brain-tumor-classification-mri/Training/meningioma_tumor/m (63).jpg,m (63).jpg,Training,meningioma_tumor,meningioma,10452426373013204243,645,train
/kaggle/input/datasets/sartajbhuvaji/brain-tumor-classification-mri/Training/meningioma_tumor/m (64).jpg,m (64).jpg,Training,meningioma_tumor,meningioma,14068171220023535559,646,train
/kaggle/input/datasets/sartajbhuvaji/brain-tumor-classification-mri/Training/meningioma_tumor/m (65).jpg,m (65).jpg,Training,meningioma_tumor,meningioma,13991909093579744198,647,train
/kaggle/input/datasets/sartajbhuvaji/brain-tumor-classification-mri/Training/meningioma_tumor/m (66).jpg,m (66).jpg,Training,meningioma_tumor,meningioma,13991909093709767462,647,train
/kaggle/input/datasets/sartajbhuvaji/brain-tumor-classification-mri/Training/meningioma_tumor/m (67).jpg,m (67).jpg,Training,meningioma_tumor,meningioma,13992467645550585442,648,train
/kaggle/input/datasets/sartajbhuvaji/brain-tumor-classification-mri/Training/meningioma_tumor/m (68).jpg,m (68).jpg,Training,meningioma_tumor,meningioma,13848356889691170082,649,train
/kaggle/input/datasets/sartajbhuvaji/brain-tumor-classification-mri/Training/meningioma_tumor/m (69).jpg,m (69).jpg,Training,meningioma_tumor,meningioma,13848339297773560612,649,train
/kaggle/input/datasets/sartajbhuvaji/brain-tumor-classification-mri/Training/meningioma_tumor/m (7).jpg,m (7).jpg,Training,meningioma_tumor,meningioma,10911211108337890252,650,train
/kaggle/input/datasets/sartajbhuvaji/brain-tumor-classification-mri/Training/meningioma_tumor/m (70).jpg,m (70).jpg,Training,meningioma_tumor,meningioma,10910086909153918179,651,train
/kaggle/input/datasets/sartajbhuvaji/brain-tumor-classification-mri/Training/meningioma_tumor/m (71).jpg,m (71).jpg,Training,meningioma_tumor,meningioma,10910654240037941475,652,cal
/kaggle/input/datasets/sartajbhuvaji/brain-tumor-classification-mri/Training/meningioma_tumor/m (72).jpg,m (72).jpg,Training,meningioma_tumor,meningioma,9757675509286858951,653,train
/kaggle/input/datasets/sartajbhuvaji/brain-tumor-classification-mri/Training/meningioma_tumor/m (73).jpg,m (73).jpg,Training,meningioma_tumor,meningioma,9757117213939493031,654,train
/kaggle/input/datasets/sartajbhuvaji/brain-tumor-classification-mri/Training/meningioma_tumor/m (74).jpg,m (74).jpg,Training,meningioma_tumor,meningioma,10910038718814773670,654,train
/kaggle/input/datasets/sartajbhuvaji/brain-tumor-classification-mri/Training/meningioma_tumor/m (75).jpg,m (75).jpg,Training,meningioma_tumor,meningioma,10910319936896655814,183,train
/kaggle/input/datasets/sartajbhuvaji/brain-tumor-classification-mri/Training/meningioma_tumor/m (76).jpg,m (76).jpg,Training,meningioma_tumor,meningioma,9311807269671103107,655,train
/kaggle/input/datasets/sartajbhuvaji/brain-tumor-classification-mri/Training/meningioma_tumor/m (77).jpg,m (77).jpg,Training,meningioma_tumor,meningioma,9762165926671116934,656,cal
/kaggle/input/datasets/sartajbhuvaji/brain-tumor-classification-mri/Training/meningioma_tumor/m (78).jpg,m (78).jpg,Training,meningioma_tumor,meningioma,9454229175660684349,657,cal
/kaggle/input/datasets/sartajbhuvaji/brain-tumor-classification-mri/Training/meningioma_tumor/m (79).jpg,m (79).jpg,Training,meningioma_tumor,meningioma,14354443469168207149,658,train
/kaggle/input/datasets/sartajbhuvaji/brain-tumor-classification-mri/Training/meningioma_tumor/m (8).jpg,m (8).jpg,Training,meningioma_tumor,meningioma,10911210979472610253,650,train
/kaggle/input/datasets/sartajbhuvaji/brain-tumor-classification-mri/Training/meningioma_tumor/m (80).jpg,m (80).jpg,Training,meningioma_tumor,meningioma,9454245746446901608,659,train
/kaggle/input/datasets/sartajbhuvaji/brain-tumor-classification-mri/Training/meningioma_tumor/m (81).jpg,m (81).jpg,Training,meningioma_tumor,meningioma,13940943487066452001,660,test
/kaggle/input/datasets/sartajbhuvaji/brain-tumor-classification-mri/Training/meningioma_tumor/m (82).jpg,m (82).jpg,Training,meningioma_tumor,meningioma,13940944586309644384,660,test
/kaggle/input/datasets/sartajbhuvaji/brain-tumor-classification-mri/Training/meningioma_tumor/m (83).jpg,m (83).jpg,Training,meningioma_tumor,meningioma,9315747770082146400,661,train
/kaggle/input/datasets/sartajbhuvaji/brain-tumor-classification-mri/Training/meningioma_tumor/m (84).jpg,m (84).jpg,Training,meningioma_tumor,meningioma,9320814177859942508,662,train
/kaggle/input/datasets/sartajbhuvaji/brain-tumor-classification-mri/Training/meningioma_tumor/m (85).jpg,m (85).jpg,Training,meningioma_tumor,meningioma,10766552160232643344,663,train
/kaggle/input/datasets/sartajbhuvaji/brain-tumor-classification-mri/Training/meningioma_tumor/m (86).jpg,m (86).jpg,Training,meningioma_tumor,meningioma,10771337233758757523,664,train
/kaggle/input/datasets/sartajbhuvaji/brain-tumor-classification-mri/Training/meningioma_tumor/m (87).jpg,m (87).jpg,Training,meningioma_tumor,meningioma,9524123454736941644,811,train
/kaggle/input/datasets/sartajbhuvaji/brain-tumor-classification-mri/Training/meningioma_tumor/m (88).jpg,m (88).jpg,Training,meningioma_tumor,meningioma,9524123456884425292,811,train
/kaggle/input/datasets/sartajbhuvaji/brain-tumor-classification-mri/Training/meningioma_tumor/m (89).jpg,m (89).jpg,Training,meningioma_tumor,meningioma,9672724583682130540,811,train
/kaggle/input/datasets/sartajbhuvaji/brain-tumor-classification-mri/Training/meningioma_tumor/m (9).jpg,m (9).jpg,Training,meningioma_tumor,meningioma,10911210978432424780,650,train
/kaggle/input/datasets/sartajbhuvaji/brain-tumor-classification-mri/Training/meningioma_tumor/m (90).jpg,m (90).jpg,Training,meningioma_tumor,meningioma,9672722388953779048,811,train
/kaggle/input/datasets/sartajbhuvaji/brain-tumor-classification-mri/Training/meningioma_tumor/m (91).jpg,m (91).jpg,Training,meningioma_tumor,meningioma,14350221899262571342,665,cal
/kaggle/input/datasets/sartajbhuvaji/brain-tumor-classification-mri/Training/meningioma_tumor/m (92).jpg,m (92).jpg,Training,meningioma_tumor,meningioma,9454813502407684426,666,val
/kaggle/input/datasets/sartajbhuvaji/brain-tumor-classification-mri/Training/meningioma_tumor/m (93).jpg,m (93).jpg,Training,meningioma_tumor,meningioma,9450309937130844522,667,train
/kaggle/input/datasets/sartajbhuvaji/brain-tumor-classification-mri/Training/meningioma_tumor/m (94).jpg,m (94).jpg,Training,meningioma_tumor,meningioma,10605483104049770790,668,train
/kaggle/input/datasets/sartajbhuvaji/brain-tumor-classification-mri/Training/meningioma_tumor/m (95).jpg,m (95).jpg,Training,meningioma_tumor,meningioma,14637891533367201330,669,test
/kaggle/input/datasets/sartajbhuvaji/brain-tumor-classification-mri/Training/meningioma_tumor/m (96).jpg,m (96).jpg,Training,meningioma_tumor,meningioma,14177397370790973983,670,val
/kaggle/input/datasets/sartajbhuvaji/brain-tumor-classification-mri/Training/meningioma_tumor/m (97).jpg,m (97).jpg,Training,meningioma_tumor,meningioma,14177396614869332127,671,train
/kaggle/input/datasets/sartajbhuvaji/brain-tumor-classification-mri/Training/meningioma_tumor/m (98).jpg,m (98).jpg,Training,meningioma_tumor,meningioma,13890908638229835828,672,train
/kaggle/input/datasets/sartajbhuvaji/brain-tumor-classification-mri/Training/meningioma_tumor/m (99).jpg,m (99).jpg,Training,meningioma_tumor,meningioma,13899849630767394969,546,cal
/kaggle/input/datasets/sartajbhuvaji/brain-tumor-classification-mri/Training/meningioma_tumor/m1(10).jpg,m1(10).jpg,Training,meningioma_tumor,meningioma,14191187876115489958,673,train
/kaggle/input/datasets/sartajbhuvaji/brain-tumor-classification-mri/Training/meningioma_tumor/m1(100).jpg,m1(100).jpg,Training,meningioma_tumor,meningioma,13898136203202551088,674,cal
/kaggle/input/datasets/sartajbhuvaji/brain-tumor-classification-mri/Training/meningioma_tumor/m1(101).jpg,m1(101).jpg,Training,meningioma_tumor,meningioma,14155709370994538756,675,test
/kaggle/input/datasets/sartajbhuvaji/brain-tumor-classification-mri/Training/meningioma_tumor/m1(102).jpg,m1(102).jpg,Training,meningioma_tumor,meningioma,10541049407311154267,676,train
/kaggle/input/datasets/sartajbhuvaji/brain-tumor-classification-mri/Training/meningioma_tumor/m1(103).jpg,m1(103).jpg,Training,meningioma_tumor,meningioma,10757492642637888219,677,test
/kaggle/input/datasets/sartajbhuvaji/brain-tumor-classification-mri/Training/meningioma_tumor/m1(104).jpg,m1(104).jpg,Training,meningioma_tumor,meningioma,14068148787608642364,678,train
/kaggle/input/datasets/sartajbhuvaji/brain-tumor-classification-mri/Training/meningioma_tumor/m1(105).jpg,m1(105).jpg,Training,meningioma_tumor,meningioma,10419723608301710688,679,train
/kaggle/input/datasets/sartajbhuvaji/brain-tumor-classification-mri/Training/meningioma_tumor/m1(106).jpg,m1(106).jpg,Training,meningioma_tumor,meningioma,14991159060058033458,680,val
/kaggle/input/datasets/sartajbhuvaji/brain-tumor-classification-mri/Training/meningioma_tumor/m1(107).jpg,m1(107).jpg,Training,meningioma_tumor,meningioma,14181302724930653326,681,train
/kaggle/input/datasets/sartajbhuvaji/brain-tumor-classification-mri/Training/meningioma_tumor/m1(108).jpg,m1(108).jpg,Training,meningioma_tumor,meningioma,9231926134754771945,682,train
/kaggle/input/datasets/sartajbhuvaji/brain-tumor-classification-mri/Training/meningioma_tumor/m1(109).jpg,m1(109).jpg,Training,meningioma_tumor,meningioma,15162335600827312136,683,train
/kaggle/input/datasets/sartajbhuvaji/brain-tumor-classification-mri/Training/meningioma_tumor/m1(11).jpg,m1(11).jpg,Training,meningioma_tumor,meningioma,10676723055230464626,684,train
/kaggle/input/datasets/sartajbhuvaji/brain-tumor-classification-mri/Training/meningioma_tumor/m1(110).jpg,m1(110).jpg,Training,meningioma_tumor,meningioma,10914588265611616664,685,val
/kaggle/input/datasets/sartajbhuvaji/brain-tumor-classification-mri/Training/meningioma_tumor/m1(111).jpg,m1(111).jpg,Training,meningioma_tumor,meningioma,10383747549237620902,686,train
/kaggle/input/datasets/sartajbhuvaji/brain-tumor-classification-mri/Training/meningioma_tumor/m1(112).jpg,m1(112).jpg,Training,meningioma_tumor,meningioma,14009341249005511822,687,val
/kaggle/input/datasets/sartajbhuvaji/brain-tumor-classification-mri/Training/meningioma_tumor/m1(113).jpg,m1(113).jpg,Training,meningioma_tumor,meningioma,9358570508777504308,688,val
/kaggle/input/datasets/sartajbhuvaji/brain-tumor-classification-mri/Training/meningioma_tumor/m1(114).jpg,m1(114).jpg,Training,meningioma_tumor,meningioma,10389042045621254338,689,train
/kaggle/input/datasets/sartajbhuvaji/brain-tumor-classification-mri/Training/meningioma_tumor/m1(116).jpg,m1(116).jpg,Training,meningioma_tumor,meningioma,10375260327331939102,690,train
/kaggle/input/datasets/sartajbhuvaji/brain-tumor-classification-mri/Training/meningioma_tumor/m1(117).jpg,m1(117).jpg,Training,meningioma_tumor,meningioma,10036947325155960424,691,val
/kaggle/input/datasets/sartajbhuvaji/brain-tumor-classification-mri/Training/meningioma_tumor/m1(118).jpg,m1(118).jpg,Training,meningioma_tumor,meningioma,15303524134591672673,692,train
/kaggle/input/datasets/sartajbhuvaji/brain-tumor-classification-mri/Training/meningioma_tumor/m1(119).jpg,m1(119).jpg,Training,meningioma_tumor,meningioma,14206339475770198662,693,train
/kaggle/input/datasets/sartajbhuvaji/brain-tumor-classification-mri/Training/meningioma_tumor/m1(12).jpg,m1(12).jpg,Training,meningioma_tumor,meningioma,10403965127539584306,694,val
/kaggle/input/datasets/sartajbhuvaji/brain-tumor-classification-mri/Training/meningioma_tumor/m1(120).jpg,m1(120).jpg,Training,meningioma_tumor,meningioma,10507251501191081581,695,train
/kaggle/input/datasets/sartajbhuvaji/brain-tumor-classification-mri/Training/meningioma_tumor/m1(121).jpg,m1(121).jpg,Training,meningioma_tumor,meningioma,10780004859753745291,696,train
/kaggle/input/datasets/sartajbhuvaji/brain-tumor-classification-mri/Training/meningioma_tumor/m1(122).jpg,m1(122).jpg,Training,meningioma_tumor,meningioma,9237548492227883109,697,train
/kaggle/input/datasets/sartajbhuvaji/brain-tumor-classification-mri/Training/meningioma_tumor/m1(123).jpg,m1(123).jpg,Training,meningioma_tumor,meningioma,13863270489581973574,698,train
/kaggle/input/datasets/sartajbhuvaji/brain-tumor-classification-mri/Training/meningioma_tumor/m1(124).jpg,m1(124).jpg,Training,meningioma_tumor,meningioma,14139149222651939384,699,train
/kaggle/input/datasets/sartajbhuvaji/brain-tumor-classification-mri/Training/meningioma_tumor/m1(125).jpg,m1(125).jpg,Training,meningioma_tumor,meningioma,14358631453468863793,700,train
/kaggle/input/datasets/sartajbhuvaji/brain-tumor-classification-mri/Training/meningioma_tumor/m1(126).jpg,m1(126).jpg,Training,meningioma_tumor,meningioma,16663372082402696039,701,cal
/kaggle/input/datasets/sartajbhuvaji/brain-tumor-classification-mri/Training/meningioma_tumor/m1(127).jpg,m1(127).jpg,Training,meningioma_tumor,meningioma,13843508257915552104,702,cal
/kaggle/input/datasets/sartajbhuvaji/brain-tumor-classification-mri/Training/meningioma_tumor/m1(128).jpg,m1(128).jpg,Training,meningioma_tumor,meningioma,9304259122325244953,703,train
/kaggle/input/datasets/sartajbhuvaji/brain-tumor-classification-mri/Training/meningioma_tumor/m1(129).jpg,m1(129).jpg,Training,meningioma_tumor,meningioma,13898136203202551088,674,cal
/kaggle/input/datasets/sartajbhuvaji/brain-tumor-classification-mri/Training/meningioma_tumor/m1(13).jpg,m1(13).jpg,Training,meningioma_tumor,meningioma,10753272391193487465,704,test
/kaggle/input/datasets/sartajbhuvaji/brain-tumor-classification-mri/Training/meningioma_tumor/m1(130).jpg,m1(130).jpg,Training,meningioma_tumor,meningioma,15044568818127430694,705,train
/kaggle/input/datasets/sartajbhuvaji/brain-tumor-classification-mri/Training/meningioma_tumor/m1(131).jpg,m1(131).jpg,Training,meningioma_tumor,meningioma,9320849413735016595,706,train
/kaggle/input/datasets/sartajbhuvaji/brain-tumor-classification-mri/Training/meningioma_tumor/m1(132).jpg,m1(132).jpg,Training,meningioma_tumor,meningioma,14210874205719776752,707,train
/kaggle/input/datasets/sartajbhuvaji/brain-tumor-classification-mri/Training/meningioma_tumor/m1(133).jpg,m1(133).jpg,Training,meningioma_tumor,meningioma,9514781741582832184,708,train
/kaggle/input/datasets/sartajbhuvaji/brain-tumor-classification-mri/Training/meningioma_tumor/m1(134).jpg,m1(134).jpg,Training,meningioma_tumor,meningioma,14155709370994538756,675,test
/kaggle/input/datasets/sartajbhuvaji/brain-tumor-classification-mri/Training/meningioma_tumor/m1(135).jpg,m1(135).jpg,Training,meningioma_tumor,meningioma,13995830777410959000,709,test
/kaggle/input/datasets/sartajbhuvaji/brain-tumor-classification-mri/Training/meningioma_tumor/m1(136).jpg,m1(136).jpg,Training,meningioma_tumor,meningioma,14108420410810181220,710,train
/kaggle/input/datasets/sartajbhuvaji/brain-tumor-classification-mri/Training/meningioma_tumor/m1(137).jpg,m1(137).jpg,Training,meningioma_tumor,meningioma,10864454066440266181,711,test
/kaggle/input/datasets/sartajbhuvaji/brain-tumor-classification-mri/Training/meningioma_tumor/m1(138).jpg,m1(138).jpg,Training,meningioma_tumor,meningioma,10463637960144743555,712,test
/kaggle/input/datasets/sartajbhuvaji/brain-tumor-classification-mri/Training/meningioma_tumor/m1(139).jpg,m1(139).jpg,Training,meningioma_tumor,meningioma,14253675358627900806,713,train
/kaggle/input/datasets/sartajbhuvaji/brain-tumor-classification-mri/Training/meningioma_tumor/m1(14).jpg,m1(14).jpg,Training,meningioma_tumor,meningioma,10855480811066697548,714,test
/kaggle/input/datasets/sartajbhuvaji/brain-tumor-classification-mri/Training/meningioma_tumor/m1(140).jpg,m1(140).jpg,Training,meningioma_tumor,meningioma,9533072453001099568,715,train
/kaggle/input/datasets/sartajbhuvaji/brain-tumor-classification-mri/Training/meningioma_tumor/m1(141).jpg,m1(141).jpg,Training,meningioma_tumor,meningioma,15063210810935335600,716,train
/kaggle/input/datasets/sartajbhuvaji/brain-tumor-classification-mri/Training/meningioma_tumor/m1(142).jpg,m1(142).jpg,Training,meningioma_tumor,meningioma,10410752120928217154,717,test
/kaggle/input/datasets/sartajbhuvaji/brain-tumor-classification-mri/Training/meningioma_tumor/m1(143).jpg,m1(143).jpg,Training,meningioma_tumor,meningioma,9231926134754773961,682,train
/kaggle/input/datasets/sartajbhuvaji/brain-tumor-classification-mri/Training/meningioma_tumor/m1(144).jpg,m1(144).jpg,Training,meningioma_tumor,meningioma,15067640749890612404,718,test
/kaggle/input/datasets/sartajbhuvaji/brain-tumor-classification-mri/Training/meningioma_tumor/m1(145).jpg,m1(145).jpg,Training,meningioma_tumor,meningioma,9590449965440068128,719,train
/kaggle/input/datasets/sartajbhuvaji/brain-tumor-classification-mri/Training/meningioma_tumor/m1(146).jpg,m1(146).jpg,Training,meningioma_tumor,meningioma,13914740084629201392,720,train
/kaggle/input/datasets/sartajbhuvaji/brain-tumor-classification-mri/Training/meningioma_tumor/m1(147).jpg,m1(147).jpg,Training,meningioma_tumor,meningioma,14198187013900740856,721,train
/kaggle/input/datasets/sartajbhuvaji/brain-tumor-classification-mri/Training/meningioma_tumor/m1(148).jpg,m1(148).jpg,Training,meningioma_tumor,meningioma,9231921745461015584,722,train
/kaggle/input/datasets/sartajbhuvaji/brain-tumor-classification-mri/Training/meningioma_tumor/m1(149).jpg,m1(149).jpg,Training,meningioma_tumor,meningioma,10705080930752424552,723,train
/kaggle/input/datasets/sartajbhuvaji/brain-tumor-classification-mri/Training/meningioma_tumor/m1(15).jpg,m1(15).jpg,Training,meningioma_tumor,meningioma,10918812697870148973,724,val
/kaggle/input/datasets/sartajbhuvaji/brain-tumor-classification-mri/Training/meningioma_tumor/m1(150).jpg,m1(150).jpg,Training,meningioma_tumor,meningioma,14179374713817020728,725,train
/kaggle/input/datasets/sartajbhuvaji/brain-tumor-classification-mri/Training/meningioma_tumor/m1(151).jpg,m1(151).jpg,Training,meningioma_tumor,meningioma,14324875334442430827,726,test
/kaggle/input/datasets/sartajbhuvaji/brain-tumor-classification-mri/Training/meningioma_tumor/m1(152).jpg,m1(152).jpg,Training,meningioma_tumor,meningioma,9353997704158405742,727,train
/kaggle/input/datasets/sartajbhuvaji/brain-tumor-classification-mri/Training/meningioma_tumor/m1(153).jpg,m1(153).jpg,Training,meningioma_tumor,meningioma,15081195520647261920,728,train
/kaggle/input/datasets/sartajbhuvaji/brain-tumor-classification-mri/Training/meningioma_tumor/m1(154).jpg,m1(154).jpg,Training,meningioma_tumor,meningioma,10753305341843497095,729,train
/kaggle/input/datasets/sartajbhuvaji/brain-tumor-classification-mri/Training/meningioma_tumor/m1(155).jpg,m1(155).jpg,Training,meningioma_tumor,meningioma,15067640749890612404,718,test
/kaggle/input/datasets/sartajbhuvaji/brain-tumor-classification-mri/Training/meningioma_tumor/m1(156).jpg,m1(156).jpg,Training,meningioma_tumor,meningioma,9590449832295820832,719,train
/kaggle/input/datasets/sartajbhuvaji/brain-tumor-classification-mri/Training/meningioma_tumor/m1(157).jpg,m1(157).jpg,Training,meningioma_tumor,meningioma,10384130001593575430,730,val
/kaggle/input/datasets/sartajbhuvaji/brain-tumor-classification-mri/Training/meningioma_tumor/m1(158).jpg,m1(158).jpg,Training,meningioma_tumor,meningioma,10455695311744810720,731,train
/kaggle/input/datasets/sartajbhuvaji/brain-tumor-classification-mri/Training/meningioma_tumor/m1(159).jpg,m1(159).jpg,Training,meningioma_tumor,meningioma,10885051437049982401,732,val
/kaggle/input/datasets/sartajbhuvaji/brain-tumor-classification-mri/Training/meningioma_tumor/m1(16).jpg,m1(16).jpg,Training,meningioma_tumor,meningioma,10918812697870148973,724,val
/kaggle/input/datasets/sartajbhuvaji/brain-tumor-classification-mri/Training/meningioma_tumor/m1(160).jpg,m1(160).jpg,Training,meningioma_tumor,meningioma,9514513307673061458,733,train
/kaggle/input/datasets/sartajbhuvaji/brain-tumor-classification-mri/Training/meningioma_tumor/m1(161).jpg,m1(161).jpg,Training,meningioma_tumor,meningioma,14145558181403779523,734,test
/kaggle/input/datasets/sartajbhuvaji/brain-tumor-classification-mri/Training/meningioma_tumor/m1(162).jpg,m1(162).jpg,Training,meningioma_tumor,meningioma,13852543457336518880,735,test
/kaggle/input/datasets/sartajbhuvaji/brain-tumor-classification-mri/Training/meningioma_tumor/m1(163).jpg,m1(163).jpg,Training,meningioma_tumor,meningioma,9321992914576426784,736,train
/kaggle/input/datasets/sartajbhuvaji/brain-tumor-classification-mri/Training/meningioma_tumor/m1(165).jpg,m1(165).jpg,Training,meningioma_tumor,meningioma,14180211424808548528,737,train
/kaggle/input/datasets/sartajbhuvaji/brain-tumor-classification-mri/Training/meningioma_tumor/m1(166).jpg,m1(166).jpg,Training,meningioma_tumor,meningioma,14180790876086278632,738,test
/kaggle/input/datasets/sartajbhuvaji/brain-tumor-classification-mri/Training/meningioma_tumor/m1(167).jpg,m1(167).jpg,Training,meningioma_tumor,meningioma,14163339273045619000,739,train
/kaggle/input/datasets/sartajbhuvaji/brain-tumor-classification-mri/Training/meningioma_tumor/m1(168).jpg,m1(168).jpg,Training,meningioma_tumor,meningioma,10383747549237620902,686,train
/kaggle/input/datasets/sartajbhuvaji/brain-tumor-classification-mri/Training/meningioma_tumor/m1(169).jpg,m1(169).jpg,Training,meningioma_tumor,meningioma,15135806013975602290,740,train
/kaggle/input/datasets/sartajbhuvaji/brain-tumor-classification-mri/Training/meningioma_tumor/m1(17).jpg,m1(17).jpg,Training,meningioma_tumor,meningioma,10923318496520775013,724,val
/kaggle/input/datasets/sartajbhuvaji/brain-tumor-classification-mri/Training/meningioma_tumor/m1(170).jpg,m1(170).jpg,Training,meningioma_tumor,meningioma,13910512363032771810,741,train
/kaggle/input/datasets/sartajbhuvaji/brain-tumor-classification-mri/Training/meningioma_tumor/m1(171).jpg,m1(171).jpg,Training,meningioma_tumor,meningioma,14134279115569654983,742,train
/kaggle/input/datasets/sartajbhuvaji/brain-tumor-classification-mri/Training/meningioma_tumor/m1(172).jpg,m1(172).jpg,Training,meningioma_tumor,meningioma,13910512363032771810,741,train
/kaggle/input/datasets/sartajbhuvaji/brain-tumor-classification-mri/Training/meningioma_tumor/m1(173).jpg,m1(173).jpg,Training,meningioma_tumor,meningioma,14211127067552280455,743,train
/kaggle/input/datasets/sartajbhuvaji/brain-tumor-classification-mri/Training/meningioma_tumor/m1(174).jpg,m1(174).jpg,Training,meningioma_tumor,meningioma,10767577227125209185,744,train
/kaggle/input/datasets/sartajbhuvaji/brain-tumor-classification-mri/Training/meningioma_tumor/m1(175).jpg,m1(175).jpg,Training,meningioma_tumor,meningioma,9320867005921061010,706,train
/kaggle/input/datasets/sartajbhuvaji/brain-tumor-classification-mri/Training/meningioma_tumor/m1(176).jpg,m1(176).jpg,Training,meningioma_tumor,meningioma,10509461035791248548,745,train
/kaggle/input/datasets/sartajbhuvaji/brain-tumor-classification-mri/Training/meningioma_tumor/m1(177).jpg,m1(177).jpg,Training,meningioma_tumor,meningioma,10498816847642455232,746,val
/kaggle/input/datasets/sartajbhuvaji/brain-tumor-classification-mri/Training/meningioma_tumor/m1(178).jpg,m1(178).jpg,Training,meningioma_tumor,meningioma,9303908963542186181,747,cal
/kaggle/input/datasets/sartajbhuvaji/brain-tumor-classification-mri/Training/meningioma_tumor/m1(179).jpg,m1(179).jpg,Training,meningioma_tumor,meningioma,15351394099754462436,748,train
/kaggle/input/datasets/sartajbhuvaji/brain-tumor-classification-mri/Training/meningioma_tumor/m1(18).jpg,m1(18).jpg,Training,meningioma_tumor,meningioma,10895749290426312556,749,train
/kaggle/input/datasets/sartajbhuvaji/brain-tumor-classification-mri/Training/meningioma_tumor/m1(180).jpg,m1(180).jpg,Training,meningioma_tumor,meningioma,10536855105122813988,750,train
/kaggle/input/datasets/sartajbhuvaji/brain-tumor-classification-mri/Training/meningioma_tumor/m1(181).jpg,m1(181).jpg,Training,meningioma_tumor,meningioma,10739526520409189173,751,val
/kaggle/input/datasets/sartajbhuvaji/brain-tumor-classification-mri/Training/meningioma_tumor/m1(182).jpg,m1(182).jpg,Training,meningioma_tumor,meningioma,10375260327199818515,690,train
/kaggle/input/datasets/sartajbhuvaji/brain-tumor-classification-mri/Training/meningioma_tumor/m1(183).jpg,m1(183).jpg,Training,meningioma_tumor,meningioma,15382959626719576975,752,train
/kaggle/input/datasets/sartajbhuvaji/brain-tumor-classification-mri/Training/meningioma_tumor/m1(184).jpg,m1(184).jpg,Training,meningioma_tumor,meningioma,10757484579308529811,753,train
/kaggle/input/datasets/sartajbhuvaji/brain-tumor-classification-mri/Training/meningioma_tumor/m1(185).jpg,m1(185).jpg,Training,meningioma_tumor,meningioma,13857505727812153253,754,train
/kaggle/input/datasets/sartajbhuvaji/brain-tumor-classification-mri/Training/meningioma_tumor/m1(186).jpg,m1(186).jpg,Training,meningioma_tumor,meningioma,10551166001431753547,755,cal
/kaggle/input/datasets/sartajbhuvaji/brain-tumor-classification-mri/Training/meningioma_tumor/m1(187).jpg,m1(187).jpg,Training,meningioma_tumor,meningioma,10449027041394978736,756,train
/kaggle/input/datasets/sartajbhuvaji/brain-tumor-classification-mri/Training/meningioma_tumor/m1(188).jpg,m1(188).jpg,Training,meningioma_tumor,meningioma,14103074744335492251,757,train
/kaggle/input/datasets/sartajbhuvaji/brain-tumor-classification-mri/Training/meningioma_tumor/m1(189).jpg,m1(189).jpg,Training,meningioma_tumor,meningioma,10502990899549260684,758,cal
/kaggle/input/datasets/sartajbhuvaji/brain-tumor-classification-mri/Training/meningioma_tumor/m1(19).jpg,m1(19).jpg,Training,meningioma_tumor,meningioma,15114993623401833532,759,train
/kaggle/input/datasets/sartajbhuvaji/brain-tumor-classification-mri/Training/meningioma_tumor/m1(190).jpg,m1(190).jpg,Training,meningioma_tumor,meningioma,13995830777410959000,709,test
/kaggle/input/datasets/sartajbhuvaji/brain-tumor-classification-mri/Training/meningioma_tumor/m1(191).jpg,m1(191).jpg,Training,meningioma_tumor,meningioma,15145163410843526734,760,val
/kaggle/input/datasets/sartajbhuvaji/brain-tumor-classification-mri/Training/meningioma_tumor/m1(192).jpg,m1(192).jpg,Training,meningioma_tumor,meningioma,10383747549237620902,686,train
/kaggle/input/datasets/sartajbhuvaji/brain-tumor-classification-mri/Training/meningioma_tumor/m1(193).jpg,m1(193).jpg,Training,meningioma_tumor,meningioma,14356379163695342396,678,train
/kaggle/input/datasets/sartajbhuvaji/brain-tumor-classification-mri/Training/meningioma_tumor/m1(194).jpg,m1(194).jpg,Training,meningioma_tumor,meningioma,9614347528681823920,761,test
/kaggle/input/datasets/sartajbhuvaji/brain-tumor-classification-mri/Training/meningioma_tumor/m1(195).jpg,m1(195).jpg,Training,meningioma_tumor,meningioma,10739478265603259160,762,train
/kaggle/input/datasets/sartajbhuvaji/brain-tumor-classification-mri/Training/meningioma_tumor/m1(196).jpg,m1(196).jpg,Training,meningioma_tumor,meningioma,13961790206765120289,763,val
/kaggle/input/datasets/sartajbhuvaji/brain-tumor-classification-mri/Training/meningioma_tumor/m1(197).jpg,m1(197).jpg,Training,meningioma_tumor,meningioma,9533662715177887877,764,test
/kaggle/input/datasets/sartajbhuvaji/brain-tumor-classification-mri/Training/meningioma_tumor/m1(198).jpg,m1(198).jpg,Training,meningioma_tumor,meningioma,14394412813630257465,765,train
/kaggle/input/datasets/sartajbhuvaji/brain-tumor-classification-mri/Training/meningioma_tumor/m1(199).jpg,m1(199).jpg,Training,meningioma_tumor,meningioma,11199445752808391577,766,train
/kaggle/input/datasets/sartajbhuvaji/brain-tumor-classification-mri/Training/meningioma_tumor/m1(2).jpg,m1(2).jpg,Training,meningioma_tumor,meningioma,14326565648131908016,767,train
/kaggle/input/datasets/sartajbhuvaji/brain-tumor-classification-mri/Training/meningioma_tumor/m1(20).jpg,m1(20).jpg,Training,meningioma_tumor,meningioma,15114975962832921696,768,cal
/kaggle/input/datasets/sartajbhuvaji/brain-tumor-classification-mri/Training/meningioma_tumor/m1(200).jpg,m1(200).jpg,Training,meningioma_tumor,meningioma,13898136203202551088,674,cal
/kaggle/input/datasets/sartajbhuvaji/brain-tumor-classification-mri/Training/meningioma_tumor/m1(201).jpg,m1(201).jpg,Training,meningioma_tumor,meningioma,10683184181462525989,769,train
/kaggle/input/datasets/sartajbhuvaji/brain-tumor-classification-mri/Training/meningioma_tumor/m1(202).jpg,m1(202).jpg,Training,meningioma_tumor,meningioma,14326565648131908016,767,train
/kaggle/input/datasets/sartajbhuvaji/brain-tumor-classification-mri/Training/meningioma_tumor/m1(21).jpg,m1(21).jpg,Training,meningioma_tumor,meningioma,10503026129998799972,770,cal
/kaggle/input/datasets/sartajbhuvaji/brain-tumor-classification-mri/Training/meningioma_tumor/m1(22).jpg,m1(22).jpg,Training,meningioma_tumor,meningioma,13920414037268656777,771,train
/kaggle/input/datasets/sartajbhuvaji/brain-tumor-classification-mri/Training/meningioma_tumor/m1(23).jpg,m1(23).jpg,Training,meningioma_tumor,meningioma,13920114699523224217,771,train
/kaggle/input/datasets/sartajbhuvaji/brain-tumor-classification-mri/Training/meningioma_tumor/m1(24).jpg,m1(24).jpg,Training,meningioma_tumor,meningioma,14496575451826647705,771,train
/kaggle/input/datasets/sartajbhuvaji/brain-tumor-classification-mri/Training/meningioma_tumor/m1(25).jpg,m1(25).jpg,Training,meningioma_tumor,meningioma,14496012501873226649,771,train
/kaggle/input/datasets/sartajbhuvaji/brain-tumor-classification-mri/Training/meningioma_tumor/m1(26).jpg,m1(26).jpg,Training,meningioma_tumor,meningioma,14640125499382064029,772,val
/kaggle/input/datasets/sartajbhuvaji/brain-tumor-classification-mri/Training/meningioma_tumor/m1(27).jpg,m1(27).jpg,Training,meningioma_tumor,meningioma,14642394891415242552,773,train
/kaggle/input/datasets/sartajbhuvaji/brain-tumor-classification-mri/Training/meningioma_tumor/m1(28).jpg,m1(28).jpg,Training,meningioma_tumor,meningioma,10873446736548421955,774,train
/kaggle/input/datasets/sartajbhuvaji/brain-tumor-classification-mri/Training/meningioma_tumor/m1(29).jpg,m1(29).jpg,Training,meningioma_tumor,meningioma,9756554441285788003,774,train
/kaggle/input/datasets/sartajbhuvaji/brain-tumor-classification-mri/Training/meningioma_tumor/m1(3).jpg,m1(3).jpg,Training,meningioma_tumor,meningioma,10389042045621254338,689,train
/kaggle/input/datasets/sartajbhuvaji/brain-tumor-classification-mri/Training/meningioma_tumor/m1(30).jpg,m1(30).jpg,Training,meningioma_tumor,meningioma,10909475945892634955,774,train
/kaggle/input/datasets/sartajbhuvaji/brain-tumor-classification-mri/Training/meningioma_tumor/m1(31).jpg,m1(31).jpg,Training,meningioma_tumor,meningioma,10911228716827960217,1111,cal
/kaggle/input/datasets/sartajbhuvaji/brain-tumor-classification-mri/Training/meningioma_tumor/m1(32).jpg,m1(32).jpg,Training,meningioma_tumor,meningioma,10911791529074254745,1111,cal
/kaggle/input/datasets/sartajbhuvaji/brain-tumor-classification-mri/Training/meningioma_tumor/m1(33).jpg,m1(33).jpg,Training,meningioma_tumor,meningioma,10911228716559786905,1111,cal
/kaggle/input/datasets/sartajbhuvaji/brain-tumor-classification-mri/Training/meningioma_tumor/m1(34).jpg,m1(34).jpg,Training,meningioma_tumor,meningioma,10605463033017231002,775,train
/kaggle/input/datasets/sartajbhuvaji/brain-tumor-classification-mri/Training/meningioma_tumor/m1(35).jpg,m1(35).jpg,Training,meningioma_tumor,meningioma,10605465718445466778,776,train
/kaggle/input/datasets/sartajbhuvaji/brain-tumor-classification-mri/Training/meningioma_tumor/m1(36).jpg,m1(36).jpg,Training,meningioma_tumor,meningioma,10896574624226027230,588,train
/kaggle/input/datasets/sartajbhuvaji/brain-tumor-classification-mri/Training/meningioma_tumor/m1(37).jpg,m1(37).jpg,Training,meningioma_tumor,meningioma,10897718107729028764,777,train
/kaggle/input/datasets/sartajbhuvaji/brain-tumor-classification-mri/Training/meningioma_tumor/m1(38).jpg,m1(38).jpg,Training,meningioma_tumor,meningioma,10819399860248601952,778,train
/kaggle/input/datasets/sartajbhuvaji/brain-tumor-classification-mri/Training/meningioma_tumor/m1(39).jpg,m1(39).jpg,Training,meningioma_tumor,meningioma,10819399447931741280,778,train
/kaggle/input/datasets/sartajbhuvaji/brain-tumor-classification-mri/Training/meningioma_tumor/m1(4).jpg,m1(4).jpg,Training,meningioma_tumor,meningioma,14153703355807119505,779,cal
/kaggle/input/datasets/sartajbhuvaji/brain-tumor-classification-mri/Training/meningioma_tumor/m1(40).jpg,m1(40).jpg,Training,meningioma_tumor,meningioma,10819397764304561618,780,train
/kaggle/input/datasets/sartajbhuvaji/brain-tumor-classification-mri/Training/meningioma_tumor/m1(41).jpg,m1(41).jpg,Training,meningioma_tumor,meningioma,10819467308415018387,780,train
/kaggle/input/datasets/sartajbhuvaji/brain-tumor-classification-mri/Training/meningioma_tumor/m1(42).jpg,m1(42).jpg,Training,meningioma_tumor,meningioma,14278163274549900233,781,cal
/kaggle/input/datasets/sartajbhuvaji/brain-tumor-classification-mri/Training/meningioma_tumor/m1(43).jpg,m1(43).jpg,Training,meningioma_tumor,meningioma,14282666908603921179,782,train
/kaggle/input/datasets/sartajbhuvaji/brain-tumor-classification-mri/Training/meningioma_tumor/m1(44).jpg,m1(44).jpg,Training,meningioma_tumor,meningioma,14999814069410868579,783,train
/kaggle/input/datasets/sartajbhuvaji/brain-tumor-classification-mri/Training/meningioma_tumor/m1(45).jpg,m1(45).jpg,Training,meningioma_tumor,meningioma,15071871662375075107,783,train
/kaggle/input/datasets/sartajbhuvaji/brain-tumor-classification-mri/Training/meningioma_tumor/m1(46).jpg,m1(46).jpg,Training,meningioma_tumor,meningioma,15076392544753695075,784,val
/kaggle/input/datasets/sartajbhuvaji/brain-tumor-classification-mri/Training/meningioma_tumor/m1(47).jpg,m1(47).jpg,Training,meningioma_tumor,meningioma,9311785021920783843,1682,train
/kaggle/input/datasets/sartajbhuvaji/brain-tumor-classification-mri/Training/meningioma_tumor/m1(48).jpg,m1(48).jpg,Training,meningioma_tumor,meningioma,15071889220268993635,785,train
/kaggle/input/datasets/sartajbhuvaji/brain-tumor-classification-mri/Training/meningioma_tumor/m1(49).jpg,m1(49).jpg,Training,meningioma_tumor,meningioma,15076392819829259362,785,train
/kaggle/input/datasets/sartajbhuvaji/brain-tumor-classification-mri/Training/meningioma_tumor/m1(5).jpg,m1(5).jpg,Training,meningioma_tumor,meningioma,11211830459405802389,786,train
/kaggle/input/datasets/sartajbhuvaji/brain-tumor-classification-mri/Training/meningioma_tumor/m1(50).jpg,m1(50).jpg,Training,meningioma_tumor,meningioma,10494915772795986963,787,train
/kaggle/input/datasets/sartajbhuvaji/brain-tumor-classification-mri/Training/meningioma_tumor/m1(51).jpg,m1(51).jpg,Training,meningioma_tumor,meningioma,10746835945671370131,788,train
/kaggle/input/datasets/sartajbhuvaji/brain-tumor-classification-mri/Training/meningioma_tumor/m1(52).jpg,m1(52).jpg,Training,meningioma_tumor,meningioma,9611942036935943552,789,train
/kaggle/input/datasets/sartajbhuvaji/brain-tumor-classification-mri/Training/meningioma_tumor/m1(53).jpg,m1(53).jpg,Training,meningioma_tumor,meningioma,14397507285868570424,790,train
/kaggle/input/datasets/sartajbhuvaji/brain-tumor-classification-mri/Training/meningioma_tumor/m1(54).jpg,m1(54).jpg,Training,meningioma_tumor,meningioma,14397507251509094200,790,train
/kaggle/input/datasets/sartajbhuvaji/brain-tumor-classification-mri/Training/meningioma_tumor/m1(55).jpg,m1(55).jpg,Training,meningioma_tumor,meningioma,14397507388948047409,790,train
/kaggle/input/datasets/sartajbhuvaji/brain-tumor-classification-mri/Training/meningioma_tumor/m1(56).jpg,m1(56).jpg,Training,meningioma_tumor,meningioma,9785821374815594033,790,train
/kaggle/input/datasets/sartajbhuvaji/brain-tumor-classification-mri/Training/meningioma_tumor/m1(57).jpg,m1(57).jpg,Training,meningioma_tumor,meningioma,13996113283342611847,791,train
/kaggle/input/datasets/sartajbhuvaji/brain-tumor-classification-mri/Training/meningioma_tumor/m1(58).jpg,m1(58).jpg,Training,meningioma_tumor,meningioma,15149033757014963846,792,train
/kaggle/input/datasets/sartajbhuvaji/brain-tumor-classification-mri/Training/meningioma_tumor/m1(59).jpg,m1(59).jpg,Training,meningioma_tumor,meningioma,15149033757023876230,792,train
/kaggle/input/datasets/sartajbhuvaji/brain-tumor-classification-mri/Training/meningioma_tumor/m1(6).jpg,m1(6).jpg,Training,meningioma_tumor,meningioma,10383927418093332869,793,train
/kaggle/input/datasets/sartajbhuvaji/brain-tumor-classification-mri/Training/meningioma_tumor/m1(60).jpg,m1(60).jpg,Training,meningioma_tumor,meningioma,15149033688354207374,792,train
/kaggle/input/datasets/sartajbhuvaji/brain-tumor-classification-mri/Training/meningioma_tumor/m1(61).jpg,m1(61).jpg,Training,meningioma_tumor,meningioma,13996112183747360398,792,train
/kaggle/input/datasets/sartajbhuvaji/brain-tumor-classification-mri/Training/meningioma_tumor/m1(62).jpg,m1(62).jpg,Training,meningioma_tumor,meningioma,13996112188042326670,792,train
/kaggle/input/datasets/sartajbhuvaji/brain-tumor-classification-mri/Training/meningioma_tumor/m1(63).jpg,m1(63).jpg,Training,meningioma_tumor,meningioma,14068186144832434844,794,train
/kaggle/input/datasets/sartajbhuvaji/brain-tumor-classification-mri/Training/meningioma_tumor/m1(64).jpg,m1(64).jpg,Training,meningioma_tumor,meningioma,9743092360350771100,795,train
/kaggle/input/datasets/sartajbhuvaji/brain-tumor-classification-mri/Training/meningioma_tumor/m1(65).jpg,m1(65).jpg,Training,meningioma_tumor,meningioma,9670981989502756766,796,test
/kaggle/input/datasets/sartajbhuvaji/brain-tumor-classification-mri/Training/meningioma_tumor/m1(66).jpg,m1(66).jpg,Training,meningioma_tumor,meningioma,10531713665019582105,797,val
/kaggle/input/datasets/sartajbhuvaji/brain-tumor-classification-mri/Training/meningioma_tumor/m1(67).jpg,m1(67).jpg,Training,meningioma_tumor,meningioma,14081978338373756569,798,train
/kaggle/input/datasets/sartajbhuvaji/brain-tumor-classification-mri/Training/meningioma_tumor/m1(68).jpg,m1(68).jpg,Training,meningioma_tumor,meningioma,14081696734552770201,799,train
/kaggle/input/datasets/sartajbhuvaji/brain-tumor-classification-mri/Training/meningioma_tumor/m1(69).jpg,m1(69).jpg,Training,meningioma_tumor,meningioma,13848339005660203811,800,train
/kaggle/input/datasets/sartajbhuvaji/brain-tumor-classification-mri/Training/meningioma_tumor/m1(7).jpg,m1(7).jpg,Training,meningioma_tumor,meningioma,9736284179916941773,801,train
/kaggle/input/datasets/sartajbhuvaji/brain-tumor-classification-mri/Training/meningioma_tumor/m1(70).jpg,m1(70).jpg,Training,meningioma_tumor,meningioma,13848340104366722946,802,train
/kaggle/input/datasets/sartajbhuvaji/brain-tumor-classification-mri/Training/meningioma_tumor/m1(71).jpg,m1(71).jpg,Training,meningioma_tumor,meningioma,15005765139948572034,802,train
/kaggle/input/datasets/sartajbhuvaji/brain-tumor-classification-mri/Training/meningioma_tumor/m1(72).jpg,m1(72).jpg,Training,meningioma_tumor,meningioma,13852279568696818886,803,train
/kaggle/input/datasets/sartajbhuvaji/brain-tumor-classification-mri/Training/meningioma_tumor/m1(73).jpg,m1(73).jpg,Training,meningioma_tumor,meningioma,14068168686192769166,804,train
/kaggle/input/datasets/sartajbhuvaji/brain-tumor-classification-mri/Training/meningioma_tumor/m1(74).jpg,m1(74).jpg,Training,meningioma_tumor,meningioma,13983463263678902841,805,train
/kaggle/input/datasets/sartajbhuvaji/brain-tumor-classification-mri/Training/meningioma_tumor/m1(75).jpg,m1(75).jpg,Training,meningioma_tumor,meningioma,13986840963407819309,805,train
/kaggle/input/datasets/sartajbhuvaji/brain-tumor-classification-mri/Training/meningioma_tumor/m1(76).jpg,m1(76).jpg,Training,meningioma_tumor,meningioma,13987966864358519609,805,train
/kaggle/input/datasets/sartajbhuvaji/brain-tumor-classification-mri/Training/meningioma_tumor/m1(77).jpg,m1(77).jpg,Training,meningioma_tumor,meningioma,13982900382423528239,806,train
/kaggle/input/datasets/sartajbhuvaji/brain-tumor-classification-mri/Training/meningioma_tumor/m1(78).jpg,m1(78).jpg,Training,meningioma_tumor,meningioma,13996129775949915804,792,train
/kaggle/input/datasets/sartajbhuvaji/brain-tumor-classification-mri/Training/meningioma_tumor/m1(79).jpg,m1(79).jpg,Training,meningioma_tumor,meningioma,13996129775929734808,792,train
/kaggle/input/datasets/sartajbhuvaji/brain-tumor-classification-mri/Training/meningioma_tumor/m1(8).jpg,m1(8).jpg,Training,meningioma_tumor,meningioma,15225314248120165779,807,train
/kaggle/input/datasets/sartajbhuvaji/brain-tumor-classification-mri/Training/meningioma_tumor/m1(80).jpg,m1(80).jpg,Training,meningioma_tumor,meningioma,9671825877566383763,808,train
/kaggle/input/datasets/sartajbhuvaji/brain-tumor-classification-mri/Training/meningioma_tumor/m1(81).jpg,m1(81).jpg,Training,meningioma_tumor,meningioma,9671827526829631130,808,train
/kaggle/input/datasets/sartajbhuvaji/brain-tumor-classification-mri/Training/meningioma_tumor/m1(82).jpg,m1(82).jpg,Training,meningioma_tumor,meningioma,9685335851811678106,809,train
/kaggle/input/datasets/sartajbhuvaji/brain-tumor-classification-mri/Training/meningioma_tumor/m1(83).jpg,m1(83).jpg,Training,meningioma_tumor,meningioma,10837975885740386202,810,val
/kaggle/input/datasets/sartajbhuvaji/brain-tumor-classification-mri/Training/meningioma_tumor/m1(84).jpg,m1(84).jpg,Training,meningioma_tumor,meningioma,10837975894376462232,810,val
/kaggle/input/datasets/sartajbhuvaji/brain-tumor-classification-mri/Training/meningioma_tumor/m1(85).jpg,m1(85).jpg,Training,meningioma_tumor,meningioma,10837975756938586009,810,val
/kaggle/input/datasets/sartajbhuvaji/brain-tumor-classification-mri/Training/meningioma_tumor/m1(86).jpg,m1(86).jpg,Training,meningioma_tumor,meningioma,11414436509292332569,810,val
/kaggle/input/datasets/sartajbhuvaji/brain-tumor-classification-mri/Training/meningioma_tumor/m1(87).jpg,m1(87).jpg,Training,meningioma_tumor,meningioma,14136073081076802445,811,train
/kaggle/input/datasets/sartajbhuvaji/brain-tumor-classification-mri/Training/meningioma_tumor/m1(88).jpg,m1(88).jpg,Training,meningioma_tumor,meningioma,9524387337527354124,811,train
/kaggle/input/datasets/sartajbhuvaji/brain-tumor-classification-mri/Training/meningioma_tumor/m1(89).jpg,m1(89).jpg,Training,meningioma_tumor,meningioma,9596461424239952460,811,train
/kaggle/input/datasets/sartajbhuvaji/brain-tumor-classification-mri/Training/meningioma_tumor/m1(9).jpg,m1(9).jpg,Training,meningioma_tumor,meningioma,14684334701539652204,812,train
/kaggle/input/datasets/sartajbhuvaji/brain-tumor-classification-mri/Training/meningioma_tumor/m1(90).jpg,m1(90).jpg,Training,meningioma_tumor,meningioma,10935384678290187456,813,train
/kaggle/input/datasets/sartajbhuvaji/brain-tumor-classification-mri/Training/meningioma_tumor/m1(91).jpg,m1(91).jpg,Training,meningioma_tumor,meningioma,10796072393099651485,814,cal
/kaggle/input/datasets/sartajbhuvaji/brain-tumor-classification-mri/Training/meningioma_tumor/m1(92).jpg,m1(92).jpg,Training,meningioma_tumor,meningioma,9242036913448496274,815,train
/kaggle/input/datasets/sartajbhuvaji/brain-tumor-classification-mri/Training/meningioma_tumor/m1(93).jpg,m1(93).jpg,Training,meningioma_tumor,meningioma,10766785750698571827,816,cal
/kaggle/input/datasets/sartajbhuvaji/brain-tumor-classification-mri/Training/meningioma_tumor/m1(94).jpg,m1(94).jpg,Training,meningioma_tumor,meningioma,15350878234976410174,817,train
/kaggle/input/datasets/sartajbhuvaji/brain-tumor-classification-mri/Training/meningioma_tumor/m1(95).jpg,m1(95).jpg,Training,meningioma_tumor,meningioma,14162781657441188114,818,val
/kaggle/input/datasets/sartajbhuvaji/brain-tumor-classification-mri/Training/meningioma_tumor/m1(96).jpg,m1(96).jpg,Training,meningioma_tumor,meningioma,10687687781089896481,769,train
/kaggle/input/datasets/sartajbhuvaji/brain-tumor-classification-mri/Training/meningioma_tumor/m1(97).jpg,m1(97).jpg,Training,meningioma_tumor,meningioma,14684334701539652204,812,train
/kaggle/input/datasets/sartajbhuvaji/brain-tumor-classification-mri/Training/meningioma_tumor/m1(98).jpg,m1(98).jpg,Training,meningioma_tumor,meningioma,14155709370994538756,675,test
/kaggle/input/datasets/sartajbhuvaji/brain-tumor-classification-mri/Training/meningioma_tumor/m1(99).jpg,m1(99).jpg,Training,meningioma_tumor,meningioma,10757492664079166298,762,train
/kaggle/input/datasets/sartajbhuvaji/brain-tumor-classification-mri/Training/meningioma_tumor/m2 (1).jpg,m2 (1).jpg,Training,meningioma_tumor,meningioma,10910102199372031894,819,train
/kaggle/input/datasets/sartajbhuvaji/brain-tumor-classification-mri/Training/meningioma_tumor/m2 (10).jpg,m2 (10).jpg,Training,meningioma_tumor,meningioma,14068515590565507779,919,train
/kaggle/input/datasets/sartajbhuvaji/brain-tumor-classification-mri/Training/meningioma_tumor/m2 (100).jpg,m2 (100).jpg,Training,meningioma_tumor,meningioma,13996393734956266435,820,train
/kaggle/input/datasets/sartajbhuvaji/brain-tumor-classification-mri/Training/meningioma_tumor/m2 (101).jpg,m2 (101).jpg,Training,meningioma_tumor,meningioma,13852346141430066304,821,train
/kaggle/input/datasets/sartajbhuvaji/brain-tumor-classification-mri/Training/meningioma_tumor/m2 (102).jpg,m2 (102).jpg,Training,meningioma_tumor,meningioma,13852346141153242242,821,train
/kaggle/input/datasets/sartajbhuvaji/brain-tumor-classification-mri/Training/meningioma_tumor/m2 (103).jpg,m2 (103).jpg,Training,meningioma_tumor,meningioma,15074794993240515794,822,train
/kaggle/input/datasets/sartajbhuvaji/brain-tumor-classification-mri/Training/meningioma_tumor/m2 (104).jpg,m2 (104).jpg,Training,meningioma_tumor,meningioma,15003019127581336788,823,train
/kaggle/input/datasets/sartajbhuvaji/brain-tumor-classification-mri/Training/meningioma_tumor/m2 (105).jpg,m2 (105).jpg,Training,meningioma_tumor,meningioma,13996392902742391763,824,train
/kaggle/input/datasets/sartajbhuvaji/brain-tumor-classification-mri/Training/meningioma_tumor/m2 (106).jpg,m2 (106).jpg,Training,meningioma_tumor,meningioma,13996392919920292787,825,train
/kaggle/input/datasets/sartajbhuvaji/brain-tumor-classification-mri/Training/meningioma_tumor/m2 (107).jpg,m2 (107).jpg,Training,meningioma_tumor,meningioma,13996126838174266278,826,train
/kaggle/input/datasets/sartajbhuvaji/brain-tumor-classification-mri/Training/meningioma_tumor/m2 (108).jpg,m2 (108).jpg,Training,meningioma_tumor,meningioma,13996390720956543942,826,train
/kaggle/input/datasets/sartajbhuvaji/brain-tumor-classification-mri/Training/meningioma_tumor/m2 (109).jpg,m2 (109).jpg,Training,meningioma_tumor,meningioma,13996390721090773348,827,train
/kaggle/input/datasets/sartajbhuvaji/brain-tumor-classification-mri/Training/meningioma_tumor/m2 (11).jpg,m2 (11).jpg,Training,meningioma_tumor,meningioma,14068519971566203684,828,train
/kaggle/input/datasets/sartajbhuvaji/brain-tumor-classification-mri/Training/meningioma_tumor/m2 (110).jpg,m2 (110).jpg,Training,meningioma_tumor,meningioma,13996127065941762340,829,train
/kaggle/input/datasets/sartajbhuvaji/brain-tumor-classification-mri/Training/meningioma_tumor/m2 (111).jpg,m2 (111).jpg,Training,meningioma_tumor,meningioma,14008797575074160739,830,train
/kaggle/input/datasets/sartajbhuvaji/brain-tumor-classification-mri/Training/meningioma_tumor/m2 (112).jpg,m2 (112).jpg,Training,meningioma_tumor,meningioma,14008797626345350241,830,train
/kaggle/input/datasets/sartajbhuvaji/brain-tumor-classification-mri/Training/meningioma_tumor/m2 (113).jpg,m2 (113).jpg,Training,meningioma_tumor,meningioma,14006540333595387361,831,train
/kaggle/input/datasets/sartajbhuvaji/brain-tumor-classification-mri/Training/meningioma_tumor/m2 (114).jpg,m2 (114).jpg,Training,meningioma_tumor,meningioma,14006542532623098148,832,train
/kaggle/input/datasets/sartajbhuvaji/brain-tumor-classification-mri/Training/meningioma_tumor/m2 (115).jpg,m2 (115).jpg,Training,meningioma_tumor,meningioma,14006542532488750642,833,train
/kaggle/input/datasets/sartajbhuvaji/brain-tumor-classification-mri/Training/meningioma_tumor/m2 (116).jpg,m2 (116).jpg,Training,meningioma_tumor,meningioma,14006542532489537122,833,train
/kaggle/input/datasets/sartajbhuvaji/brain-tumor-classification-mri/Training/meningioma_tumor/m2 (117).jpg,m2 (117).jpg,Training,meningioma_tumor,meningioma,9762236850522982035,834,train
/kaggle/input/datasets/sartajbhuvaji/brain-tumor-classification-mri/Training/meningioma_tumor/m2 (118).jpg,m2 (118).jpg,Training,meningioma_tumor,meningioma,9761673351098933905,835,train
/kaggle/input/datasets/sartajbhuvaji/brain-tumor-classification-mri/Training/meningioma_tumor/m2 (119).jpg,m2 (119).jpg,Training,meningioma_tumor,meningioma,14063964505713619865,836,val
/kaggle/input/datasets/sartajbhuvaji/brain-tumor-classification-mri/Training/meningioma_tumor/m2 (12).jpg,m2 (12).jpg,Training,meningioma_tumor,meningioma,14068451801845281076,828,train
/kaggle/input/datasets/sartajbhuvaji/brain-tumor-classification-mri/Training/meningioma_tumor/m2 (120).jpg,m2 (120).jpg,Training,meningioma_tumor,meningioma,13996410512172303305,837,train
/kaggle/input/datasets/sartajbhuvaji/brain-tumor-classification-mri/Training/meningioma_tumor/m2 (121).jpg,m2 (121).jpg,Training,meningioma_tumor,meningioma,13996113905223526114,838,train
/kaggle/input/datasets/sartajbhuvaji/brain-tumor-classification-mri/Training/meningioma_tumor/m2 (122).jpg,m2 (122).jpg,Training,meningioma_tumor,meningioma,13996113905237123302,839,train
/kaggle/input/datasets/sartajbhuvaji/brain-tumor-classification-mri/Training/meningioma_tumor/m2 (123).jpg,m2 (123).jpg,Training,meningioma_tumor,meningioma,13996113900673918050,840,train
/kaggle/input/datasets/sartajbhuvaji/brain-tumor-classification-mri/Training/meningioma_tumor/m2 (124).jpg,m2 (124).jpg,Training,meningioma_tumor,meningioma,13996127043408061474,840,train
/kaggle/input/datasets/sartajbhuvaji/brain-tumor-classification-mri/Training/meningioma_tumor/m2 (125).jpg,m2 (125).jpg,Training,meningioma_tumor,meningioma,13991887361201430832,841,train
/kaggle/input/datasets/sartajbhuvaji/brain-tumor-classification-mri/Training/meningioma_tumor/m2 (126).jpg,m2 (126).jpg,Training,meningioma_tumor,meningioma,14008793177028504672,842,train
/kaggle/input/datasets/sartajbhuvaji/brain-tumor-classification-mri/Training/meningioma_tumor/m2 (127).jpg,m2 (127).jpg,Training,meningioma_tumor,meningioma,14008793178110438624,842,train
/kaggle/input/datasets/sartajbhuvaji/brain-tumor-classification-mri/Training/meningioma_tumor/m2 (128).jpg,m2 (128).jpg,Training,meningioma_tumor,meningioma,14008793178160850050,843,train
/kaggle/input/datasets/sartajbhuvaji/brain-tumor-classification-mri/Training/meningioma_tumor/m2 (129).jpg,m2 (129).jpg,Training,meningioma_tumor,meningioma,15160588782727160961,844,cal
/kaggle/input/datasets/sartajbhuvaji/brain-tumor-classification-mri/Training/meningioma_tumor/m2 (13).jpg,m2 (13).jpg,Training,meningioma_tumor,meningioma,9689564075442709701,845,test
/kaggle/input/datasets/sartajbhuvaji/brain-tumor-classification-mri/Training/meningioma_tumor/m2 (130).jpg,m2 (130).jpg,Training,meningioma_tumor,meningioma,13860455864050213985,1837,test
/kaggle/input/datasets/sartajbhuvaji/brain-tumor-classification-mri/Training/meningioma_tumor/m2 (131).jpg,m2 (131).jpg,Training,meningioma_tumor,meningioma,13860455864117306596,1837,test
/kaggle/input/datasets/sartajbhuvaji/brain-tumor-classification-mri/Training/meningioma_tumor/m2 (132).jpg,m2 (132).jpg,Training,meningioma_tumor,meningioma,13842441466631236836,1837,test
/kaggle/input/datasets/sartajbhuvaji/brain-tumor-classification-mri/Training/meningioma_tumor/m2 (133).jpg,m2 (133).jpg,Training,meningioma_tumor,meningioma,13837920273827966196,1837,test
/kaggle/input/datasets/sartajbhuvaji/brain-tumor-classification-mri/Training/meningioma_tumor/m2 (134).jpg,m2 (134).jpg,Training,meningioma_tumor,meningioma,10824747398661827629,846,train
/kaggle/input/datasets/sartajbhuvaji/brain-tumor-classification-mri/Training/meningioma_tumor/m2 (135).jpg,m2 (135).jpg,Training,meningioma_tumor,meningioma,10819967697061832761,847,train
/kaggle/input/datasets/sartajbhuvaji/brain-tumor-classification-mri/Training/meningioma_tumor/m2 (136).jpg,m2 (136).jpg,Training,meningioma_tumor,meningioma,14999307873162786857,848,train
/kaggle/input/datasets/sartajbhuvaji/brain-tumor-classification-mri/Training/meningioma_tumor/m2 (137).jpg,m2 (137).jpg,Training,meningioma_tumor,meningioma,15143423061230254121,848,train
/kaggle/input/datasets/sartajbhuvaji/brain-tumor-classification-mri/Training/meningioma_tumor/m2 (138).jpg,m2 (138).jpg,Training,meningioma_tumor,meningioma,14008848126697417827,849,train
/kaggle/input/datasets/sartajbhuvaji/brain-tumor-classification-mri/Training/meningioma_tumor/m2 (139).jpg,m2 (139).jpg,Training,meningioma_tumor,meningioma,13995055891493185638,850,train
/kaggle/input/datasets/sartajbhuvaji/brain-tumor-classification-mri/Training/meningioma_tumor/m2 (14).jpg,m2 (14).jpg,Training,meningioma_tumor,meningioma,10837975404706669766,851,cal
/kaggle/input/datasets/sartajbhuvaji/brain-tumor-classification-mri/Training/meningioma_tumor/m2 (140).jpg,m2 (140).jpg,Training,meningioma_tumor,meningioma,14094135083362970660,852,val
/kaggle/input/datasets/sartajbhuvaji/brain-tumor-classification-mri/Training/meningioma_tumor/m2 (141).jpg,m2 (141).jpg,Training,meningioma_tumor,meningioma,14114333094936600612,853,train
/kaggle/input/datasets/sartajbhuvaji/brain-tumor-classification-mri/Training/meningioma_tumor/m2 (142).jpg,m2 (142).jpg,Training,meningioma_tumor,meningioma,14068182425339901638,854,train
/kaggle/input/datasets/sartajbhuvaji/brain-tumor-classification-mri/Training/meningioma_tumor/m2 (143).jpg,m2 (143).jpg,Training,meningioma_tumor,meningioma,10897718657484793796,855,train
/kaggle/input/datasets/sartajbhuvaji/brain-tumor-classification-mri/Training/meningioma_tumor/m2 (144).jpg,m2 (144).jpg,Training,meningioma_tumor,meningioma,10896591658069092294,39,train
/kaggle/input/datasets/sartajbhuvaji/brain-tumor-classification-mri/Training/meningioma_tumor/m2 (145).jpg,m2 (145).jpg,Training,meningioma_tumor,meningioma,9671595036092096966,856,test
/kaggle/input/datasets/sartajbhuvaji/brain-tumor-classification-mri/Training/meningioma_tumor/m2 (146).jpg,m2 (146).jpg,Training,meningioma_tumor,meningioma,10825591793545077044,857,train
/kaggle/input/datasets/sartajbhuvaji/brain-tumor-classification-mri/Training/meningioma_tumor/m2 (147).jpg,m2 (147).jpg,Training,meningioma_tumor,meningioma,14298710787744818976,858,train
/kaggle/input/datasets/sartajbhuvaji/brain-tumor-classification-mri/Training/meningioma_tumor/m2 (148).jpg,m2 (148).jpg,Training,meningioma_tumor,meningioma,14298710787814007076,858,train
/kaggle/input/datasets/sartajbhuvaji/brain-tumor-classification-mri/Training/meningioma_tumor/m2 (149).jpg,m2 (149).jpg,Training,meningioma_tumor,meningioma,14009622792785392422,859,train
/kaggle/input/datasets/sartajbhuvaji/brain-tumor-classification-mri/Training/meningioma_tumor/m2 (15).jpg,m2 (15).jpg,Training,meningioma_tumor,meningioma,10837962467256182486,860,train
/kaggle/input/datasets/sartajbhuvaji/brain-tumor-classification-mri/Training/meningioma_tumor/m2 (150).jpg,m2 (150).jpg,Training,meningioma_tumor,meningioma,14009624446331072946,861,test
/kaggle/input/datasets/sartajbhuvaji/brain-tumor-classification-mri/Training/meningioma_tumor/m2 (151).jpg,m2 (151).jpg,Training,meningioma_tumor,meningioma,15447695521030907594,862,train
/kaggle/input/datasets/sartajbhuvaji/brain-tumor-classification-mri/Training/meningioma_tumor/m2 (152).jpg,m2 (152).jpg,Training,meningioma_tumor,meningioma,9682788930907580362,863,train
/kaggle/input/datasets/sartajbhuvaji/brain-tumor-classification-mri/Training/meningioma_tumor/m2 (153).jpg,m2 (153).jpg,Training,meningioma_tumor,meningioma,14007388031116551886,864,train
/kaggle/input/datasets/sartajbhuvaji/brain-tumor-classification-mri/Training/meningioma_tumor/m2 (154).jpg,m2 (154).jpg,Training,meningioma_tumor,meningioma,14007387928087663566,865,train
/kaggle/input/datasets/sartajbhuvaji/brain-tumor-classification-mri/Training/meningioma_tumor/m2 (155).jpg,m2 (155).jpg,Training,meningioma_tumor,meningioma,13852843172006486050,866,train
/kaggle/input/datasets/sartajbhuvaji/brain-tumor-classification-mri/Training/meningioma_tumor/m2 (156).jpg,m2 (156).jpg,Training,meningioma_tumor,meningioma,13852838773960762416,866,train
/kaggle/input/datasets/sartajbhuvaji/brain-tumor-classification-mri/Training/meningioma_tumor/m2 (157).jpg,m2 (157).jpg,Training,meningioma_tumor,meningioma,13992188579989068515,867,train
/kaggle/input/datasets/sartajbhuvaji/brain-tumor-classification-mri/Training/meningioma_tumor/m2 (158).jpg,m2 (158).jpg,Training,meningioma_tumor,meningioma,13996956058048041955,868,train
/kaggle/input/datasets/sartajbhuvaji/brain-tumor-classification-mri/Training/meningioma_tumor/m2 (159).jpg,m2 (159).jpg,Training,meningioma_tumor,meningioma,15001274185109508691,869,train
/kaggle/input/datasets/sartajbhuvaji/brain-tumor-classification-mri/Training/meningioma_tumor/m2 (16).jpg,m2 (16).jpg,Training,meningioma_tumor,meningioma,14059177330994262376,870,train
/kaggle/input/datasets/sartajbhuvaji/brain-tumor-classification-mri/Training/meningioma_tumor/m2 (160).jpg,m2 (160).jpg,Training,meningioma_tumor,meningioma,13851782057387406098,871,test
/kaggle/input/datasets/sartajbhuvaji/brain-tumor-classification-mri/Training/meningioma_tumor/m2 (161).jpg,m2 (161).jpg,Training,meningioma_tumor,meningioma,15004650785452601891,872,train
/kaggle/input/datasets/sartajbhuvaji/brain-tumor-classification-mri/Training/meningioma_tumor/m2 (162).jpg,m2 (162).jpg,Training,meningioma_tumor,meningioma,13851733696072147248,873,train
/kaggle/input/datasets/sartajbhuvaji/brain-tumor-classification-mri/Training/meningioma_tumor/m2 (163).jpg,m2 (163).jpg,Training,meningioma_tumor,meningioma,13852842003791886640,873,train
/kaggle/input/datasets/sartajbhuvaji/brain-tumor-classification-mri/Training/meningioma_tumor/m2 (164).jpg,m2 (164).jpg,Training,meningioma_tumor,meningioma,14008516374842075794,874,train
/kaggle/input/datasets/sartajbhuvaji/brain-tumor-classification-mri/Training/meningioma_tumor/m2 (165).jpg,m2 (165).jpg,Training,meningioma_tumor,meningioma,14080573956062208658,874,train
/kaggle/input/datasets/sartajbhuvaji/brain-tumor-classification-mri/Training/meningioma_tumor/m2 (166).jpg,m2 (166).jpg,Training,meningioma_tumor,meningioma,14080573938949251219,875,train
/kaggle/input/datasets/sartajbhuvaji/brain-tumor-classification-mri/Training/meningioma_tumor/m2 (167).jpg,m2 (167).jpg,Training,meningioma_tumor,meningioma,9671830296062879126,876,train
/kaggle/input/datasets/sartajbhuvaji/brain-tumor-classification-mri/Training/meningioma_tumor/m2 (168).jpg,m2 (168).jpg,Training,meningioma_tumor,meningioma,9527433633210853814,877,train
/kaggle/input/datasets/sartajbhuvaji/brain-tumor-classification-mri/Training/meningioma_tumor/m2 (169).jpg,m2 (169).jpg,Training,meningioma_tumor,meningioma,9312370258329561238,878,train
/kaggle/input/datasets/sartajbhuvaji/brain-tumor-classification-mri/Training/meningioma_tumor/m2 (17).jpg,m2 (17).jpg,Training,meningioma_tumor,meningioma,14059158776740131169,879,train
/kaggle/input/datasets/sartajbhuvaji/brain-tumor-classification-mri/Training/meningioma_tumor/m2 (170).jpg,m2 (170).jpg,Training,meningioma_tumor,meningioma,10695041122165669058,880,train
/kaggle/input/datasets/sartajbhuvaji/brain-tumor-classification-mri/Training/meningioma_tumor/m2 (171).jpg,m2 (171).jpg,Training,meningioma_tumor,meningioma,10821427767592107202,881,train
/kaggle/input/datasets/sartajbhuvaji/brain-tumor-classification-mri/Training/meningioma_tumor/m2 (172).jpg,m2 (172).jpg,Training,meningioma_tumor,meningioma,14279858269591056519,882,train
/kaggle/input/datasets/sartajbhuvaji/brain-tumor-classification-mri/Training/meningioma_tumor/m2 (173).jpg,m2 (173).jpg,Training,meningioma_tumor,meningioma,10837982259738599558,883,test
/kaggle/input/datasets/sartajbhuvaji/brain-tumor-classification-mri/Training/meningioma_tumor/m2 (174).jpg,m2 (174).jpg,Training,meningioma_tumor,meningioma,10838262360038467230,884,train
/kaggle/input/datasets/sartajbhuvaji/brain-tumor-classification-mri/Training/meningioma_tumor/m2 (175).jpg,m2 (175).jpg,Training,meningioma_tumor,meningioma,10914608255598946182,39,train
/kaggle/input/datasets/sartajbhuvaji/brain-tumor-classification-mri/Training/meningioma_tumor/m2 (176).jpg,m2 (176).jpg,Training,meningioma_tumor,meningioma,10914608255598947718,39,train
/kaggle/input/datasets/sartajbhuvaji/brain-tumor-classification-mri/Training/meningioma_tumor/m2 (177).jpg,m2 (177).jpg,Training,meningioma_tumor,meningioma,10910390524704011142,885,train
/kaggle/input/datasets/sartajbhuvaji/brain-tumor-classification-mri/Training/meningioma_tumor/m2 (18).jpg,m2 (18).jpg,Training,meningioma_tumor,meningioma,13987103381658480932,886,test
/kaggle/input/datasets/sartajbhuvaji/brain-tumor-classification-mri/Training/meningioma_tumor/m2 (19).jpg,m2 (19).jpg,Training,meningioma_tumor,meningioma,14068169136956584292,887,train
/kaggle/input/datasets/sartajbhuvaji/brain-tumor-classification-mri/Training/meningioma_tumor/m2 (2).jpg,m2 (2).jpg,Training,meningioma_tumor,meningioma,10910104398395171734,819,train
/kaggle/input/datasets/sartajbhuvaji/brain-tumor-classification-mri/Training/meningioma_tumor/m2 (20).jpg,m2 (20).jpg,Training,meningioma_tumor,meningioma,14068182331096118369,887,train
/kaggle/input/datasets/sartajbhuvaji/brain-tumor-classification-mri/Training/meningioma_tumor/m2 (21).jpg,m2 (21).jpg,Training,meningioma_tumor,meningioma,14068168992014050343,888,cal
/kaggle/input/datasets/sartajbhuvaji/brain-tumor-classification-mri/Training/meningioma_tumor/m2 (22).jpg,m2 (22).jpg,Training,meningioma_tumor,meningioma,9743672417101883332,889,train
/kaggle/input/datasets/sartajbhuvaji/brain-tumor-classification-mri/Training/meningioma_tumor/m2 (23).jpg,m2 (23).jpg,Training,meningioma_tumor,meningioma,9671614823048226756,889,train
/kaggle/input/datasets/sartajbhuvaji/brain-tumor-classification-mri/Training/meningioma_tumor/m2 (24).jpg,m2 (24).jpg,Training,meningioma_tumor,meningioma,9671896298023891908,889,train
/kaggle/input/datasets/sartajbhuvaji/brain-tumor-classification-mri/Training/meningioma_tumor/m2 (25).jpg,m2 (25).jpg,Training,meningioma_tumor,meningioma,9671878705837977893,890,train
/kaggle/input/datasets/sartajbhuvaji/brain-tumor-classification-mri/Training/meningioma_tumor/m2 (26).jpg,m2 (26).jpg,Training,meningioma_tumor,meningioma,13991623478263099590,891,train
/kaggle/input/datasets/sartajbhuvaji/brain-tumor-classification-mri/Training/meningioma_tumor/m2 (27).jpg,m2 (27).jpg,Training,meningioma_tumor,meningioma,13996124878867083974,891,train
/kaggle/input/datasets/sartajbhuvaji/brain-tumor-classification-mri/Training/meningioma_tumor/m2 (28).jpg,m2 (28).jpg,Training,meningioma_tumor,meningioma,13996124844233798606,892,test
/kaggle/input/datasets/sartajbhuvaji/brain-tumor-classification-mri/Training/meningioma_tumor/m2 (29).jpg,m2 (29).jpg,Training,meningioma_tumor,meningioma,14644643199168254925,893,train
/kaggle/input/datasets/sartajbhuvaji/brain-tumor-classification-mri/Training/meningioma_tumor/m2 (3).jpg,m2 (3).jpg,Training,meningioma_tumor,meningioma,9609058074566550663,894,train
/kaggle/input/datasets/sartajbhuvaji/brain-tumor-classification-mri/Training/meningioma_tumor/m2 (30).jpg,m2 (30).jpg,Training,meningioma_tumor,meningioma,13982602861586099260,895,train
/kaggle/input/datasets/sartajbhuvaji/brain-tumor-classification-mri/Training/meningioma_tumor/m2 (31).jpg,m2 (31).jpg,Training,meningioma_tumor,meningioma,13839046225442188596,896,train
/kaggle/input/datasets/sartajbhuvaji/brain-tumor-classification-mri/Training/meningioma_tumor/m2 (32).jpg,m2 (32).jpg,Training,meningioma_tumor,meningioma,13838501078109481260,897,val
/kaggle/input/datasets/sartajbhuvaji/brain-tumor-classification-mri/Training/meningioma_tumor/m2 (33).jpg,m2 (33).jpg,Training,meningioma_tumor,meningioma,14054656268030913848,898,val
/kaggle/input/datasets/sartajbhuvaji/brain-tumor-classification-mri/Training/meningioma_tumor/m2 (34).jpg,m2 (34).jpg,Training,meningioma_tumor,meningioma,14054673860216958256,898,val
/kaggle/input/datasets/sartajbhuvaji/brain-tumor-classification-mri/Training/meningioma_tumor/m2 (35).jpg,m2 (35).jpg,Training,meningioma_tumor,meningioma,13989357105747931500,899,cal
/kaggle/input/datasets/sartajbhuvaji/brain-tumor-classification-mri/Training/meningioma_tumor/m2 (36).jpg,m2 (36).jpg,Training,meningioma_tumor,meningioma,14065919673802764384,900,val
/kaggle/input/datasets/sartajbhuvaji/brain-tumor-classification-mri/Training/meningioma_tumor/m2 (37).jpg,m2 (37).jpg,Training,meningioma_tumor,meningioma,9609043574769610789,901,train
/kaggle/input/datasets/sartajbhuvaji/brain-tumor-classification-mri/Training/meningioma_tumor/m2 (38).jpg,m2 (38).jpg,Training,meningioma_tumor,meningioma,9609043591946317861,901,train
/kaggle/input/datasets/sartajbhuvaji/brain-tumor-classification-mri/Training/meningioma_tumor/m2 (39).jpg,m2 (39).jpg,Training,meningioma_tumor,meningioma,14353368262629930726,902,train
/kaggle/input/datasets/sartajbhuvaji/brain-tumor-classification-mri/Training/meningioma_tumor/m2 (4).jpg,m2 (4).jpg,Training,meningioma_tumor,meningioma,9618065273779202438,903,train
/kaggle/input/datasets/sartajbhuvaji/brain-tumor-classification-mri/Training/meningioma_tumor/m2 (40).jpg,m2 (40).jpg,Training,meningioma_tumor,meningioma,14065067517868259046,902,train
/kaggle/input/datasets/sartajbhuvaji/brain-tumor-classification-mri/Training/meningioma_tumor/m2 (41).jpg,m2 (41).jpg,Training,meningioma_tumor,meningioma,14065137886679541476,902,train
/kaggle/input/datasets/sartajbhuvaji/brain-tumor-classification-mri/Training/meningioma_tumor/m2 (42).jpg,m2 (42).jpg,Training,meningioma_tumor,meningioma,14389397884483741284,904,train
/kaggle/input/datasets/sartajbhuvaji/brain-tumor-classification-mri/Training/meningioma_tumor/m2 (43).jpg,m2 (43).jpg,Training,meningioma_tumor,meningioma,14382364583478911076,905,train
/kaggle/input/datasets/sartajbhuvaji/brain-tumor-classification-mri/Training/meningioma_tumor/m2 (44).jpg,m2 (44).jpg,Training,meningioma_tumor,meningioma,14068169012466168114,906,test
/kaggle/input/datasets/sartajbhuvaji/brain-tumor-classification-mri/Training/meningioma_tumor/m2 (45).jpg,m2 (45).jpg,Training,meningioma_tumor,meningioma,14065985314389714988,907,val
/kaggle/input/datasets/sartajbhuvaji/brain-tumor-classification-mri/Training/meningioma_tumor/m2 (46).jpg,m2 (46).jpg,Training,meningioma_tumor,meningioma,14065985245737155628,907,val
/kaggle/input/datasets/sartajbhuvaji/brain-tumor-classification-mri/Training/meningioma_tumor/m2 (47).jpg,m2 (47).jpg,Training,meningioma_tumor,meningioma,14065985250032172065,907,val
/kaggle/input/datasets/sartajbhuvaji/brain-tumor-classification-mri/Training/meningioma_tumor/m2 (48).jpg,m2 (48).jpg,Training,meningioma_tumor,meningioma,14065999681390720033,907,val
/kaggle/input/datasets/sartajbhuvaji/brain-tumor-classification-mri/Training/meningioma_tumor/m2 (49).jpg,m2 (49).jpg,Training,meningioma_tumor,meningioma,10837977797058830694,908,train
/kaggle/input/datasets/sartajbhuvaji/brain-tumor-classification-mri/Training/meningioma_tumor/m2 (5).jpg,m2 (5).jpg,Training,meningioma_tumor,meningioma,9618065136341298309,903,train
/kaggle/input/datasets/sartajbhuvaji/brain-tumor-classification-mri/Training/meningioma_tumor/m2 (50).jpg,m2 (50).jpg,Training,meningioma_tumor,meningioma,10837976689026474343,908,train
/kaggle/input/datasets/sartajbhuvaji/brain-tumor-classification-mri/Training/meningioma_tumor/m2 (51).jpg,m2 (51).jpg,Training,meningioma_tumor,meningioma,10694424519606608231,908,train
/kaggle/input/datasets/sartajbhuvaji/brain-tumor-classification-mri/Training/meningioma_tumor/m2 (52).jpg,m2 (52).jpg,Training,meningioma_tumor,meningioma,10757474673872675175,908,train
/kaggle/input/datasets/sartajbhuvaji/brain-tumor-classification-mri/Training/meningioma_tumor/m2 (53).jpg,m2 (53).jpg,Training,meningioma_tumor,meningioma,10757476048286327137,909,val
/kaggle/input/datasets/sartajbhuvaji/brain-tumor-classification-mri/Training/meningioma_tumor/m2 (54).jpg,m2 (54).jpg,Training,meningioma_tumor,meningioma,10761978514025816425,909,val
/kaggle/input/datasets/sartajbhuvaji/brain-tumor-classification-mri/Training/meningioma_tumor/m2 (55).jpg,m2 (55).jpg,Training,meningioma_tumor,meningioma,15278756259107137817,910,val
/kaggle/input/datasets/sartajbhuvaji/brain-tumor-classification-mri/Training/meningioma_tumor/m2 (56).jpg,m2 (56).jpg,Training,meningioma_tumor,meningioma,9627986037312282721,911,test
/kaggle/input/datasets/sartajbhuvaji/brain-tumor-classification-mri/Training/meningioma_tumor/m2 (57).jpg,m2 (57).jpg,Training,meningioma_tumor,meningioma,9627986028990718305,911,test
/kaggle/input/datasets/sartajbhuvaji/brain-tumor-classification-mri/Training/meningioma_tumor/m2 (58).jpg,m2 (58).jpg,Training,meningioma_tumor,meningioma,9529469958730294305,291,train
/kaggle/input/datasets/sartajbhuvaji/brain-tumor-classification-mri/Training/meningioma_tumor/m2 (59).jpg,m2 (59).jpg,Training,meningioma_tumor,meningioma,9592520388795967523,912,train
/kaggle/input/datasets/sartajbhuvaji/brain-tumor-classification-mri/Training/meningioma_tumor/m2 (6).jpg,m2 (6).jpg,Training,meningioma_tumor,meningioma,9618056476599987333,913,val
/kaggle/input/datasets/sartajbhuvaji/brain-tumor-classification-mri/Training/meningioma_tumor/m2 (60).jpg,m2 (60).jpg,Training,meningioma_tumor,meningioma,9588016788229087585,1444,train
/kaggle/input/datasets/sartajbhuvaji/brain-tumor-classification-mri/Training/meningioma_tumor/m2 (61).jpg,m2 (61).jpg,Training,meningioma_tumor,meningioma,15005266511895314870,914,train
/kaggle/input/datasets/sartajbhuvaji/brain-tumor-classification-mri/Training/meningioma_tumor/m2 (62).jpg,m2 (62).jpg,Training,meningioma_tumor,meningioma,15005284104085227926,914,train
/kaggle/input/datasets/sartajbhuvaji/brain-tumor-classification-mri/Training/meningioma_tumor/m2 (63).jpg,m2 (63).jpg,Training,meningioma_tumor,meningioma,15005266511899232694,914,train
/kaggle/input/datasets/sartajbhuvaji/brain-tumor-classification-mri/Training/meningioma_tumor/m2 (64).jpg,m2 (64).jpg,Training,meningioma_tumor,meningioma,15005266521424924562,915,test
/kaggle/input/datasets/sartajbhuvaji/brain-tumor-classification-mri/Training/meningioma_tumor/m2 (65).jpg,m2 (65).jpg,Training,meningioma_tumor,meningioma,9601527209128895783,916,train
/kaggle/input/datasets/sartajbhuvaji/brain-tumor-classification-mri/Training/meningioma_tumor/m2 (66).jpg,m2 (66).jpg,Training,meningioma_tumor,meningioma,9241239307642037510,917,val
/kaggle/input/datasets/sartajbhuvaji/brain-tumor-classification-mri/Training/meningioma_tumor/m2 (67).jpg,m2 (67).jpg,Training,meningioma_tumor,meningioma,10681828513320427849,918,cal
/kaggle/input/datasets/sartajbhuvaji/brain-tumor-classification-mri/Training/meningioma_tumor/m2 (68).jpg,m2 (68).jpg,Training,meningioma_tumor,meningioma,10677289729320970601,918,cal
/kaggle/input/datasets/sartajbhuvaji/brain-tumor-classification-mri/Training/meningioma_tumor/m2 (69).jpg,m2 (69).jpg,Training,meningioma_tumor,meningioma,10677324846055711081,918,cal
/kaggle/input/datasets/sartajbhuvaji/brain-tumor-classification-mri/Training/meningioma_tumor/m2 (7).jpg,m2 (7).jpg,Training,meningioma_tumor,meningioma,14068238496470307787,919,train
/kaggle/input/datasets/sartajbhuvaji/brain-tumor-classification-mri/Training/meningioma_tumor/m2 (70).jpg,m2 (70).jpg,Training,meningioma_tumor,meningioma,10677324846058856809,918,cal
/kaggle/input/datasets/sartajbhuvaji/brain-tumor-classification-mri/Training/meningioma_tumor/m2 (71).jpg,m2 (71).jpg,Training,meningioma_tumor,meningioma,10748256496431675697,920,train
/kaggle/input/datasets/sartajbhuvaji/brain-tumor-classification-mri/Training/meningioma_tumor/m2 (72).jpg,m2 (72).jpg,Training,meningioma_tumor,meningioma,10775247299284580665,921,cal
/kaggle/input/datasets/sartajbhuvaji/brain-tumor-classification-mri/Training/meningioma_tumor/m2 (73).jpg,m2 (73).jpg,Training,meningioma_tumor,meningioma,10779750838811783449,921,cal
/kaggle/input/datasets/sartajbhuvaji/brain-tumor-classification-mri/Training/meningioma_tumor/m2 (74).jpg,m2 (74).jpg,Training,meningioma_tumor,meningioma,10775247239150860601,921,cal
/kaggle/input/datasets/sartajbhuvaji/brain-tumor-classification-mri/Training/meningioma_tumor/m2 (75).jpg,m2 (75).jpg,Training,meningioma_tumor,meningioma,10739253703817572665,921,cal
/kaggle/input/datasets/sartajbhuvaji/brain-tumor-classification-mri/Training/meningioma_tumor/m2 (76).jpg,m2 (76).jpg,Training,meningioma_tumor,meningioma,10792729277264181347,922,train
/kaggle/input/datasets/sartajbhuvaji/brain-tumor-classification-mri/Training/meningioma_tumor/m2 (77).jpg,m2 (77).jpg,Training,meningioma_tumor,meningioma,10771337230541718163,664,train
/kaggle/input/datasets/sartajbhuvaji/brain-tumor-classification-mri/Training/meningioma_tumor/m2 (78).jpg,m2 (78).jpg,Training,meningioma_tumor,meningioma,10771341632845676819,923,train
/kaggle/input/datasets/sartajbhuvaji/brain-tumor-classification-mri/Training/meningioma_tumor/m2 (79).jpg,m2 (79).jpg,Training,meningioma_tumor,meningioma,14007669549026271779,924,train
/kaggle/input/datasets/sartajbhuvaji/brain-tumor-classification-mri/Training/meningioma_tumor/m2 (8).jpg,m2 (8).jpg,Training,meningioma_tumor,meningioma,14067394088652682187,919,train
/kaggle/input/datasets/sartajbhuvaji/brain-tumor-classification-mri/Training/meningioma_tumor/m2 (80).jpg,m2 (80).jpg,Training,meningioma_tumor,meningioma,15737046257912702691,925,train
/kaggle/input/datasets/sartajbhuvaji/brain-tumor-classification-mri/Training/meningioma_tumor/m2 (81).jpg,m2 (81).jpg,Training,meningioma_tumor,meningioma,14586096176704414259,926,train
/kaggle/input/datasets/sartajbhuvaji/brain-tumor-classification-mri/Training/meningioma_tumor/m2 (82).jpg,m2 (82).jpg,Training,meningioma_tumor,meningioma,14076331718807941174,927,train
/kaggle/input/datasets/sartajbhuvaji/brain-tumor-classification-mri/Training/meningioma_tumor/m2 (83).jpg,m2 (83).jpg,Training,meningioma_tumor,meningioma,14076330619297915699,928,train
/kaggle/input/datasets/sartajbhuvaji/brain-tumor-classification-mri/Training/meningioma_tumor/m2 (84).jpg,m2 (84).jpg,Training,meningioma_tumor,meningioma,9761684362994239143,929,train
/kaggle/input/datasets/sartajbhuvaji/brain-tumor-classification-mri/Training/meningioma_tumor/m2 (85).jpg,m2 (85).jpg,Training,meningioma_tumor,meningioma,9619242613630670534,930,cal
/kaggle/input/datasets/sartajbhuvaji/brain-tumor-classification-mri/Training/meningioma_tumor/m2 (86).jpg,m2 (86).jpg,Training,meningioma_tumor,meningioma,9601228216180221030,931,train
/kaggle/input/datasets/sartajbhuvaji/brain-tumor-classification-mri/Training/meningioma_tumor/m2 (87).jpg,m2 (87).jpg,Training,meningioma_tumor,meningioma,9619242563278025060,932,train
/kaggle/input/datasets/sartajbhuvaji/brain-tumor-classification-mri/Training/meningioma_tumor/m2 (88).jpg,m2 (88).jpg,Training,meningioma_tumor,meningioma,9609110615169776736,933,test
/kaggle/input/datasets/sartajbhuvaji/brain-tumor-classification-mri/Training/meningioma_tumor/m2 (89).jpg,m2 (89).jpg,Training,meningioma_tumor,meningioma,9600665476556764821,934,train
/kaggle/input/datasets/sartajbhuvaji/brain-tumor-classification-mri/Training/meningioma_tumor/m2 (9).jpg,m2 (9).jpg,Training,meningioma_tumor,meningioma,14068519988559524803,919,train
/kaggle/input/datasets/sartajbhuvaji/brain-tumor-classification-mri/Training/meningioma_tumor/m2 (90).jpg,m2 (90).jpg,Training,meningioma_tumor,meningioma,9528607873928542135,935,train
/kaggle/input/datasets/sartajbhuvaji/brain-tumor-classification-mri/Training/meningioma_tumor/m2 (91).jpg,m2 (91).jpg,Training,meningioma_tumor,meningioma,9600684194007429426,936,train
/kaggle/input/datasets/sartajbhuvaji/brain-tumor-classification-mri/Training/meningioma_tumor/m2 (92).jpg,m2 (92).jpg,Training,meningioma_tumor,meningioma,9235875032006341671,937,cal
/kaggle/input/datasets/sartajbhuvaji/brain-tumor-classification-mri/Training/meningioma_tumor/m2 (93).jpg,m2 (93).jpg,Training,meningioma_tumor,meningioma,9524404474516350005,938,train
/kaggle/input/datasets/sartajbhuvaji/brain-tumor-classification-mri/Training/meningioma_tumor/m2 (94).jpg,m2 (94).jpg,Training,meningioma_tumor,meningioma,13847789748048257187,939,test
/kaggle/input/datasets/sartajbhuvaji/brain-tumor-classification-mri/Training/meningioma_tumor/m2 (95).jpg,m2 (95).jpg,Training,meningioma_tumor,meningioma,14063663462999274723,940,train
/kaggle/input/datasets/sartajbhuvaji/brain-tumor-classification-mri/Training/meningioma_tumor/m2 (96).jpg,m2 (96).jpg,Training,meningioma_tumor,meningioma,10765923324323455383,941,train
/kaggle/input/datasets/sartajbhuvaji/brain-tumor-classification-mri/Training/meningioma_tumor/m2 (97).jpg,m2 (97).jpg,Training,meningioma_tumor,meningioma,10910038512667746707,941,train
/kaggle/input/datasets/sartajbhuvaji/brain-tumor-classification-mri/Training/meningioma_tumor/m2 (98).jpg,m2 (98).jpg,Training,meningioma_tumor,meningioma,10910319987367633811,941,train
/kaggle/input/datasets/sartajbhuvaji/brain-tumor-classification-mri/Training/meningioma_tumor/m2 (99).jpg,m2 (99).jpg,Training,meningioma_tumor,meningioma,10620961694029341074,942,train
/kaggle/input/datasets/sartajbhuvaji/brain-tumor-classification-mri/Training/meningioma_tumor/m3 (1).jpg,m3 (1).jpg,Training,meningioma_tumor,meningioma,9600401585153007971,943,train
/kaggle/input/datasets/sartajbhuvaji/brain-tumor-classification-mri/Training/meningioma_tumor/m3 (10).jpg,m3 (10).jpg,Training,meningioma_tumor,meningioma,10824747363987039590,2,test
/kaggle/input/datasets/sartajbhuvaji/brain-tumor-classification-mri/Training/meningioma_tumor/m3 (100).jpg,m3 (100).jpg,Training,meningioma_tumor,meningioma,10392406223686739041,944,train
/kaggle/input/datasets/sartajbhuvaji/brain-tumor-classification-mri/Training/meningioma_tumor/m3 (101).jpg,m3 (101).jpg,Training,meningioma_tumor,meningioma,10397472395260079201,945,cal
/kaggle/input/datasets/sartajbhuvaji/brain-tumor-classification-mri/Training/meningioma_tumor/m3 (102).jpg,m3 (102).jpg,Training,meningioma_tumor,meningioma,10397473469003213920,945,cal
/kaggle/input/datasets/sartajbhuvaji/brain-tumor-classification-mri/Training/meningioma_tumor/m3 (103).jpg,m3 (103).jpg,Training,meningioma_tumor,meningioma,14995613469849185336,946,val
/kaggle/input/datasets/sartajbhuvaji/brain-tumor-classification-mri/Training/meningioma_tumor/m3 (104).jpg,m3 (104).jpg,Training,meningioma_tumor,meningioma,14995612855719192584,947,train
/kaggle/input/datasets/sartajbhuvaji/brain-tumor-classification-mri/Training/meningioma_tumor/m3 (105).jpg,m3 (105).jpg,Training,meningioma_tumor,meningioma,10474878367123383649,948,cal
/kaggle/input/datasets/sartajbhuvaji/brain-tumor-classification-mri/Training/meningioma_tumor/m3 (106).jpg,m3 (106).jpg,Training,meningioma_tumor,meningioma,9248773162436927841,949,val
/kaggle/input/datasets/sartajbhuvaji/brain-tumor-classification-mri/Training/meningioma_tumor/m3 (107).jpg,m3 (107).jpg,Training,meningioma_tumor,meningioma,10389094571922433477,950,train
/kaggle/input/datasets/sartajbhuvaji/brain-tumor-classification-mri/Training/meningioma_tumor/m3 (108).jpg,m3 (108).jpg,Training,meningioma_tumor,meningioma,10748261010438758732,951,train
/kaggle/input/datasets/sartajbhuvaji/brain-tumor-classification-mri/Training/meningioma_tumor/m3 (109).jpg,m3 (109).jpg,Training,meningioma_tumor,meningioma,10766270976281945388,952,train
/kaggle/input/datasets/sartajbhuvaji/brain-tumor-classification-mri/Training/meningioma_tumor/m3 (11).jpg,m3 (11).jpg,Training,meningioma_tumor,meningioma,10792100914959890586,953,train
/kaggle/input/datasets/sartajbhuvaji/brain-tumor-classification-mri/Training/meningioma_tumor/m3 (110).jpg,m3 (110).jpg,Training,meningioma_tumor,meningioma,10767045033534170466,954,train
/kaggle/input/datasets/sartajbhuvaji/brain-tumor-classification-mri/Training/meningioma_tumor/m3 (111).jpg,m3 (111).jpg,Training,meningioma_tumor,meningioma,10767045033395823971,954,train
/kaggle/input/datasets/sartajbhuvaji/brain-tumor-classification-mri/Training/meningioma_tumor/m3 (112).jpg,m3 (112).jpg,Training,meningioma_tumor,meningioma,13852837399516685665,234,val
/kaggle/input/datasets/sartajbhuvaji/brain-tumor-classification-mri/Training/meningioma_tumor/m3 (113).jpg,m3 (113).jpg,Training,meningioma_tumor,meningioma,14996822073687418150,955,test
/kaggle/input/datasets/sartajbhuvaji/brain-tumor-classification-mri/Training/meningioma_tumor/m3 (114).jpg,m3 (114).jpg,Training,meningioma_tumor,meningioma,14996822073679044647,955,test
/kaggle/input/datasets/sartajbhuvaji/brain-tumor-classification-mri/Training/meningioma_tumor/m3 (115).jpg,m3 (115).jpg,Training,meningioma_tumor,meningioma,10694710220042674473,956,val
/kaggle/input/datasets/sartajbhuvaji/brain-tumor-classification-mri/Training/meningioma_tumor/m3 (116).jpg,m3 (116).jpg,Training,meningioma_tumor,meningioma,10752940510197342531,957,train
/kaggle/input/datasets/sartajbhuvaji/brain-tumor-classification-mri/Training/meningioma_tumor/m3 (117).jpg,m3 (117).jpg,Training,meningioma_tumor,meningioma,10752976776904859970,957,train
/kaggle/input/datasets/sartajbhuvaji/brain-tumor-classification-mri/Training/meningioma_tumor/m3 (118).jpg,m3 (118).jpg,Training,meningioma_tumor,meningioma,10770989938462698595,908,train
/kaggle/input/datasets/sartajbhuvaji/brain-tumor-classification-mri/Training/meningioma_tumor/m3 (119).jpg,m3 (119).jpg,Training,meningioma_tumor,meningioma,10770427125948229735,908,train
/kaggle/input/datasets/sartajbhuvaji/brain-tumor-classification-mri/Training/meningioma_tumor/m3 (12).jpg,m3 (12).jpg,Training,meningioma_tumor,meningioma,10845013830000064920,958,val
/kaggle/input/datasets/sartajbhuvaji/brain-tumor-classification-mri/Training/meningioma_tumor/m3 (120).jpg,m3 (120).jpg,Training,meningioma_tumor,meningioma,10892019926697649255,959,train
/kaggle/input/datasets/sartajbhuvaji/brain-tumor-classification-mri/Training/meningioma_tumor/m3 (121).jpg,m3 (121).jpg,Training,meningioma_tumor,meningioma,10895467960668349639,960,train
/kaggle/input/datasets/sartajbhuvaji/brain-tumor-classification-mri/Training/meningioma_tumor/m3 (122).jpg,m3 (122).jpg,Training,meningioma_tumor,meningioma,9601243845346075815,961,test
/kaggle/input/datasets/sartajbhuvaji/brain-tumor-classification-mri/Training/meningioma_tumor/m3 (123).jpg,m3 (123).jpg,Training,meningioma_tumor,meningioma,9601243845343028359,961,test
/kaggle/input/datasets/sartajbhuvaji/brain-tumor-classification-mri/Training/meningioma_tumor/m3 (124).jpg,m3 (124).jpg,Training,meningioma_tumor,meningioma,9601243815261473949,962,train
/kaggle/input/datasets/sartajbhuvaji/brain-tumor-classification-mri/Training/meningioma_tumor/m3 (125).jpg,m3 (125).jpg,Training,meningioma_tumor,meningioma,9600117915489109149,962,train
/kaggle/input/datasets/sartajbhuvaji/brain-tumor-classification-mri/Training/meningioma_tumor/m3 (126).jpg,m3 (126).jpg,Training,meningioma_tumor,meningioma,9600100323319854225,962,train
/kaggle/input/datasets/sartajbhuvaji/brain-tumor-classification-mri/Training/meningioma_tumor/m3 (127).jpg,m3 (127).jpg,Training,meningioma_tumor,meningioma,15027719518898713185,963,test
/kaggle/input/datasets/sartajbhuvaji/brain-tumor-classification-mri/Training/meningioma_tumor/m3 (128).jpg,m3 (128).jpg,Training,meningioma_tumor,meningioma,9757744193548236491,964,train
/kaggle/input/datasets/sartajbhuvaji/brain-tumor-classification-mri/Training/meningioma_tumor/m3 (129).jpg,m3 (129).jpg,Training,meningioma_tumor,meningioma,10838255986376030098,965,train
/kaggle/input/datasets/sartajbhuvaji/brain-tumor-classification-mri/Training/meningioma_tumor/m3 (13).jpg,m3 (13).jpg,Training,meningioma_tumor,meningioma,10850643312069194521,966,train
/kaggle/input/datasets/sartajbhuvaji/brain-tumor-classification-mri/Training/meningioma_tumor/m3 (130).jpg,m3 (130).jpg,Training,meningioma_tumor,meningioma,14275912988648289172,967,train
/kaggle/input/datasets/sartajbhuvaji/brain-tumor-classification-mri/Training/meningioma_tumor/m3 (131).jpg,m3 (131).jpg,Training,meningioma_tumor,meningioma,14368233445984189496,968,test
/kaggle/input/datasets/sartajbhuvaji/brain-tumor-classification-mri/Training/meningioma_tumor/m3 (132).jpg,m3 (132).jpg,Training,meningioma_tumor,meningioma,13926007716542794520,969,train
/kaggle/input/datasets/sartajbhuvaji/brain-tumor-classification-mri/Training/meningioma_tumor/m3 (133).jpg,m3 (133).jpg,Training,meningioma_tumor,meningioma,16126327258604167475,970,train
/kaggle/input/datasets/sartajbhuvaji/brain-tumor-classification-mri/Training/meningioma_tumor/m3 (134).jpg,m3 (134).jpg,Training,meningioma_tumor,meningioma,9374627343821269140,971,val
/kaggle/input/datasets/sartajbhuvaji/brain-tumor-classification-mri/Training/meningioma_tumor/m3 (135).jpg,m3 (135).jpg,Training,meningioma_tumor,meningioma,10670750372217239698,972,train
/kaggle/input/datasets/sartajbhuvaji/brain-tumor-classification-mri/Training/meningioma_tumor/m3 (136).jpg,m3 (136).jpg,Training,meningioma_tumor,meningioma,10419726884371840006,973,train
/kaggle/input/datasets/sartajbhuvaji/brain-tumor-classification-mri/Training/meningioma_tumor/m3 (137).jpg,m3 (137).jpg,Training,meningioma_tumor,meningioma,10492101134721820900,974,train
/kaggle/input/datasets/sartajbhuvaji/brain-tumor-classification-mri/Training/meningioma_tumor/m3 (138).jpg,m3 (138).jpg,Training,meningioma_tumor,meningioma,10738915461812743024,975,train
/kaggle/input/datasets/sartajbhuvaji/brain-tumor-classification-mri/Training/meningioma_tumor/m3 (139).jpg,m3 (139).jpg,Training,meningioma_tumor,meningioma,10383699187887914184,976,train
/kaggle/input/datasets/sartajbhuvaji/brain-tumor-classification-mri/Training/meningioma_tumor/m3 (14).jpg,m3 (14).jpg,Training,meningioma_tumor,meningioma,10850359912882058081,316,test
/kaggle/input/datasets/sartajbhuvaji/brain-tumor-classification-mri/Training/meningioma_tumor/m3 (140).jpg,m3 (140).jpg,Training,meningioma_tumor,meningioma,15120847445961289124,977,train
/kaggle/input/datasets/sartajbhuvaji/brain-tumor-classification-mri/Training/meningioma_tumor/m3 (141).jpg,m3 (141).jpg,Training,meningioma_tumor,meningioma,10491980995709316684,978,val
/kaggle/input/datasets/sartajbhuvaji/brain-tumor-classification-mri/Training/meningioma_tumor/m3 (142).jpg,m3 (142).jpg,Training,meningioma_tumor,meningioma,13962036513542975408,979,train
/kaggle/input/datasets/sartajbhuvaji/brain-tumor-classification-mri/Training/meningioma_tumor/m3 (143).jpg,m3 (143).jpg,Training,meningioma_tumor,meningioma,9544104665856881564,980,train
/kaggle/input/datasets/sartajbhuvaji/brain-tumor-classification-mri/Training/meningioma_tumor/m3 (145).jpg,m3 (145).jpg,Training,meningioma_tumor,meningioma,10389042045621254338,689,train
/kaggle/input/datasets/sartajbhuvaji/brain-tumor-classification-mri/Training/meningioma_tumor/m3 (146).jpg,m3 (146).jpg,Training,meningioma_tumor,meningioma,13927696558874441905,981,train
/kaggle/input/datasets/sartajbhuvaji/brain-tumor-classification-mri/Training/meningioma_tumor/m3 (147).jpg,m3 (147).jpg,Training,meningioma_tumor,meningioma,9304289942976880994,1444,train
/kaggle/input/datasets/sartajbhuvaji/brain-tumor-classification-mri/Training/meningioma_tumor/m3 (148).jpg,m3 (148).jpg,Training,meningioma_tumor,meningioma,9232236712621533538,1444,train
/kaggle/input/datasets/sartajbhuvaji/brain-tumor-classification-mri/Training/meningioma_tumor/m3 (149).jpg,m3 (149).jpg,Training,meningioma_tumor,meningioma,9592524682815365411,1444,train
/kaggle/input/datasets/sartajbhuvaji/brain-tumor-classification-mri/Training/meningioma_tumor/m3 (15).jpg,m3 (15).jpg,Training,meningioma_tumor,meningioma,10694710323798353249,982,train
/kaggle/input/datasets/sartajbhuvaji/brain-tumor-classification-mri/Training/meningioma_tumor/m3 (150).jpg,m3 (150).jpg,Training,meningioma_tumor,meningioma,10748538048471196039,983,val
/kaggle/input/datasets/sartajbhuvaji/brain-tumor-classification-mri/Training/meningioma_tumor/m3 (151).jpg,m3 (151).jpg,Training,meningioma_tumor,meningioma,10749668346432872837,984,train
/kaggle/input/datasets/sartajbhuvaji/brain-tumor-classification-mri/Training/meningioma_tumor/m3 (152).jpg,m3 (152).jpg,Training,meningioma_tumor,meningioma,10694428883175877731,908,train
/kaggle/input/datasets/sartajbhuvaji/brain-tumor-classification-mri/Training/meningioma_tumor/m3 (153).jpg,m3 (153).jpg,Training,meningioma_tumor,meningioma,10897719752839619734,985,train
/kaggle/input/datasets/sartajbhuvaji/brain-tumor-classification-mri/Training/meningioma_tumor/m3 (154).jpg,m3 (154).jpg,Training,meningioma_tumor,meningioma,10897719752839474567,985,train
/kaggle/input/datasets/sartajbhuvaji/brain-tumor-classification-mri/Training/meningioma_tumor/m3 (155).jpg,m3 (155).jpg,Training,meningioma_tumor,meningioma,15005829462922364818,915,test
/kaggle/input/datasets/sartajbhuvaji/brain-tumor-classification-mri/Training/meningioma_tumor/m3 (156).jpg,m3 (156).jpg,Training,meningioma_tumor,meningioma,15001343454392616854,915,test
/kaggle/input/datasets/sartajbhuvaji/brain-tumor-classification-mri/Training/meningioma_tumor/m3 (157).jpg,m3 (157).jpg,Training,meningioma_tumor,meningioma,15288452333917520788,986,train
/kaggle/input/datasets/sartajbhuvaji/brain-tumor-classification-mri/Training/meningioma_tumor/m3 (158).jpg,m3 (158).jpg,Training,meningioma_tumor,meningioma,15288430167613514179,987,train
/kaggle/input/datasets/sartajbhuvaji/brain-tumor-classification-mri/Training/meningioma_tumor/m3 (159).jpg,m3 (159).jpg,Training,meningioma_tumor,meningioma,14992336341041226209,1834,train
/kaggle/input/datasets/sartajbhuvaji/brain-tumor-classification-mri/Training/meningioma_tumor/m3 (16).jpg,m3 (16).jpg,Training,meningioma_tumor,meningioma,10694710322861973820,988,train
/kaggle/input/datasets/sartajbhuvaji/brain-tumor-classification-mri/Training/meningioma_tumor/m3 (160).jpg,m3 (160).jpg,Training,meningioma_tumor,meningioma,15280566734363320804,989,train
/kaggle/input/datasets/sartajbhuvaji/brain-tumor-classification-mri/Training/meningioma_tumor/m3 (161).jpg,m3 (161).jpg,Training,meningioma_tumor,meningioma,14991773408258580832,989,train
/kaggle/input/datasets/sartajbhuvaji/brain-tumor-classification-mri/Training/meningioma_tumor/m3 (162).jpg,m3 (162).jpg,Training,meningioma_tumor,meningioma,10770990145686479145,909,val
/kaggle/input/datasets/sartajbhuvaji/brain-tumor-classification-mri/Training/meningioma_tumor/m3 (163).jpg,m3 (163).jpg,Training,meningioma_tumor,meningioma,10418279871232372841,990,cal
/kaggle/input/datasets/sartajbhuvaji/brain-tumor-classification-mri/Training/meningioma_tumor/m3 (164).jpg,m3 (164).jpg,Training,meningioma_tumor,meningioma,10706509981364549672,991,train
/kaggle/input/datasets/sartajbhuvaji/brain-tumor-classification-mri/Training/meningioma_tumor/m3 (165).jpg,m3 (165).jpg,Training,meningioma_tumor,meningioma,10706509981364549672,991,train
/kaggle/input/datasets/sartajbhuvaji/brain-tumor-classification-mri/Training/meningioma_tumor/m3 (166).jpg,m3 (166).jpg,Training,meningioma_tumor,meningioma,14165292911937730600,992,test
/kaggle/input/datasets/sartajbhuvaji/brain-tumor-classification-mri/Training/meningioma_tumor/m3 (167).jpg,m3 (167).jpg,Training,meningioma_tumor,meningioma,15029932354771316841,993,train
/kaggle/input/datasets/sartajbhuvaji/brain-tumor-classification-mri/Training/meningioma_tumor/m3 (168).jpg,m3 (168).jpg,Training,meningioma_tumor,meningioma,15029935790690564201,994,train
/kaggle/input/datasets/sartajbhuvaji/brain-tumor-classification-mri/Training/meningioma_tumor/m3 (169).jpg,m3 (169).jpg,Training,meningioma_tumor,meningioma,10380549167549918305,995,train
/kaggle/input/datasets/sartajbhuvaji/brain-tumor-classification-mri/Training/meningioma_tumor/m3 (17).jpg,m3 (17).jpg,Training,meningioma_tumor,meningioma,10694710335734309132,996,train
/kaggle/input/datasets/sartajbhuvaji/brain-tumor-classification-mri/Training/meningioma_tumor/m3 (170).jpg,m3 (170).jpg,Training,meningioma_tumor,meningioma,9227417660233642512,997,train
/kaggle/input/datasets/sartajbhuvaji/brain-tumor-classification-mri/Training/meningioma_tumor/m3 (171).jpg,m3 (171).jpg,Training,meningioma_tumor,meningioma,9231912459469877780,997,train
/kaggle/input/datasets/sartajbhuvaji/brain-tumor-classification-mri/Training/meningioma_tumor/m3 (172).jpg,m3 (172).jpg,Training,meningioma_tumor,meningioma,9230786560569668176,997,train
/kaggle/input/datasets/sartajbhuvaji/brain-tumor-classification-mri/Training/meningioma_tumor/m3 (173).jpg,m3 (173).jpg,Training,meningioma_tumor,meningioma,9230786290118849104,997,train
/kaggle/input/datasets/sartajbhuvaji/brain-tumor-classification-mri/Training/meningioma_tumor/m3 (174).jpg,m3 (174).jpg,Training,meningioma_tumor,meningioma,9230786289051398672,997,train
/kaggle/input/datasets/sartajbhuvaji/brain-tumor-classification-mri/Training/meningioma_tumor/m3 (175).jpg,m3 (175).jpg,Training,meningioma_tumor,meningioma,10380632524277820760,998,test
/kaggle/input/datasets/sartajbhuvaji/brain-tumor-classification-mri/Training/meningioma_tumor/m3 (176).jpg,m3 (176).jpg,Training,meningioma_tumor,meningioma,15063497631231061336,999,train
/kaggle/input/datasets/sartajbhuvaji/brain-tumor-classification-mri/Training/meningioma_tumor/m3 (177).jpg,m3 (177).jpg,Training,meningioma_tumor,meningioma,15064041889486742873,1000,train
/kaggle/input/datasets/sartajbhuvaji/brain-tumor-classification-mri/Training/meningioma_tumor/m3 (178).jpg,m3 (178).jpg,Training,meningioma_tumor,meningioma,15068528051547317570,1001,train
/kaggle/input/datasets/sartajbhuvaji/brain-tumor-classification-mri/Training/meningioma_tumor/m3 (179).jpg,m3 (179).jpg,Training,meningioma_tumor,meningioma,15149316880528869067,1002,train
/kaggle/input/datasets/sartajbhuvaji/brain-tumor-classification-mri/Training/meningioma_tumor/m3 (18).jpg,m3 (18).jpg,Training,meningioma_tumor,meningioma,9519306657333535073,1003,test
/kaggle/input/datasets/sartajbhuvaji/brain-tumor-classification-mri/Training/meningioma_tumor/m3 (180).jpg,m3 (180).jpg,Training,meningioma_tumor,meningioma,15149875432569996995,1002,train
/kaggle/input/datasets/sartajbhuvaji/brain-tumor-classification-mri/Training/meningioma_tumor/m3 (181).jpg,m3 (181).jpg,Training,meningioma_tumor,meningioma,15001256700233647811,1004,train
/kaggle/input/datasets/sartajbhuvaji/brain-tumor-classification-mri/Training/meningioma_tumor/m3 (182).jpg,m3 (182).jpg,Training,meningioma_tumor,meningioma,15001256696072905795,1004,train
/kaggle/input/datasets/sartajbhuvaji/brain-tumor-classification-mri/Training/meningioma_tumor/m3 (183).jpg,m3 (183).jpg,Training,meningioma_tumor,meningioma,15221656430307939982,1005,train
/kaggle/input/datasets/sartajbhuvaji/brain-tumor-classification-mri/Training/meningioma_tumor/m3 (184).jpg,m3 (184).jpg,Training,meningioma_tumor,meningioma,10393533214400546439,1006,train
/kaggle/input/datasets/sartajbhuvaji/brain-tumor-classification-mri/Training/meningioma_tumor/m3 (185).jpg,m3 (185).jpg,Training,meningioma_tumor,meningioma,10392406198946178279,2,test
/kaggle/input/datasets/sartajbhuvaji/brain-tumor-classification-mri/Training/meningioma_tumor/m3 (186).jpg,m3 (186).jpg,Training,meningioma_tumor,meningioma,10406479946707903847,1007,train
/kaggle/input/datasets/sartajbhuvaji/brain-tumor-classification-mri/Training/meningioma_tumor/m3 (187).jpg,m3 (187).jpg,Training,meningioma_tumor,meningioma,10383944374637650311,1008,train
/kaggle/input/datasets/sartajbhuvaji/brain-tumor-classification-mri/Training/meningioma_tumor/m3 (188).jpg,m3 (188).jpg,Training,meningioma_tumor,meningioma,10384014743436263831,1009,train
/kaggle/input/datasets/sartajbhuvaji/brain-tumor-classification-mri/Training/meningioma_tumor/m3 (189).jpg,m3 (189).jpg,Training,meningioma_tumor,meningioma,10384010344332812694,1009,train
/kaggle/input/datasets/sartajbhuvaji/brain-tumor-classification-mri/Training/meningioma_tumor/m3 (19).jpg,m3 (19).jpg,Training,meningioma_tumor,meningioma,9599556997018559841,1010,train
/kaggle/input/datasets/sartajbhuvaji/brain-tumor-classification-mri/Training/meningioma_tumor/m3 (190).jpg,m3 (190).jpg,Training,meningioma_tumor,meningioma,10766552417849142470,39,train
/kaggle/input/datasets/sartajbhuvaji/brain-tumor-classification-mri/Training/meningioma_tumor/m3 (191).jpg,m3 (191).jpg,Training,meningioma_tumor,meningioma,10440815401520281644,1011,train
/kaggle/input/datasets/sartajbhuvaji/brain-tumor-classification-mri/Training/meningioma_tumor/m3 (192).jpg,m3 (192).jpg,Training,meningioma_tumor,meningioma,15187329037582940204,1012,train
/kaggle/input/datasets/sartajbhuvaji/brain-tumor-classification-mri/Training/meningioma_tumor/m3 (193).jpg,m3 (193).jpg,Training,meningioma_tumor,meningioma,10744249961687312737,1444,train
/kaggle/input/datasets/sartajbhuvaji/brain-tumor-classification-mri/Training/meningioma_tumor/m3 (194).jpg,m3 (194).jpg,Training,meningioma_tumor,meningioma,10744249953131979105,1444,train
/kaggle/input/datasets/sartajbhuvaji/brain-tumor-classification-mri/Training/meningioma_tumor/m3 (195).jpg,m3 (195).jpg,Training,meningioma_tumor,meningioma,10744249953399365985,1444,train
/kaggle/input/datasets/sartajbhuvaji/brain-tumor-classification-mri/Training/meningioma_tumor/m3 (196).jpg,m3 (196).jpg,Training,meningioma_tumor,meningioma,9514513341456009418,1013,train
/kaggle/input/datasets/sartajbhuvaji/brain-tumor-classification-mri/Training/meningioma_tumor/m3 (197).jpg,m3 (197).jpg,Training,meningioma_tumor,meningioma,9515639207003505354,1013,train
/kaggle/input/datasets/sartajbhuvaji/brain-tumor-classification-mri/Training/meningioma_tumor/m3 (198).jpg,m3 (198).jpg,Training,meningioma_tumor,meningioma,9586568749758235256,1014,train
/kaggle/input/datasets/sartajbhuvaji/brain-tumor-classification-mri/Training/meningioma_tumor/m3 (199).jpg,m3 (199).jpg,Training,meningioma_tumor,meningioma,9595867319359310432,1015,val
/kaggle/input/datasets/sartajbhuvaji/brain-tumor-classification-mri/Training/meningioma_tumor/m3 (2).jpg,m3 (2).jpg,Training,meningioma_tumor,meningioma,13996674583139399369,1016,cal
/kaggle/input/datasets/sartajbhuvaji/brain-tumor-classification-mri/Training/meningioma_tumor/m3 (20).jpg,m3 (20).jpg,Training,meningioma_tumor,meningioma,9599556855285687649,1010,train
/kaggle/input/datasets/sartajbhuvaji/brain-tumor-classification-mri/Training/meningioma_tumor/m3 (200).jpg,m3 (200).jpg,Training,meningioma_tumor,meningioma,10751352790721766723,1017,train
/kaggle/input/datasets/sartajbhuvaji/brain-tumor-classification-mri/Training/meningioma_tumor/m3 (201).jpg,m3 (201).jpg,Training,meningioma_tumor,meningioma,10752478420028892515,1017,train
/kaggle/input/datasets/sartajbhuvaji/brain-tumor-classification-mri/Training/meningioma_tumor/m3 (202).jpg,m3 (202).jpg,Training,meningioma_tumor,meningioma,10766235518106608995,1018,train
/kaggle/input/datasets/sartajbhuvaji/brain-tumor-classification-mri/Training/meningioma_tumor/m3 (203).jpg,m3 (203).jpg,Training,meningioma_tumor,meningioma,10770990075901927716,84,train
/kaggle/input/datasets/sartajbhuvaji/brain-tumor-classification-mri/Training/meningioma_tumor/m3 (204).jpg,m3 (204).jpg,Training,meningioma_tumor,meningioma,10393514505451189351,1019,train
/kaggle/input/datasets/sartajbhuvaji/brain-tumor-classification-mri/Training/meningioma_tumor/m3 (205).jpg,m3 (205).jpg,Training,meningioma_tumor,meningioma,10682039551930885319,1020,train
/kaggle/input/datasets/sartajbhuvaji/brain-tumor-classification-mri/Training/meningioma_tumor/m3 (206).jpg,m3 (206).jpg,Training,meningioma_tumor,meningioma,10680913651894674661,1021,train
/kaggle/input/datasets/sartajbhuvaji/brain-tumor-classification-mri/Training/meningioma_tumor/m3 (207).jpg,m3 (207).jpg,Training,meningioma_tumor,meningioma,10752972414284752225,1022,train
/kaggle/input/datasets/sartajbhuvaji/brain-tumor-classification-mri/Training/meningioma_tumor/m3 (208).jpg,m3 (208).jpg,Training,meningioma_tumor,meningioma,10757475949504914785,1023,test
/kaggle/input/datasets/sartajbhuvaji/brain-tumor-classification-mri/Training/meningioma_tumor/m3 (209).jpg,m3 (209).jpg,Training,meningioma_tumor,meningioma,10752971319320273249,1022,train
/kaggle/input/datasets/sartajbhuvaji/brain-tumor-classification-mri/Training/meningioma_tumor/m3 (21).jpg,m3 (21).jpg,Training,meningioma_tumor,meningioma,10667719227980921904,267,train
/kaggle/input/datasets/sartajbhuvaji/brain-tumor-classification-mri/Training/meningioma_tumor/m3 (210).jpg,m3 (210).jpg,Training,meningioma_tumor,meningioma,9588790540813214059,1024,train
/kaggle/input/datasets/sartajbhuvaji/brain-tumor-classification-mri/Training/meningioma_tumor/m3 (211).jpg,m3 (211).jpg,Training,meningioma_tumor,meningioma,9518984746320552291,1024,train
/kaggle/input/datasets/sartajbhuvaji/brain-tumor-classification-mri/Training/meningioma_tumor/m3 (212).jpg,m3 (212).jpg,Training,meningioma_tumor,meningioma,10896576289600910492,1025,train
/kaggle/input/datasets/sartajbhuvaji/brain-tumor-classification-mri/Training/meningioma_tumor/m3 (213).jpg,m3 (213).jpg,Training,meningioma_tumor,meningioma,10914608281369674950,1026,train
/kaggle/input/datasets/sartajbhuvaji/brain-tumor-classification-mri/Training/meningioma_tumor/m3 (214).jpg,m3 (214).jpg,Training,meningioma_tumor,meningioma,10771042852711523716,1027,val
/kaggle/input/datasets/sartajbhuvaji/brain-tumor-classification-mri/Training/meningioma_tumor/m3 (215).jpg,m3 (215).jpg,Training,meningioma_tumor,meningioma,10771042647626834308,1027,val
/kaggle/input/datasets/sartajbhuvaji/brain-tumor-classification-mri/Training/meningioma_tumor/m3 (216).jpg,m3 (216).jpg,Training,meningioma_tumor,meningioma,9618068297473941895,40,train
/kaggle/input/datasets/sartajbhuvaji/brain-tumor-classification-mri/Training/meningioma_tumor/m3 (217).jpg,m3 (217).jpg,Training,meningioma_tumor,meningioma,10766481808701810087,908,train
/kaggle/input/datasets/sartajbhuvaji/brain-tumor-classification-mri/Training/meningioma_tumor/m3 (218).jpg,m3 (218).jpg,Training,meningioma_tumor,meningioma,10766482053380793767,908,train
/kaggle/input/datasets/sartajbhuvaji/brain-tumor-classification-mri/Training/meningioma_tumor/m3 (219).jpg,m3 (219).jpg,Training,meningioma_tumor,meningioma,10770422698902366118,39,train
/kaggle/input/datasets/sartajbhuvaji/brain-tumor-classification-mri/Training/meningioma_tumor/m3 (22).jpg,m3 (22).jpg,Training,meningioma_tumor,meningioma,15064288751355702376,1028,train
/kaggle/input/datasets/sartajbhuvaji/brain-tumor-classification-mri/Training/meningioma_tumor/m3 (220).jpg,m3 (220).jpg,Training,meningioma_tumor,meningioma,10914537886995015302,39,train
/kaggle/input/datasets/sartajbhuvaji/brain-tumor-classification-mri/Training/meningioma_tumor/m3 (221).jpg,m3 (221).jpg,Training,meningioma_tumor,meningioma,15000481497412167154,1029,cal
/kaggle/input/datasets/sartajbhuvaji/brain-tumor-classification-mri/Training/meningioma_tumor/m3 (222).jpg,m3 (222).jpg,Training,meningioma_tumor,meningioma,14989223306884820381,1030,train
/kaggle/input/datasets/sartajbhuvaji/brain-tumor-classification-mri/Training/meningioma_tumor/m3 (223).jpg,m3 (223).jpg,Training,meningioma_tumor,meningioma,14989505029871135224,1031,train
/kaggle/input/datasets/sartajbhuvaji/brain-tumor-classification-mri/Training/meningioma_tumor/m3 (224).jpg,m3 (224).jpg,Training,meningioma_tumor,meningioma,14990031764678126056,1032,train
/kaggle/input/datasets/sartajbhuvaji/brain-tumor-classification-mri/Training/meningioma_tumor/m3 (225).jpg,m3 (225).jpg,Training,meningioma_tumor,meningioma,15285615635933441316,1033,train
/kaggle/input/datasets/sartajbhuvaji/brain-tumor-classification-mri/Training/meningioma_tumor/m3 (226).jpg,m3 (226).jpg,Training,meningioma_tumor,meningioma,14998511223995655456,1034,train
/kaggle/input/datasets/sartajbhuvaji/brain-tumor-classification-mri/Training/meningioma_tumor/m3 (227).jpg,m3 (227).jpg,Training,meningioma_tumor,meningioma,10676761672681787011,1035,train
/kaggle/input/datasets/sartajbhuvaji/brain-tumor-classification-mri/Training/meningioma_tumor/m3 (228).jpg,m3 (228).jpg,Training,meningioma_tumor,meningioma,9600401618350982021,1036,cal
/kaggle/input/datasets/sartajbhuvaji/brain-tumor-classification-mri/Training/meningioma_tumor/m3 (229).jpg,m3 (229).jpg,Training,meningioma_tumor,meningioma,9600121251576504453,1037,train
/kaggle/input/datasets/sartajbhuvaji/brain-tumor-classification-mri/Training/meningioma_tumor/m3 (23).jpg,m3 (23).jpg,Training,meningioma_tumor,meningioma,14992302736968264808,1038,cal
/kaggle/input/datasets/sartajbhuvaji/brain-tumor-classification-mri/Training/meningioma_tumor/m3 (230).jpg,m3 (230).jpg,Training,meningioma_tumor,meningioma,10456934374822732165,1039,train
/kaggle/input/datasets/sartajbhuvaji/brain-tumor-classification-mri/Training/meningioma_tumor/m3 (231).jpg,m3 (231).jpg,Training,meningioma_tumor,meningioma,9240940996383290509,1040,train
/kaggle/input/datasets/sartajbhuvaji/brain-tumor-classification-mri/Training/meningioma_tumor/m3 (232).jpg,m3 (232).jpg,Training,meningioma_tumor,meningioma,10393863601508131983,48,train
/kaggle/input/datasets/sartajbhuvaji/brain-tumor-classification-mri/Training/meningioma_tumor/m3 (233).jpg,m3 (233).jpg,Training,meningioma_tumor,meningioma,10393861952358149127,1041,train
/kaggle/input/datasets/sartajbhuvaji/brain-tumor-classification-mri/Training/meningioma_tumor/m3 (234).jpg,m3 (234).jpg,Training,meningioma_tumor,meningioma,10753868447581547523,1042,train
/kaggle/input/datasets/sartajbhuvaji/brain-tumor-classification-mri/Training/meningioma_tumor/m3 (235).jpg,m3 (235).jpg,Training,meningioma_tumor,meningioma,13996745501639807631,1043,test
/kaggle/input/datasets/sartajbhuvaji/brain-tumor-classification-mri/Training/meningioma_tumor/m3 (236).jpg,m3 (236).jpg,Training,meningioma_tumor,meningioma,13996674582887642767,1044,val
/kaggle/input/datasets/sartajbhuvaji/brain-tumor-classification-mri/Training/meningioma_tumor/m3 (237).jpg,m3 (237).jpg,Training,meningioma_tumor,meningioma,15149030955898975815,1045,train
/kaggle/input/datasets/sartajbhuvaji/brain-tumor-classification-mri/Training/meningioma_tumor/m3 (238).jpg,m3 (238).jpg,Training,meningioma_tumor,meningioma,15005213718162188131,121,train
/kaggle/input/datasets/sartajbhuvaji/brain-tumor-classification-mri/Training/meningioma_tumor/m3 (239).jpg,m3 (239).jpg,Training,meningioma_tumor,meningioma,9519342322716846401,1444,train
/kaggle/input/datasets/sartajbhuvaji/brain-tumor-classification-mri/Training/meningioma_tumor/m3 (24).jpg,m3 (24).jpg,Training,meningioma_tumor,meningioma,10452677679564336232,1046,train
/kaggle/input/datasets/sartajbhuvaji/brain-tumor-classification-mri/Training/meningioma_tumor/m3 (240).jpg,m3 (240).jpg,Training,meningioma_tumor,meningioma,9595902416904005955,1047,test
/kaggle/input/datasets/sartajbhuvaji/brain-tumor-classification-mri/Training/meningioma_tumor/m3 (241).jpg,m3 (241).jpg,Training,meningioma_tumor,meningioma,10681269927066807684,1048,train
/kaggle/input/datasets/sartajbhuvaji/brain-tumor-classification-mri/Training/meningioma_tumor/m3 (242).jpg,m3 (242).jpg,Training,meningioma_tumor,meningioma,10681199559274947974,1049,val
/kaggle/input/datasets/sartajbhuvaji/brain-tumor-classification-mri/Training/meningioma_tumor/m3 (243).jpg,m3 (243).jpg,Training,meningioma_tumor,meningioma,10681269995666695303,1050,train
/kaggle/input/datasets/sartajbhuvaji/brain-tumor-classification-mri/Training/meningioma_tumor/m3 (244).jpg,m3 (244).jpg,Training,meningioma_tumor,meningioma,10682321094557590565,291,train
/kaggle/input/datasets/sartajbhuvaji/brain-tumor-classification-mri/Training/meningioma_tumor/m3 (245).jpg,m3 (245).jpg,Training,meningioma_tumor,meningioma,10740872287759918373,291,train
/kaggle/input/datasets/sartajbhuvaji/brain-tumor-classification-mri/Training/meningioma_tumor/m3 (246).jpg,m3 (246).jpg,Training,meningioma_tumor,meningioma,10740872287762014501,291,train
/kaggle/input/datasets/sartajbhuvaji/brain-tumor-classification-mri/Training/meningioma_tumor/m3 (247).jpg,m3 (247).jpg,Training,meningioma_tumor,meningioma,10753322917877522755,1051,test
/kaggle/input/datasets/sartajbhuvaji/brain-tumor-classification-mri/Training/meningioma_tumor/m3 (25).jpg,m3 (25).jpg,Training,meningioma_tumor,meningioma,9600683077368095894,1052,test
/kaggle/input/datasets/sartajbhuvaji/brain-tumor-classification-mri/Training/meningioma_tumor/m3 (26).jpg,m3 (26).jpg,Training,meningioma_tumor,meningioma,9601246014428226694,1052,test
/kaggle/input/datasets/sartajbhuvaji/brain-tumor-classification-mri/Training/meningioma_tumor/m3 (27).jpg,m3 (27).jpg,Training,meningioma_tumor,meningioma,9601246014428292496,1052,test
/kaggle/input/datasets/sartajbhuvaji/brain-tumor-classification-mri/Training/meningioma_tumor/m3 (28).jpg,m3 (28).jpg,Training,meningioma_tumor,meningioma,10770990042641146177,909,val
/kaggle/input/datasets/sartajbhuvaji/brain-tumor-classification-mri/Training/meningioma_tumor/m3 (29).jpg,m3 (29).jpg,Training,meningioma_tumor,meningioma,9618068537992110433,909,val
/kaggle/input/datasets/sartajbhuvaji/brain-tumor-classification-mri/Training/meningioma_tumor/m3 (3).jpg,m3 (3).jpg,Training,meningioma_tumor,meningioma,10896804847489655150,1053,train
/kaggle/input/datasets/sartajbhuvaji/brain-tumor-classification-mri/Training/meningioma_tumor/m3 (30).jpg,m3 (30).jpg,Training,meningioma_tumor,meningioma,15278791031692733536,1054,train
/kaggle/input/datasets/sartajbhuvaji/brain-tumor-classification-mri/Training/meningioma_tumor/m3 (31).jpg,m3 (31).jpg,Training,meningioma_tumor,meningioma,15278807181843508321,1054,train
/kaggle/input/datasets/sartajbhuvaji/brain-tumor-classification-mri/Training/meningioma_tumor/m3 (32).jpg,m3 (32).jpg,Training,meningioma_tumor,meningioma,15000129679467750753,234,val
/kaggle/input/datasets/sartajbhuvaji/brain-tumor-classification-mri/Training/meningioma_tumor/m3 (33).jpg,m3 (33).jpg,Training,meningioma_tumor,meningioma,15001261042579825953,1055,test
/kaggle/input/datasets/sartajbhuvaji/brain-tumor-classification-mri/Training/meningioma_tumor/m3 (34).jpg,m3 (34).jpg,Training,meningioma_tumor,meningioma,15001261042577728613,1055,test
/kaggle/input/datasets/sartajbhuvaji/brain-tumor-classification-mri/Training/meningioma_tumor/m3 (35).jpg,m3 (35).jpg,Training,meningioma_tumor,meningioma,15000711286696797703,1056,cal
/kaggle/input/datasets/sartajbhuvaji/brain-tumor-classification-mri/Training/meningioma_tumor/m3 (36).jpg,m3 (36).jpg,Training,meningioma_tumor,meningioma,13996973649983514247,1057,train
/kaggle/input/datasets/sartajbhuvaji/brain-tumor-classification-mri/Training/meningioma_tumor/m3 (37).jpg,m3 (37).jpg,Training,meningioma_tumor,meningioma,15149312483350947730,1058,test
/kaggle/input/datasets/sartajbhuvaji/brain-tumor-classification-mri/Training/meningioma_tumor/m3 (38).jpg,m3 (38).jpg,Training,meningioma_tumor,meningioma,15001261043513304022,1059,train
/kaggle/input/datasets/sartajbhuvaji/brain-tumor-classification-mri/Training/meningioma_tumor/m3 (39).jpg,m3 (39).jpg,Training,meningioma_tumor,meningioma,15289491351148962198,1060,val
/kaggle/input/datasets/sartajbhuvaji/brain-tumor-classification-mri/Training/meningioma_tumor/m3 (4).jpg,m3 (4).jpg,Training,meningioma_tumor,meningioma,10750789480016259427,1061,train
/kaggle/input/datasets/sartajbhuvaji/brain-tumor-classification-mri/Training/meningioma_tumor/m3 (40).jpg,m3 (40).jpg,Training,meningioma_tumor,meningioma,13852907390267143309,1062,train
/kaggle/input/datasets/sartajbhuvaji/brain-tumor-classification-mri/Training/meningioma_tumor/m3 (41).jpg,m3 (41).jpg,Training,meningioma_tumor,meningioma,15005827795364422799,1062,train
/kaggle/input/datasets/sartajbhuvaji/brain-tumor-classification-mri/Training/meningioma_tumor/m3 (42).jpg,m3 (42).jpg,Training,meningioma_tumor,meningioma,14132149361959788819,1063,train
/kaggle/input/datasets/sartajbhuvaji/brain-tumor-classification-mri/Training/meningioma_tumor/m3 (43).jpg,m3 (43).jpg,Training,meningioma_tumor,meningioma,13843918375923310723,1064,test
/kaggle/input/datasets/sartajbhuvaji/brain-tumor-classification-mri/Training/meningioma_tumor/m3 (44).jpg,m3 (44).jpg,Training,meningioma_tumor,meningioma,9232232075119046791,1065,train
/kaggle/input/datasets/sartajbhuvaji/brain-tumor-classification-mri/Training/meningioma_tumor/m3 (45).jpg,m3 (45).jpg,Training,meningioma_tumor,meningioma,9232232349980173447,1065,train
/kaggle/input/datasets/sartajbhuvaji/brain-tumor-classification-mri/Training/meningioma_tumor/m3 (46).jpg,m3 (46).jpg,Training,meningioma_tumor,meningioma,10694705964404451218,1066,train
/kaggle/input/datasets/sartajbhuvaji/brain-tumor-classification-mri/Training/meningioma_tumor/m3 (47).jpg,m3 (47).jpg,Training,meningioma_tumor,meningioma,10694710328093320130,1066,train
/kaggle/input/datasets/sartajbhuvaji/brain-tumor-classification-mri/Training/meningioma_tumor/m3 (48).jpg,m3 (48).jpg,Training,meningioma_tumor,meningioma,10681269931361706886,1048,train
/kaggle/input/datasets/sartajbhuvaji/brain-tumor-classification-mri/Training/meningioma_tumor/m3 (49).jpg,m3 (49).jpg,Training,meningioma_tumor,meningioma,10456072357808440292,1067,train
/kaggle/input/datasets/sartajbhuvaji/brain-tumor-classification-mri/Training/meningioma_tumor/m3 (5).jpg,m3 (5).jpg,Training,meningioma_tumor,meningioma,10744034355453110323,1061,train
/kaggle/input/datasets/sartajbhuvaji/brain-tumor-classification-mri/Training/meningioma_tumor/m3 (50).jpg,m3 (50).jpg,Training,meningioma_tumor,meningioma,10455790883904234468,1067,train
/kaggle/input/datasets/sartajbhuvaji/brain-tumor-classification-mri/Training/meningioma_tumor/m3 (51).jpg,m3 (51).jpg,Training,meningioma_tumor,meningioma,10681199559262413254,1049,val
/kaggle/input/datasets/sartajbhuvaji/brain-tumor-classification-mri/Training/meningioma_tumor/m3 (52).jpg,m3 (52).jpg,Training,meningioma_tumor,meningioma,10748819523699287393,1068,train
/kaggle/input/datasets/sartajbhuvaji/brain-tumor-classification-mri/Training/meningioma_tumor/m3 (53).jpg,m3 (53).jpg,Training,meningioma_tumor,meningioma,10465061960580931885,1444,train
/kaggle/input/datasets/sartajbhuvaji/brain-tumor-classification-mri/Training/meningioma_tumor/m3 (54).jpg,m3 (54).jpg,Training,meningioma_tumor,meningioma,10744320356202324329,1444,train
/kaggle/input/datasets/sartajbhuvaji/brain-tumor-classification-mri/Training/meningioma_tumor/m3 (55).jpg,m3 (55).jpg,Training,meningioma_tumor,meningioma,10744320390569468197,1444,train
/kaggle/input/datasets/sartajbhuvaji/brain-tumor-classification-mri/Training/meningioma_tumor/m3 (56).jpg,m3 (56).jpg,Training,meningioma_tumor,meningioma,9313297107719365671,1069,val
/kaggle/input/datasets/sartajbhuvaji/brain-tumor-classification-mri/Training/meningioma_tumor/m3 (57).jpg,m3 (57).jpg,Training,meningioma_tumor,meningioma,13922735724387984391,1069,val
/kaggle/input/datasets/sartajbhuvaji/brain-tumor-classification-mri/Training/meningioma_tumor/m3 (58).jpg,m3 (58).jpg,Training,meningioma_tumor,meningioma,13913658706409408054,1070,cal
/kaggle/input/datasets/sartajbhuvaji/brain-tumor-classification-mri/Training/meningioma_tumor/m3 (59).jpg,m3 (59).jpg,Training,meningioma_tumor,meningioma,10766482113506141543,908,train
/kaggle/input/datasets/sartajbhuvaji/brain-tumor-classification-mri/Training/meningioma_tumor/m3 (6).jpg,m3 (6).jpg,Training,meningioma_tumor,meningioma,9591046879293497651,1071,test
/kaggle/input/datasets/sartajbhuvaji/brain-tumor-classification-mri/Training/meningioma_tumor/m3 (60).jpg,m3 (60).jpg,Training,meningioma_tumor,meningioma,15029966997658630185,1072,train
/kaggle/input/datasets/sartajbhuvaji/brain-tumor-classification-mri/Training/meningioma_tumor/m3 (61).jpg,m3 (61).jpg,Training,meningioma_tumor,meningioma,15029966997994201129,1072,train
/kaggle/input/datasets/sartajbhuvaji/brain-tumor-classification-mri/Training/meningioma_tumor/m3 (62).jpg,m3 (62).jpg,Training,meningioma_tumor,meningioma,10676198791426632225,1073,test
/kaggle/input/datasets/sartajbhuvaji/brain-tumor-classification-mri/Training/meningioma_tumor/m3 (63).jpg,m3 (63).jpg,Training,meningioma_tumor,meningioma,10748260714891278977,1074,train
/kaggle/input/datasets/sartajbhuvaji/brain-tumor-classification-mri/Training/meningioma_tumor/m3 (64).jpg,m3 (64).jpg,Training,meningioma_tumor,meningioma,10739772828722227873,1075,train
/kaggle/input/datasets/sartajbhuvaji/brain-tumor-classification-mri/Training/meningioma_tumor/m3 (65).jpg,m3 (65).jpg,Training,meningioma_tumor,meningioma,10740899740895306481,1076,train
/kaggle/input/datasets/sartajbhuvaji/brain-tumor-classification-mri/Training/meningioma_tumor/m3 (66).jpg,m3 (66).jpg,Training,meningioma_tumor,meningioma,10739772811040417985,1077,val
/kaggle/input/datasets/sartajbhuvaji/brain-tumor-classification-mri/Training/meningioma_tumor/m3 (67).jpg,m3 (67).jpg,Training,meningioma_tumor,meningioma,10739209809547127025,1077,val
/kaggle/input/datasets/sartajbhuvaji/brain-tumor-classification-mri/Training/meningioma_tumor/m3 (68).jpg,m3 (68).jpg,Training,meningioma_tumor,meningioma,14065935444794660504,1078,train
/kaggle/input/datasets/sartajbhuvaji/brain-tumor-classification-mri/Training/meningioma_tumor/m3 (69).jpg,m3 (69).jpg,Training,meningioma_tumor,meningioma,15149046882493773466,792,train
/kaggle/input/datasets/sartajbhuvaji/brain-tumor-classification-mri/Training/meningioma_tumor/m3 (7).jpg,m3 (7).jpg,Training,meningioma_tumor,meningioma,14212356433328838278,1079,train
/kaggle/input/datasets/sartajbhuvaji/brain-tumor-classification-mri/Training/meningioma_tumor/m3 (70).jpg,m3 (70).jpg,Training,meningioma_tumor,meningioma,10837977792822862998,1080,train
/kaggle/input/datasets/sartajbhuvaji/brain-tumor-classification-mri/Training/meningioma_tumor/m3 (71).jpg,m3 (71).jpg,Training,meningioma_tumor,meningioma,10838262566195914467,1081,train
/kaggle/input/datasets/sartajbhuvaji/brain-tumor-classification-mri/Training/meningioma_tumor/m3 (72).jpg,m3 (72).jpg,Training,meningioma_tumor,meningioma,10694425554578597219,1082,cal
/kaggle/input/datasets/sartajbhuvaji/brain-tumor-classification-mri/Training/meningioma_tumor/m3 (73).jpg,m3 (73).jpg,Training,meningioma_tumor,meningioma,10694425619003139430,1082,cal
/kaggle/input/datasets/sartajbhuvaji/brain-tumor-classification-mri/Training/meningioma_tumor/m3 (74).jpg,m3 (74).jpg,Training,meningioma_tumor,meningioma,10694425619137308006,1082,cal
/kaggle/input/datasets/sartajbhuvaji/brain-tumor-classification-mri/Training/meningioma_tumor/m3 (75).jpg,m3 (75).jpg,Training,meningioma_tumor,meningioma,14991123601073383057,1083,train
/kaggle/input/datasets/sartajbhuvaji/brain-tumor-classification-mri/Training/meningioma_tumor/m3 (76).jpg,m3 (76).jpg,Training,meningioma_tumor,meningioma,15278579921022498512,1084,train
/kaggle/input/datasets/sartajbhuvaji/brain-tumor-classification-mri/Training/meningioma_tumor/m3 (77).jpg,m3 (77).jpg,Training,meningioma_tumor,meningioma,15276328121342964976,1084,train
/kaggle/input/datasets/sartajbhuvaji/brain-tumor-classification-mri/Training/meningioma_tumor/m3 (78).jpg,m3 (78).jpg,Training,meningioma_tumor,meningioma,15276609325820556464,1085,train
/kaggle/input/datasets/sartajbhuvaji/brain-tumor-classification-mri/Training/meningioma_tumor/m3 (79).jpg,m3 (79).jpg,Training,meningioma_tumor,meningioma,14992323146909053104,1086,train
/kaggle/input/datasets/sartajbhuvaji/brain-tumor-classification-mri/Training/meningioma_tumor/m3 (8).jpg,m3 (8).jpg,Training,meningioma_tumor,meningioma,10752408295038989671,2,test
/kaggle/input/datasets/sartajbhuvaji/brain-tumor-classification-mri/Training/meningioma_tumor/m3 (80).jpg,m3 (80).jpg,Training,meningioma_tumor,meningioma,14992323146908987796,1086,train
/kaggle/input/datasets/sartajbhuvaji/brain-tumor-classification-mri/Training/meningioma_tumor/m3 (81).jpg,m3 (81).jpg,Training,meningioma_tumor,meningioma,15005830252119273744,1087,val
/kaggle/input/datasets/sartajbhuvaji/brain-tumor-classification-mri/Training/meningioma_tumor/m3 (82).jpg,m3 (82).jpg,Training,meningioma_tumor,meningioma,15005830235874930867,1088,train
/kaggle/input/datasets/sartajbhuvaji/brain-tumor-classification-mri/Training/meningioma_tumor/m3 (83).jpg,m3 (83).jpg,Training,meningioma_tumor,meningioma,13852344792536855699,1089,cal
/kaggle/input/datasets/sartajbhuvaji/brain-tumor-classification-mri/Training/meningioma_tumor/m3 (84).jpg,m3 (84).jpg,Training,meningioma_tumor,meningioma,10694710328151778754,1066,train
/kaggle/input/datasets/sartajbhuvaji/brain-tumor-classification-mri/Training/meningioma_tumor/m3 (85).jpg,m3 (85).jpg,Training,meningioma_tumor,meningioma,10680918054371600322,1090,val
/kaggle/input/datasets/sartajbhuvaji/brain-tumor-classification-mri/Training/meningioma_tumor/m3 (86).jpg,m3 (86).jpg,Training,meningioma_tumor,meningioma,10694429981754536290,1091,train
/kaggle/input/datasets/sartajbhuvaji/brain-tumor-classification-mri/Training/meningioma_tumor/m3 (87).jpg,m3 (87).jpg,Training,meningioma_tumor,meningioma,10770990045828751730,1092,train
/kaggle/input/datasets/sartajbhuvaji/brain-tumor-classification-mri/Training/meningioma_tumor/m3 (88).jpg,m3 (88).jpg,Training,meningioma_tumor,meningioma,14995631173737393188,1837,test
/kaggle/input/datasets/sartajbhuvaji/brain-tumor-classification-mri/Training/meningioma_tumor/m3 (89).jpg,m3 (89).jpg,Training,meningioma_tumor,meningioma,14995631105018440740,1837,test
/kaggle/input/datasets/sartajbhuvaji/brain-tumor-classification-mri/Training/meningioma_tumor/m3 (9).jpg,m3 (9).jpg,Training,meningioma_tumor,meningioma,10749312070161474919,2,test
/kaggle/input/datasets/sartajbhuvaji/brain-tumor-classification-mri/Training/meningioma_tumor/m3 (90).jpg,m3 (90).jpg,Training,meningioma_tumor,meningioma,15031660142555573288,1837,test
/kaggle/input/datasets/sartajbhuvaji/brain-tumor-classification-mri/Training/meningioma_tumor/m3 (91).jpg,m3 (91).jpg,Training,meningioma_tumor,meningioma,15031624786653242376,1093,train
/kaggle/input/datasets/sartajbhuvaji/brain-tumor-classification-mri/Training/meningioma_tumor/m3 (92).jpg,m3 (92).jpg,Training,meningioma_tumor,meningioma,15027121393184302092,1093,train
/kaggle/input/datasets/sartajbhuvaji/brain-tumor-classification-mri/Training/meningioma_tumor/m3 (93).jpg,m3 (93).jpg,Training,meningioma_tumor,meningioma,15005759991691108818,1094,test
/kaggle/input/datasets/sartajbhuvaji/brain-tumor-classification-mri/Training/meningioma_tumor/m3 (94).jpg,m3 (94).jpg,Training,meningioma_tumor,meningioma,10842481388104525031,120,train
/kaggle/input/datasets/sartajbhuvaji/brain-tumor-classification-mri/Training/meningioma_tumor/m3 (95).jpg,m3 (95).jpg,Training,meningioma_tumor,meningioma,10694425344122840547,1095,train
/kaggle/input/datasets/sartajbhuvaji/brain-tumor-classification-mri/Training/meningioma_tumor/m3 (96).jpg,m3 (96).jpg,Training,meningioma_tumor,meningioma,10694425344119431623,1095,train
/kaggle/input/datasets/sartajbhuvaji/brain-tumor-classification-mri/Training/meningioma_tumor/m3 (97).jpg,m3 (97).jpg,Training,meningioma_tumor,meningioma,10698915784356340164,1027,val
/kaggle/input/datasets/sartajbhuvaji/brain-tumor-classification-mri/Training/meningioma_tumor/m3 (98).jpg,m3 (98).jpg,Training,meningioma_tumor,meningioma,10770972248558035428,1027,val
/kaggle/input/datasets/sartajbhuvaji/brain-tumor-classification-mri/Training/meningioma_tumor/m3 (99).jpg,m3 (99).jpg,Training,meningioma_tumor,meningioma,10392402917640447011,1096,train
/kaggle/input/datasets/sartajbhuvaji/brain-tumor-classification-mri/Training/no_tumor/1.jpg,1.jpg,Training,no_tumor,no_tumor,9316270307540022039,1097,test
/kaggle/input/datasets/sartajbhuvaji/brain-tumor-classification-mri/Training/no_tumor/2.jpg,2.jpg,Training,no_tumor,no_tumor,15218554261709007948,1098,cal
/kaggle/input/datasets/sartajbhuvaji/brain-tumor-classification-mri/Training/no_tumor/3.jpg,3.jpg,Training,no_tumor,no_tumor,10901594161482643557,1099,train
/kaggle/input/datasets/sartajbhuvaji/brain-tumor-classification-mri/Training/no_tumor/4.jpg,4.jpg,Training,no_tumor,no_tumor,9682316059375585433,1100,train
/kaggle/input/datasets/sartajbhuvaji/brain-tumor-classification-mri/Training/no_tumor/5.jpg,5.jpg,Training,no_tumor,no_tumor,10820300773077892291,1101,train
/kaggle/input/datasets/sartajbhuvaji/brain-tumor-classification-mri/Training/no_tumor/6.jpg,6.jpg,Training,no_tumor,no_tumor,10824518739723105507,1102,train
/kaggle/input/datasets/sartajbhuvaji/brain-tumor-classification-mri/Training/no_tumor/7.jpg,7.jpg,Training,no_tumor,no_tumor,15163390908450367128,1103,train
/kaggle/input/datasets/sartajbhuvaji/brain-tumor-classification-mri/Training/no_tumor/8.jpg,8.jpg,Training,no_tumor,no_tumor,13987668483524027237,1104,train
/kaggle/input/datasets/sartajbhuvaji/brain-tumor-classification-mri/Training/no_tumor/image (10).jpg,image (10).jpg,Training,no_tumor,no_tumor,9568495067991976160,1105,train
/kaggle/input/datasets/sartajbhuvaji/brain-tumor-classification-mri/Training/no_tumor/image (11).jpg,image (11).jpg,Training,no_tumor,no_tumor,10756871952836873913,1106,train
/kaggle/input/datasets/sartajbhuvaji/brain-tumor-classification-mri/Training/no_tumor/image (12).jpg,image (12).jpg,Training,no_tumor,no_tumor,10901658430980122520,1111,cal
/kaggle/input/datasets/sartajbhuvaji/brain-tumor-classification-mri/Training/no_tumor/image (13).jpg,image (13).jpg,Training,no_tumor,no_tumor,14001479792614072617,1107,train
/kaggle/input/datasets/sartajbhuvaji/brain-tumor-classification-mri/Training/no_tumor/image (14).jpg,image (14).jpg,Training,no_tumor,no_tumor,14001479792614072617,1107,train
/kaggle/input/datasets/sartajbhuvaji/brain-tumor-classification-mri/Training/no_tumor/image (15).jpg,image (15).jpg,Training,no_tumor,no_tumor,10392737585785091148,1108,train
/kaggle/input/datasets/sartajbhuvaji/brain-tumor-classification-mri/Training/no_tumor/image (16).jpg,image (16).jpg,Training,no_tumor,no_tumor,10392737585785091148,1108,train
/kaggle/input/datasets/sartajbhuvaji/brain-tumor-classification-mri/Training/no_tumor/image (17).jpg,image (17).jpg,Training,no_tumor,no_tumor,15001260785063309507,1109,train
/kaggle/input/datasets/sartajbhuvaji/brain-tumor-classification-mri/Training/no_tumor/image (18).jpg,image (18).jpg,Training,no_tumor,no_tumor,10537977144762642571,1110,train
/kaggle/input/datasets/sartajbhuvaji/brain-tumor-classification-mri/Training/no_tumor/image (19).jpg,image (19).jpg,Training,no_tumor,no_tumor,10915151706519396811,1111,cal
/kaggle/input/datasets/sartajbhuvaji/brain-tumor-classification-mri/Training/no_tumor/image (20).jpg,image (20).jpg,Training,no_tumor,no_tumor,15067384800090467670,1112,train
/kaggle/input/datasets/sartajbhuvaji/brain-tumor-classification-mri/Training/no_tumor/image (21).jpg,image (21).jpg,Training,no_tumor,no_tumor,10694173611142703408,1113,train
/kaggle/input/datasets/sartajbhuvaji/brain-tumor-classification-mri/Training/no_tumor/image (22).jpg,image (22).jpg,Training,no_tumor,no_tumor,10764267129521072782,1114,train
/kaggle/input/datasets/sartajbhuvaji/brain-tumor-classification-mri/Training/no_tumor/image (23).jpg,image (23).jpg,Training,no_tumor,no_tumor,10758083809210767387,1115,train
/kaggle/input/datasets/sartajbhuvaji/brain-tumor-classification-mri/Training/no_tumor/image (24).jpg,image (24).jpg,Training,no_tumor,no_tumor,13994987717621362718,1116,train
/kaggle/input/datasets/sartajbhuvaji/brain-tumor-classification-mri/Training/no_tumor/image (25).jpg,image (25).jpg,Training,no_tumor,no_tumor,14085633342439843416,1117,cal
/kaggle/input/datasets/sartajbhuvaji/brain-tumor-classification-mri/Training/no_tumor/image (26).jpg,image (26).jpg,Training,no_tumor,no_tumor,14001479792614072617,1107,train
/kaggle/input/datasets/sartajbhuvaji/brain-tumor-classification-mri/Training/no_tumor/image (27).jpg,image (27).jpg,Training,no_tumor,no_tumor,9731784978342699295,1118,train
/kaggle/input/datasets/sartajbhuvaji/brain-tumor-classification-mri/Training/no_tumor/image (28).jpg,image (28).jpg,Training,no_tumor,no_tumor,10884706482949546271,1118,train
/kaggle/input/datasets/sartajbhuvaji/brain-tumor-classification-mri/Training/no_tumor/image (29).jpg,image (29).jpg,Training,no_tumor,no_tumor,10554865935355945359,1119,train
/kaggle/input/datasets/sartajbhuvaji/brain-tumor-classification-mri/Training/no_tumor/image (30).jpg,image (30).jpg,Training,no_tumor,no_tumor,10843096311507657103,1119,train
/kaggle/input/datasets/sartajbhuvaji/brain-tumor-classification-mri/Training/no_tumor/image (31).jpg,image (31).jpg,Training,no_tumor,no_tumor,10824518739723105507,1102,train
/kaggle/input/datasets/sartajbhuvaji/brain-tumor-classification-mri/Training/no_tumor/image (32).jpg,image (32).jpg,Training,no_tumor,no_tumor,13848018468025410096,1120,train
/kaggle/input/datasets/sartajbhuvaji/brain-tumor-classification-mri/Training/no_tumor/image (33).jpg,image (33).jpg,Training,no_tumor,no_tumor,15012761088184102167,1121,train
/kaggle/input/datasets/sartajbhuvaji/brain-tumor-classification-mri/Training/no_tumor/image (34).jpg,image (34).jpg,Training,no_tumor,no_tumor,13857043590194149984,1122,test
/kaggle/input/datasets/sartajbhuvaji/brain-tumor-classification-mri/Training/no_tumor/image (35).jpg,image (35).jpg,Training,no_tumor,no_tumor,13856221133711633560,1123,train
/kaggle/input/datasets/sartajbhuvaji/brain-tumor-classification-mri/Training/no_tumor/image (36).jpg,image (36).jpg,Training,no_tumor,no_tumor,9626016052850353256,1124,train
/kaggle/input/datasets/sartajbhuvaji/brain-tumor-classification-mri/Training/no_tumor/image (37).jpg,image (37).jpg,Training,no_tumor,no_tumor,9685616214814321031,1125,train
/kaggle/input/datasets/sartajbhuvaji/brain-tumor-classification-mri/Training/no_tumor/image (38).jpg,image (38).jpg,Training,no_tumor,no_tumor,13991887120644451936,1126,test
/kaggle/input/datasets/sartajbhuvaji/brain-tumor-classification-mri/Training/no_tumor/image (39).jpg,image (39).jpg,Training,no_tumor,no_tumor,13995619606046322830,1127,train
/kaggle/input/datasets/sartajbhuvaji/brain-tumor-classification-mri/Training/no_tumor/image (4).jpg,image (4).jpg,Training,no_tumor,no_tumor,9698071172866193000,1128,val
/kaggle/input/datasets/sartajbhuvaji/brain-tumor-classification-mri/Training/no_tumor/image (40).jpg,image (40).jpg,Training,no_tumor,no_tumor,10486419356570118488,1129,train
/kaggle/input/datasets/sartajbhuvaji/brain-tumor-classification-mri/Training/no_tumor/image (41).jpg,image (41).jpg,Training,no_tumor,no_tumor,13849183537747522255,1130,train
/kaggle/input/datasets/sartajbhuvaji/brain-tumor-classification-mri/Training/no_tumor/image (42).jpg,image (42).jpg,Training,no_tumor,no_tumor,13996357717769570691,1131,cal
/kaggle/input/datasets/sartajbhuvaji/brain-tumor-classification-mri/Training/no_tumor/image (43).jpg,image (43).jpg,Training,no_tumor,no_tumor,14937099230625542969,585,train
/kaggle/input/datasets/sartajbhuvaji/brain-tumor-classification-mri/Training/no_tumor/image (44).jpg,image (44).jpg,Training,no_tumor,no_tumor,14076286680634707917,1132,train
/kaggle/input/datasets/sartajbhuvaji/brain-tumor-classification-mri/Training/no_tumor/image (45).jpg,image (45).jpg,Training,no_tumor,no_tumor,10487839383673318602,1133,train
/kaggle/input/datasets/sartajbhuvaji/brain-tumor-classification-mri/Training/no_tumor/image (46).jpg,image (46).jpg,Training,no_tumor,no_tumor,14072126777844579424,1134,train
/kaggle/input/datasets/sartajbhuvaji/brain-tumor-classification-mri/Training/no_tumor/image (47).jpg,image (47).jpg,Training,no_tumor,no_tumor,10550926990935631003,1135,test
/kaggle/input/datasets/sartajbhuvaji/brain-tumor-classification-mri/Training/no_tumor/image (48).jpg,image (48).jpg,Training,no_tumor,no_tumor,15186786913809426785,1136,train
/kaggle/input/datasets/sartajbhuvaji/brain-tumor-classification-mri/Training/no_tumor/image (49).jpg,image (49).jpg,Training,no_tumor,no_tumor,9383370654856130715,1137,train
/kaggle/input/datasets/sartajbhuvaji/brain-tumor-classification-mri/Training/no_tumor/image (5).jpg,image (5).jpg,Training,no_tumor,no_tumor,10451586076454168449,1138,train
/kaggle/input/datasets/sartajbhuvaji/brain-tumor-classification-mri/Training/no_tumor/image (50).jpg,image (50).jpg,Training,no_tumor,no_tumor,10622934423906035401,1139,train
/kaggle/input/datasets/sartajbhuvaji/brain-tumor-classification-mri/Training/no_tumor/image (51).jpg,image (51).jpg,Training,no_tumor,no_tumor,10825642791854913432,1140,train
/kaggle/input/datasets/sartajbhuvaji/brain-tumor-classification-mri/Training/no_tumor/image (52).jpg,image (52).jpg,Training,no_tumor,no_tumor,10550079696762737260,575,train
/kaggle/input/datasets/sartajbhuvaji/brain-tumor-classification-mri/Training/no_tumor/image (53).jpg,image (53).jpg,Training,no_tumor,no_tumor,14000897068497056377,1141,train
/kaggle/input/datasets/sartajbhuvaji/brain-tumor-classification-mri/Training/no_tumor/image (54).jpg,image (54).jpg,Training,no_tumor,no_tumor,10512562139410339998,1142,train
/kaggle/input/datasets/sartajbhuvaji/brain-tumor-classification-mri/Training/no_tumor/image (55).jpg,image (55).jpg,Training,no_tumor,no_tumor,15371351132985171557,1143,train
/kaggle/input/datasets/sartajbhuvaji/brain-tumor-classification-mri/Training/no_tumor/image (56).jpg,image (56).jpg,Training,no_tumor,no_tumor,9600119839599845662,1144,train
/kaggle/input/datasets/sartajbhuvaji/brain-tumor-classification-mri/Training/no_tumor/image (57).jpg,image (57).jpg,Training,no_tumor,no_tumor,13986789973729423567,1145,train
/kaggle/input/datasets/sartajbhuvaji/brain-tumor-classification-mri/Training/no_tumor/image (58).jpg,image (58).jpg,Training,no_tumor,no_tumor,10558777405385959652,1146,train
/kaggle/input/datasets/sartajbhuvaji/brain-tumor-classification-mri/Training/no_tumor/image (59).jpg,image (59).jpg,Training,no_tumor,no_tumor,9303959883066977396,1147,val
/kaggle/input/datasets/sartajbhuvaji/brain-tumor-classification-mri/Training/no_tumor/image (6).jpg,image (6).jpg,Training,no_tumor,no_tumor,10469248905255086132,1148,test
/kaggle/input/datasets/sartajbhuvaji/brain-tumor-classification-mri/Training/no_tumor/image (60).jpg,image (60).jpg,Training,no_tumor,no_tumor,10677817427172811075,1149,train
/kaggle/input/datasets/sartajbhuvaji/brain-tumor-classification-mri/Training/no_tumor/image (61).jpg,image (61).jpg,Training,no_tumor,no_tumor,10752466574503262616,1150,train
/kaggle/input/datasets/sartajbhuvaji/brain-tumor-classification-mri/Training/no_tumor/image (62).jpg,image (62).jpg,Training,no_tumor,no_tumor,14284905513338221001,1151,train
/kaggle/input/datasets/sartajbhuvaji/brain-tumor-classification-mri/Training/no_tumor/image (63).jpg,image (63).jpg,Training,no_tumor,no_tumor,14082221815635655827,1152,test
/kaggle/input/datasets/sartajbhuvaji/brain-tumor-classification-mri/Training/no_tumor/image (64).jpg,image (64).jpg,Training,no_tumor,no_tumor,10622421629651543089,1153,train
/kaggle/input/datasets/sartajbhuvaji/brain-tumor-classification-mri/Training/no_tumor/image (7).jpg,image (7).jpg,Training,no_tumor,no_tumor,14081133774952450861,1154,train
/kaggle/input/datasets/sartajbhuvaji/brain-tumor-classification-mri/Training/no_tumor/image (8).jpg,image (8).jpg,Training,no_tumor,no_tumor,9460721620852513491,1155,train
/kaggle/input/datasets/sartajbhuvaji/brain-tumor-classification-mri/Training/no_tumor/image (9).jpg,image (9).jpg,Training,no_tumor,no_tumor,10838258197473863618,1156,train
/kaggle/input/datasets/sartajbhuvaji/brain-tumor-classification-mri/Training/no_tumor/image(1).jpg,image(1).jpg,Training,no_tumor,no_tumor,9244306349193830684,1157,train
/kaggle/input/datasets/sartajbhuvaji/brain-tumor-classification-mri/Training/no_tumor/image(10).jpg,image(10).jpg,Training,no_tumor,no_tumor,13982902445016365211,1158,train
/kaggle/input/datasets/sartajbhuvaji/brain-tumor-classification-mri/Training/no_tumor/image(100).jpg,image(100).jpg,Training,no_tumor,no_tumor,10703744700678290712,1159,cal
/kaggle/input/datasets/sartajbhuvaji/brain-tumor-classification-mri/Training/no_tumor/image(101).jpg,image(101).jpg,Training,no_tumor,no_tumor,10780912103198843171,1160,test
/kaggle/input/datasets/sartajbhuvaji/brain-tumor-classification-mri/Training/no_tumor/image(102).jpg,image(102).jpg,Training,no_tumor,no_tumor,10761973883241329441,1161,val
/kaggle/input/datasets/sartajbhuvaji/brain-tumor-classification-mri/Training/no_tumor/image(103).jpg,image(103).jpg,Training,no_tumor,no_tumor,14076286680634707917,1132,train
/kaggle/input/datasets/sartajbhuvaji/brain-tumor-classification-mri/Training/no_tumor/image(104).jpg,image(104).jpg,Training,no_tumor,no_tumor,10667695963487112538,1162,train
/kaggle/input/datasets/sartajbhuvaji/brain-tumor-classification-mri/Training/no_tumor/image(105).jpg,image(105).jpg,Training,no_tumor,no_tumor,12778415033443232502,1163,train
/kaggle/input/datasets/sartajbhuvaji/brain-tumor-classification-mri/Training/no_tumor/image(106).jpg,image(106).jpg,Training,no_tumor,no_tumor,10780912103198843171,1160,test
/kaggle/input/datasets/sartajbhuvaji/brain-tumor-classification-mri/Training/no_tumor/image(107).jpg,image(107).jpg,Training,no_tumor,no_tumor,10761973883241329441,1161,val
/kaggle/input/datasets/sartajbhuvaji/brain-tumor-classification-mri/Training/no_tumor/image(108).jpg,image(108).jpg,Training,no_tumor,no_tumor,14076286680634707917,1132,train
/kaggle/input/datasets/sartajbhuvaji/brain-tumor-classification-mri/Training/no_tumor/image(11).jpg,image(11).jpg,Training,no_tumor,no_tumor,15371351137280138789,1143,train
/kaggle/input/datasets/sartajbhuvaji/brain-tumor-classification-mri/Training/no_tumor/image(110).jpg,image(110).jpg,Training,no_tumor,no_tumor,12778415033443232502,1163,train
/kaggle/input/datasets/sartajbhuvaji/brain-tumor-classification-mri/Training/no_tumor/image(111).jpg,image(111).jpg,Training,no_tumor,no_tumor,15327445554662566249,1164,train
/kaggle/input/datasets/sartajbhuvaji/brain-tumor-classification-mri/Training/no_tumor/image(112).jpg,image(112).jpg,Training,no_tumor,no_tumor,10757432896231578330,1165,cal
/kaggle/input/datasets/sartajbhuvaji/brain-tumor-classification-mri/Training/no_tumor/image(113).jpg,image(113).jpg,Training,no_tumor,no_tumor,10744004526360766738,1166,train
/kaggle/input/datasets/sartajbhuvaji/brain-tumor-classification-mri/Training/no_tumor/image(114).jpg,image(114).jpg,Training,no_tumor,no_tumor,10797976288521123872,1167,val
/kaggle/input/datasets/sartajbhuvaji/brain-tumor-classification-mri/Training/no_tumor/image(115).jpg,image(115).jpg,Training,no_tumor,no_tumor,9303108025420524600,1168,train
/kaggle/input/datasets/sartajbhuvaji/brain-tumor-classification-mri/Training/no_tumor/image(116).jpg,image(116).jpg,Training,no_tumor,no_tumor,12593156410584061929,1169,train
/kaggle/input/datasets/sartajbhuvaji/brain-tumor-classification-mri/Training/no_tumor/image(117).jpg,image(117).jpg,Training,no_tumor,no_tumor,10780049834032522266,1170,val
/kaggle/input/datasets/sartajbhuvaji/brain-tumor-classification-mri/Training/no_tumor/image(118).jpg,image(118).jpg,Training,no_tumor,no_tumor,13855939058821315120,1171,train
/kaggle/input/datasets/sartajbhuvaji/brain-tumor-classification-mri/Training/no_tumor/image(119).jpg,image(119).jpg,Training,no_tumor,no_tumor,10739764018698711306,1172,test
/kaggle/input/datasets/sartajbhuvaji/brain-tumor-classification-mri/Training/no_tumor/image(12).jpg,image(12).jpg,Training,no_tumor,no_tumor,10682109920677275026,1173,train
/kaggle/input/datasets/sartajbhuvaji/brain-tumor-classification-mri/Training/no_tumor/image(120).jpg,image(120).jpg,Training,no_tumor,no_tumor,15062875514380671898,1174,train
/kaggle/input/datasets/sartajbhuvaji/brain-tumor-classification-mri/Training/no_tumor/image(121).jpg,image(121).jpg,Training,no_tumor,no_tumor,15339826644246947900,1175,train
/kaggle/input/datasets/sartajbhuvaji/brain-tumor-classification-mri/Training/no_tumor/image(122).jpg,image(122).jpg,Training,no_tumor,no_tumor,10748819561966238468,1176,train
/kaggle/input/datasets/sartajbhuvaji/brain-tumor-classification-mri/Training/no_tumor/image(123).jpg,image(123).jpg,Training,no_tumor,no_tumor,9322218604965926793,1177,cal
/kaggle/input/datasets/sartajbhuvaji/brain-tumor-classification-mri/Training/no_tumor/image(124).jpg,image(124).jpg,Training,no_tumor,no_tumor,15089885514746834100,1178,cal
/kaggle/input/datasets/sartajbhuvaji/brain-tumor-classification-mri/Training/no_tumor/image(125).jpg,image(125).jpg,Training,no_tumor,no_tumor,13848058613082501321,1179,train
/kaggle/input/datasets/sartajbhuvaji/brain-tumor-classification-mri/Training/no_tumor/image(126).jpg,image(126).jpg,Training,no_tumor,no_tumor,15297389353564430646,1180,cal
/kaggle/input/datasets/sartajbhuvaji/brain-tumor-classification-mri/Training/no_tumor/image(127).jpg,image(127).jpg,Training,no_tumor,no_tumor,10739711241619269656,1181,train
/kaggle/input/datasets/sartajbhuvaji/brain-tumor-classification-mri/Training/no_tumor/image(128).jpg,image(128).jpg,Training,no_tumor,no_tumor,10910947173937374616,1111,cal
/kaggle/input/datasets/sartajbhuvaji/brain-tumor-classification-mri/Training/no_tumor/image(129).jpg,image(129).jpg,Training,no_tumor,no_tumor,9300230366732249449,1182,train
/kaggle/input/datasets/sartajbhuvaji/brain-tumor-classification-mri/Training/no_tumor/image(13).jpg,image(13).jpg,Training,no_tumor,no_tumor,10757444390080569756,1183,train
/kaggle/input/datasets/sartajbhuvaji/brain-tumor-classification-mri/Training/no_tumor/image(130).jpg,image(130).jpg,Training,no_tumor,no_tumor,15067719313088122848,1184,train
/kaggle/input/datasets/sartajbhuvaji/brain-tumor-classification-mri/Training/no_tumor/image(131).jpg,image(131).jpg,Training,no_tumor,no_tumor,14785375589649707980,1185,train
/kaggle/input/datasets/sartajbhuvaji/brain-tumor-classification-mri/Training/no_tumor/image(132).jpg,image(132).jpg,Training,no_tumor,no_tumor,11140054121213355321,1186,train
/kaggle/input/datasets/sartajbhuvaji/brain-tumor-classification-mri/Training/no_tumor/image(133).jpg,image(133).jpg,Training,no_tumor,no_tumor,10691662722780980810,1187,test
/kaggle/input/datasets/sartajbhuvaji/brain-tumor-classification-mri/Training/no_tumor/image(134).jpg,image(134).jpg,Training,no_tumor,no_tumor,10778607561427526776,1188,train
/kaggle/input/datasets/sartajbhuvaji/brain-tumor-classification-mri/Training/no_tumor/image(135).jpg,image(135).jpg,Training,no_tumor,no_tumor,10910102199639458514,1189,test
/kaggle/input/datasets/sartajbhuvaji/brain-tumor-classification-mri/Training/no_tumor/image(136).jpg,image(136).jpg,Training,no_tumor,no_tumor,9757679856129632450,1190,train
/kaggle/input/datasets/sartajbhuvaji/brain-tumor-classification-mri/Training/no_tumor/image(137).jpg,image(137).jpg,Training,no_tumor,no_tumor,10908398247608672962,1191,train
/kaggle/input/datasets/sartajbhuvaji/brain-tumor-classification-mri/Training/no_tumor/image(138).jpg,image(138).jpg,Training,no_tumor,no_tumor,10694481371279340174,1192,train
/kaggle/input/datasets/sartajbhuvaji/brain-tumor-classification-mri/Training/no_tumor/image(139).jpg,image(139).jpg,Training,no_tumor,no_tumor,9253243213251242136,1193,train
/kaggle/input/datasets/sartajbhuvaji/brain-tumor-classification-mri/Training/no_tumor/image(14).jpg,image(14).jpg,Training,no_tumor,no_tumor,10550926990935499931,1135,test
/kaggle/input/datasets/sartajbhuvaji/brain-tumor-classification-mri/Training/no_tumor/image(140).jpg,image(140).jpg,Training,no_tumor,no_tumor,10667688831969681432,1181,train
/kaggle/input/datasets/sartajbhuvaji/brain-tumor-classification-mri/Training/no_tumor/image(141).jpg,image(141).jpg,Training,no_tumor,no_tumor,10740898458085902618,1194,val
/kaggle/input/datasets/sartajbhuvaji/brain-tumor-classification-mri/Training/no_tumor/image(142).jpg,image(142).jpg,Training,no_tumor,no_tumor,10775827720914100537,1195,train
/kaggle/input/datasets/sartajbhuvaji/brain-tumor-classification-mri/Training/no_tumor/image(143).jpg,image(143).jpg,Training,no_tumor,no_tumor,14080836984288685251,1196,train
/kaggle/input/datasets/sartajbhuvaji/brain-tumor-classification-mri/Training/no_tumor/image(144).jpg,image(144).jpg,Training,no_tumor,no_tumor,10757488147222132808,1197,val
/kaggle/input/datasets/sartajbhuvaji/brain-tumor-classification-mri/Training/no_tumor/image(145).jpg,image(145).jpg,Training,no_tumor,no_tumor,14995630478162276377,1198,test
/kaggle/input/datasets/sartajbhuvaji/brain-tumor-classification-mri/Training/no_tumor/image(146).jpg,image(146).jpg,Training,no_tumor,no_tumor,13839345189355954542,1199,train
/kaggle/input/datasets/sartajbhuvaji/brain-tumor-classification-mri/Training/no_tumor/image(147).jpg,image(147).jpg,Training,no_tumor,no_tumor,10775265028946161088,1200,train
/kaggle/input/datasets/sartajbhuvaji/brain-tumor-classification-mri/Training/no_tumor/image(148).jpg,image(148).jpg,Training,no_tumor,no_tumor,14995630478162276377,1198,test
/kaggle/input/datasets/sartajbhuvaji/brain-tumor-classification-mri/Training/no_tumor/image(149).jpg,image(149).jpg,Training,no_tumor,no_tumor,10757488147222132808,1197,val
/kaggle/input/datasets/sartajbhuvaji/brain-tumor-classification-mri/Training/no_tumor/image(15).jpg,image(15).jpg,Training,no_tumor,no_tumor,9657439339364371097,1201,train
/kaggle/input/datasets/sartajbhuvaji/brain-tumor-classification-mri/Training/no_tumor/image(150).jpg,image(150).jpg,Training,no_tumor,no_tumor,13839345189355954542,1199,train
/kaggle/input/datasets/sartajbhuvaji/brain-tumor-classification-mri/Training/no_tumor/image(151).jpg,image(151).jpg,Training,no_tumor,no_tumor,9523783340671813658,1202,cal
/kaggle/input/datasets/sartajbhuvaji/brain-tumor-classification-mri/Training/no_tumor/image(152).jpg,image(152).jpg,Training,no_tumor,no_tumor,10380645636834879770,1194,val
/kaggle/input/datasets/sartajbhuvaji/brain-tumor-classification-mri/Training/no_tumor/image(153).jpg,image(153).jpg,Training,no_tumor,no_tumor,9621463933242394226,1203,test
/kaggle/input/datasets/sartajbhuvaji/brain-tumor-classification-mri/Training/no_tumor/image(154).jpg,image(154).jpg,Training,no_tumor,no_tumor,10744302764309225880,1204,cal
/kaggle/input/datasets/sartajbhuvaji/brain-tumor-classification-mri/Training/no_tumor/image(155).jpg,image(155).jpg,Training,no_tumor,no_tumor,10775827720914100537,1195,train
/kaggle/input/datasets/sartajbhuvaji/brain-tumor-classification-mri/Training/no_tumor/image(156).jpg,image(156).jpg,Training,no_tumor,no_tumor,14080836984288685251,1196,train
/kaggle/input/datasets/sartajbhuvaji/brain-tumor-classification-mri/Training/no_tumor/image(157).jpg,image(157).jpg,Training,no_tumor,no_tumor,10775827720914100537,1195,train
/kaggle/input/datasets/sartajbhuvaji/brain-tumor-classification-mri/Training/no_tumor/image(158).jpg,image(158).jpg,Training,no_tumor,no_tumor,10798029073139120280,1205,train
/kaggle/input/datasets/sartajbhuvaji/brain-tumor-classification-mri/Training/no_tumor/image(159).jpg,image(159).jpg,Training,no_tumor,no_tumor,9523818507864000538,1202,cal
/kaggle/input/datasets/sartajbhuvaji/brain-tumor-classification-mri/Training/no_tumor/image(16).jpg,image(16).jpg,Training,no_tumor,no_tumor,10535695653830472851,1206,val
/kaggle/input/datasets/sartajbhuvaji/brain-tumor-classification-mri/Training/no_tumor/image(160).jpg,image(160).jpg,Training,no_tumor,no_tumor,10757488147222132808,1197,val
/kaggle/input/datasets/sartajbhuvaji/brain-tumor-classification-mri/Training/no_tumor/image(161).jpg,image(161).jpg,Training,no_tumor,no_tumor,9621463933242394226,1203,test
/kaggle/input/datasets/sartajbhuvaji/brain-tumor-classification-mri/Training/no_tumor/image(162).jpg,image(162).jpg,Training,no_tumor,no_tumor,10764019306655017112,1207,test
/kaggle/input/datasets/sartajbhuvaji/brain-tumor-classification-mri/Training/no_tumor/image(163).jpg,image(163).jpg,Training,no_tumor,no_tumor,13849179139954838838,1208,train
/kaggle/input/datasets/sartajbhuvaji/brain-tumor-classification-mri/Training/no_tumor/image(164).jpg,image(164).jpg,Training,no_tumor,no_tumor,9249021135851448517,1209,cal
/kaggle/input/datasets/sartajbhuvaji/brain-tumor-classification-mri/Training/no_tumor/image(165).jpg,image(165).jpg,Training,no_tumor,no_tumor,10610038587087008924,1210,train
/kaggle/input/datasets/sartajbhuvaji/brain-tumor-classification-mri/Training/no_tumor/image(166).jpg,image(166).jpg,Training,no_tumor,no_tumor,9613596021350467990,1211,train
/kaggle/input/datasets/sartajbhuvaji/brain-tumor-classification-mri/Training/no_tumor/image(167).jpg,image(167).jpg,Training,no_tumor,no_tumor,9613596021350467990,1211,train
/kaggle/input/datasets/sartajbhuvaji/brain-tumor-classification-mri/Training/no_tumor/image(168).jpg,image(168).jpg,Training,no_tumor,no_tumor,14874326024515119001,1212,val
/kaggle/input/datasets/sartajbhuvaji/brain-tumor-classification-mri/Training/no_tumor/image(169).jpg,image(169).jpg,Training,no_tumor,no_tumor,10486384172466465112,1129,train
/kaggle/input/datasets/sartajbhuvaji/brain-tumor-classification-mri/Training/no_tumor/image(17).jpg,image(17).jpg,Training,no_tumor,no_tumor,15147978177894559891,1137,train
/kaggle/input/datasets/sartajbhuvaji/brain-tumor-classification-mri/Training/no_tumor/image(170).jpg,image(170).jpg,Training,no_tumor,no_tumor,14786497091511048140,1213,train
/kaggle/input/datasets/sartajbhuvaji/brain-tumor-classification-mri/Training/no_tumor/image(171).jpg,image(171).jpg,Training,no_tumor,no_tumor,10486384172466465112,1129,train
/kaggle/input/datasets/sartajbhuvaji/brain-tumor-classification-mri/Training/no_tumor/image(172).jpg,image(172).jpg,Training,no_tumor,no_tumor,9613596021350467990,1211,train
/kaggle/input/datasets/sartajbhuvaji/brain-tumor-classification-mri/Training/no_tumor/image(173).jpg,image(173).jpg,Training,no_tumor,no_tumor,9329890698144586277,1214,test
/kaggle/input/datasets/sartajbhuvaji/brain-tumor-classification-mri/Training/no_tumor/image(174).jpg,image(174).jpg,Training,no_tumor,no_tumor,10825643892218958798,1215,val
/kaggle/input/datasets/sartajbhuvaji/brain-tumor-classification-mri/Training/no_tumor/image(175).jpg,image(175).jpg,Training,no_tumor,no_tumor,9673303672884373793,1216,train
/kaggle/input/datasets/sartajbhuvaji/brain-tumor-classification-mri/Training/no_tumor/image(176).jpg,image(176).jpg,Training,no_tumor,no_tumor,13992453076960877722,1217,val
/kaggle/input/datasets/sartajbhuvaji/brain-tumor-classification-mri/Training/no_tumor/image(177).jpg,image(177).jpg,Training,no_tumor,no_tumor,14901053155086971700,1218,train
/kaggle/input/datasets/sartajbhuvaji/brain-tumor-classification-mri/Training/no_tumor/image(178).jpg,image(178).jpg,Training,no_tumor,no_tumor,15044673933706027884,1219,train
/kaggle/input/datasets/sartajbhuvaji/brain-tumor-classification-mri/Training/no_tumor/image(179).jpg,image(179).jpg,Training,no_tumor,no_tumor,10469210715674929205,1220,train
/kaggle/input/datasets/sartajbhuvaji/brain-tumor-classification-mri/Training/no_tumor/image(18).jpg,image(18).jpg,Training,no_tumor,no_tumor,9270481954098260258,1221,train
/kaggle/input/datasets/sartajbhuvaji/brain-tumor-classification-mri/Training/no_tumor/image(180).jpg,image(180).jpg,Training,no_tumor,no_tumor,11298526731453883186,1222,train
/kaggle/input/datasets/sartajbhuvaji/brain-tumor-classification-mri/Training/no_tumor/image(181).jpg,image(181).jpg,Training,no_tumor,no_tumor,10694481371279340174,1192,train
/kaggle/input/datasets/sartajbhuvaji/brain-tumor-classification-mri/Training/no_tumor/image(182).jpg,image(182).jpg,Training,no_tumor,no_tumor,9682276890347338053,1223,train
/kaggle/input/datasets/sartajbhuvaji/brain-tumor-classification-mri/Training/no_tumor/image(183).jpg,image(183).jpg,Training,no_tumor,no_tumor,10754168098809907236,1224,test
/kaggle/input/datasets/sartajbhuvaji/brain-tumor-classification-mri/Training/no_tumor/image(184).jpg,image(184).jpg,Training,no_tumor,no_tumor,10541600330890713645,1225,val
/kaggle/input/datasets/sartajbhuvaji/brain-tumor-classification-mri/Training/no_tumor/image(185).jpg,image(185).jpg,Training,no_tumor,no_tumor,14991194210507449328,1226,train
/kaggle/input/datasets/sartajbhuvaji/brain-tumor-classification-mri/Training/no_tumor/image(186).jpg,image(186).jpg,Training,no_tumor,no_tumor,9329890698144586277,1214,test
/kaggle/input/datasets/sartajbhuvaji/brain-tumor-classification-mri/Training/no_tumor/image(187).jpg,image(187).jpg,Training,no_tumor,no_tumor,14069013445992454604,1227,test
/kaggle/input/datasets/sartajbhuvaji/brain-tumor-classification-mri/Training/no_tumor/image(188).jpg,image(188).jpg,Training,no_tumor,no_tumor,14994206061934029121,1228,train
/kaggle/input/datasets/sartajbhuvaji/brain-tumor-classification-mri/Training/no_tumor/image(189).jpg,image(189).jpg,Training,no_tumor,no_tumor,14877968637614175286,1229,train
/kaggle/input/datasets/sartajbhuvaji/brain-tumor-classification-mri/Training/no_tumor/image(19).jpg,image(19).jpg,Training,no_tumor,no_tumor,14225480598794823717,1230,test
/kaggle/input/datasets/sartajbhuvaji/brain-tumor-classification-mri/Training/no_tumor/image(190).jpg,image(190).jpg,Training,no_tumor,no_tumor,15495242269043049276,1231,train
/kaggle/input/datasets/sartajbhuvaji/brain-tumor-classification-mri/Training/no_tumor/image(191).jpg,image(191).jpg,Training,no_tumor,no_tumor,14144165294340582674,1232,test
/kaggle/input/datasets/sartajbhuvaji/brain-tumor-classification-mri/Training/no_tumor/image(192).jpg,image(192).jpg,Training,no_tumor,no_tumor,9605714704545048868,1233,train
/kaggle/input/datasets/sartajbhuvaji/brain-tumor-classification-mri/Training/no_tumor/image(193).jpg,image(193).jpg,Training,no_tumor,no_tumor,10838047405643096370,1234,test
/kaggle/input/datasets/sartajbhuvaji/brain-tumor-classification-mri/Training/no_tumor/image(194).jpg,image(194).jpg,Training,no_tumor,no_tumor,10757505737797491356,1235,train
/kaggle/input/datasets/sartajbhuvaji/brain-tumor-classification-mri/Training/no_tumor/image(195).jpg,image(195).jpg,Training,no_tumor,no_tumor,10740879756221706800,1236,train
/kaggle/input/datasets/sartajbhuvaji/brain-tumor-classification-mri/Training/no_tumor/image(196).jpg,image(196).jpg,Training,no_tumor,no_tumor,10897154333353388326,1237,train
/kaggle/input/datasets/sartajbhuvaji/brain-tumor-classification-mri/Training/no_tumor/image(197).jpg,image(197).jpg,Training,no_tumor,no_tumor,11338491720768957491,1238,train
/kaggle/input/datasets/sartajbhuvaji/brain-tumor-classification-mri/Training/no_tumor/image(198).jpg,image(198).jpg,Training,no_tumor,no_tumor,10461428939040846228,1239,train
/kaggle/input/datasets/sartajbhuvaji/brain-tumor-classification-mri/Training/no_tumor/image(199).jpg,image(199).jpg,Training,no_tumor,no_tumor,10825643892218958798,1215,val
/kaggle/input/datasets/sartajbhuvaji/brain-tumor-classification-mri/Training/no_tumor/image(2).jpg,image(2).jpg,Training,no_tumor,no_tumor,9375980820876113099,1240,train
/kaggle/input/datasets/sartajbhuvaji/brain-tumor-classification-mri/Training/no_tumor/image(20).jpg,image(20).jpg,Training,no_tumor,no_tumor,13986789973729423567,1145,train
/kaggle/input/datasets/sartajbhuvaji/brain-tumor-classification-mri/Training/no_tumor/image(200).jpg,image(200).jpg,Training,no_tumor,no_tumor,10739711241619269656,1181,train
/kaggle/input/datasets/sartajbhuvaji/brain-tumor-classification-mri/Training/no_tumor/image(201).jpg,image(201).jpg,Training,no_tumor,no_tumor,10486384172466465112,1129,train
/kaggle/input/datasets/sartajbhuvaji/brain-tumor-classification-mri/Training/no_tumor/image(202).jpg,image(202).jpg,Training,no_tumor,no_tumor,10824518671070737635,1102,train
/kaggle/input/datasets/sartajbhuvaji/brain-tumor-classification-mri/Training/no_tumor/image(203).jpg,image(203).jpg,Training,no_tumor,no_tumor,10757549444957548804,1241,train
/kaggle/input/datasets/sartajbhuvaji/brain-tumor-classification-mri/Training/no_tumor/image(204).jpg,image(204).jpg,Training,no_tumor,no_tumor,9757679856129632450,1190,train
/kaggle/input/datasets/sartajbhuvaji/brain-tumor-classification-mri/Training/no_tumor/image(205).jpg,image(205).jpg,Training,no_tumor,no_tumor,9599544838035877996,1242,train
/kaggle/input/datasets/sartajbhuvaji/brain-tumor-classification-mri/Training/no_tumor/image(206).jpg,image(206).jpg,Training,no_tumor,no_tumor,9757679856129632450,1190,train
/kaggle/input/datasets/sartajbhuvaji/brain-tumor-classification-mri/Training/no_tumor/image(207).jpg,image(207).jpg,Training,no_tumor,no_tumor,10537660587625570313,1243,train
/kaggle/input/datasets/sartajbhuvaji/brain-tumor-classification-mri/Training/no_tumor/image(208).jpg,image(208).jpg,Training,no_tumor,no_tumor,10740879756221706800,1236,train
/kaggle/input/datasets/sartajbhuvaji/brain-tumor-classification-mri/Training/no_tumor/image(209).jpg,image(209).jpg,Training,no_tumor,no_tumor,15082003924924772196,1244,train
/kaggle/input/datasets/sartajbhuvaji/brain-tumor-classification-mri/Training/no_tumor/image(21).jpg,image(21).jpg,Training,no_tumor,no_tumor,15004634864007789762,1245,train
/kaggle/input/datasets/sartajbhuvaji/brain-tumor-classification-mri/Training/no_tumor/image(210).jpg,image(210).jpg,Training,no_tumor,no_tumor,13995569024063321239,1246,test
/kaggle/input/datasets/sartajbhuvaji/brain-tumor-classification-mri/Training/no_tumor/image(211).jpg,image(211).jpg,Training,no_tumor,no_tumor,10683462036541217896,1247,train
/kaggle/input/datasets/sartajbhuvaji/brain-tumor-classification-mri/Training/no_tumor/image(212).jpg,image(212).jpg,Training,no_tumor,no_tumor,11113025041619887820,1248,train
/kaggle/input/datasets/sartajbhuvaji/brain-tumor-classification-mri/Training/no_tumor/image(213).jpg,image(213).jpg,Training,no_tumor,no_tumor,10392737585785091148,1108,train
/kaggle/input/datasets/sartajbhuvaji/brain-tumor-classification-mri/Training/no_tumor/image(214).jpg,image(214).jpg,Training,no_tumor,no_tumor,10838258197473601223,1156,train
/kaggle/input/datasets/sartajbhuvaji/brain-tumor-classification-mri/Training/no_tumor/image(215).jpg,image(215).jpg,Training,no_tumor,no_tumor,13983465395178332457,1107,train
/kaggle/input/datasets/sartajbhuvaji/brain-tumor-classification-mri/Training/no_tumor/image(216).jpg,image(216).jpg,Training,no_tumor,no_tumor,10577051348462888342,1249,train
/kaggle/input/datasets/sartajbhuvaji/brain-tumor-classification-mri/Training/no_tumor/image(217).jpg,image(217).jpg,Training,no_tumor,no_tumor,9613596021350467990,1211,train
/kaggle/input/datasets/sartajbhuvaji/brain-tumor-classification-mri/Training/no_tumor/image(218).jpg,image(218).jpg,Training,no_tumor,no_tumor,11113025041619887820,1248,train
/kaggle/input/datasets/sartajbhuvaji/brain-tumor-classification-mri/Training/no_tumor/image(219).jpg,image(219).jpg,Training,no_tumor,no_tumor,10739754969218836792,1250,train
/kaggle/input/datasets/sartajbhuvaji/brain-tumor-classification-mri/Training/no_tumor/image(22).jpg,image(22).jpg,Training,no_tumor,no_tumor,10622984584973427867,1135,test
/kaggle/input/datasets/sartajbhuvaji/brain-tumor-classification-mri/Training/no_tumor/image(220).jpg,image(220).jpg,Training,no_tumor,no_tumor,10780015748635714586,1170,val
/kaggle/input/datasets/sartajbhuvaji/brain-tumor-classification-mri/Training/no_tumor/image(221).jpg,image(221).jpg,Training,no_tumor,no_tumor,13843554394955264201,1251,test
/kaggle/input/datasets/sartajbhuvaji/brain-tumor-classification-mri/Training/no_tumor/image(222).jpg,image(222).jpg,Training,no_tumor,no_tumor,9664261790652326339,1252,val
/kaggle/input/datasets/sartajbhuvaji/brain-tumor-classification-mri/Training/no_tumor/image(223).jpg,image(223).jpg,Training,no_tumor,no_tumor,10910929649400166089,1253,val
/kaggle/input/datasets/sartajbhuvaji/brain-tumor-classification-mri/Training/no_tumor/image(224).jpg,image(224).jpg,Training,no_tumor,no_tumor,14308846283808995721,1254,train
/kaggle/input/datasets/sartajbhuvaji/brain-tumor-classification-mri/Training/no_tumor/image(225).jpg,image(225).jpg,Training,no_tumor,no_tumor,9610222182762621220,1255,train
/kaggle/input/datasets/sartajbhuvaji/brain-tumor-classification-mri/Training/no_tumor/image(226).jpg,image(226).jpg,Training,no_tumor,no_tumor,15234884530467120944,1256,val
/kaggle/input/datasets/sartajbhuvaji/brain-tumor-classification-mri/Training/no_tumor/image(227).jpg,image(227).jpg,Training,no_tumor,no_tumor,13843796699612393764,1257,train
/kaggle/input/datasets/sartajbhuvaji/brain-tumor-classification-mri/Training/no_tumor/image(228).jpg,image(228).jpg,Training,no_tumor,no_tumor,9591294334909836492,1258,train
/kaggle/input/datasets/sartajbhuvaji/brain-tumor-classification-mri/Training/no_tumor/image(229).jpg,image(229).jpg,Training,no_tumor,no_tumor,15001220944866851264,1259,train
/kaggle/input/datasets/sartajbhuvaji/brain-tumor-classification-mri/Training/no_tumor/image(23).jpg,image(23).jpg,Training,no_tumor,no_tumor,10824518137572372635,1137,train
/kaggle/input/datasets/sartajbhuvaji/brain-tumor-classification-mri/Training/no_tumor/image(230).jpg,image(230).jpg,Training,no_tumor,no_tumor,13843515224914865452,1260,train
/kaggle/input/datasets/sartajbhuvaji/brain-tumor-classification-mri/Training/no_tumor/image(231).jpg,image(231).jpg,Training,no_tumor,no_tumor,9245977632720370310,1261,train
/kaggle/input/datasets/sartajbhuvaji/brain-tumor-classification-mri/Training/no_tumor/image(232).jpg,image(232).jpg,Training,no_tumor,no_tumor,9244284375151225878,1262,train
/kaggle/input/datasets/sartajbhuvaji/brain-tumor-classification-mri/Training/no_tumor/image(233).jpg,image(233).jpg,Training,no_tumor,no_tumor,14199614588292985640,1263,val
/kaggle/input/datasets/sartajbhuvaji/brain-tumor-classification-mri/Training/no_tumor/image(234).jpg,image(234).jpg,Training,no_tumor,no_tumor,14066497386228987209,1264,train
/kaggle/input/datasets/sartajbhuvaji/brain-tumor-classification-mri/Training/no_tumor/image(235).jpg,image(235).jpg,Training,no_tumor,no_tumor,10683462036541217896,1247,train
/kaggle/input/datasets/sartajbhuvaji/brain-tumor-classification-mri/Training/no_tumor/image(236).jpg,image(236).jpg,Training,no_tumor,no_tumor,15349686992794315616,1265,cal
/kaggle/input/datasets/sartajbhuvaji/brain-tumor-classification-mri/Training/no_tumor/image(237).jpg,image(237).jpg,Training,no_tumor,no_tumor,10478204685351282841,1193,train
/kaggle/input/datasets/sartajbhuvaji/brain-tumor-classification-mri/Training/no_tumor/image(238).jpg,image(238).jpg,Training,no_tumor,no_tumor,10486384172466465112,1129,train
/kaggle/input/datasets/sartajbhuvaji/brain-tumor-classification-mri/Training/no_tumor/image(239).jpg,image(239).jpg,Training,no_tumor,no_tumor,9249021135851448517,1209,cal
/kaggle/input/datasets/sartajbhuvaji/brain-tumor-classification-mri/Training/no_tumor/image(24).jpg,image(24).jpg,Training,no_tumor,no_tumor,9600119839599845662,1144,train
/kaggle/input/datasets/sartajbhuvaji/brain-tumor-classification-mri/Training/no_tumor/image(240).jpg,image(240).jpg,Training,no_tumor,no_tumor,13923774282298897540,1266,train
/kaggle/input/datasets/sartajbhuvaji/brain-tumor-classification-mri/Training/no_tumor/image(241).jpg,image(241).jpg,Training,no_tumor,no_tumor,14289408787488060462,1267,train
/kaggle/input/datasets/sartajbhuvaji/brain-tumor-classification-mri/Training/no_tumor/image(242).jpg,image(242).jpg,Training,no_tumor,no_tumor,15278536189335385909,1268,val
/kaggle/input/datasets/sartajbhuvaji/brain-tumor-classification-mri/Training/no_tumor/image(243).jpg,image(243).jpg,Training,no_tumor,no_tumor,10838537736198502854,1269,train
/kaggle/input/datasets/sartajbhuvaji/brain-tumor-classification-mri/Training/no_tumor/image(244).jpg,image(244).jpg,Training,no_tumor,no_tumor,10392737585785091148,1108,train
/kaggle/input/datasets/sartajbhuvaji/brain-tumor-classification-mri/Training/no_tumor/image(245).jpg,image(245).jpg,Training,no_tumor,no_tumor,15008856697918993555,1270,val
/kaggle/input/datasets/sartajbhuvaji/brain-tumor-classification-mri/Training/no_tumor/image(246).jpg,image(246).jpg,Training,no_tumor,no_tumor,14001479792614072617,1107,train
/kaggle/input/datasets/sartajbhuvaji/brain-tumor-classification-mri/Training/no_tumor/image(247).jpg,image(247).jpg,Training,no_tumor,no_tumor,10739764001518283120,1271,train
/kaggle/input/datasets/sartajbhuvaji/brain-tumor-classification-mri/Training/no_tumor/image(248).jpg,image(248).jpg,Training,no_tumor,no_tumor,10692125152019576982,1272,train
/kaggle/input/datasets/sartajbhuvaji/brain-tumor-classification-mri/Training/no_tumor/image(249).jpg,image(249).jpg,Training,no_tumor,no_tumor,15116912199334979940,1273,train
/kaggle/input/datasets/sartajbhuvaji/brain-tumor-classification-mri/Training/no_tumor/image(25).jpg,image(25).jpg,Training,no_tumor,no_tumor,15004634864007789762,1245,train
/kaggle/input/datasets/sartajbhuvaji/brain-tumor-classification-mri/Training/no_tumor/image(250).jpg,image(250).jpg,Training,no_tumor,no_tumor,14139948112122491083,1274,train
/kaggle/input/datasets/sartajbhuvaji/brain-tumor-classification-mri/Training/no_tumor/image(251).jpg,image(251).jpg,Training,no_tumor,no_tumor,14901053155086971700,1218,train
/kaggle/input/datasets/sartajbhuvaji/brain-tumor-classification-mri/Training/no_tumor/image(252).jpg,image(252).jpg,Training,no_tumor,no_tumor,14859976366913042074,1275,val
/kaggle/input/datasets/sartajbhuvaji/brain-tumor-classification-mri/Training/no_tumor/image(253).jpg,image(253).jpg,Training,no_tumor,no_tumor,15116912199334979940,1273,train
/kaggle/input/datasets/sartajbhuvaji/brain-tumor-classification-mri/Training/no_tumor/image(254).jpg,image(254).jpg,Training,no_tumor,no_tumor,9330906920765137175,1276,train
/kaggle/input/datasets/sartajbhuvaji/brain-tumor-classification-mri/Training/no_tumor/image(255).jpg,image(255).jpg,Training,no_tumor,no_tumor,10479413057756146820,1277,train
/kaggle/input/datasets/sartajbhuvaji/brain-tumor-classification-mri/Training/no_tumor/image(256).jpg,image(256).jpg,Training,no_tumor,no_tumor,9329890698144586277,1214,test
/kaggle/input/datasets/sartajbhuvaji/brain-tumor-classification-mri/Training/no_tumor/image(257).jpg,image(257).jpg,Training,no_tumor,no_tumor,13994987717621362718,1116,train
/kaggle/input/datasets/sartajbhuvaji/brain-tumor-classification-mri/Training/no_tumor/image(258).jpg,image(258).jpg,Training,no_tumor,no_tumor,10776333712082614331,1278,train
/kaggle/input/datasets/sartajbhuvaji/brain-tumor-classification-mri/Training/no_tumor/image(259).jpg,image(259).jpg,Training,no_tumor,no_tumor,10852102686012679524,1279,test
/kaggle/input/datasets/sartajbhuvaji/brain-tumor-classification-mri/Training/no_tumor/image(26).jpg,image(26).jpg,Training,no_tumor,no_tumor,9241984206673111196,1280,train
/kaggle/input/datasets/sartajbhuvaji/brain-tumor-classification-mri/Training/no_tumor/image(260).jpg,image(260).jpg,Training,no_tumor,no_tumor,9691317250111400325,1281,train
/kaggle/input/datasets/sartajbhuvaji/brain-tumor-classification-mri/Training/no_tumor/image(261).jpg,image(261).jpg,Training,no_tumor,no_tumor,9596144894579538312,1282,val
/kaggle/input/datasets/sartajbhuvaji/brain-tumor-classification-mri/Training/no_tumor/image(262).jpg,image(262).jpg,Training,no_tumor,no_tumor,10781435986123516363,1283,train
/kaggle/input/datasets/sartajbhuvaji/brain-tumor-classification-mri/Training/no_tumor/image(263).jpg,image(263).jpg,Training,no_tumor,no_tumor,15229497877005892407,1284,train
/kaggle/input/datasets/sartajbhuvaji/brain-tumor-classification-mri/Training/no_tumor/image(264).jpg,image(264).jpg,Training,no_tumor,no_tumor,9315448338136770708,1285,train
/kaggle/input/datasets/sartajbhuvaji/brain-tumor-classification-mri/Training/no_tumor/image(265).jpg,image(265).jpg,Training,no_tumor,no_tumor,10239840215127306630,1286,train
/kaggle/input/datasets/sartajbhuvaji/brain-tumor-classification-mri/Training/no_tumor/image(266).jpg,image(266).jpg,Training,no_tumor,no_tumor,14644629433995965401,1287,train
/kaggle/input/datasets/sartajbhuvaji/brain-tumor-classification-mri/Training/no_tumor/image(267).jpg,image(267).jpg,Training,no_tumor,no_tumor,14829296101254897456,1288,train
/kaggle/input/datasets/sartajbhuvaji/brain-tumor-classification-mri/Training/no_tumor/image(268).jpg,image(268).jpg,Training,no_tumor,no_tumor,10766794035681308054,1289,train
/kaggle/input/datasets/sartajbhuvaji/brain-tumor-classification-mri/Training/no_tumor/image(269).jpg,image(269).jpg,Training,no_tumor,no_tumor,10550027564443526180,1290,train
/kaggle/input/datasets/sartajbhuvaji/brain-tumor-classification-mri/Training/no_tumor/image(27).jpg,image(27).jpg,Training,no_tumor,no_tumor,10535695653830472851,1206,val
/kaggle/input/datasets/sartajbhuvaji/brain-tumor-classification-mri/Training/no_tumor/image(270).jpg,image(270).jpg,Training,no_tumor,no_tumor,10570809759190168587,1291,cal
/kaggle/input/datasets/sartajbhuvaji/brain-tumor-classification-mri/Training/no_tumor/image(271).jpg,image(271).jpg,Training,no_tumor,no_tumor,13848075621029142756,1292,cal
/kaggle/input/datasets/sartajbhuvaji/brain-tumor-classification-mri/Training/no_tumor/image(272).jpg,image(272).jpg,Training,no_tumor,no_tumor,10749664469380637095,1293,val
/kaggle/input/datasets/sartajbhuvaji/brain-tumor-classification-mri/Training/no_tumor/image(273).jpg,image(273).jpg,Training,no_tumor,no_tumor,13837129997272884120,1294,val
/kaggle/input/datasets/sartajbhuvaji/brain-tumor-classification-mri/Training/no_tumor/image(274).jpg,image(274).jpg,Training,no_tumor,no_tumor,10694103426495048135,1295,train
/kaggle/input/datasets/sartajbhuvaji/brain-tumor-classification-mri/Training/no_tumor/image(275).jpg,image(275).jpg,Training,no_tumor,no_tumor,10757532105400560738,1296,train
/kaggle/input/datasets/sartajbhuvaji/brain-tumor-classification-mri/Training/no_tumor/image(276).jpg,image(276).jpg,Training,no_tumor,no_tumor,10397240429506376740,1297,cal
/kaggle/input/datasets/sartajbhuvaji/brain-tumor-classification-mri/Training/no_tumor/image(277).jpg,image(277).jpg,Training,no_tumor,no_tumor,10739536346783246341,1444,train
/kaggle/input/datasets/sartajbhuvaji/brain-tumor-classification-mri/Training/no_tumor/image(278).jpg,image(278).jpg,Training,no_tumor,no_tumor,11413662311405756806,1298,train
/kaggle/input/datasets/sartajbhuvaji/brain-tumor-classification-mri/Training/no_tumor/image(279).jpg,image(279).jpg,Training,no_tumor,no_tumor,14859976366913042074,1275,val
/kaggle/input/datasets/sartajbhuvaji/brain-tumor-classification-mri/Training/no_tumor/image(28).jpg,image(28).jpg,Training,no_tumor,no_tumor,9600119839599845662,1144,train
/kaggle/input/datasets/sartajbhuvaji/brain-tumor-classification-mri/Training/no_tumor/image(280).jpg,image(280).jpg,Training,no_tumor,no_tumor,14258397656985000605,1299,test
/kaggle/input/datasets/sartajbhuvaji/brain-tumor-classification-mri/Training/no_tumor/image(281).jpg,image(281).jpg,Training,no_tumor,no_tumor,10397240429506376740,1297,cal
/kaggle/input/datasets/sartajbhuvaji/brain-tumor-classification-mri/Training/no_tumor/image(282).jpg,image(282).jpg,Training,no_tumor,no_tumor,9316326988327512110,1300,train
/kaggle/input/datasets/sartajbhuvaji/brain-tumor-classification-mri/Training/no_tumor/image(283).jpg,image(283).jpg,Training,no_tumor,no_tumor,13839282551813913662,1301,train
/kaggle/input/datasets/sartajbhuvaji/brain-tumor-classification-mri/Training/no_tumor/image(284).jpg,image(284).jpg,Training,no_tumor,no_tumor,13996130875592630376,1302,train
/kaggle/input/datasets/sartajbhuvaji/brain-tumor-classification-mri/Training/no_tumor/image(285).jpg,image(285).jpg,Training,no_tumor,no_tumor,10838309106747847116,1303,val
/kaggle/input/datasets/sartajbhuvaji/brain-tumor-classification-mri/Training/no_tumor/image(286).jpg,image(286).jpg,Training,no_tumor,no_tumor,15009136402085718063,1304,val
/kaggle/input/datasets/sartajbhuvaji/brain-tumor-classification-mri/Training/no_tumor/image(287).jpg,image(287).jpg,Training,no_tumor,no_tumor,13983465395178332457,1107,train
/kaggle/input/datasets/sartajbhuvaji/brain-tumor-classification-mri/Training/no_tumor/image(288).jpg,image(288).jpg,Training,no_tumor,no_tumor,14059725338700886221,1305,train
/kaggle/input/datasets/sartajbhuvaji/brain-tumor-classification-mri/Training/no_tumor/image(289).jpg,image(289).jpg,Training,no_tumor,no_tumor,10451300683291420988,1306,train
/kaggle/input/datasets/sartajbhuvaji/brain-tumor-classification-mri/Training/no_tumor/image(29).jpg,image(29).jpg,Training,no_tumor,no_tumor,15004634864007789762,1245,train
/kaggle/input/datasets/sartajbhuvaji/brain-tumor-classification-mri/Training/no_tumor/image(290).jpg,image(290).jpg,Training,no_tumor,no_tumor,11441792551857854049,1307,test
/kaggle/input/datasets/sartajbhuvaji/brain-tumor-classification-mri/Training/no_tumor/image(291).jpg,image(291).jpg,Training,no_tumor,no_tumor,10838033138070331474,1308,train
/kaggle/input/datasets/sartajbhuvaji/brain-tumor-classification-mri/Training/no_tumor/image(292).jpg,image(292).jpg,Training,no_tumor,no_tumor,10486384172466465112,1129,train
/kaggle/input/datasets/sartajbhuvaji/brain-tumor-classification-mri/Training/no_tumor/image(293).jpg,image(293).jpg,Training,no_tumor,no_tumor,10551490502421668229,1309,train
/kaggle/input/datasets/sartajbhuvaji/brain-tumor-classification-mri/Training/no_tumor/image(294).jpg,image(294).jpg,Training,no_tumor,no_tumor,15404574505955830839,1310,train
/kaggle/input/datasets/sartajbhuvaji/brain-tumor-classification-mri/Training/no_tumor/image(295).jpg,image(295).jpg,Training,no_tumor,no_tumor,15233824536604817280,1311,test
/kaggle/input/datasets/sartajbhuvaji/brain-tumor-classification-mri/Training/no_tumor/image(296).jpg,image(296).jpg,Training,no_tumor,no_tumor,11127666348899339654,1312,train
/kaggle/input/datasets/sartajbhuvaji/brain-tumor-classification-mri/Training/no_tumor/image(297).jpg,image(297).jpg,Training,no_tumor,no_tumor,10910651474452685888,1313,train
/kaggle/input/datasets/sartajbhuvaji/brain-tumor-classification-mri/Training/no_tumor/image(298).jpg,image(298).jpg,Training,no_tumor,no_tumor,10262922563379971736,1314,cal
/kaggle/input/datasets/sartajbhuvaji/brain-tumor-classification-mri/Training/no_tumor/image(299).jpg,image(299).jpg,Training,no_tumor,no_tumor,9279718960170088600,1315,train
/kaggle/input/datasets/sartajbhuvaji/brain-tumor-classification-mri/Training/no_tumor/image(3).jpg,image(3).jpg,Training,no_tumor,no_tumor,10754167789575551433,1316,train
/kaggle/input/datasets/sartajbhuvaji/brain-tumor-classification-mri/Training/no_tumor/image(30).jpg,image(30).jpg,Training,no_tumor,no_tumor,13986789973729423567,1145,train
/kaggle/input/datasets/sartajbhuvaji/brain-tumor-classification-mri/Training/no_tumor/image(300).jpg,image(300).jpg,Training,no_tumor,no_tumor,10839170917440628019,1317,train
/kaggle/input/datasets/sartajbhuvaji/brain-tumor-classification-mri/Training/no_tumor/image(301).jpg,image(301).jpg,Training,no_tumor,no_tumor,13892262520378431076,1318,cal
/kaggle/input/datasets/sartajbhuvaji/brain-tumor-classification-mri/Training/no_tumor/image(302).jpg,image(302).jpg,Training,no_tumor,no_tumor,14874326024515119001,1212,val
/kaggle/input/datasets/sartajbhuvaji/brain-tumor-classification-mri/Training/no_tumor/image(303).jpg,image(303).jpg,Training,no_tumor,no_tumor,13839310279820287525,1319,cal
/kaggle/input/datasets/sartajbhuvaji/brain-tumor-classification-mri/Training/no_tumor/image(304).jpg,image(304).jpg,Training,no_tumor,no_tumor,10757432896231578330,1165,cal
/kaggle/input/datasets/sartajbhuvaji/brain-tumor-classification-mri/Training/no_tumor/image(305).jpg,image(305).jpg,Training,no_tumor,no_tumor,9627129449310926986,1320,train
/kaggle/input/datasets/sartajbhuvaji/brain-tumor-classification-mri/Training/no_tumor/image(306).jpg,image(306).jpg,Training,no_tumor,no_tumor,14001479792614072617,1107,train
/kaggle/input/datasets/sartajbhuvaji/brain-tumor-classification-mri/Training/no_tumor/image(307).jpg,image(307).jpg,Training,no_tumor,no_tumor,10780050052784451681,1321,train
/kaggle/input/datasets/sartajbhuvaji/brain-tumor-classification-mri/Training/no_tumor/image(308).jpg,image(308).jpg,Training,no_tumor,no_tumor,13932465595338537509,1322,val
/kaggle/input/datasets/sartajbhuvaji/brain-tumor-classification-mri/Training/no_tumor/image(309).jpg,image(309).jpg,Training,no_tumor,no_tumor,9771256899261253927,1323,train
/kaggle/input/datasets/sartajbhuvaji/brain-tumor-classification-mri/Training/no_tumor/image(31).jpg,image(31).jpg,Training,no_tumor,no_tumor,9743091598998189159,1324,train
/kaggle/input/datasets/sartajbhuvaji/brain-tumor-classification-mri/Training/no_tumor/image(310).jpg,image(310).jpg,Training,no_tumor,no_tumor,9615883005235833176,1325,train
/kaggle/input/datasets/sartajbhuvaji/brain-tumor-classification-mri/Training/no_tumor/image(311).jpg,image(311).jpg,Training,no_tumor,no_tumor,10609472063725057167,1110,train
/kaggle/input/datasets/sartajbhuvaji/brain-tumor-classification-mri/Training/no_tumor/image(312).jpg,image(312).jpg,Training,no_tumor,no_tumor,9610234280651337200,1326,train
/kaggle/input/datasets/sartajbhuvaji/brain-tumor-classification-mri/Training/no_tumor/image(313).jpg,image(313).jpg,Training,no_tumor,no_tumor,14067026846836835913,1327,train
/kaggle/input/datasets/sartajbhuvaji/brain-tumor-classification-mri/Training/no_tumor/image(314).jpg,image(314).jpg,Training,no_tumor,no_tumor,14132129742708098868,1328,train
/kaggle/input/datasets/sartajbhuvaji/brain-tumor-classification-mri/Training/no_tumor/image(315).jpg,image(315).jpg,Training,no_tumor,no_tumor,9532448232100411441,1329,train
/kaggle/input/datasets/sartajbhuvaji/brain-tumor-classification-mri/Training/no_tumor/image(316).jpg,image(316).jpg,Training,no_tumor,no_tumor,9244297646240243236,1330,val
/kaggle/input/datasets/sartajbhuvaji/brain-tumor-classification-mri/Training/no_tumor/image(317).jpg,image(317).jpg,Training,no_tumor,no_tumor,9245356467872164900,1331,train
/kaggle/input/datasets/sartajbhuvaji/brain-tumor-classification-mri/Training/no_tumor/image(318).jpg,image(318).jpg,Training,no_tumor,no_tumor,9515002091671919120,1332,train
/kaggle/input/datasets/sartajbhuvaji/brain-tumor-classification-mri/Training/no_tumor/image(319).jpg,image(319).jpg,Training,no_tumor,no_tumor,9299676479428765792,1333,train
/kaggle/input/datasets/sartajbhuvaji/brain-tumor-classification-mri/Training/no_tumor/image(32).jpg,image(32).jpg,Training,no_tumor,no_tumor,15371351684896857829,1143,train
/kaggle/input/datasets/sartajbhuvaji/brain-tumor-classification-mri/Training/no_tumor/image(320).jpg,image(320).jpg,Training,no_tumor,no_tumor,9681430411148859952,1334,val
/kaggle/input/datasets/sartajbhuvaji/brain-tumor-classification-mri/Training/no_tumor/image(321).jpg,image(321).jpg,Training,no_tumor,no_tumor,13914187408438552740,1335,cal
/kaggle/input/datasets/sartajbhuvaji/brain-tumor-classification-mri/Training/no_tumor/image(322).jpg,image(322).jpg,Training,no_tumor,no_tumor,14859976366913042074,1275,val
/kaggle/input/datasets/sartajbhuvaji/brain-tumor-classification-mri/Training/no_tumor/image(323).jpg,image(323).jpg,Training,no_tumor,no_tumor,10491512011205732937,1336,train
/kaggle/input/datasets/sartajbhuvaji/brain-tumor-classification-mri/Training/no_tumor/image(324).jpg,image(324).jpg,Training,no_tumor,no_tumor,9302562086257715845,1337,train
/kaggle/input/datasets/sartajbhuvaji/brain-tumor-classification-mri/Training/no_tumor/image(325).jpg,image(325).jpg,Training,no_tumor,no_tumor,15280163132324198513,1338,train
/kaggle/input/datasets/sartajbhuvaji/brain-tumor-classification-mri/Training/no_tumor/image(326).jpg,image(326).jpg,Training,no_tumor,no_tumor,13923751449988181171,1339,train
/kaggle/input/datasets/sartajbhuvaji/brain-tumor-classification-mri/Training/no_tumor/image(327).jpg,image(327).jpg,Training,no_tumor,no_tumor,14992316494292012444,1340,train
/kaggle/input/datasets/sartajbhuvaji/brain-tumor-classification-mri/Training/no_tumor/image(33).jpg,image(33).jpg,Training,no_tumor,no_tumor,14153436096124641686,1341,test
/kaggle/input/datasets/sartajbhuvaji/brain-tumor-classification-mri/Training/no_tumor/image(34).jpg,image(34).jpg,Training,no_tumor,no_tumor,9342539689868011810,1221,train
/kaggle/input/datasets/sartajbhuvaji/brain-tumor-classification-mri/Training/no_tumor/image(35).jpg,image(35).jpg,Training,no_tumor,no_tumor,13986789973729423567,1145,train
/kaggle/input/datasets/sartajbhuvaji/brain-tumor-classification-mri/Training/no_tumor/image(36).jpg,image(36).jpg,Training,no_tumor,no_tumor,14082221815635655827,1152,test
/kaggle/input/datasets/sartajbhuvaji/brain-tumor-classification-mri/Training/no_tumor/image(37).jpg,image(37).jpg,Training,no_tumor,no_tumor,15371351684896873189,1143,train
/kaggle/input/datasets/sartajbhuvaji/brain-tumor-classification-mri/Training/no_tumor/image(38).jpg,image(38).jpg,Training,no_tumor,no_tumor,10622984601884861595,1135,test
/kaggle/input/datasets/sartajbhuvaji/brain-tumor-classification-mri/Training/no_tumor/image(39).jpg,image(39).jpg,Training,no_tumor,no_tumor,9385053985567742631,1342,train
/kaggle/input/datasets/sartajbhuvaji/brain-tumor-classification-mri/Training/no_tumor/image(4).jpg,image(4).jpg,Training,no_tumor,no_tumor,14068166839358401682,1343,train
/kaggle/input/datasets/sartajbhuvaji/brain-tumor-classification-mri/Training/no_tumor/image(40).jpg,image(40).jpg,Training,no_tumor,no_tumor,14000897068497007323,1141,train
/kaggle/input/datasets/sartajbhuvaji/brain-tumor-classification-mri/Training/no_tumor/image(41).jpg,image(41).jpg,Training,no_tumor,no_tumor,10825642791854913432,1140,train
/kaggle/input/datasets/sartajbhuvaji/brain-tumor-classification-mri/Training/no_tumor/image(42).jpg,image(42).jpg,Training,no_tumor,no_tumor,9600119839599845662,1144,train
/kaggle/input/datasets/sartajbhuvaji/brain-tumor-classification-mri/Training/no_tumor/image(43).jpg,image(43).jpg,Training,no_tumor,no_tumor,14658148901834246972,1344,cal
/kaggle/input/datasets/sartajbhuvaji/brain-tumor-classification-mri/Training/no_tumor/image(44).jpg,image(44).jpg,Training,no_tumor,no_tumor,14284905513338221001,1151,train
/kaggle/input/datasets/sartajbhuvaji/brain-tumor-classification-mri/Training/no_tumor/image(45).jpg,image(45).jpg,Training,no_tumor,no_tumor,14009622225993560474,1345,train
/kaggle/input/datasets/sartajbhuvaji/brain-tumor-classification-mri/Training/no_tumor/image(46).jpg,image(46).jpg,Training,no_tumor,no_tumor,14082221815635655827,1152,test
/kaggle/input/datasets/sartajbhuvaji/brain-tumor-classification-mri/Training/no_tumor/image(47).jpg,image(47).jpg,Training,no_tumor,no_tumor,10752466574536816792,1150,train
/kaggle/input/datasets/sartajbhuvaji/brain-tumor-classification-mri/Training/no_tumor/image(48).jpg,image(48).jpg,Training,no_tumor,no_tumor,9244306349193830684,1157,train
/kaggle/input/datasets/sartajbhuvaji/brain-tumor-classification-mri/Training/no_tumor/image(49).jpg,image(49).jpg,Training,no_tumor,no_tumor,15428889088672085131,1346,train
/kaggle/input/datasets/sartajbhuvaji/brain-tumor-classification-mri/Training/no_tumor/image(5).jpg,image(5).jpg,Training,no_tumor,no_tumor,10622984584973427867,1135,test
/kaggle/input/datasets/sartajbhuvaji/brain-tumor-classification-mri/Training/no_tumor/image(50).jpg,image(50).jpg,Training,no_tumor,no_tumor,10824518137572372635,1137,train
/kaggle/input/datasets/sartajbhuvaji/brain-tumor-classification-mri/Training/no_tumor/image(51).jpg,image(51).jpg,Training,no_tumor,no_tumor,14000897068497007195,1141,train
/kaggle/input/datasets/sartajbhuvaji/brain-tumor-classification-mri/Training/no_tumor/image(52).jpg,image(52).jpg,Training,no_tumor,no_tumor,10754150472267413961,1316,train
/kaggle/input/datasets/sartajbhuvaji/brain-tumor-classification-mri/Training/no_tumor/image(53).jpg,image(53).jpg,Training,no_tumor,no_tumor,10486384172466465112,1129,train
/kaggle/input/datasets/sartajbhuvaji/brain-tumor-classification-mri/Training/no_tumor/image(54).jpg,image(54).jpg,Training,no_tumor,no_tumor,10682109920677275026,1173,train
/kaggle/input/datasets/sartajbhuvaji/brain-tumor-classification-mri/Training/no_tumor/image(55).jpg,image(55).jpg,Training,no_tumor,no_tumor,10622934423906035401,1139,train
/kaggle/input/datasets/sartajbhuvaji/brain-tumor-classification-mri/Training/no_tumor/image(56).jpg,image(56).jpg,Training,no_tumor,no_tumor,10825642791854913432,1140,train
/kaggle/input/datasets/sartajbhuvaji/brain-tumor-classification-mri/Training/no_tumor/image(57).jpg,image(57).jpg,Training,no_tumor,no_tumor,10757445098743150660,1347,train
/kaggle/input/datasets/sartajbhuvaji/brain-tumor-classification-mri/Training/no_tumor/image(58).jpg,image(58).jpg,Training,no_tumor,no_tumor,10471536036740407384,1348,train
/kaggle/input/datasets/sartajbhuvaji/brain-tumor-classification-mri/Training/no_tumor/image(59).jpg,image(59).jpg,Training,no_tumor,no_tumor,9600119839599845662,1144,train
/kaggle/input/datasets/sartajbhuvaji/brain-tumor-classification-mri/Training/no_tumor/image(6).jpg,image(6).jpg,Training,no_tumor,no_tumor,10575100899676481889,1136,train
/kaggle/input/datasets/sartajbhuvaji/brain-tumor-classification-mri/Training/no_tumor/image(60).jpg,image(60).jpg,Training,no_tumor,no_tumor,10550079696762737260,575,train
/kaggle/input/datasets/sartajbhuvaji/brain-tumor-classification-mri/Training/no_tumor/image(61).jpg,image(61).jpg,Training,no_tumor,no_tumor,9527465278689262050,1349,train
/kaggle/input/datasets/sartajbhuvaji/brain-tumor-classification-mri/Training/no_tumor/image(62).jpg,image(62).jpg,Training,no_tumor,no_tumor,13919513296822742409,1350,train
/kaggle/input/datasets/sartajbhuvaji/brain-tumor-classification-mri/Training/no_tumor/image(63).jpg,image(63).jpg,Training,no_tumor,no_tumor,10915169281408132554,1111,cal
/kaggle/input/datasets/sartajbhuvaji/brain-tumor-classification-mri/Training/no_tumor/image(64).jpg,image(64).jpg,Training,no_tumor,no_tumor,15383261554778901831,1351,train
/kaggle/input/datasets/sartajbhuvaji/brain-tumor-classification-mri/Training/no_tumor/image(65).jpg,image(65).jpg,Training,no_tumor,no_tumor,14211472378026421674,1352,train
/kaggle/input/datasets/sartajbhuvaji/brain-tumor-classification-mri/Training/no_tumor/image(66).jpg,image(66).jpg,Training,no_tumor,no_tumor,9676327622032648090,1353,train
/kaggle/input/datasets/sartajbhuvaji/brain-tumor-classification-mri/Training/no_tumor/image(67).jpg,image(67).jpg,Training,no_tumor,no_tumor,14009340699390129051,1354,test
/kaggle/input/datasets/sartajbhuvaji/brain-tumor-classification-mri/Training/no_tumor/image(68).jpg,image(68).jpg,Training,no_tumor,no_tumor,10622083547856824266,1355,train
/kaggle/input/datasets/sartajbhuvaji/brain-tumor-classification-mri/Training/no_tumor/image(69).jpg,image(69).jpg,Training,no_tumor,no_tumor,10476901717598562664,1356,train
/kaggle/input/datasets/sartajbhuvaji/brain-tumor-classification-mri/Training/no_tumor/image(7).jpg,image(7).jpg,Training,no_tumor,no_tumor,9385053985567742631,1342,train
/kaggle/input/datasets/sartajbhuvaji/brain-tumor-classification-mri/Training/no_tumor/image(70).jpg,image(70).jpg,Training,no_tumor,no_tumor,14306874658548103577,1357,train
/kaggle/input/datasets/sartajbhuvaji/brain-tumor-classification-mri/Training/no_tumor/image(71).jpg,image(71).jpg,Training,no_tumor,no_tumor,14081133774952450861,1154,train
/kaggle/input/datasets/sartajbhuvaji/brain-tumor-classification-mri/Training/no_tumor/image(72).jpg,image(72).jpg,Training,no_tumor,no_tumor,13839345189355954542,1199,train
/kaggle/input/datasets/sartajbhuvaji/brain-tumor-classification-mri/Training/no_tumor/image(73).jpg,image(73).jpg,Training,no_tumor,no_tumor,14080836984288685251,1196,train
/kaggle/input/datasets/sartajbhuvaji/brain-tumor-classification-mri/Training/no_tumor/image(74).jpg,image(74).jpg,Training,no_tumor,no_tumor,9523783323491911738,1202,cal
/kaggle/input/datasets/sartajbhuvaji/brain-tumor-classification-mri/Training/no_tumor/image(75).jpg,image(75).jpg,Training,no_tumor,no_tumor,13839345189355954542,1199,train
/kaggle/input/datasets/sartajbhuvaji/brain-tumor-classification-mri/Training/no_tumor/image(76).jpg,image(76).jpg,Training,no_tumor,no_tumor,14080836984288685251,1196,train
/kaggle/input/datasets/sartajbhuvaji/brain-tumor-classification-mri/Training/no_tumor/image(77).jpg,image(77).jpg,Training,no_tumor,no_tumor,10798029073139120280,1205,train
/kaggle/input/datasets/sartajbhuvaji/brain-tumor-classification-mri/Training/no_tumor/image(78).jpg,image(78).jpg,Training,no_tumor,no_tumor,10775827720914100537,1195,train
/kaggle/input/datasets/sartajbhuvaji/brain-tumor-classification-mri/Training/no_tumor/image(79).jpg,image(79).jpg,Training,no_tumor,no_tumor,9296861037630683186,1358,train
/kaggle/input/datasets/sartajbhuvaji/brain-tumor-classification-mri/Training/no_tumor/image(8).jpg,image(8).jpg,Training,no_tumor,no_tumor,10825642791854913432,1140,train
/kaggle/input/datasets/sartajbhuvaji/brain-tumor-classification-mri/Training/no_tumor/image(80).jpg,image(80).jpg,Training,no_tumor,no_tumor,10744302764309225880,1204,cal
/kaggle/input/datasets/sartajbhuvaji/brain-tumor-classification-mri/Training/no_tumor/image(81).jpg,image(81).jpg,Training,no_tumor,no_tumor,10683462036541217896,1247,train
/kaggle/input/datasets/sartajbhuvaji/brain-tumor-classification-mri/Training/no_tumor/image(82).jpg,image(82).jpg,Training,no_tumor,no_tumor,10780014649664627738,1170,val
/kaggle/input/datasets/sartajbhuvaji/brain-tumor-classification-mri/Training/no_tumor/image(83).jpg,image(83).jpg,Training,no_tumor,no_tumor,10740335768528644378,1359,train
/kaggle/input/datasets/sartajbhuvaji/brain-tumor-classification-mri/Training/no_tumor/image(84).jpg,image(84).jpg,Training,no_tumor,no_tumor,10387955207193913488,1360,train
/kaggle/input/datasets/sartajbhuvaji/brain-tumor-classification-mri/Training/no_tumor/image(85).jpg,image(85).jpg,Training,no_tumor,no_tumor,9227065052584097817,1361,train
/kaggle/input/datasets/sartajbhuvaji/brain-tumor-classification-mri/Training/no_tumor/image(86).jpg,image(86).jpg,Training,no_tumor,no_tumor,10757506428133055177,1362,train
/kaggle/input/datasets/sartajbhuvaji/brain-tumor-classification-mri/Training/no_tumor/image(87).jpg,image(87).jpg,Training,no_tumor,no_tumor,10912057389752884100,1363,train
/kaggle/input/datasets/sartajbhuvaji/brain-tumor-classification-mri/Training/no_tumor/image(88).jpg,image(88).jpg,Training,no_tumor,no_tumor,10416068766210875744,1364,test
/kaggle/input/datasets/sartajbhuvaji/brain-tumor-classification-mri/Training/no_tumor/image(89).jpg,image(89).jpg,Training,no_tumor,no_tumor,10757483963467510692,1365,train
/kaggle/input/datasets/sartajbhuvaji/brain-tumor-classification-mri/Training/no_tumor/image(9).jpg,image(9).jpg,Training,no_tumor,no_tumor,14513190864324813515,1366,train
/kaggle/input/datasets/sartajbhuvaji/brain-tumor-classification-mri/Training/no_tumor/image(90).jpg,image(90).jpg,Training,no_tumor,no_tumor,10779165838492723305,1367,train
/kaggle/input/datasets/sartajbhuvaji/brain-tumor-classification-mri/Training/no_tumor/image(91).jpg,image(91).jpg,Training,no_tumor,no_tumor,10762000232641607064,1368,cal
/kaggle/input/datasets/sartajbhuvaji/brain-tumor-classification-mri/Training/no_tumor/image(92).jpg,image(92).jpg,Training,no_tumor,no_tumor,15000736459426248162,1369,val
/kaggle/input/datasets/sartajbhuvaji/brain-tumor-classification-mri/Training/no_tumor/image(93).jpg,image(93).jpg,Training,no_tumor,no_tumor,10701233584572542208,1370,train
/kaggle/input/datasets/sartajbhuvaji/brain-tumor-classification-mri/Training/no_tumor/image(94).jpg,image(94).jpg,Training,no_tumor,no_tumor,9607881271889630389,1371,train
/kaggle/input/datasets/sartajbhuvaji/brain-tumor-classification-mri/Training/no_tumor/image(95).jpg,image(95).jpg,Training,no_tumor,no_tumor,10739781606614268562,1372,train
/kaggle/input/datasets/sartajbhuvaji/brain-tumor-classification-mri/Training/no_tumor/image(96).jpg,image(96).jpg,Training,no_tumor,no_tumor,10632011849352634721,1373,train
/kaggle/input/datasets/sartajbhuvaji/brain-tumor-classification-mri/Training/no_tumor/image(98).jpg,image(98).jpg,Training,no_tumor,no_tumor,13840436651876183576,1374,cal
/kaggle/input/datasets/sartajbhuvaji/brain-tumor-classification-mri/Training/no_tumor/image(99).jpg,image(99).jpg,Training,no_tumor,no_tumor,10668849912449628818,1372,train
/kaggle/input/datasets/sartajbhuvaji/brain-tumor-classification-mri/Training/no_tumor/image.jpg,image.jpg,Training,no_tumor,no_tumor,14009622225993560474,1345,train
/kaggle/input/datasets/sartajbhuvaji/brain-tumor-classification-mri/Training/pituitary_tumor/p (1).jpg,p (1).jpg,Training,pituitary_tumor,pituitary,10693298379455553734,1375,train
/kaggle/input/datasets/sartajbhuvaji/brain-tumor-classification-mri/Training/pituitary_tumor/p (10).jpg,p (10).jpg,Training,pituitary_tumor,pituitary,9558360357922761064,1376,cal
/kaggle/input/datasets/sartajbhuvaji/brain-tumor-classification-mri/Training/pituitary_tumor/p (100).jpg,p (100).jpg,Training,pituitary_tumor,pituitary,14990846232307706916,1837,test
/kaggle/input/datasets/sartajbhuvaji/brain-tumor-classification-mri/Training/pituitary_tumor/p (101).jpg,p (101).jpg,Training,pituitary_tumor,pituitary,14991139750354824544,1500,train
/kaggle/input/datasets/sartajbhuvaji/brain-tumor-classification-mri/Training/pituitary_tumor/p (102).jpg,p (102).jpg,Training,pituitary_tumor,pituitary,15279317418622139616,1377,val
/kaggle/input/datasets/sartajbhuvaji/brain-tumor-classification-mri/Training/pituitary_tumor/p (103).jpg,p (103).jpg,Training,pituitary_tumor,pituitary,9592238540263024225,1378,train
/kaggle/input/datasets/sartajbhuvaji/brain-tumor-classification-mri/Training/pituitary_tumor/p (104).jpg,p (104).jpg,Training,pituitary_tumor,pituitary,9592238570331973217,1378,train
/kaggle/input/datasets/sartajbhuvaji/brain-tumor-classification-mri/Training/pituitary_tumor/p (105).jpg,p (105).jpg,Training,pituitary_tumor,pituitary,9592238639050466401,1378,train
/kaggle/input/datasets/sartajbhuvaji/brain-tumor-classification-mri/Training/pituitary_tumor/p (106).jpg,p (106).jpg,Training,pituitary_tumor,pituitary,9592520114022921313,1378,train
/kaggle/input/datasets/sartajbhuvaji/brain-tumor-classification-mri/Training/pituitary_tumor/p (107).jpg,p (107).jpg,Training,pituitary_tumor,pituitary,13842704254432010289,1379,train
/kaggle/input/datasets/sartajbhuvaji/brain-tumor-classification-mri/Training/pituitary_tumor/p (108).jpg,p (108).jpg,Training,pituitary_tumor,pituitary,14131004998269886513,1379,train
/kaggle/input/datasets/sartajbhuvaji/brain-tumor-classification-mri/Training/pituitary_tumor/p (109).jpg,p (109).jpg,Training,pituitary_tumor,pituitary,13842704253374129192,1380,test
/kaggle/input/datasets/sartajbhuvaji/brain-tumor-classification-mri/Training/pituitary_tumor/p (11).jpg,p (11).jpg,Training,pituitary_tumor,pituitary,9558426328603650409,1376,cal
/kaggle/input/datasets/sartajbhuvaji/brain-tumor-classification-mri/Training/pituitary_tumor/p (110).jpg,p (110).jpg,Training,pituitary_tumor,pituitary,13855933577062202412,1695,train
/kaggle/input/datasets/sartajbhuvaji/brain-tumor-classification-mri/Training/pituitary_tumor/p (111).jpg,p (111).jpg,Training,pituitary_tumor,pituitary,13855933568471219308,1695,train
/kaggle/input/datasets/sartajbhuvaji/brain-tumor-classification-mri/Training/pituitary_tumor/p (112).jpg,p (112).jpg,Training,pituitary_tumor,pituitary,13856285425077005516,1381,train
/kaggle/input/datasets/sartajbhuvaji/brain-tumor-classification-mri/Training/pituitary_tumor/p (113).jpg,p (113).jpg,Training,pituitary_tumor,pituitary,13847243024320638124,1382,train
/kaggle/input/datasets/sartajbhuvaji/brain-tumor-classification-mri/Training/pituitary_tumor/p (114).jpg,p (114).jpg,Training,pituitary_tumor,pituitary,15279037043169898868,1383,train
/kaggle/input/datasets/sartajbhuvaji/brain-tumor-classification-mri/Training/pituitary_tumor/p (115).jpg,p (115).jpg,Training,pituitary_tumor,pituitary,9262320554058197608,1384,train
/kaggle/input/datasets/sartajbhuvaji/brain-tumor-classification-mri/Training/pituitary_tumor/p (116).jpg,p (116).jpg,Training,pituitary_tumor,pituitary,9262311757023832680,1384,train
/kaggle/input/datasets/sartajbhuvaji/brain-tumor-classification-mri/Training/pituitary_tumor/p (117).jpg,p (117).jpg,Training,pituitary_tumor,pituitary,9226564434981579336,1384,train
/kaggle/input/datasets/sartajbhuvaji/brain-tumor-classification-mri/Training/pituitary_tumor/p (118).jpg,p (118).jpg,Training,pituitary_tumor,pituitary,10739491086694623337,1386,train
/kaggle/input/datasets/sartajbhuvaji/brain-tumor-classification-mri/Training/pituitary_tumor/p (119).jpg,p (119).jpg,Training,pituitary_tumor,pituitary,10739491343646140521,1444,train
/kaggle/input/datasets/sartajbhuvaji/brain-tumor-classification-mri/Training/pituitary_tumor/p (12).jpg,p (12).jpg,Training,pituitary_tumor,pituitary,9630488852194474281,1385,cal
/kaggle/input/datasets/sartajbhuvaji/brain-tumor-classification-mri/Training/pituitary_tumor/p (120).jpg,p (120).jpg,Training,pituitary_tumor,pituitary,10739491335057188973,1444,train
/kaggle/input/datasets/sartajbhuvaji/brain-tumor-classification-mri/Training/pituitary_tumor/p (121).jpg,p (121).jpg,Training,pituitary_tumor,pituitary,10739491343848466476,1444,train
/kaggle/input/datasets/sartajbhuvaji/brain-tumor-classification-mri/Training/pituitary_tumor/p (122).jpg,p (122).jpg,Training,pituitary_tumor,pituitary,10739492168825055292,1386,train
/kaggle/input/datasets/sartajbhuvaji/brain-tumor-classification-mri/Training/pituitary_tumor/p (123).jpg,p (123).jpg,Training,pituitary_tumor,pituitary,10739491069514758260,1386,train
/kaggle/input/datasets/sartajbhuvaji/brain-tumor-classification-mri/Training/pituitary_tumor/p (124).jpg,p (124).jpg,Training,pituitary_tumor,pituitary,14199412797077656682,1387,test
/kaggle/input/datasets/sartajbhuvaji/brain-tumor-classification-mri/Training/pituitary_tumor/p (125).jpg,p (125).jpg,Training,pituitary_tumor,pituitary,14435446779660892576,1388,train
/kaggle/input/datasets/sartajbhuvaji/brain-tumor-classification-mri/Training/pituitary_tumor/p (126).jpg,p (126).jpg,Training,pituitary_tumor,pituitary,15366689516923130427,1389,test
/kaggle/input/datasets/sartajbhuvaji/brain-tumor-classification-mri/Training/pituitary_tumor/p (127).jpg,p (127).jpg,Training,pituitary_tumor,pituitary,9303986507551503008,1390,train
/kaggle/input/datasets/sartajbhuvaji/brain-tumor-classification-mri/Training/pituitary_tumor/p (128).jpg,p (128).jpg,Training,pituitary_tumor,pituitary,14417556956094604268,1391,train
/kaggle/input/datasets/sartajbhuvaji/brain-tumor-classification-mri/Training/pituitary_tumor/p (129).jpg,p (129).jpg,Training,pituitary_tumor,pituitary,10703723796552298878,1392,val
/kaggle/input/datasets/sartajbhuvaji/brain-tumor-classification-mri/Training/pituitary_tumor/p (13).jpg,p (13).jpg,Training,pituitary_tumor,pituitary,13844359344557407282,1393,train
/kaggle/input/datasets/sartajbhuvaji/brain-tumor-classification-mri/Training/pituitary_tumor/p (130).jpg,p (130).jpg,Training,pituitary_tumor,pituitary,10461116948300833251,1394,train
/kaggle/input/datasets/sartajbhuvaji/brain-tumor-classification-mri/Training/pituitary_tumor/p (131).jpg,p (131).jpg,Training,pituitary_tumor,pituitary,14180721675740394691,1395,train
/kaggle/input/datasets/sartajbhuvaji/brain-tumor-classification-mri/Training/pituitary_tumor/p (132).jpg,p (132).jpg,Training,pituitary_tumor,pituitary,14056987696081343682,1396,train
/kaggle/input/datasets/sartajbhuvaji/brain-tumor-classification-mri/Training/pituitary_tumor/p (133).jpg,p (133).jpg,Training,pituitary_tumor,pituitary,12129695867307500285,1397,val
/kaggle/input/datasets/sartajbhuvaji/brain-tumor-classification-mri/Training/pituitary_tumor/p (134).jpg,p (134).jpg,Training,pituitary_tumor,pituitary,10461116948300833251,1394,train
/kaggle/input/datasets/sartajbhuvaji/brain-tumor-classification-mri/Training/pituitary_tumor/p (135).jpg,p (135).jpg,Training,pituitary_tumor,pituitary,11025206591160280721,1398,test
/kaggle/input/datasets/sartajbhuvaji/brain-tumor-classification-mri/Training/pituitary_tumor/p (136).jpg,p (136).jpg,Training,pituitary_tumor,pituitary,9260016196633119412,1399,test
/kaggle/input/datasets/sartajbhuvaji/brain-tumor-classification-mri/Training/pituitary_tumor/p (137).jpg,p (137).jpg,Training,pituitary_tumor,pituitary,13893435689284475491,1400,train
/kaggle/input/datasets/sartajbhuvaji/brain-tumor-classification-mri/Training/pituitary_tumor/p (138).jpg,p (138).jpg,Training,pituitary_tumor,pituitary,9702510871969358218,1401,train
/kaggle/input/datasets/sartajbhuvaji/brain-tumor-classification-mri/Training/pituitary_tumor/p (139).jpg,p (139).jpg,Training,pituitary_tumor,pituitary,10780243498144296984,1402,train
/kaggle/input/datasets/sartajbhuvaji/brain-tumor-classification-mri/Training/pituitary_tumor/p (14).jpg,p (14).jpg,Training,pituitary_tumor,pituitary,13846400038138297522,1393,train
/kaggle/input/datasets/sartajbhuvaji/brain-tumor-classification-mri/Training/pituitary_tumor/p (140).jpg,p (140).jpg,Training,pituitary_tumor,pituitary,10416640378792183962,1403,train
/kaggle/input/datasets/sartajbhuvaji/brain-tumor-classification-mri/Training/pituitary_tumor/p (141).jpg,p (141).jpg,Training,pituitary_tumor,pituitary,10739491073607940148,1386,train
/kaggle/input/datasets/sartajbhuvaji/brain-tumor-classification-mri/Training/pituitary_tumor/p (142).jpg,p (142).jpg,Training,pituitary_tumor,pituitary,10739491073534273584,1404,train
/kaggle/input/datasets/sartajbhuvaji/brain-tumor-classification-mri/Training/pituitary_tumor/p (143).jpg,p (143).jpg,Training,pituitary_tumor,pituitary,10739491064481916988,1386,train
/kaggle/input/datasets/sartajbhuvaji/brain-tumor-classification-mri/Training/pituitary_tumor/p (144).jpg,p (144).jpg,Training,pituitary_tumor,pituitary,10739473472832878632,1386,train
/kaggle/input/datasets/sartajbhuvaji/brain-tumor-classification-mri/Training/pituitary_tumor/p (145).jpg,p (145).jpg,Training,pituitary_tumor,pituitary,10739419737960839752,1405,train
/kaggle/input/datasets/sartajbhuvaji/brain-tumor-classification-mri/Training/pituitary_tumor/p (146).jpg,p (146).jpg,Training,pituitary_tumor,pituitary,10667643618891163726,1406,train
/kaggle/input/datasets/sartajbhuvaji/brain-tumor-classification-mri/Training/pituitary_tumor/p (147).jpg,p (147).jpg,Training,pituitary_tumor,pituitary,10737449413115673098,1407,train
/kaggle/input/datasets/sartajbhuvaji/brain-tumor-classification-mri/Training/pituitary_tumor/p (148).jpg,p (148).jpg,Training,pituitary_tumor,pituitary,10665391947926764170,1407,train
/kaggle/input/datasets/sartajbhuvaji/brain-tumor-classification-mri/Training/pituitary_tumor/p (149).jpg,p (149).jpg,Training,pituitary_tumor,pituitary,9514722208773863498,1407,train
/kaggle/input/datasets/sartajbhuvaji/brain-tumor-classification-mri/Training/pituitary_tumor/p (15).jpg,p (15).jpg,Training,pituitary_tumor,pituitary,13918386181166350002,1408,train
/kaggle/input/datasets/sartajbhuvaji/brain-tumor-classification-mri/Training/pituitary_tumor/p (150).jpg,p (150).jpg,Training,pituitary_tumor,pituitary,10739419892579596298,1405,train
/kaggle/input/datasets/sartajbhuvaji/brain-tumor-classification-mri/Training/pituitary_tumor/p (151).jpg,p (151).jpg,Training,pituitary_tumor,pituitary,10737179070635472968,1409,val
/kaggle/input/datasets/sartajbhuvaji/brain-tumor-classification-mri/Training/pituitary_tumor/p (152).jpg,p (152).jpg,Training,pituitary_tumor,pituitary,15025230322585189056,1410,train
/kaggle/input/datasets/sartajbhuvaji/brain-tumor-classification-mri/Training/pituitary_tumor/p (153).jpg,p (153).jpg,Training,pituitary_tumor,pituitary,10413544030353627842,1410,train
/kaggle/input/datasets/sartajbhuvaji/brain-tumor-classification-mri/Training/pituitary_tumor/p (154).jpg,p (154).jpg,Training,pituitary_tumor,pituitary,10413544305164426944,1410,train
/kaggle/input/datasets/sartajbhuvaji/brain-tumor-classification-mri/Training/pituitary_tumor/p (155).jpg,p (155).jpg,Training,pituitary_tumor,pituitary,10413544305231530194,1410,train
/kaggle/input/datasets/sartajbhuvaji/brain-tumor-classification-mri/Training/pituitary_tumor/p (156).jpg,p (156).jpg,Training,pituitary_tumor,pituitary,13872309367734147792,1410,train
/kaggle/input/datasets/sartajbhuvaji/brain-tumor-classification-mri/Training/pituitary_tumor/p (157).jpg,p (157).jpg,Training,pituitary_tumor,pituitary,9262874565239249618,1411,val
/kaggle/input/datasets/sartajbhuvaji/brain-tumor-classification-mri/Training/pituitary_tumor/p (158).jpg,p (158).jpg,Training,pituitary_tumor,pituitary,13873434718119807194,1412,train
/kaggle/input/datasets/sartajbhuvaji/brain-tumor-classification-mri/Training/pituitary_tumor/p (159).jpg,p (159).jpg,Training,pituitary_tumor,pituitary,10380611839731198240,1444,train
/kaggle/input/datasets/sartajbhuvaji/brain-tumor-classification-mri/Training/pituitary_tumor/p (16).jpg,p (16).jpg,Training,pituitary_tumor,pituitary,15004320970575982246,1413,val
/kaggle/input/datasets/sartajbhuvaji/brain-tumor-classification-mri/Training/pituitary_tumor/p (160).jpg,p (160).jpg,Training,pituitary_tumor,pituitary,10380330369049176417,1444,train
/kaggle/input/datasets/sartajbhuvaji/brain-tumor-classification-mri/Training/pituitary_tumor/p (161).jpg,p (161).jpg,Training,pituitary_tumor,pituitary,9226282961314786272,1444,train
/kaggle/input/datasets/sartajbhuvaji/brain-tumor-classification-mri/Training/pituitary_tumor/p (162).jpg,p (162).jpg,Training,pituitary_tumor,pituitary,9226282960242108768,1444,train
/kaggle/input/datasets/sartajbhuvaji/brain-tumor-classification-mri/Training/pituitary_tumor/p (163).jpg,p (163).jpg,Training,pituitary_tumor,pituitary,9514794811369482720,1444,train
/kaggle/input/datasets/sartajbhuvaji/brain-tumor-classification-mri/Training/pituitary_tumor/p (164).jpg,p (164).jpg,Training,pituitary_tumor,pituitary,9226564435218817121,1444,train
/kaggle/input/datasets/sartajbhuvaji/brain-tumor-classification-mri/Training/pituitary_tumor/p (165).jpg,p (165).jpg,Training,pituitary_tumor,pituitary,9227408877327769697,1444,train
/kaggle/input/datasets/sartajbhuvaji/brain-tumor-classification-mri/Training/pituitary_tumor/p (166).jpg,p (166).jpg,Training,pituitary_tumor,pituitary,10667716126738614810,1414,val
/kaggle/input/datasets/sartajbhuvaji/brain-tumor-classification-mri/Training/pituitary_tumor/p (167).jpg,p (167).jpg,Training,pituitary_tumor,pituitary,10667716143919030298,1415,train
/kaggle/input/datasets/sartajbhuvaji/brain-tumor-classification-mri/Training/pituitary_tumor/p (168).jpg,p (168).jpg,Training,pituitary_tumor,pituitary,10667716693735647450,1416,train
/kaggle/input/datasets/sartajbhuvaji/brain-tumor-classification-mri/Training/pituitary_tumor/p (169).jpg,p (169).jpg,Training,pituitary_tumor,pituitary,10775803089079109850,1416,train
/kaggle/input/datasets/sartajbhuvaji/brain-tumor-classification-mri/Training/pituitary_tumor/p (17).jpg,p (17).jpg,Training,pituitary_tumor,pituitary,13850292237597941859,1417,train
/kaggle/input/datasets/sartajbhuvaji/brain-tumor-classification-mri/Training/pituitary_tumor/p (170).jpg,p (170).jpg,Training,pituitary_tumor,pituitary,10739492816815069402,1416,train
/kaggle/input/datasets/sartajbhuvaji/brain-tumor-classification-mri/Training/pituitary_tumor/p (171).jpg,p (171).jpg,Training,pituitary_tumor,pituitary,10739491717311838298,1416,train
/kaggle/input/datasets/sartajbhuvaji/brain-tumor-classification-mri/Training/pituitary_tumor/p (172).jpg,p (172).jpg,Training,pituitary_tumor,pituitary,10739530652730796513,1444,train
/kaggle/input/datasets/sartajbhuvaji/brain-tumor-classification-mri/Training/pituitary_tumor/p (173).jpg,p (173).jpg,Training,pituitary_tumor,pituitary,10739530644208494689,1444,train
/kaggle/input/datasets/sartajbhuvaji/brain-tumor-classification-mri/Training/pituitary_tumor/p (174).jpg,p (174).jpg,Training,pituitary_tumor,pituitary,10739530643671623779,1444,train
/kaggle/input/datasets/sartajbhuvaji/brain-tumor-classification-mri/Training/pituitary_tumor/p (175).jpg,p (175).jpg,Training,pituitary_tumor,pituitary,10739530917475788901,1444,train
/kaggle/input/datasets/sartajbhuvaji/brain-tumor-classification-mri/Training/pituitary_tumor/p (176).jpg,p (176).jpg,Training,pituitary_tumor,pituitary,10739530919085877345,1444,train
/kaggle/input/datasets/sartajbhuvaji/brain-tumor-classification-mri/Training/pituitary_tumor/p (177).jpg,p (177).jpg,Training,pituitary_tumor,pituitary,15352589015718568041,1418,train
/kaggle/input/datasets/sartajbhuvaji/brain-tumor-classification-mri/Training/pituitary_tumor/p (178).jpg,p (178).jpg,Training,pituitary_tumor,pituitary,15352026203200036969,1418,train
/kaggle/input/datasets/sartajbhuvaji/brain-tumor-classification-mri/Training/pituitary_tumor/p (179).jpg,p (179).jpg,Training,pituitary_tumor,pituitary,9260887185087154038,1419,train
/kaggle/input/datasets/sartajbhuvaji/brain-tumor-classification-mri/Training/pituitary_tumor/p (18).jpg,p (18).jpg,Training,pituitary_tumor,pituitary,13922631306327631074,1420,test
/kaggle/input/datasets/sartajbhuvaji/brain-tumor-classification-mri/Training/pituitary_tumor/p (180).jpg,p (180).jpg,Training,pituitary_tumor,pituitary,9260253866406401366,1421,train
/kaggle/input/datasets/sartajbhuvaji/brain-tumor-classification-mri/Training/pituitary_tumor/p (181).jpg,p (181).jpg,Training,pituitary_tumor,pituitary,9261661378728890198,1422,train
/kaggle/input/datasets/sartajbhuvaji/brain-tumor-classification-mri/Training/pituitary_tumor/p (182).jpg,p (182).jpg,Training,pituitary_tumor,pituitary,9262241856225746774,1423,train
/kaggle/input/datasets/sartajbhuvaji/brain-tumor-classification-mri/Training/pituitary_tumor/p (183).jpg,p (183).jpg,Training,pituitary_tumor,pituitary,9261960445824409366,1422,train
/kaggle/input/datasets/sartajbhuvaji/brain-tumor-classification-mri/Training/pituitary_tumor/p (184).jpg,p (184).jpg,Training,pituitary_tumor,pituitary,10793464870716209178,1424,train
/kaggle/input/datasets/sartajbhuvaji/brain-tumor-classification-mri/Training/pituitary_tumor/p (185).jpg,p (185).jpg,Training,pituitary_tumor,pituitary,10792910974545983498,1425,train
/kaggle/input/datasets/sartajbhuvaji/brain-tumor-classification-mri/Training/pituitary_tumor/p (186).jpg,p (186).jpg,Training,pituitary_tumor,pituitary,10792910975617890312,1425,train
/kaggle/input/datasets/sartajbhuvaji/brain-tumor-classification-mri/Training/pituitary_tumor/p (187).jpg,p (187).jpg,Training,pituitary_tumor,pituitary,10755193294378924042,1425,train
/kaggle/input/datasets/sartajbhuvaji/brain-tumor-classification-mri/Training/pituitary_tumor/p (188).jpg,p (188).jpg,Training,pituitary_tumor,pituitary,10754630378785241112,1425,train
/kaggle/input/datasets/sartajbhuvaji/brain-tumor-classification-mri/Training/pituitary_tumor/p (189).jpg,p (189).jpg,Training,pituitary_tumor,pituitary,10754630515157792824,1425,train
/kaggle/input/datasets/sartajbhuvaji/brain-tumor-classification-mri/Training/pituitary_tumor/p (19).jpg,p (19).jpg,Training,pituitary_tumor,pituitary,9310659127114214627,1682,train
/kaggle/input/datasets/sartajbhuvaji/brain-tumor-classification-mri/Training/pituitary_tumor/p (190).jpg,p (190).jpg,Training,pituitary_tumor,pituitary,10755193349683701816,1426,val
/kaggle/input/datasets/sartajbhuvaji/brain-tumor-classification-mri/Training/pituitary_tumor/p (191).jpg,p (191).jpg,Training,pituitary_tumor,pituitary,9519307138646747169,1444,train
/kaggle/input/datasets/sartajbhuvaji/brain-tumor-classification-mri/Training/pituitary_tumor/p (192).jpg,p (192).jpg,Training,pituitary_tumor,pituitary,10744004556156381225,1444,train
/kaggle/input/datasets/sartajbhuvaji/brain-tumor-classification-mri/Training/pituitary_tumor/p (193).jpg,p (193).jpg,Training,pituitary_tumor,pituitary,10671946962118391905,1444,train
/kaggle/input/datasets/sartajbhuvaji/brain-tumor-classification-mri/Training/pituitary_tumor/p (194).jpg,p (194).jpg,Training,pituitary_tumor,pituitary,10379204191375681576,1427,val
/kaggle/input/datasets/sartajbhuvaji/brain-tumor-classification-mri/Training/pituitary_tumor/p (195).jpg,p (195).jpg,Training,pituitary_tumor,pituitary,10451262059155318832,1444,train
/kaggle/input/datasets/sartajbhuvaji/brain-tumor-classification-mri/Training/pituitary_tumor/p (196).jpg,p (196).jpg,Training,pituitary_tumor,pituitary,10739492297935185968,1444,train
/kaggle/input/datasets/sartajbhuvaji/brain-tumor-classification-mri/Training/pituitary_tumor/p (197).jpg,p (197).jpg,Training,pituitary_tumor,pituitary,10739492297935185968,1444,train
/kaggle/input/datasets/sartajbhuvaji/brain-tumor-classification-mri/Training/pituitary_tumor/p (198).jpg,p (198).jpg,Training,pituitary_tumor,pituitary,9298340417109518385,1444,train
/kaggle/input/datasets/sartajbhuvaji/brain-tumor-classification-mri/Training/pituitary_tumor/p (199).jpg,p (199).jpg,Training,pituitary_tumor,pituitary,9624787605540070445,1428,train
/kaggle/input/datasets/sartajbhuvaji/brain-tumor-classification-mri/Training/pituitary_tumor/p (2).jpg,p (2).jpg,Training,pituitary_tumor,pituitary,10691878772495837206,1429,train
/kaggle/input/datasets/sartajbhuvaji/brain-tumor-classification-mri/Training/pituitary_tumor/p (20).jpg,p (20).jpg,Training,pituitary_tumor,pituitary,13850309523549992115,1430,cal
/kaggle/input/datasets/sartajbhuvaji/brain-tumor-classification-mri/Training/pituitary_tumor/p (200).jpg,p (200).jpg,Training,pituitary_tumor,pituitary,9627041741811770628,1431,train
/kaggle/input/datasets/sartajbhuvaji/brain-tumor-classification-mri/Training/pituitary_tumor/p (201).jpg,p (201).jpg,Training,pituitary_tumor,pituitary,10739781606603565409,1444,train
/kaggle/input/datasets/sartajbhuvaji/brain-tumor-classification-mri/Training/pituitary_tumor/p (202).jpg,p (202).jpg,Training,pituitary_tumor,pituitary,10739426465414211681,1444,train
/kaggle/input/datasets/sartajbhuvaji/brain-tumor-classification-mri/Training/pituitary_tumor/p (203).jpg,p (203).jpg,Training,pituitary_tumor,pituitary,10667408453794810145,1444,train
/kaggle/input/datasets/sartajbhuvaji/brain-tumor-classification-mri/Training/pituitary_tumor/p (204).jpg,p (204).jpg,Training,pituitary_tumor,pituitary,10739535316000458801,1444,train
/kaggle/input/datasets/sartajbhuvaji/brain-tumor-classification-mri/Training/pituitary_tumor/p (205).jpg,p (205).jpg,Training,pituitary_tumor,pituitary,10739535315999942945,1444,train
/kaggle/input/datasets/sartajbhuvaji/brain-tumor-classification-mri/Training/pituitary_tumor/p (206).jpg,p (206).jpg,Training,pituitary_tumor,pituitary,10739530919027222565,1444,train
/kaggle/input/datasets/sartajbhuvaji/brain-tumor-classification-mri/Training/pituitary_tumor/p (207).jpg,p (207).jpg,Training,pituitary_tumor,pituitary,9267096556723794458,1432,test
/kaggle/input/datasets/sartajbhuvaji/brain-tumor-classification-mri/Training/pituitary_tumor/p (208).jpg,p (208).jpg,Training,pituitary_tumor,pituitary,9267940951653118488,1432,test
/kaggle/input/datasets/sartajbhuvaji/brain-tumor-classification-mri/Training/pituitary_tumor/p (209).jpg,p (209).jpg,Training,pituitary_tumor,pituitary,9267097351281195538,1432,test
/kaggle/input/datasets/sartajbhuvaji/brain-tumor-classification-mri/Training/pituitary_tumor/p (21).jpg,p (21).jpg,Training,pituitary_tumor,pituitary,13849746582460970035,1433,train
/kaggle/input/datasets/sartajbhuvaji/brain-tumor-classification-mri/Training/pituitary_tumor/p (210).jpg,p (210).jpg,Training,pituitary_tumor,pituitary,9267941226455530128,1432,test
/kaggle/input/datasets/sartajbhuvaji/brain-tumor-classification-mri/Training/pituitary_tumor/p (211).jpg,p (211).jpg,Training,pituitary_tumor,pituitary,9267940951586009626,1432,test
/kaggle/input/datasets/sartajbhuvaji/brain-tumor-classification-mri/Training/pituitary_tumor/p (212).jpg,p (212).jpg,Training,pituitary_tumor,pituitary,9268222426562716186,1432,test
/kaggle/input/datasets/sartajbhuvaji/brain-tumor-classification-mri/Training/pituitary_tumor/p (213).jpg,p (213).jpg,Training,pituitary_tumor,pituitary,9340288298102051024,1434,train
/kaggle/input/datasets/sartajbhuvaji/brain-tumor-classification-mri/Training/pituitary_tumor/p (214).jpg,p (214).jpg,Training,pituitary_tumor,pituitary,9268228505074405840,1434,train
/kaggle/input/datasets/sartajbhuvaji/brain-tumor-classification-mri/Training/pituitary_tumor/p (215).jpg,p (215).jpg,Training,pituitary_tumor,pituitary,9232199158089930833,1435,train
/kaggle/input/datasets/sartajbhuvaji/brain-tumor-classification-mri/Training/pituitary_tumor/p (216).jpg,p (216).jpg,Training,pituitary_tumor,pituitary,9519306872081948901,1436,train
/kaggle/input/datasets/sartajbhuvaji/brain-tumor-classification-mri/Training/pituitary_tumor/p (217).jpg,p (217).jpg,Training,pituitary_tumor,pituitary,9514556157283344485,1437,train
/kaggle/input/datasets/sartajbhuvaji/brain-tumor-classification-mri/Training/pituitary_tumor/p (218).jpg,p (218).jpg,Training,pituitary_tumor,pituitary,10451305979288035365,1437,train
/kaggle/input/datasets/sartajbhuvaji/brain-tumor-classification-mri/Training/pituitary_tumor/p (219).jpg,p (219).jpg,Training,pituitary_tumor,pituitary,10449054179474350181,1437,train
/kaggle/input/datasets/sartajbhuvaji/brain-tumor-classification-mri/Training/pituitary_tumor/p (22).jpg,p (22).jpg,Training,pituitary_tumor,pituitary,13851998652853400755,1433,train
/kaggle/input/datasets/sartajbhuvaji/brain-tumor-classification-mri/Training/pituitary_tumor/p (220).jpg,p (220).jpg,Training,pituitary_tumor,pituitary,10449018995370696805,1437,train
/kaggle/input/datasets/sartajbhuvaji/brain-tumor-classification-mri/Training/pituitary_tumor/p (221).jpg,p (221).jpg,Training,pituitary_tumor,pituitary,10739495459054758117,1438,train
/kaggle/input/datasets/sartajbhuvaji/brain-tumor-classification-mri/Training/pituitary_tumor/p (222).jpg,p (222).jpg,Training,pituitary_tumor,pituitary,10757549440762978532,1438,train
/kaggle/input/datasets/sartajbhuvaji/brain-tumor-classification-mri/Training/pituitary_tumor/p (223).jpg,p (223).jpg,Training,pituitary_tumor,pituitary,10739534976756293861,1438,train
/kaggle/input/datasets/sartajbhuvaji/brain-tumor-classification-mri/Training/pituitary_tumor/p (224).jpg,p (224).jpg,Training,pituitary_tumor,pituitary,10739500131695010021,1438,train
/kaggle/input/datasets/sartajbhuvaji/brain-tumor-classification-mri/Training/pituitary_tumor/p (225).jpg,p (225).jpg,Training,pituitary_tumor,pituitary,10757443823223251428,1438,train
/kaggle/input/datasets/sartajbhuvaji/brain-tumor-classification-mri/Training/pituitary_tumor/p (226).jpg,p (226).jpg,Training,pituitary_tumor,pituitary,10667723738836904164,1439,train
/kaggle/input/datasets/sartajbhuvaji/brain-tumor-classification-mri/Training/pituitary_tumor/p (227).jpg,p (227).jpg,Training,pituitary_tumor,pituitary,10681159976866046945,1440,val
/kaggle/input/datasets/sartajbhuvaji/brain-tumor-classification-mri/Training/pituitary_tumor/p (228).jpg,p (228).jpg,Training,pituitary_tumor,pituitary,10681164375314161761,1441,train
/kaggle/input/datasets/sartajbhuvaji/brain-tumor-classification-mri/Training/pituitary_tumor/p (229).jpg,p (229).jpg,Training,pituitary_tumor,pituitary,10699175268865550433,1445,train
/kaggle/input/datasets/sartajbhuvaji/brain-tumor-classification-mri/Training/pituitary_tumor/p (23).jpg,p (23).jpg,Training,pituitary_tumor,pituitary,13849763346473103463,1442,train
/kaggle/input/datasets/sartajbhuvaji/brain-tumor-classification-mri/Training/pituitary_tumor/p (230).jpg,p (230).jpg,Training,pituitary_tumor,pituitary,10743934403225870433,1444,train
/kaggle/input/datasets/sartajbhuvaji/brain-tumor-classification-mri/Training/pituitary_tumor/p (231).jpg,p (231).jpg,Training,pituitary_tumor,pituitary,10743930073907275872,1443,train
/kaggle/input/datasets/sartajbhuvaji/brain-tumor-classification-mri/Training/pituitary_tumor/p (232).jpg,p (232).jpg,Training,pituitary_tumor,pituitary,10743934471676962852,1443,train
/kaggle/input/datasets/sartajbhuvaji/brain-tumor-classification-mri/Training/pituitary_tumor/p (233).jpg,p (233).jpg,Training,pituitary_tumor,pituitary,10743969647459108901,1443,train
/kaggle/input/datasets/sartajbhuvaji/brain-tumor-classification-mri/Training/pituitary_tumor/p (234).jpg,p (234).jpg,Training,pituitary_tumor,pituitary,9591012957675931744,1444,train
/kaggle/input/datasets/sartajbhuvaji/brain-tumor-classification-mri/Training/pituitary_tumor/p (235).jpg,p (235).jpg,Training,pituitary_tumor,pituitary,10761944463546861796,1445,train
/kaggle/input/datasets/sartajbhuvaji/brain-tumor-classification-mri/Training/pituitary_tumor/p (236).jpg,p (236).jpg,Training,pituitary_tumor,pituitary,10761948586715474144,1445,train
/kaggle/input/datasets/sartajbhuvaji/brain-tumor-classification-mri/Training/pituitary_tumor/p (237).jpg,p (237).jpg,Training,pituitary_tumor,pituitary,10690172467657386208,1445,train
/kaggle/input/datasets/sartajbhuvaji/brain-tumor-classification-mri/Training/pituitary_tumor/p (238).jpg,p (238).jpg,Training,pituitary_tumor,pituitary,9227690334888159336,1384,train
/kaggle/input/datasets/sartajbhuvaji/brain-tumor-classification-mri/Training/pituitary_tumor/p (239).jpg,p (239).jpg,Training,pituitary_tumor,pituitary,9224312653289241152,1446,train
/kaggle/input/datasets/sartajbhuvaji/brain-tumor-classification-mri/Training/pituitary_tumor/p (24).jpg,p (24).jpg,Training,pituitary_tumor,pituitary,13849763350765970662,1447,train
/kaggle/input/datasets/sartajbhuvaji/brain-tumor-classification-mri/Training/pituitary_tumor/p (240).jpg,p (240).jpg,Training,pituitary_tumor,pituitary,10416640378792183962,1403,train
/kaggle/input/datasets/sartajbhuvaji/brain-tumor-classification-mri/Training/pituitary_tumor/p (241).jpg,p (241).jpg,Training,pituitary_tumor,pituitary,15297051647838855524,1383,train
/kaggle/input/datasets/sartajbhuvaji/brain-tumor-classification-mri/Training/pituitary_tumor/p (242).jpg,p (242).jpg,Training,pituitary_tumor,pituitary,15297051647838857316,1383,train
/kaggle/input/datasets/sartajbhuvaji/brain-tumor-classification-mri/Training/pituitary_tumor/p (243).jpg,p (243).jpg,Training,pituitary_tumor,pituitary,15297051647838857316,1383,train
/kaggle/input/datasets/sartajbhuvaji/brain-tumor-classification-mri/Training/pituitary_tumor/p (244).jpg,p (244).jpg,Training,pituitary_tumor,pituitary,9591030283288076580,1448,val
/kaggle/input/datasets/sartajbhuvaji/brain-tumor-classification-mri/Training/pituitary_tumor/p (245).jpg,p (245).jpg,Training,pituitary_tumor,pituitary,15297086557339724916,1449,train
/kaggle/input/datasets/sartajbhuvaji/brain-tumor-classification-mri/Training/pituitary_tumor/p (246).jpg,p (246).jpg,Training,pituitary_tumor,pituitary,13915607710891925540,1450,train
/kaggle/input/datasets/sartajbhuvaji/brain-tumor-classification-mri/Training/pituitary_tumor/p (247).jpg,p (247).jpg,Training,pituitary_tumor,pituitary,9303939216195412000,1451,train
/kaggle/input/datasets/sartajbhuvaji/brain-tumor-classification-mri/Training/pituitary_tumor/p (248).jpg,p (248).jpg,Training,pituitary_tumor,pituitary,9326455891197519972,1452,cal
/kaggle/input/datasets/sartajbhuvaji/brain-tumor-classification-mri/Training/pituitary_tumor/p (249).jpg,p (249).jpg,Training,pituitary_tumor,pituitary,9312927501244786788,1453,train
/kaggle/input/datasets/sartajbhuvaji/brain-tumor-classification-mri/Training/pituitary_tumor/p (25).jpg,p (25).jpg,Training,pituitary_tumor,pituitary,10463056426688656582,1454,test
/kaggle/input/datasets/sartajbhuvaji/brain-tumor-classification-mri/Training/pituitary_tumor/p (250).jpg,p (250).jpg,Training,pituitary_tumor,pituitary,13836277449587898985,1455,test
/kaggle/input/datasets/sartajbhuvaji/brain-tumor-classification-mri/Training/pituitary_tumor/p (251).jpg,p (251).jpg,Training,pituitary_tumor,pituitary,9259778002205489897,1456,cal
/kaggle/input/datasets/sartajbhuvaji/brain-tumor-classification-mri/Training/pituitary_tumor/p (252).jpg,p (252).jpg,Training,pituitary_tumor,pituitary,9259778002205489897,1456,cal
/kaggle/input/datasets/sartajbhuvaji/brain-tumor-classification-mri/Training/pituitary_tumor/p (253).jpg,p (253).jpg,Training,pituitary_tumor,pituitary,10415793532629355117,1457,train
/kaggle/input/datasets/sartajbhuvaji/brain-tumor-classification-mri/Training/pituitary_tumor/p (254).jpg,p (254).jpg,Training,pituitary_tumor,pituitary,10412699523892514537,1458,val
/kaggle/input/datasets/sartajbhuvaji/brain-tumor-classification-mri/Training/pituitary_tumor/p (255).jpg,p (255).jpg,Training,pituitary_tumor,pituitary,10737521723458484760,1459,test
/kaggle/input/datasets/sartajbhuvaji/brain-tumor-classification-mri/Training/pituitary_tumor/p (256).jpg,p (256).jpg,Training,pituitary_tumor,pituitary,10737240248481421854,1460,train
/kaggle/input/datasets/sartajbhuvaji/brain-tumor-classification-mri/Training/pituitary_tumor/p (257).jpg,p (257).jpg,Training,pituitary_tumor,pituitary,10737240523360377368,1460,train
/kaggle/input/datasets/sartajbhuvaji/brain-tumor-classification-mri/Training/pituitary_tumor/p (258).jpg,p (258).jpg,Training,pituitary_tumor,pituitary,10737241047347174040,1460,train
/kaggle/input/datasets/sartajbhuvaji/brain-tumor-classification-mri/Training/pituitary_tumor/p (259).jpg,p (259).jpg,Training,pituitary_tumor,pituitary,10737240789581961946,1460,train
/kaggle/input/datasets/sartajbhuvaji/brain-tumor-classification-mri/Training/pituitary_tumor/p (26).jpg,p (26).jpg,Training,pituitary_tumor,pituitary,13927952675342401312,1461,train
/kaggle/input/datasets/sartajbhuvaji/brain-tumor-classification-mri/Training/pituitary_tumor/p (260).jpg,p (260).jpg,Training,pituitary_tumor,pituitary,10737240239893256858,1460,train
/kaggle/input/datasets/sartajbhuvaji/brain-tumor-classification-mri/Training/pituitary_tumor/p (261).jpg,p (261).jpg,Training,pituitary_tumor,pituitary,10737521723459377816,1460,train
/kaggle/input/datasets/sartajbhuvaji/brain-tumor-classification-mri/Training/pituitary_tumor/p (262).jpg,p (262).jpg,Training,pituitary_tumor,pituitary,10739492187003693408,1462,test
/kaggle/input/datasets/sartajbhuvaji/brain-tumor-classification-mri/Training/pituitary_tumor/p (263).jpg,p (263).jpg,Training,pituitary_tumor,pituitary,10739422092063697185,1462,test
/kaggle/input/datasets/sartajbhuvaji/brain-tumor-classification-mri/Training/pituitary_tumor/p (264).jpg,p (264).jpg,Training,pituitary_tumor,pituitary,10739430793936396641,1444,train
/kaggle/input/datasets/sartajbhuvaji/brain-tumor-classification-mri/Training/pituitary_tumor/p (265).jpg,p (265).jpg,Training,pituitary_tumor,pituitary,10739500140485437728,1444,train
/kaggle/input/datasets/sartajbhuvaji/brain-tumor-classification-mri/Training/pituitary_tumor/p (266).jpg,p (266).jpg,Training,pituitary_tumor,pituitary,15313728417214134298,1463,train
/kaggle/input/datasets/sartajbhuvaji/brain-tumor-classification-mri/Training/pituitary_tumor/p (267).jpg,p (267).jpg,Training,pituitary_tumor,pituitary,15315980216952322074,1463,train
/kaggle/input/datasets/sartajbhuvaji/brain-tumor-classification-mri/Training/pituitary_tumor/p (268).jpg,p (268).jpg,Training,pituitary_tumor,pituitary,15315984580387428570,1464,train
/kaggle/input/datasets/sartajbhuvaji/brain-tumor-classification-mri/Training/pituitary_tumor/p (269).jpg,p (269).jpg,Training,pituitary_tumor,pituitary,15320483266832267274,1463,train
/kaggle/input/datasets/sartajbhuvaji/brain-tumor-classification-mri/Training/pituitary_tumor/p (27).jpg,p (27).jpg,Training,pituitary_tumor,pituitary,13855895081572642593,1461,train
/kaggle/input/datasets/sartajbhuvaji/brain-tumor-classification-mri/Training/pituitary_tumor/p (270).jpg,p (270).jpg,Training,pituitary_tumor,pituitary,9299755351947683937,1444,train
/kaggle/input/datasets/sartajbhuvaji/brain-tumor-classification-mri/Training/pituitary_tumor/p (271).jpg,p (271).jpg,Training,pituitary_tumor,pituitary,9304258951038183521,1444,train
/kaggle/input/datasets/sartajbhuvaji/brain-tumor-classification-mri/Training/pituitary_tumor/p (272).jpg,p (272).jpg,Training,pituitary_tumor,pituitary,9303977476054141025,1444,train
/kaggle/input/datasets/sartajbhuvaji/brain-tumor-classification-mri/Training/pituitary_tumor/p (273).jpg,p (273).jpg,Training,pituitary_tumor,pituitary,9304258951038183461,1444,train
/kaggle/input/datasets/sartajbhuvaji/brain-tumor-classification-mri/Training/pituitary_tumor/p (274).jpg,p (274).jpg,Training,pituitary_tumor,pituitary,9303977476598343777,1444,train
/kaggle/input/datasets/sartajbhuvaji/brain-tumor-classification-mri/Training/pituitary_tumor/p (275).jpg,p (275).jpg,Training,pituitary_tumor,pituitary,9303968680505321573,1444,train
/kaggle/input/datasets/sartajbhuvaji/brain-tumor-classification-mri/Training/pituitary_tumor/p (276).jpg,p (276).jpg,Training,pituitary_tumor,pituitary,9333163861174286401,1465,train
/kaggle/input/datasets/sartajbhuvaji/brain-tumor-classification-mri/Training/pituitary_tumor/p (277).jpg,p (277).jpg,Training,pituitary_tumor,pituitary,9337667460802559040,1465,train
/kaggle/input/datasets/sartajbhuvaji/brain-tumor-classification-mri/Training/pituitary_tumor/p (278).jpg,p (278).jpg,Training,pituitary_tumor,pituitary,9337737829528580180,1466,train
/kaggle/input/datasets/sartajbhuvaji/brain-tumor-classification-mri/Training/pituitary_tumor/p (279).jpg,p (279).jpg,Training,pituitary_tumor,pituitary,9337729033435509276,1466,train
/kaggle/input/datasets/sartajbhuvaji/brain-tumor-classification-mri/Training/pituitary_tumor/p (28).jpg,p (28).jpg,Training,pituitary_tumor,pituitary,13855903877665662753,1461,train
/kaggle/input/datasets/sartajbhuvaji/brain-tumor-classification-mri/Training/pituitary_tumor/p (280).jpg,p (280).jpg,Training,pituitary_tumor,pituitary,9336893438924567320,1467,train
/kaggle/input/datasets/sartajbhuvaji/brain-tumor-classification-mri/Training/pituitary_tumor/p (281).jpg,p (281).jpg,Training,pituitary_tumor,pituitary,9332337062705511248,1468,train
/kaggle/input/datasets/sartajbhuvaji/brain-tumor-classification-mri/Training/pituitary_tumor/p (282).jpg,p (282).jpg,Training,pituitary_tumor,pituitary,9621693339703590096,1469,train
/kaggle/input/datasets/sartajbhuvaji/brain-tumor-classification-mri/Training/pituitary_tumor/p (283).jpg,p (283).jpg,Training,pituitary_tumor,pituitary,10743946287207430500,1470,train
/kaggle/input/datasets/sartajbhuvaji/brain-tumor-classification-mri/Training/pituitary_tumor/p (284).jpg,p (284).jpg,Training,pituitary_tumor,pituitary,9262030161654520528,1471,train
/kaggle/input/datasets/sartajbhuvaji/brain-tumor-classification-mri/Training/pituitary_tumor/p (285).jpg,p (285).jpg,Training,pituitary_tumor,pituitary,9262030024273697418,1472,train
/kaggle/input/datasets/sartajbhuvaji/brain-tumor-classification-mri/Training/pituitary_tumor/p (286).jpg,p (286).jpg,Training,pituitary_tumor,pituitary,9262875278178523858,1473,train
/kaggle/input/datasets/sartajbhuvaji/brain-tumor-classification-mri/Training/pituitary_tumor/p (287).jpg,p (287).jpg,Training,pituitary_tumor,pituitary,9262875278178523858,1473,train
/kaggle/input/datasets/sartajbhuvaji/brain-tumor-classification-mri/Training/pituitary_tumor/p (288).jpg,p (288).jpg,Training,pituitary_tumor,pituitary,9263437403502418578,1473,train
/kaggle/input/datasets/sartajbhuvaji/brain-tumor-classification-mri/Training/pituitary_tumor/p (289).jpg,p (289).jpg,Training,pituitary_tumor,pituitary,9263438193776531602,1473,train
/kaggle/input/datasets/sartajbhuvaji/brain-tumor-classification-mri/Training/pituitary_tumor/p (29).jpg,p (29).jpg,Training,pituitary_tumor,pituitary,13862127121774949747,1474,val
/kaggle/input/datasets/sartajbhuvaji/brain-tumor-classification-mri/Training/pituitary_tumor/p (290).jpg,p (290).jpg,Training,pituitary_tumor,pituitary,9263719527015140050,1570,train
/kaggle/input/datasets/sartajbhuvaji/brain-tumor-classification-mri/Training/pituitary_tumor/p (291).jpg,p (291).jpg,Training,pituitary_tumor,pituitary,9262593661434481370,1570,train
/kaggle/input/datasets/sartajbhuvaji/brain-tumor-classification-mri/Training/pituitary_tumor/p (292).jpg,p (292).jpg,Training,pituitary_tumor,pituitary,9267096986188126746,1475,train
/kaggle/input/datasets/sartajbhuvaji/brain-tumor-classification-mri/Training/pituitary_tumor/p (293).jpg,p (293).jpg,Training,pituitary_tumor,pituitary,10791213070491533006,1476,test
/kaggle/input/datasets/sartajbhuvaji/brain-tumor-classification-mri/Training/pituitary_tumor/p (294).jpg,p (294).jpg,Training,pituitary_tumor,pituitary,10791211593161195038,1477,train
/kaggle/input/datasets/sartajbhuvaji/brain-tumor-classification-mri/Training/pituitary_tumor/p (295).jpg,p (295).jpg,Training,pituitary_tumor,pituitary,10791211593157270238,1477,train
/kaggle/input/datasets/sartajbhuvaji/brain-tumor-classification-mri/Training/pituitary_tumor/p (296).jpg,p (296).jpg,Training,pituitary_tumor,pituitary,10791211593224121294,1477,train
/kaggle/input/datasets/sartajbhuvaji/brain-tumor-classification-mri/Training/pituitary_tumor/p (297).jpg,p (297).jpg,Training,pituitary_tumor,pituitary,10791211593228299726,1477,train
/kaggle/input/datasets/sartajbhuvaji/brain-tumor-classification-mri/Training/pituitary_tumor/p (298).jpg,p (298).jpg,Training,pituitary_tumor,pituitary,10791211593235644174,1477,train
/kaggle/input/datasets/sartajbhuvaji/brain-tumor-classification-mri/Training/pituitary_tumor/p (299).jpg,p (299).jpg,Training,pituitary_tumor,pituitary,10719153994835639934,1477,train
/kaggle/input/datasets/sartajbhuvaji/brain-tumor-classification-mri/Training/pituitary_tumor/p (3).jpg,p (3).jpg,Training,pituitary_tumor,pituitary,9250709299551156282,1478,train
/kaggle/input/datasets/sartajbhuvaji/brain-tumor-classification-mri/Training/pituitary_tumor/p (30).jpg,p (30).jpg,Training,pituitary_tumor,pituitary,15015611576335218019,1474,val
/kaggle/input/datasets/sartajbhuvaji/brain-tumor-classification-mri/Training/pituitary_tumor/p (300).jpg,p (300).jpg,Training,pituitary_tumor,pituitary,10719434645512076910,1479,train
/kaggle/input/datasets/sartajbhuvaji/brain-tumor-classification-mri/Training/pituitary_tumor/p (301).jpg,p (301).jpg,Training,pituitary_tumor,pituitary,10667710565024082996,1480,train
/kaggle/input/datasets/sartajbhuvaji/brain-tumor-classification-mri/Training/pituitary_tumor/p (302).jpg,p (302).jpg,Training,pituitary_tumor,pituitary,10667719291848714300,1481,train
/kaggle/input/datasets/sartajbhuvaji/brain-tumor-classification-mri/Training/pituitary_tumor/p (303).jpg,p (303).jpg,Training,pituitary_tumor,pituitary,10667719291848714300,1481,train
/kaggle/input/datasets/sartajbhuvaji/brain-tumor-classification-mri/Training/pituitary_tumor/p (304).jpg,p (304).jpg,Training,pituitary_tumor,pituitary,10667437816892966972,1481,train
/kaggle/input/datasets/sartajbhuvaji/brain-tumor-classification-mri/Training/pituitary_tumor/p (305).jpg,p (305).jpg,Training,pituitary_tumor,pituitary,10667719275205979184,1481,train
/kaggle/input/datasets/sartajbhuvaji/brain-tumor-classification-mri/Training/pituitary_tumor/p (306).jpg,p (306).jpg,Training,pituitary_tumor,pituitary,10667719291932600356,1481,train
/kaggle/input/datasets/sartajbhuvaji/brain-tumor-classification-mri/Training/pituitary_tumor/p (307).jpg,p (307).jpg,Training,pituitary_tumor,pituitary,10667719288186546228,1480,train
/kaggle/input/datasets/sartajbhuvaji/brain-tumor-classification-mri/Training/pituitary_tumor/p (308).jpg,p (308).jpg,Training,pituitary_tumor,pituitary,10667437821732399156,1480,train
/kaggle/input/datasets/sartajbhuvaji/brain-tumor-classification-mri/Training/pituitary_tumor/p (309).jpg,p (309).jpg,Training,pituitary_tumor,pituitary,10667719283891005616,1482,val
/kaggle/input/datasets/sartajbhuvaji/brain-tumor-classification-mri/Training/pituitary_tumor/p (31).jpg,p (31).jpg,Training,pituitary_tumor,pituitary,10403995926923324707,1483,train
/kaggle/input/datasets/sartajbhuvaji/brain-tumor-classification-mri/Training/pituitary_tumor/p (310).jpg,p (310).jpg,Training,pituitary_tumor,pituitary,10376952548795767450,1484,train
/kaggle/input/datasets/sartajbhuvaji/brain-tumor-classification-mri/Training/pituitary_tumor/p (311).jpg,p (311).jpg,Training,pituitary_tumor,pituitary,10379204348609448602,1484,train
/kaggle/input/datasets/sartajbhuvaji/brain-tumor-classification-mri/Training/pituitary_tumor/p (312).jpg,p (312).jpg,Training,pituitary_tumor,pituitary,10379204056563206810,1484,train
/kaggle/input/datasets/sartajbhuvaji/brain-tumor-classification-mri/Training/pituitary_tumor/p (313).jpg,p (313).jpg,Training,pituitary_tumor,pituitary,10761926527834470624,1485,train
/kaggle/input/datasets/sartajbhuvaji/brain-tumor-classification-mri/Training/pituitary_tumor/p (314).jpg,p (314).jpg,Training,pituitary_tumor,pituitary,10761917731738298604,1485,train
/kaggle/input/datasets/sartajbhuvaji/brain-tumor-classification-mri/Training/pituitary_tumor/p (315).jpg,p (315).jpg,Training,pituitary_tumor,pituitary,15373602525298886776,1486,train
/kaggle/input/datasets/sartajbhuvaji/brain-tumor-classification-mri/Training/pituitary_tumor/p (316).jpg,p (316).jpg,Training,pituitary_tumor,pituitary,10761917602087898360,1486,train
/kaggle/input/datasets/sartajbhuvaji/brain-tumor-classification-mri/Training/pituitary_tumor/p (317).jpg,p (317).jpg,Training,pituitary_tumor,pituitary,10689860000197459192,1487,cal
/kaggle/input/datasets/sartajbhuvaji/brain-tumor-classification-mri/Training/pituitary_tumor/p (318).jpg,p (318).jpg,Training,pituitary_tumor,pituitary,14130984034023639642,1488,train
/kaggle/input/datasets/sartajbhuvaji/brain-tumor-classification-mri/Training/pituitary_tumor/p (319).jpg,p (319).jpg,Training,pituitary_tumor,pituitary,15315426479437400138,1489,train
/kaggle/input/datasets/sartajbhuvaji/brain-tumor-classification-mri/Training/pituitary_tumor/p (32).jpg,p (32).jpg,Training,pituitary_tumor,pituitary,10403995926646500659,1483,train
/kaggle/input/datasets/sartajbhuvaji/brain-tumor-classification-mri/Training/pituitary_tumor/p (320).jpg,p (320).jpg,Training,pituitary_tumor,pituitary,15027199539259787274,1490,test
/kaggle/input/datasets/sartajbhuvaji/brain-tumor-classification-mri/Training/pituitary_tumor/p (321).jpg,p (321).jpg,Training,pituitary_tumor,pituitary,15031703959225641034,1491,train
/kaggle/input/datasets/sartajbhuvaji/brain-tumor-classification-mri/Training/pituitary_tumor/p (322).jpg,p (322).jpg,Training,pituitary_tumor,pituitary,14995670768530630666,1491,train
/kaggle/input/datasets/sartajbhuvaji/brain-tumor-classification-mri/Training/pituitary_tumor/p (323).jpg,p (323).jpg,Training,pituitary_tumor,pituitary,10774109476037740786,1492,val
/kaggle/input/datasets/sartajbhuvaji/brain-tumor-classification-mri/Training/pituitary_tumor/p (324).jpg,p (324).jpg,Training,pituitary_tumor,pituitary,10702618955131259538,1403,train
/kaggle/input/datasets/sartajbhuvaji/brain-tumor-classification-mri/Training/pituitary_tumor/p (325).jpg,p (325).jpg,Training,pituitary_tumor,pituitary,10416639279278459610,1403,train
/kaggle/input/datasets/sartajbhuvaji/brain-tumor-classification-mri/Training/pituitary_tumor/p (326).jpg,p (326).jpg,Training,pituitary_tumor,pituitary,14991104634668658020,1500,train
/kaggle/input/datasets/sartajbhuvaji/brain-tumor-classification-mri/Training/pituitary_tumor/p (327).jpg,p (327).jpg,Training,pituitary_tumor,pituitary,14990846228017196068,1837,test
/kaggle/input/datasets/sartajbhuvaji/brain-tumor-classification-mri/Training/pituitary_tumor/p (328).jpg,p (328).jpg,Training,pituitary_tumor,pituitary,13847208930871880740,1493,train
/kaggle/input/datasets/sartajbhuvaji/brain-tumor-classification-mri/Training/pituitary_tumor/p (329).jpg,p (329).jpg,Training,pituitary_tumor,pituitary,13928259706414703720,1494,cal
/kaggle/input/datasets/sartajbhuvaji/brain-tumor-classification-mri/Training/pituitary_tumor/p (33).jpg,p (33).jpg,Training,pituitary_tumor,pituitary,9320865910999310881,1495,train
/kaggle/input/datasets/sartajbhuvaji/brain-tumor-classification-mri/Training/pituitary_tumor/p (330).jpg,p (330).jpg,Training,pituitary_tumor,pituitary,13856184520122592556,1496,train
/kaggle/input/datasets/sartajbhuvaji/brain-tumor-classification-mri/Training/pituitary_tumor/p (331).jpg,p (331).jpg,Training,pituitary_tumor,pituitary,13838171307040451656,1497,cal
/kaggle/input/datasets/sartajbhuvaji/brain-tumor-classification-mri/Training/pituitary_tumor/p (332).jpg,p (332).jpg,Training,pituitary_tumor,pituitary,13873636929765588072,1498,train
/kaggle/input/datasets/sartajbhuvaji/brain-tumor-classification-mri/Training/pituitary_tumor/p (333).jpg,p (333).jpg,Training,pituitary_tumor,pituitary,13874762829655914540,1498,train
/kaggle/input/datasets/sartajbhuvaji/brain-tumor-classification-mri/Training/pituitary_tumor/p (334).jpg,p (334).jpg,Training,pituitary_tumor,pituitary,13892789340197493033,1499,train
/kaggle/input/datasets/sartajbhuvaji/brain-tumor-classification-mri/Training/pituitary_tumor/p (335).jpg,p (335).jpg,Training,pituitary_tumor,pituitary,14992265650434549028,1500,train
/kaggle/input/datasets/sartajbhuvaji/brain-tumor-classification-mri/Training/pituitary_tumor/p (336).jpg,p (336).jpg,Training,pituitary_tumor,pituitary,14992265650501657636,1500,train
/kaggle/input/datasets/sartajbhuvaji/brain-tumor-classification-mri/Training/pituitary_tumor/p (337).jpg,p (337).jpg,Training,pituitary_tumor,pituitary,14992248058315548980,1500,train
/kaggle/input/datasets/sartajbhuvaji/brain-tumor-classification-mri/Training/pituitary_tumor/p (338).jpg,p (338).jpg,Training,pituitary_tumor,pituitary,14132095760824035369,1501,train
/kaggle/input/datasets/sartajbhuvaji/brain-tumor-classification-mri/Training/pituitary_tumor/p (339).jpg,p (339).jpg,Training,pituitary_tumor,pituitary,15280531257989556265,1501,train
/kaggle/input/datasets/sartajbhuvaji/brain-tumor-classification-mri/Training/pituitary_tumor/p (34).jpg,p (34).jpg,Training,pituitary_tumor,pituitary,9320865910730860069,1495,train
/kaggle/input/datasets/sartajbhuvaji/brain-tumor-classification-mri/Training/pituitary_tumor/p (340).jpg,p (340).jpg,Training,pituitary_tumor,pituitary,9303995309273261985,1502,val
/kaggle/input/datasets/sartajbhuvaji/brain-tumor-classification-mri/Training/pituitary_tumor/p (341).jpg,p (341).jpg,Training,pituitary_tumor,pituitary,13915698954230571301,1503,train
/kaggle/input/datasets/sartajbhuvaji/brain-tumor-classification-mri/Training/pituitary_tumor/p (342).jpg,p (342).jpg,Training,pituitary_tumor,pituitary,13843641359135681569,1504,train
/kaggle/input/datasets/sartajbhuvaji/brain-tumor-classification-mri/Training/pituitary_tumor/p (343).jpg,p (343).jpg,Training,pituitary_tumor,pituitary,13911126084590513313,1505,train
/kaggle/input/datasets/sartajbhuvaji/brain-tumor-classification-mri/Training/pituitary_tumor/p (344).jpg,p (344).jpg,Training,pituitary_tumor,pituitary,13839068490539089025,1506,val
/kaggle/input/datasets/sartajbhuvaji/brain-tumor-classification-mri/Training/pituitary_tumor/p (345).jpg,p (345).jpg,Training,pituitary_tumor,pituitary,13839033322808356504,1507,train
/kaggle/input/datasets/sartajbhuvaji/brain-tumor-classification-mri/Training/pituitary_tumor/p (346).jpg,p (346).jpg,Training,pituitary_tumor,pituitary,14992252473286341552,1508,train
/kaggle/input/datasets/sartajbhuvaji/brain-tumor-classification-mri/Training/pituitary_tumor/p (347).jpg,p (347).jpg,Training,pituitary_tumor,pituitary,14992252490465159064,1508,train
/kaggle/input/datasets/sartajbhuvaji/brain-tumor-classification-mri/Training/pituitary_tumor/p (348).jpg,p (348).jpg,Training,pituitary_tumor,pituitary,14992252524808120048,1508,train
/kaggle/input/datasets/sartajbhuvaji/brain-tumor-classification-mri/Training/pituitary_tumor/p (349).jpg,p (349).jpg,Training,pituitary_tumor,pituitary,15009212405767223008,1509,train
/kaggle/input/datasets/sartajbhuvaji/brain-tumor-classification-mri/Training/pituitary_tumor/p (35).jpg,p (35).jpg,Training,pituitary_tumor,pituitary,9320865910730813989,1495,train
/kaggle/input/datasets/sartajbhuvaji/brain-tumor-classification-mri/Training/pituitary_tumor/p (350).jpg,p (350).jpg,Training,pituitary_tumor,pituitary,13838276515535797348,1510,test
/kaggle/input/datasets/sartajbhuvaji/brain-tumor-classification-mri/Training/pituitary_tumor/p (351).jpg,p (351).jpg,Training,pituitary_tumor,pituitary,13837712453185977452,1510,test
/kaggle/input/datasets/sartajbhuvaji/brain-tumor-classification-mri/Training/pituitary_tumor/p (352).jpg,p (352).jpg,Training,pituitary_tumor,pituitary,13838276515485596684,1510,test
/kaggle/input/datasets/sartajbhuvaji/brain-tumor-classification-mri/Training/pituitary_tumor/p (353).jpg,p (353).jpg,Training,pituitary_tumor,pituitary,13855902790958474800,1511,cal
/kaggle/input/datasets/sartajbhuvaji/brain-tumor-classification-mri/Training/pituitary_tumor/p (354).jpg,p (354).jpg,Training,pituitary_tumor,pituitary,13855903890264569384,1512,train
/kaggle/input/datasets/sartajbhuvaji/brain-tumor-classification-mri/Training/pituitary_tumor/p (355).jpg,p (355).jpg,Training,pituitary_tumor,pituitary,15008824295357772856,1513,train
/kaggle/input/datasets/sartajbhuvaji/brain-tumor-classification-mri/Training/pituitary_tumor/p (356).jpg,p (356).jpg,Training,pituitary_tumor,pituitary,15045411644283632745,1514,train
/kaggle/input/datasets/sartajbhuvaji/brain-tumor-classification-mri/Training/pituitary_tumor/p (357).jpg,p (357).jpg,Training,pituitary_tumor,pituitary,13911071809610869656,1515,train
/kaggle/input/datasets/sartajbhuvaji/brain-tumor-classification-mri/Training/pituitary_tumor/p (358).jpg,p (358).jpg,Training,pituitary_tumor,pituitary,13911073046561448648,1515,train
/kaggle/input/datasets/sartajbhuvaji/brain-tumor-classification-mri/Training/pituitary_tumor/p (359).jpg,p (359).jpg,Training,pituitary_tumor,pituitary,13908817414626114248,1516,test
/kaggle/input/datasets/sartajbhuvaji/brain-tumor-classification-mri/Training/pituitary_tumor/p (36).jpg,p (36).jpg,Training,pituitary_tumor,pituitary,9320865979450286629,1495,train
/kaggle/input/datasets/sartajbhuvaji/brain-tumor-classification-mri/Training/pituitary_tumor/p (360).jpg,p (360).jpg,Training,pituitary_tumor,pituitary,13855073058663328456,1517,train
/kaggle/input/datasets/sartajbhuvaji/brain-tumor-classification-mri/Training/pituitary_tumor/p (361).jpg,p (361).jpg,Training,pituitary_tumor,pituitary,9232232147847227841,1518,train
/kaggle/input/datasets/sartajbhuvaji/brain-tumor-classification-mri/Training/pituitary_tumor/p (362).jpg,p (362).jpg,Training,pituitary_tumor,pituitary,15045131956014034252,1519,train
/kaggle/input/datasets/sartajbhuvaji/brain-tumor-classification-mri/Training/pituitary_tumor/p (363).jpg,p (363).jpg,Training,pituitary_tumor,pituitary,15045130856536223048,1519,train
/kaggle/input/datasets/sartajbhuvaji/brain-tumor-classification-mri/Training/pituitary_tumor/p (364).jpg,p (364).jpg,Training,pituitary_tumor,pituitary,15042879065248509720,1520,train
/kaggle/input/datasets/sartajbhuvaji/brain-tumor-classification-mri/Training/pituitary_tumor/p (365).jpg,p (365).jpg,Training,pituitary_tumor,pituitary,15027116466518966056,1521,train
/kaggle/input/datasets/sartajbhuvaji/brain-tumor-classification-mri/Training/pituitary_tumor/p (366).jpg,p (366).jpg,Training,pituitary_tumor,pituitary,15028032153000820552,1522,test
/kaggle/input/datasets/sartajbhuvaji/brain-tumor-classification-mri/Training/pituitary_tumor/p (367).jpg,p (367).jpg,Training,pituitary_tumor,pituitary,9335749586518031136,1523,train
/kaggle/input/datasets/sartajbhuvaji/brain-tumor-classification-mri/Training/pituitary_tumor/p (368).jpg,p (368).jpg,Training,pituitary_tumor,pituitary,9335745188471520048,1523,train
/kaggle/input/datasets/sartajbhuvaji/brain-tumor-classification-mri/Training/pituitary_tumor/p (369).jpg,p (369).jpg,Training,pituitary_tumor,pituitary,9263656885423713120,1524,val
/kaggle/input/datasets/sartajbhuvaji/brain-tumor-classification-mri/Training/pituitary_tumor/p (37).jpg,p (37).jpg,Training,pituitary_tumor,pituitary,9320865910740247077,1495,train
/kaggle/input/datasets/sartajbhuvaji/brain-tumor-classification-mri/Training/pituitary_tumor/p (370).jpg,p (370).jpg,Training,pituitary_tumor,pituitary,13875342903851101024,1524,val
/kaggle/input/datasets/sartajbhuvaji/brain-tumor-classification-mri/Training/pituitary_tumor/p (371).jpg,p (371).jpg,Training,pituitary_tumor,pituitary,13875342629511109232,1525,test
/kaggle/input/datasets/sartajbhuvaji/brain-tumor-classification-mri/Training/pituitary_tumor/p (372).jpg,p (372).jpg,Training,pituitary_tumor,pituitary,13875338248371841912,1526,cal
/kaggle/input/datasets/sartajbhuvaji/brain-tumor-classification-mri/Training/pituitary_tumor/p (373).jpg,p (373).jpg,Training,pituitary_tumor,pituitary,13875338248405527256,1526,cal
/kaggle/input/datasets/sartajbhuvaji/brain-tumor-classification-mri/Training/pituitary_tumor/p (374).jpg,p (374).jpg,Training,pituitary_tumor,pituitary,13860403096140215344,1837,test
/kaggle/input/datasets/sartajbhuvaji/brain-tumor-classification-mri/Training/pituitary_tumor/p (375).jpg,p (375).jpg,Training,pituitary_tumor,pituitary,13860403096140739632,1837,test
/kaggle/input/datasets/sartajbhuvaji/brain-tumor-classification-mri/Training/pituitary_tumor/p (376).jpg,p (376).jpg,Training,pituitary_tumor,pituitary,13860403087551069216,1837,test
/kaggle/input/datasets/sartajbhuvaji/brain-tumor-classification-mri/Training/pituitary_tumor/p (377).jpg,p (377).jpg,Training,pituitary_tumor,pituitary,13860401988072470564,1837,test
/kaggle/input/datasets/sartajbhuvaji/brain-tumor-classification-mri/Training/pituitary_tumor/p (378).jpg,p (378).jpg,Training,pituitary_tumor,pituitary,13932459582118771748,1837,test
/kaggle/input/datasets/sartajbhuvaji/brain-tumor-classification-mri/Training/pituitary_tumor/p (379).jpg,p (379).jpg,Training,pituitary_tumor,pituitary,14148913701770050788,1527,val
/kaggle/input/datasets/sartajbhuvaji/brain-tumor-classification-mri/Training/pituitary_tumor/p (38).jpg,p (38).jpg,Training,pituitary_tumor,pituitary,9320865927919460513,1528,train
/kaggle/input/datasets/sartajbhuvaji/brain-tumor-classification-mri/Training/pituitary_tumor/p (380).jpg,p (380).jpg,Training,pituitary_tumor,pituitary,14148913684590181860,1527,val
/kaggle/input/datasets/sartajbhuvaji/brain-tumor-classification-mri/Training/pituitary_tumor/p (381).jpg,p (381).jpg,Training,pituitary_tumor,pituitary,13855939328040315952,1837,test
/kaggle/input/datasets/sartajbhuvaji/brain-tumor-classification-mri/Training/pituitary_tumor/p (382).jpg,p (382).jpg,Training,pituitary_tumor,pituitary,13855934672329321520,1837,test
/kaggle/input/datasets/sartajbhuvaji/brain-tumor-classification-mri/Training/pituitary_tumor/p (383).jpg,p (383).jpg,Training,pituitary_tumor,pituitary,15008860557802810416,1837,test
/kaggle/input/datasets/sartajbhuvaji/brain-tumor-classification-mri/Training/pituitary_tumor/p (384).jpg,p (384).jpg,Training,pituitary_tumor,pituitary,15008856159756299568,1837,test
/kaggle/input/datasets/sartajbhuvaji/brain-tumor-classification-mri/Training/pituitary_tumor/p (385).jpg,p (385).jpg,Training,pituitary_tumor,pituitary,15009137634933288116,1529,train
/kaggle/input/datasets/sartajbhuvaji/brain-tumor-classification-mri/Training/pituitary_tumor/p (386).jpg,p (386).jpg,Training,pituitary_tumor,pituitary,14256232174398545505,1530,train
/kaggle/input/datasets/sartajbhuvaji/brain-tumor-classification-mri/Training/pituitary_tumor/p (387).jpg,p (387).jpg,Training,pituitary_tumor,pituitary,14991968009004065904,1531,train
/kaggle/input/datasets/sartajbhuvaji/brain-tumor-classification-mri/Training/pituitary_tumor/p (388).jpg,p (388).jpg,Training,pituitary_tumor,pituitary,13911103819547225188,896,train
/kaggle/input/datasets/sartajbhuvaji/brain-tumor-classification-mri/Training/pituitary_tumor/p (389).jpg,p (389).jpg,Training,pituitary_tumor,pituitary,13911103819547225188,896,train
/kaggle/input/datasets/sartajbhuvaji/brain-tumor-classification-mri/Training/pituitary_tumor/p (39).jpg,p (39).jpg,Training,pituitary_tumor,pituitary,9320867023127586913,1532,test
/kaggle/input/datasets/sartajbhuvaji/brain-tumor-classification-mri/Training/pituitary_tumor/p (390).jpg,p (390).jpg,Training,pituitary_tumor,pituitary,13839046156554955825,1533,train
/kaggle/input/datasets/sartajbhuvaji/brain-tumor-classification-mri/Training/pituitary_tumor/p (391).jpg,p (391).jpg,Training,pituitary_tumor,pituitary,9609027271319446053,1534,cal
/kaggle/input/datasets/sartajbhuvaji/brain-tumor-classification-mri/Training/pituitary_tumor/p (392).jpg,p (392).jpg,Training,pituitary_tumor,pituitary,9609027013621408301,1534,cal
/kaggle/input/datasets/sartajbhuvaji/brain-tumor-classification-mri/Training/pituitary_tumor/p (393).jpg,p (393).jpg,Training,pituitary_tumor,pituitary,9609027288230879789,1534,cal
/kaggle/input/datasets/sartajbhuvaji/brain-tumor-classification-mri/Training/pituitary_tumor/p (394).jpg,p (394).jpg,Training,pituitary_tumor,pituitary,9609027288499315244,1534,cal
/kaggle/input/datasets/sartajbhuvaji/brain-tumor-classification-mri/Training/pituitary_tumor/p (395).jpg,p (395).jpg,Training,pituitary_tumor,pituitary,9645055673210071085,1534,cal
/kaggle/input/datasets/sartajbhuvaji/brain-tumor-classification-mri/Training/pituitary_tumor/p (396).jpg,p (396).jpg,Training,pituitary_tumor,pituitary,14179946854783851565,1535,train
/kaggle/input/datasets/sartajbhuvaji/brain-tumor-classification-mri/Training/pituitary_tumor/p (397).jpg,p (397).jpg,Training,pituitary_tumor,pituitary,14179946854750326329,1536,val
/kaggle/input/datasets/sartajbhuvaji/brain-tumor-classification-mri/Training/pituitary_tumor/p (398).jpg,p (398).jpg,Training,pituitary_tumor,pituitary,14256508065058088473,1537,train
/kaggle/input/datasets/sartajbhuvaji/brain-tumor-classification-mri/Training/pituitary_tumor/p (399).jpg,p (399).jpg,Training,pituitary_tumor,pituitary,14992283295028556128,1538,train
/kaggle/input/datasets/sartajbhuvaji/brain-tumor-classification-mri/Training/pituitary_tumor/p (4).jpg,p (4).jpg,Training,pituitary_tumor,pituitary,13862958267931965490,1478,train
/kaggle/input/datasets/sartajbhuvaji/brain-tumor-classification-mri/Training/pituitary_tumor/p (40).jpg,p (40).jpg,Training,pituitary_tumor,pituitary,10385118601494948248,1539,train
/kaggle/input/datasets/sartajbhuvaji/brain-tumor-classification-mri/Training/pituitary_tumor/p (400).jpg,p (400).jpg,Training,pituitary_tumor,pituitary,14992230465857070436,1500,train
/kaggle/input/datasets/sartajbhuvaji/brain-tumor-classification-mri/Training/pituitary_tumor/p (401).jpg,p (401).jpg,Training,pituitary_tumor,pituitary,14990807422932422124,1540,train
/kaggle/input/datasets/sartajbhuvaji/brain-tumor-classification-mri/Training/pituitary_tumor/p (402).jpg,p (402).jpg,Training,pituitary_tumor,pituitary,11567310444422375962,1747,test
/kaggle/input/datasets/sartajbhuvaji/brain-tumor-classification-mri/Training/pituitary_tumor/p (403).jpg,p (403).jpg,Training,pituitary_tumor,pituitary,9260341535301843506,1747,test
/kaggle/input/datasets/sartajbhuvaji/brain-tumor-classification-mri/Training/pituitary_tumor/p (404).jpg,p (404).jpg,Training,pituitary_tumor,pituitary,9550261225063403610,1541,train
/kaggle/input/datasets/sartajbhuvaji/brain-tumor-classification-mri/Training/pituitary_tumor/p (405).jpg,p (405).jpg,Training,pituitary_tumor,pituitary,9262030711577450522,1542,val
/kaggle/input/datasets/sartajbhuvaji/brain-tumor-classification-mri/Training/pituitary_tumor/p (406).jpg,p (406).jpg,Training,pituitary_tumor,pituitary,9262030677217712346,1542,val
/kaggle/input/datasets/sartajbhuvaji/brain-tumor-classification-mri/Training/pituitary_tumor/p (407).jpg,p (407).jpg,Training,pituitary_tumor,pituitary,9261758032609876186,1542,val
/kaggle/input/datasets/sartajbhuvaji/brain-tumor-classification-mri/Training/pituitary_tumor/p (408).jpg,p (408).jpg,Training,pituitary_tumor,pituitary,9261758032609876186,1542,val
/kaggle/input/datasets/sartajbhuvaji/brain-tumor-classification-mri/Training/pituitary_tumor/p (409).jpg,p (409).jpg,Training,pituitary_tumor,pituitary,10667725043626237996,1444,train
/kaggle/input/datasets/sartajbhuvaji/brain-tumor-classification-mri/Training/pituitary_tumor/p (41).jpg,p (41).jpg,Training,pituitary_tumor,pituitary,10421147948267759641,1543,train
/kaggle/input/datasets/sartajbhuvaji/brain-tumor-classification-mri/Training/pituitary_tumor/p (410).jpg,p (410).jpg,Training,pituitary_tumor,pituitary,10739536140691400716,1444,train
/kaggle/input/datasets/sartajbhuvaji/brain-tumor-classification-mri/Training/pituitary_tumor/p (411).jpg,p (411).jpg,Training,pituitary_tumor,pituitary,10739501230594811940,1444,train
/kaggle/input/datasets/sartajbhuvaji/brain-tumor-classification-mri/Training/pituitary_tumor/p (412).jpg,p (412).jpg,Training,pituitary_tumor,pituitary,10739536414966368356,1444,train
/kaggle/input/datasets/sartajbhuvaji/brain-tumor-classification-mri/Training/pituitary_tumor/p (413).jpg,p (413).jpg,Training,pituitary_tumor,pituitary,10739500131619530796,1444,train
/kaggle/input/datasets/sartajbhuvaji/brain-tumor-classification-mri/Training/pituitary_tumor/p (414).jpg,p (414).jpg,Training,pituitary_tumor,pituitary,10667725112068892708,1444,train
/kaggle/input/datasets/sartajbhuvaji/brain-tumor-classification-mri/Training/pituitary_tumor/p (415).jpg,p (415).jpg,Training,pituitary_tumor,pituitary,9264844642012117642,1544,train
/kaggle/input/datasets/sartajbhuvaji/brain-tumor-classification-mri/Training/pituitary_tumor/p (416).jpg,p (416).jpg,Training,pituitary_tumor,pituitary,9266824312694254152,1545,train
/kaggle/input/datasets/sartajbhuvaji/brain-tumor-classification-mri/Training/pituitary_tumor/p (417).jpg,p (417).jpg,Training,pituitary_tumor,pituitary,9266815756048026122,1546,cal
/kaggle/input/datasets/sartajbhuvaji/brain-tumor-classification-mri/Training/pituitary_tumor/p (418).jpg,p (418).jpg,Training,pituitary_tumor,pituitary,9266824277262625290,1546,cal
/kaggle/input/datasets/sartajbhuvaji/brain-tumor-classification-mri/Training/pituitary_tumor/p (419).jpg,p (419).jpg,Training,pituitary_tumor,pituitary,9262602427454378074,1570,train
/kaggle/input/datasets/sartajbhuvaji/brain-tumor-classification-mri/Training/pituitary_tumor/p (42).jpg,p (42).jpg,Training,pituitary_tumor,pituitary,9267663492634798137,1543,train
/kaggle/input/datasets/sartajbhuvaji/brain-tumor-classification-mri/Training/pituitary_tumor/p (420).jpg,p (420).jpg,Training,pituitary_tumor,pituitary,9262593631361325146,1570,train
/kaggle/input/datasets/sartajbhuvaji/brain-tumor-classification-mri/Training/pituitary_tumor/p (421).jpg,p (421).jpg,Training,pituitary_tumor,pituitary,9262039477534480458,1570,train
/kaggle/input/datasets/sartajbhuvaji/brain-tumor-classification-mri/Training/pituitary_tumor/p (422).jpg,p (422).jpg,Training,pituitary_tumor,pituitary,9262592531883251802,1570,train
/kaggle/input/datasets/sartajbhuvaji/brain-tumor-classification-mri/Training/pituitary_tumor/p (423).jpg,p (423).jpg,Training,pituitary_tumor,pituitary,9262601327976796362,1570,train
/kaggle/input/datasets/sartajbhuvaji/brain-tumor-classification-mri/Training/pituitary_tumor/p (424).jpg,p (424).jpg,Training,pituitary_tumor,pituitary,9229861702882826862,1547,train
/kaggle/input/datasets/sartajbhuvaji/brain-tumor-classification-mri/Training/pituitary_tumor/p (425).jpg,p (425).jpg,Training,pituitary_tumor,pituitary,9301092464177533496,1548,train
/kaggle/input/datasets/sartajbhuvaji/brain-tumor-classification-mri/Training/pituitary_tumor/p (426).jpg,p (426).jpg,Training,pituitary_tumor,pituitary,9229589848633333816,1549,test
/kaggle/input/datasets/sartajbhuvaji/brain-tumor-classification-mri/Training/pituitary_tumor/p (427).jpg,p (427).jpg,Training,pituitary_tumor,pituitary,9301760727663581418,1550,train
/kaggle/input/datasets/sartajbhuvaji/brain-tumor-classification-mri/Training/pituitary_tumor/p (428).jpg,p (428).jpg,Training,pituitary_tumor,pituitary,9301725507996684920,1548,train
/kaggle/input/datasets/sartajbhuvaji/brain-tumor-classification-mri/Training/pituitary_tumor/p (429).jpg,p (429).jpg,Training,pituitary_tumor,pituitary,10739500956529027116,1444,train
/kaggle/input/datasets/sartajbhuvaji/brain-tumor-classification-mri/Training/pituitary_tumor/p (43).jpg,p (43).jpg,Training,pituitary_tumor,pituitary,9554772101980396056,1551,train
/kaggle/input/datasets/sartajbhuvaji/brain-tumor-classification-mri/Training/pituitary_tumor/p (430).jpg,p (430).jpg,Training,pituitary_tumor,pituitary,10667716040628660269,1552,train
/kaggle/input/datasets/sartajbhuvaji/brain-tumor-classification-mri/Training/pituitary_tumor/p (431).jpg,p (431).jpg,Training,pituitary_tumor,pituitary,10667716041703450720,1552,train
/kaggle/input/datasets/sartajbhuvaji/brain-tumor-classification-mri/Training/pituitary_tumor/p (432).jpg,p (432).jpg,Training,pituitary_tumor,pituitary,10739492434569095201,1444,train
/kaggle/input/datasets/sartajbhuvaji/brain-tumor-classification-mri/Training/pituitary_tumor/p (433).jpg,p (433).jpg,Training,pituitary_tumor,pituitary,10739491069775931617,1553,cal
/kaggle/input/datasets/sartajbhuvaji/brain-tumor-classification-mri/Training/pituitary_tumor/p (434).jpg,p (434).jpg,Training,pituitary_tumor,pituitary,10739772545288448228,1553,cal
/kaggle/input/datasets/sartajbhuvaji/brain-tumor-classification-mri/Training/pituitary_tumor/p (435).jpg,p (435).jpg,Training,pituitary_tumor,pituitary,9259778881678018294,1554,train
/kaggle/input/datasets/sartajbhuvaji/brain-tumor-classification-mri/Training/pituitary_tumor/p (436).jpg,p (436).jpg,Training,pituitary_tumor,pituitary,9259497303655648470,1555,val
/kaggle/input/datasets/sartajbhuvaji/brain-tumor-classification-mri/Training/pituitary_tumor/p (437).jpg,p (437).jpg,Training,pituitary_tumor,pituitary,9259778641205993686,1556,train
/kaggle/input/datasets/sartajbhuvaji/brain-tumor-classification-mri/Training/pituitary_tumor/p (438).jpg,p (438).jpg,Training,pituitary_tumor,pituitary,9260341294782155402,1557,train
/kaggle/input/datasets/sartajbhuvaji/brain-tumor-classification-mri/Training/pituitary_tumor/p (439).jpg,p (439).jpg,Training,pituitary_tumor,pituitary,9260060390967417546,1558,train
/kaggle/input/datasets/sartajbhuvaji/brain-tumor-classification-mri/Training/pituitary_tumor/p (44).jpg,p (44).jpg,Training,pituitary_tumor,pituitary,9626829970892036632,1551,train
/kaggle/input/datasets/sartajbhuvaji/brain-tumor-classification-mri/Training/pituitary_tumor/p (440).jpg,p (440).jpg,Training,pituitary_tumor,pituitary,9259497441082153610,1558,train
/kaggle/input/datasets/sartajbhuvaji/brain-tumor-classification-mri/Training/pituitary_tumor/p (441).jpg,p (441).jpg,Training,pituitary_tumor,pituitary,9261397302698132804,1559,train
/kaggle/input/datasets/sartajbhuvaji/brain-tumor-classification-mri/Training/pituitary_tumor/p (442).jpg,p (442).jpg,Training,pituitary_tumor,pituitary,9261124615216129860,1560,train
/kaggle/input/datasets/sartajbhuvaji/brain-tumor-classification-mri/Training/pituitary_tumor/p (443).jpg,p (443).jpg,Training,pituitary_tumor,pituitary,9333182192044828438,1561,train
/kaggle/input/datasets/sartajbhuvaji/brain-tumor-classification-mri/Training/pituitary_tumor/p (444).jpg,p (444).jpg,Training,pituitary_tumor,pituitary,9627041045491251858,1562,train
/kaggle/input/datasets/sartajbhuvaji/brain-tumor-classification-mri/Training/pituitary_tumor/p (445).jpg,p (445).jpg,Training,pituitary_tumor,pituitary,9627041062671112346,1562,train
/kaggle/input/datasets/sartajbhuvaji/brain-tumor-classification-mri/Training/pituitary_tumor/p (446).jpg,p (446).jpg,Training,pituitary_tumor,pituitary,9627040512915460760,1562,train
/kaggle/input/datasets/sartajbhuvaji/brain-tumor-classification-mri/Training/pituitary_tumor/p (447).jpg,p (447).jpg,Training,pituitary_tumor,pituitary,9627041054622274072,1562,train
/kaggle/input/datasets/sartajbhuvaji/brain-tumor-classification-mri/Training/pituitary_tumor/p (448).jpg,p (448).jpg,Training,pituitary_tumor,pituitary,9225084497609099934,1563,train
/kaggle/input/datasets/sartajbhuvaji/brain-tumor-classification-mri/Training/pituitary_tumor/p (449).jpg,p (449).jpg,Training,pituitary_tumor,pituitary,9225086580633241758,1564,train
/kaggle/input/datasets/sartajbhuvaji/brain-tumor-classification-mri/Training/pituitary_tumor/p (45).jpg,p (45).jpg,Training,pituitary_tumor,pituitary,15025991404235665379,1565,train
/kaggle/input/datasets/sartajbhuvaji/brain-tumor-classification-mri/Training/pituitary_tumor/p (450).jpg,p (450).jpg,Training,pituitary_tumor,pituitary,9262593390956026074,1566,cal
/kaggle/input/datasets/sartajbhuvaji/brain-tumor-classification-mri/Training/pituitary_tumor/p (451).jpg,p (451).jpg,Training,pituitary_tumor,pituitary,9263719561379109008,1567,train
/kaggle/input/datasets/sartajbhuvaji/brain-tumor-classification-mri/Training/pituitary_tumor/p (452).jpg,p (452).jpg,Training,pituitary_tumor,pituitary,9267096402172978206,1568,val
/kaggle/input/datasets/sartajbhuvaji/brain-tumor-classification-mri/Training/pituitary_tumor/p (453).jpg,p (453).jpg,Training,pituitary_tumor,pituitary,9263717607164752794,1569,train
/kaggle/input/datasets/sartajbhuvaji/brain-tumor-classification-mri/Training/pituitary_tumor/p (454).jpg,p (454).jpg,Training,pituitary_tumor,pituitary,9262591981859535114,1570,train
/kaggle/input/datasets/sartajbhuvaji/brain-tumor-classification-mri/Training/pituitary_tumor/p (455).jpg,p (455).jpg,Training,pituitary_tumor,pituitary,9262591706981628682,1570,train
/kaggle/input/datasets/sartajbhuvaji/brain-tumor-classification-mri/Training/pituitary_tumor/p (456).jpg,p (456).jpg,Training,pituitary_tumor,pituitary,9226283527978494154,1571,test
/kaggle/input/datasets/sartajbhuvaji/brain-tumor-classification-mri/Training/pituitary_tumor/p (457).jpg,p (457).jpg,Training,pituitary_tumor,pituitary,9225720582052128970,1571,test
/kaggle/input/datasets/sartajbhuvaji/brain-tumor-classification-mri/Training/pituitary_tumor/p (458).jpg,p (458).jpg,Training,pituitary_tumor,pituitary,9226283497912281162,1572,test
/kaggle/input/datasets/sartajbhuvaji/brain-tumor-classification-mri/Training/pituitary_tumor/p (459).jpg,p (459).jpg,Training,pituitary_tumor,pituitary,9226564967520413800,1572,test
/kaggle/input/datasets/sartajbhuvaji/brain-tumor-classification-mri/Training/pituitary_tumor/p (46).jpg,p (46).jpg,Training,pituitary_tumor,pituitary,13877010755717051235,1573,test
/kaggle/input/datasets/sartajbhuvaji/brain-tumor-classification-mri/Training/pituitary_tumor/p (460).jpg,p (460).jpg,Training,pituitary_tumor,pituitary,14167580007468772681,1574,train
/kaggle/input/datasets/sartajbhuvaji/brain-tumor-classification-mri/Training/pituitary_tumor/p (461).jpg,p (461).jpg,Training,pituitary_tumor,pituitary,14167580007472834667,1574,train
/kaggle/input/datasets/sartajbhuvaji/brain-tumor-classification-mri/Training/pituitary_tumor/p (462).jpg,p (462).jpg,Training,pituitary_tumor,pituitary,13874846031157016937,1574,train
/kaggle/input/datasets/sartajbhuvaji/brain-tumor-classification-mri/Training/pituitary_tumor/p (463).jpg,p (463).jpg,Training,pituitary_tumor,pituitary,14163076441668462699,1574,train
/kaggle/input/datasets/sartajbhuvaji/brain-tumor-classification-mri/Training/pituitary_tumor/p (464).jpg,p (464).jpg,Training,pituitary_tumor,pituitary,14167580007468771689,1574,train
/kaggle/input/datasets/sartajbhuvaji/brain-tumor-classification-mri/Training/pituitary_tumor/p (465).jpg,p (465).jpg,Training,pituitary_tumor,pituitary,9340289521571483666,1575,train
/kaggle/input/datasets/sartajbhuvaji/brain-tumor-classification-mri/Training/pituitary_tumor/p (466).jpg,p (466).jpg,Training,pituitary_tumor,pituitary,9340288421556547602,1575,train
/kaggle/input/datasets/sartajbhuvaji/brain-tumor-classification-mri/Training/pituitary_tumor/p (467).jpg,p (467).jpg,Training,pituitary_tumor,pituitary,9340288421556525266,1575,train
/kaggle/input/datasets/sartajbhuvaji/brain-tumor-classification-mri/Training/pituitary_tumor/p (468).jpg,p (468).jpg,Training,pituitary_tumor,pituitary,9340006671706117016,1576,train
/kaggle/input/datasets/sartajbhuvaji/brain-tumor-classification-mri/Training/pituitary_tumor/p (469).jpg,p (469).jpg,Training,pituitary_tumor,pituitary,9626829698702645913,1577,train
/kaggle/input/datasets/sartajbhuvaji/brain-tumor-classification-mri/Training/pituitary_tumor/p (47).jpg,p (47).jpg,Training,pituitary_tumor,pituitary,13877010549550232419,1573,test
/kaggle/input/datasets/sartajbhuvaji/brain-tumor-classification-mri/Training/pituitary_tumor/p (470).jpg,p (470).jpg,Training,pituitary_tumor,pituitary,10416081414809872952,1578,train
/kaggle/input/datasets/sartajbhuvaji/brain-tumor-classification-mri/Training/pituitary_tumor/p (471).jpg,p (471).jpg,Training,pituitary_tumor,pituitary,14216187432594666168,1579,train
/kaggle/input/datasets/sartajbhuvaji/brain-tumor-classification-mri/Training/pituitary_tumor/p (472).jpg,p (472).jpg,Training,pituitary_tumor,pituitary,13927957090533717752,1580,val
/kaggle/input/datasets/sartajbhuvaji/brain-tumor-classification-mri/Training/pituitary_tumor/p (473).jpg,p (473).jpg,Training,pituitary_tumor,pituitary,15369107864264587000,1580,val
/kaggle/input/datasets/sartajbhuvaji/brain-tumor-classification-mri/Training/pituitary_tumor/p (474).jpg,p (474).jpg,Training,pituitary_tumor,pituitary,14144128763958868860,1581,train
/kaggle/input/datasets/sartajbhuvaji/brain-tumor-classification-mri/Training/pituitary_tumor/p (475).jpg,p (475).jpg,Training,pituitary_tumor,pituitary,14148632226792943084,1527,val
/kaggle/input/datasets/sartajbhuvaji/brain-tumor-classification-mri/Training/pituitary_tumor/p (476).jpg,p (476).jpg,Training,pituitary_tumor,pituitary,14148913684522679788,1527,val
/kaggle/input/datasets/sartajbhuvaji/brain-tumor-classification-mri/Training/pituitary_tumor/p (477).jpg,p (477).jpg,Training,pituitary_tumor,pituitary,13878136750083881500,1582,train
/kaggle/input/datasets/sartajbhuvaji/brain-tumor-classification-mri/Training/pituitary_tumor/p (478).jpg,p (478).jpg,Training,pituitary_tumor,pituitary,13877855214709455657,1583,train
/kaggle/input/datasets/sartajbhuvaji/brain-tumor-classification-mri/Training/pituitary_tumor/p (479).jpg,p (479).jpg,Training,pituitary_tumor,pituitary,13879262589844396589,1584,train
/kaggle/input/datasets/sartajbhuvaji/brain-tumor-classification-mri/Training/pituitary_tumor/p (48).jpg,p (48).jpg,Training,pituitary_tumor,pituitary,13877010540642580299,1585,train
/kaggle/input/datasets/sartajbhuvaji/brain-tumor-classification-mri/Training/pituitary_tumor/p (480).jpg,p (480).jpg,Training,pituitary_tumor,pituitary,13963493714380533212,1586,cal
/kaggle/input/datasets/sartajbhuvaji/brain-tumor-classification-mri/Training/pituitary_tumor/p (481).jpg,p (481).jpg,Training,pituitary_tumor,pituitary,13891366025941560796,1586,cal
/kaggle/input/datasets/sartajbhuvaji/brain-tumor-classification-mri/Training/pituitary_tumor/p (482).jpg,p (482).jpg,Training,pituitary_tumor,pituitary,13891365743547600204,1587,train
/kaggle/input/datasets/sartajbhuvaji/brain-tumor-classification-mri/Training/pituitary_tumor/p (483).jpg,p (483).jpg,Training,pituitary_tumor,pituitary,13891365735500812124,1588,test
/kaggle/input/datasets/sartajbhuvaji/brain-tumor-classification-mri/Training/pituitary_tumor/p (484).jpg,p (484).jpg,Training,pituitary_tumor,pituitary,13891365760398200664,1588,test
/kaggle/input/datasets/sartajbhuvaji/brain-tumor-classification-mri/Training/pituitary_tumor/p (485).jpg,p (485).jpg,Training,pituitary_tumor,pituitary,9640340511824284009,1589,train
/kaggle/input/datasets/sartajbhuvaji/brain-tumor-classification-mri/Training/pituitary_tumor/p (486).jpg,p (486).jpg,Training,pituitary_tumor,pituitary,9626829712942336360,1589,train
/kaggle/input/datasets/sartajbhuvaji/brain-tumor-classification-mri/Training/pituitary_tumor/p (487).jpg,p (487).jpg,Training,pituitary_tumor,pituitary,9626829704351583321,1590,train
/kaggle/input/datasets/sartajbhuvaji/brain-tumor-classification-mri/Training/pituitary_tumor/p (488).jpg,p (488).jpg,Training,pituitary_tumor,pituitary,9316570123171554853,1591,train
/kaggle/input/datasets/sartajbhuvaji/brain-tumor-classification-mri/Training/pituitary_tumor/p (489).jpg,p (489).jpg,Training,pituitary_tumor,pituitary,9316570127391014624,1592,val
/kaggle/input/datasets/sartajbhuvaji/brain-tumor-classification-mri/Training/pituitary_tumor/p (49).jpg,p (49).jpg,Training,pituitary_tumor,pituitary,14991123258922053940,1593,train
/kaggle/input/datasets/sartajbhuvaji/brain-tumor-classification-mri/Training/pituitary_tumor/p (490).jpg,p (490).jpg,Training,pituitary_tumor,pituitary,9604519041727806688,1594,val
/kaggle/input/datasets/sartajbhuvaji/brain-tumor-classification-mri/Training/pituitary_tumor/p (491).jpg,p (491).jpg,Training,pituitary_tumor,pituitary,13855921538767272416,1595,val
/kaggle/input/datasets/sartajbhuvaji/brain-tumor-classification-mri/Training/pituitary_tumor/p (492).jpg,p (492).jpg,Training,pituitary_tumor,pituitary,9532464793235253728,1596,test
/kaggle/input/datasets/sartajbhuvaji/brain-tumor-classification-mri/Training/pituitary_tumor/p (493).jpg,p (493).jpg,Training,pituitary_tumor,pituitary,9248768716313749233,1597,train
/kaggle/input/datasets/sartajbhuvaji/brain-tumor-classification-mri/Training/pituitary_tumor/p (494).jpg,p (494).jpg,Training,pituitary_tumor,pituitary,14148966616744862897,1598,train
/kaggle/input/datasets/sartajbhuvaji/brain-tumor-classification-mri/Training/pituitary_tumor/p (495).jpg,p (495).jpg,Training,pituitary_tumor,pituitary,13860736239519409393,1598,train
/kaggle/input/datasets/sartajbhuvaji/brain-tumor-classification-mri/Training/pituitary_tumor/p (496).jpg,p (496).jpg,Training,pituitary_tumor,pituitary,14148966615935427824,1598,train
/kaggle/input/datasets/sartajbhuvaji/brain-tumor-classification-mri/Training/pituitary_tumor/p (497).jpg,p (497).jpg,Training,pituitary_tumor,pituitary,13856215053338161648,1599,train
/kaggle/input/datasets/sartajbhuvaji/brain-tumor-classification-mri/Training/pituitary_tumor/p (498).jpg,p (498).jpg,Training,pituitary_tumor,pituitary,15025710255585249853,1600,val
/kaggle/input/datasets/sartajbhuvaji/brain-tumor-classification-mri/Training/pituitary_tumor/p (499).jpg,p (499).jpg,Training,pituitary_tumor,pituitary,15028242418046214988,1601,val
/kaggle/input/datasets/sartajbhuvaji/brain-tumor-classification-mri/Training/pituitary_tumor/p (5).jpg,p (5).jpg,Training,pituitary_tumor,pituitary,13935014976939112502,1602,train
/kaggle/input/datasets/sartajbhuvaji/brain-tumor-classification-mri/Training/pituitary_tumor/p (50).jpg,p (50).jpg,Training,pituitary_tumor,pituitary,14991123258922055972,1593,train
/kaggle/input/datasets/sartajbhuvaji/brain-tumor-classification-mri/Training/pituitary_tumor/p (500).jpg,p (500).jpg,Training,pituitary_tumor,pituitary,15028259916816194380,1603,train
/kaggle/input/datasets/sartajbhuvaji/brain-tumor-classification-mri/Training/pituitary_tumor/p (501).jpg,p (501).jpg,Training,pituitary_tumor,pituitary,15028247915519550361,1604,train
/kaggle/input/datasets/sartajbhuvaji/brain-tumor-classification-mri/Training/pituitary_tumor/p (502).jpg,p (502).jpg,Training,pituitary_tumor,pituitary,13877578207572275976,1605,train
/kaggle/input/datasets/sartajbhuvaji/brain-tumor-classification-mri/Training/pituitary_tumor/p (503).jpg,p (503).jpg,Training,pituitary_tumor,pituitary,13872788734904841068,1606,train
/kaggle/input/datasets/sartajbhuvaji/brain-tumor-classification-mri/Training/pituitary_tumor/p (504).jpg,p (504).jpg,Training,pituitary_tumor,pituitary,15025990583818521547,1607,train
/kaggle/input/datasets/sartajbhuvaji/brain-tumor-classification-mri/Training/pituitary_tumor/p (505).jpg,p (505).jpg,Training,pituitary_tumor,pituitary,15025991680364774347,1608,train
/kaggle/input/datasets/sartajbhuvaji/brain-tumor-classification-mri/Training/pituitary_tumor/p (506).jpg,p (506).jpg,Training,pituitary_tumor,pituitary,15025991611443721163,1608,train
/kaggle/input/datasets/sartajbhuvaji/brain-tumor-classification-mri/Training/pituitary_tumor/p (507).jpg,p (507).jpg,Training,pituitary_tumor,pituitary,15027680461303978823,1609,train
/kaggle/input/datasets/sartajbhuvaji/brain-tumor-classification-mri/Training/pituitary_tumor/p (508).jpg,p (508).jpg,Training,pituitary_tumor,pituitary,9352391047027166104,1610,train
/kaggle/input/datasets/sartajbhuvaji/brain-tumor-classification-mri/Training/pituitary_tumor/p (509).jpg,p (509).jpg,Training,pituitary_tumor,pituitary,13965129766502599576,1611,train
/kaggle/input/datasets/sartajbhuvaji/brain-tumor-classification-mri/Training/pituitary_tumor/p (51).jpg,p (51).jpg,Training,pituitary_tumor,pituitary,15009137657163099188,1593,train
/kaggle/input/datasets/sartajbhuvaji/brain-tumor-classification-mri/Training/pituitary_tumor/p (510).jpg,p (510).jpg,Training,pituitary_tumor,pituitary,9338806019500478361,1612,val
/kaggle/input/datasets/sartajbhuvaji/brain-tumor-classification-mri/Training/pituitary_tumor/p (511).jpg,p (511).jpg,Training,pituitary_tumor,pituitary,9352321215371349529,1613,val
/kaggle/input/datasets/sartajbhuvaji/brain-tumor-classification-mri/Training/pituitary_tumor/p (512).jpg,p (512).jpg,Training,pituitary_tumor,pituitary,9352321395751554617,1614,train
/kaggle/input/datasets/sartajbhuvaji/brain-tumor-classification-mri/Training/pituitary_tumor/p (513).jpg,p (513).jpg,Training,pituitary_tumor,pituitary,14256178441061571177,1615,train
/kaggle/input/datasets/sartajbhuvaji/brain-tumor-classification-mri/Training/pituitary_tumor/p (514).jpg,p (514).jpg,Training,pituitary_tumor,pituitary,9572997794680196633,1616,cal
/kaggle/input/datasets/sartajbhuvaji/brain-tumor-classification-mri/Training/pituitary_tumor/p (515).jpg,p (515).jpg,Training,pituitary_tumor,pituitary,13966238044099666873,1617,train
/kaggle/input/datasets/sartajbhuvaji/brain-tumor-classification-mri/Training/pituitary_tumor/p (516).jpg,p (516).jpg,Training,pituitary_tumor,pituitary,13966308412843321241,1617,train
/kaggle/input/datasets/sartajbhuvaji/brain-tumor-classification-mri/Training/pituitary_tumor/p (517).jpg,p (517).jpg,Training,pituitary_tumor,pituitary,9354639986587281305,1617,train
/kaggle/input/datasets/sartajbhuvaji/brain-tumor-classification-mri/Training/pituitary_tumor/p (518).jpg,p (518).jpg,Training,pituitary_tumor,pituitary,9354638888147300249,1617,train
/kaggle/input/datasets/sartajbhuvaji/brain-tumor-classification-mri/Training/pituitary_tumor/p (519).jpg,p (519).jpg,Training,pituitary_tumor,pituitary,9354638888146255515,1617,train
/kaggle/input/datasets/sartajbhuvaji/brain-tumor-classification-mri/Training/pituitary_tumor/p (52).jpg,p (52).jpg,Training,pituitary_tumor,pituitary,14990841779675413604,1618,train
/kaggle/input/datasets/sartajbhuvaji/brain-tumor-classification-mri/Training/pituitary_tumor/p (520).jpg,p (520).jpg,Training,pituitary_tumor,pituitary,9609096836643102821,1619,train
/kaggle/input/datasets/sartajbhuvaji/brain-tumor-classification-mri/Training/pituitary_tumor/p (521).jpg,p (521).jpg,Training,pituitary_tumor,pituitary,9609026326164289897,1620,train
/kaggle/input/datasets/sartajbhuvaji/brain-tumor-classification-mri/Training/pituitary_tumor/p (522).jpg,p (522).jpg,Training,pituitary_tumor,pituitary,9608463651084597609,1620,train
/kaggle/input/datasets/sartajbhuvaji/brain-tumor-classification-mri/Training/pituitary_tumor/p (523).jpg,p (523).jpg,Training,pituitary_tumor,pituitary,9608463718740818281,1620,train
/kaggle/input/datasets/sartajbhuvaji/brain-tumor-classification-mri/Training/pituitary_tumor/p (524).jpg,p (524).jpg,Training,pituitary_tumor,pituitary,9591082364067805481,1620,train
/kaggle/input/datasets/sartajbhuvaji/brain-tumor-classification-mri/Training/pituitary_tumor/p (525).jpg,p (525).jpg,Training,pituitary_tumor,pituitary,9627112261651617897,1621,train
/kaggle/input/datasets/sartajbhuvaji/brain-tumor-classification-mri/Training/pituitary_tumor/p (526).jpg,p (526).jpg,Training,pituitary_tumor,pituitary,9625985554320988806,1622,cal
/kaggle/input/datasets/sartajbhuvaji/brain-tumor-classification-mri/Training/pituitary_tumor/p (527).jpg,p (527).jpg,Training,pituitary_tumor,pituitary,9625985554319940492,1622,cal
/kaggle/input/datasets/sartajbhuvaji/brain-tumor-classification-mri/Training/pituitary_tumor/p (528).jpg,p (528).jpg,Training,pituitary_tumor,pituitary,9625985553800245896,1623,test
/kaggle/input/datasets/sartajbhuvaji/brain-tumor-classification-mri/Training/pituitary_tumor/p (529).jpg,p (529).jpg,Training,pituitary_tumor,pituitary,9337737551635428041,1624,val
/kaggle/input/datasets/sartajbhuvaji/brain-tumor-classification-mri/Training/pituitary_tumor/p (53).jpg,p (53).jpg,Training,pituitary_tumor,pituitary,9537267678237176098,1625,cal
/kaggle/input/datasets/sartajbhuvaji/brain-tumor-classification-mri/Training/pituitary_tumor/p (530).jpg,p (530).jpg,Training,pituitary_tumor,pituitary,9625401679303042760,1626,train
/kaggle/input/datasets/sartajbhuvaji/brain-tumor-classification-mri/Training/pituitary_tumor/p (531).jpg,p (531).jpg,Training,pituitary_tumor,pituitary,9621197146028909513,1627,train
/kaggle/input/datasets/sartajbhuvaji/brain-tumor-classification-mri/Training/pituitary_tumor/p (532).jpg,p (532).jpg,Training,pituitary_tumor,pituitary,15009982905721041252,1628,val
/kaggle/input/datasets/sartajbhuvaji/brain-tumor-classification-mri/Training/pituitary_tumor/p (533).jpg,p (533).jpg,Training,pituitary_tumor,pituitary,15010000493880553764,1628,val
/kaggle/input/datasets/sartajbhuvaji/brain-tumor-classification-mri/Training/pituitary_tumor/p (534).jpg,p (534).jpg,Training,pituitary_tumor,pituitary,14992231835968222252,1629,train
/kaggle/input/datasets/sartajbhuvaji/brain-tumor-classification-mri/Training/pituitary_tumor/p (535).jpg,p (535).jpg,Training,pituitary_tumor,pituitary,10910104655096803494,1630,train
/kaggle/input/datasets/sartajbhuvaji/brain-tumor-classification-mri/Training/pituitary_tumor/p (536).jpg,p (536).jpg,Training,pituitary_tumor,pituitary,10910386130069840038,1630,train
/kaggle/input/datasets/sartajbhuvaji/brain-tumor-classification-mri/Training/pituitary_tumor/p (537).jpg,p (537).jpg,Training,pituitary_tumor,pituitary,10892371765920096308,1630,train
/kaggle/input/datasets/sartajbhuvaji/brain-tumor-classification-mri/Training/pituitary_tumor/p (538).jpg,p (538).jpg,Training,pituitary_tumor,pituitary,9752960922757390884,1631,train
/kaggle/input/datasets/sartajbhuvaji/brain-tumor-classification-mri/Training/pituitary_tumor/p (539).jpg,p (539).jpg,Training,pituitary_tumor,pituitary,9748105342225049137,1632,val
/kaggle/input/datasets/sartajbhuvaji/brain-tumor-classification-mri/Training/pituitary_tumor/p (54).jpg,p (54).jpg,Training,pituitary_tumor,pituitary,9609320874228592946,1625,cal
/kaggle/input/datasets/sartajbhuvaji/brain-tumor-classification-mri/Training/pituitary_tumor/p (540).jpg,p (540).jpg,Training,pituitary_tumor,pituitary,9626829700312078491,1577,train
/kaggle/input/datasets/sartajbhuvaji/brain-tumor-classification-mri/Training/pituitary_tumor/p (541).jpg,p (541).jpg,Training,pituitary_tumor,pituitary,9335221620161653401,1633,train
/kaggle/input/datasets/sartajbhuvaji/brain-tumor-classification-mri/Training/pituitary_tumor/p (542).jpg,p (542).jpg,Training,pituitary_tumor,pituitary,9625703795053439641,1633,train
/kaggle/input/datasets/sartajbhuvaji/brain-tumor-classification-mri/Training/pituitary_tumor/p (543).jpg,p (543).jpg,Training,pituitary_tumor,pituitary,9526814673557547302,1634,train
/kaggle/input/datasets/sartajbhuvaji/brain-tumor-classification-mri/Training/pituitary_tumor/p (544).jpg,p (544).jpg,Training,pituitary_tumor,pituitary,14381733490325468214,1635,train
/kaggle/input/datasets/sartajbhuvaji/brain-tumor-classification-mri/Training/pituitary_tumor/p (545).jpg,p (545).jpg,Training,pituitary_tumor,pituitary,10818890304515548982,1636,train
/kaggle/input/datasets/sartajbhuvaji/brain-tumor-classification-mri/Training/pituitary_tumor/p (546).jpg,p (546).jpg,Training,pituitary_tumor,pituitary,9742546426189129094,1637,train
/kaggle/input/datasets/sartajbhuvaji/brain-tumor-classification-mri/Training/pituitary_tumor/p (547).jpg,p (547).jpg,Training,pituitary_tumor,pituitary,10823889787934040470,1638,train
/kaggle/input/datasets/sartajbhuvaji/brain-tumor-classification-mri/Training/pituitary_tumor/p (548).jpg,p (548).jpg,Training,pituitary_tumor,pituitary,9305631236539101455,1639,test
/kaggle/input/datasets/sartajbhuvaji/brain-tumor-classification-mri/Training/pituitary_tumor/p (549).jpg,p (549).jpg,Training,pituitary_tumor,pituitary,13917317242081796551,1640,val
/kaggle/input/datasets/sartajbhuvaji/brain-tumor-classification-mri/Training/pituitary_tumor/p (55).jpg,p (55).jpg,Training,pituitary_tumor,pituitary,9536981813803888948,1625,cal
/kaggle/input/datasets/sartajbhuvaji/brain-tumor-classification-mri/Training/pituitary_tumor/p (550).jpg,p (550).jpg,Training,pituitary_tumor,pituitary,9310697760350364054,1641,test
/kaggle/input/datasets/sartajbhuvaji/brain-tumor-classification-mri/Training/pituitary_tumor/p (551).jpg,p (551).jpg,Training,pituitary_tumor,pituitary,9323082526181646742,1641,test
/kaggle/input/datasets/sartajbhuvaji/brain-tumor-classification-mri/Training/pituitary_tumor/p (552).jpg,p (552).jpg,Training,pituitary_tumor,pituitary,9611559467819016598,1642,train
/kaggle/input/datasets/sartajbhuvaji/brain-tumor-classification-mri/Training/pituitary_tumor/p (553).jpg,p (553).jpg,Training,pituitary_tumor,pituitary,15051926177927290910,1643,test
/kaggle/input/datasets/sartajbhuvaji/brain-tumor-classification-mri/Training/pituitary_tumor/p (554).jpg,p (554).jpg,Training,pituitary_tumor,pituitary,13890015598815765534,1644,train
/kaggle/input/datasets/sartajbhuvaji/brain-tumor-classification-mri/Training/pituitary_tumor/p (555).jpg,p (555).jpg,Training,pituitary_tumor,pituitary,13890015706189947918,1644,train
/kaggle/input/datasets/sartajbhuvaji/brain-tumor-classification-mri/Training/pituitary_tumor/p (556).jpg,p (556).jpg,Training,pituitary_tumor,pituitary,15015611512173896758,1645,train
/kaggle/input/datasets/sartajbhuvaji/brain-tumor-classification-mri/Training/pituitary_tumor/p (557).jpg,p (557).jpg,Training,pituitary_tumor,pituitary,15164230231153471539,1646,test
/kaggle/input/datasets/sartajbhuvaji/brain-tumor-classification-mri/Training/pituitary_tumor/p (558).jpg,p (558).jpg,Training,pituitary_tumor,pituitary,14011308846822481959,1647,train
/kaggle/input/datasets/sartajbhuvaji/brain-tumor-classification-mri/Training/pituitary_tumor/p (559).jpg,p (559).jpg,Training,pituitary_tumor,pituitary,14006805247195113511,1647,train
/kaggle/input/datasets/sartajbhuvaji/brain-tumor-classification-mri/Training/pituitary_tumor/p (56).jpg,p (56).jpg,Training,pituitary_tumor,pituitary,13874758707571518797,1648,train
/kaggle/input/datasets/sartajbhuvaji/brain-tumor-classification-mri/Training/pituitary_tumor/p (560).jpg,p (560).jpg,Training,pituitary_tumor,pituitary,9594385160621865059,1649,train
/kaggle/input/datasets/sartajbhuvaji/brain-tumor-classification-mri/Training/pituitary_tumor/p (561).jpg,p (561).jpg,Training,pituitary_tumor,pituitary,14206075508377270371,1649,train
/kaggle/input/datasets/sartajbhuvaji/brain-tumor-classification-mri/Training/pituitary_tumor/p (562).jpg,p (562).jpg,Training,pituitary_tumor,pituitary,14350190700748171457,1650,train
/kaggle/input/datasets/sartajbhuvaji/brain-tumor-classification-mri/Training/pituitary_tumor/p (563).jpg,p (563).jpg,Training,pituitary_tumor,pituitary,13848866239485602086,1651,train
/kaggle/input/datasets/sartajbhuvaji/brain-tumor-classification-mri/Training/pituitary_tumor/p (564).jpg,p (564).jpg,Training,pituitary_tumor,pituitary,9758799656796743067,1652,cal
/kaggle/input/datasets/sartajbhuvaji/brain-tumor-classification-mri/Training/pituitary_tumor/p (565).jpg,p (565).jpg,Training,pituitary_tumor,pituitary,15080895908426626084,1653,train
/kaggle/input/datasets/sartajbhuvaji/brain-tumor-classification-mri/Training/pituitary_tumor/p (566).jpg,p (566).jpg,Training,pituitary_tumor,pituitary,15080895908426626084,1653,train
/kaggle/input/datasets/sartajbhuvaji/brain-tumor-classification-mri/Training/pituitary_tumor/p (567).jpg,p (567).jpg,Training,pituitary_tumor,pituitary,15080895908426626084,1653,train
/kaggle/input/datasets/sartajbhuvaji/brain-tumor-classification-mri/Training/pituitary_tumor/p (568).jpg,p (568).jpg,Training,pituitary_tumor,pituitary,15080895908426626084,1653,train
/kaggle/input/datasets/sartajbhuvaji/brain-tumor-classification-mri/Training/pituitary_tumor/p (569).jpg,p (569).jpg,Training,pituitary_tumor,pituitary,13852276339327447906,1654,train
/kaggle/input/datasets/sartajbhuvaji/brain-tumor-classification-mri/Training/pituitary_tumor/p (57).jpg,p (57).jpg,Training,pituitary_tumor,pituitary,15027680212215897420,1655,test
/kaggle/input/datasets/sartajbhuvaji/brain-tumor-classification-mri/Training/pituitary_tumor/p (570).jpg,p (570).jpg,Training,pituitary_tumor,pituitary,13852280737390146404,1654,train
/kaggle/input/datasets/sartajbhuvaji/brain-tumor-classification-mri/Training/pituitary_tumor/p (571).jpg,p (571).jpg,Training,pituitary_tumor,pituitary,14241797107606829619,1656,cal
/kaggle/input/datasets/sartajbhuvaji/brain-tumor-classification-mri/Training/pituitary_tumor/p (572).jpg,p (572).jpg,Training,pituitary_tumor,pituitary,9630111105285519923,1656,cal
/kaggle/input/datasets/sartajbhuvaji/brain-tumor-classification-mri/Training/pituitary_tumor/p (573).jpg,p (573).jpg,Training,pituitary_tumor,pituitary,10780024389041003290,1657,train
/kaggle/input/datasets/sartajbhuvaji/brain-tumor-classification-mri/Training/pituitary_tumor/p (574).jpg,p (574).jpg,Training,pituitary_tumor,pituitary,10775802534704913306,1658,train
/kaggle/input/datasets/sartajbhuvaji/brain-tumor-classification-mri/Training/pituitary_tumor/p (575).jpg,p (575).jpg,Training,pituitary_tumor,pituitary,10775520789212387866,1657,train
/kaggle/input/datasets/sartajbhuvaji/brain-tumor-classification-mri/Training/pituitary_tumor/p (576).jpg,p (576).jpg,Training,pituitary_tumor,pituitary,10775450695547443978,1657,train
/kaggle/input/datasets/sartajbhuvaji/brain-tumor-classification-mri/Training/pituitary_tumor/p (577).jpg,p (577).jpg,Training,pituitary_tumor,pituitary,10780024659623959066,1657,train
/kaggle/input/datasets/sartajbhuvaji/brain-tumor-classification-mri/Training/pituitary_tumor/p (578).jpg,p (578).jpg,Training,pituitary_tumor,pituitary,15279396561993689126,1659,train
/kaggle/input/datasets/sartajbhuvaji/brain-tumor-classification-mri/Training/pituitary_tumor/p (579).jpg,p (579).jpg,Training,pituitary_tumor,pituitary,15279396561993689126,1659,train
/kaggle/input/datasets/sartajbhuvaji/brain-tumor-classification-mri/Training/pituitary_tumor/p (58).jpg,p (58).jpg,Training,pituitary_tumor,pituitary,15028242065812069133,1660,train
/kaggle/input/datasets/sartajbhuvaji/brain-tumor-classification-mri/Training/pituitary_tumor/p (580).jpg,p (580).jpg,Training,pituitary_tumor,pituitary,15279396561993689126,1659,train
/kaggle/input/datasets/sartajbhuvaji/brain-tumor-classification-mri/Training/pituitary_tumor/p (581).jpg,p (581).jpg,Training,pituitary_tumor,pituitary,15279396768190392372,1661,test
/kaggle/input/datasets/sartajbhuvaji/brain-tumor-classification-mri/Training/pituitary_tumor/p (582).jpg,p (582).jpg,Training,pituitary_tumor,pituitary,15279400960011495460,1661,test
/kaggle/input/datasets/sartajbhuvaji/brain-tumor-classification-mri/Training/pituitary_tumor/p (583).jpg,p (583).jpg,Training,pituitary_tumor,pituitary,15279396493592438844,1662,train
/kaggle/input/datasets/sartajbhuvaji/brain-tumor-classification-mri/Training/pituitary_tumor/p (584).jpg,p (584).jpg,Training,pituitary_tumor,pituitary,10739535045382448583,1663,train
/kaggle/input/datasets/sartajbhuvaji/brain-tumor-classification-mri/Training/pituitary_tumor/p (585).jpg,p (585).jpg,Training,pituitary_tumor,pituitary,10739535045449556391,1663,train
/kaggle/input/datasets/sartajbhuvaji/brain-tumor-classification-mri/Training/pituitary_tumor/p (586).jpg,p (586).jpg,Training,pituitary_tumor,pituitary,10739535045382447591,1663,train
/kaggle/input/datasets/sartajbhuvaji/brain-tumor-classification-mri/Training/pituitary_tumor/p (587).jpg,p (587).jpg,Training,pituitary_tumor,pituitary,10739535045449556423,1663,train
/kaggle/input/datasets/sartajbhuvaji/brain-tumor-classification-mri/Training/pituitary_tumor/p (588).jpg,p (588).jpg,Training,pituitary_tumor,pituitary,9262030406316139974,1664,train
/kaggle/input/datasets/sartajbhuvaji/brain-tumor-classification-mri/Training/pituitary_tumor/p (589).jpg,p (589).jpg,Training,pituitary_tumor,pituitary,9262593627099920586,1570,train
/kaggle/input/datasets/sartajbhuvaji/brain-tumor-classification-mri/Training/pituitary_tumor/p (59).jpg,p (59).jpg,Training,pituitary_tumor,pituitary,9626759052407698072,1665,train
/kaggle/input/datasets/sartajbhuvaji/brain-tumor-classification-mri/Training/pituitary_tumor/p (590).jpg,p (590).jpg,Training,pituitary_tumor,pituitary,9262593631126452426,1570,train
/kaggle/input/datasets/sartajbhuvaji/brain-tumor-classification-mri/Training/pituitary_tumor/p (591).jpg,p (591).jpg,Training,pituitary_tumor,pituitary,9263719256159557850,1570,train
/kaggle/input/datasets/sartajbhuvaji/brain-tumor-classification-mri/Training/pituitary_tumor/p (592).jpg,p (592).jpg,Training,pituitary_tumor,pituitary,9303978584221755456,1666,train
/kaggle/input/datasets/sartajbhuvaji/brain-tumor-classification-mri/Training/pituitary_tumor/p (593).jpg,p (593).jpg,Training,pituitary_tumor,pituitary,9302852684315959392,1666,train
/kaggle/input/datasets/sartajbhuvaji/brain-tumor-classification-mri/Training/pituitary_tumor/p (594).jpg,p (594).jpg,Training,pituitary_tumor,pituitary,9302852958120124512,1666,train
/kaggle/input/datasets/sartajbhuvaji/brain-tumor-classification-mri/Training/pituitary_tumor/p (595).jpg,p (595).jpg,Training,pituitary_tumor,pituitary,10739492435034532448,1667,train
/kaggle/input/datasets/sartajbhuvaji/brain-tumor-classification-mri/Training/pituitary_tumor/p (596).jpg,p (596).jpg,Training,pituitary_tumor,pituitary,9586579658073729120,1444,train
/kaggle/input/datasets/sartajbhuvaji/brain-tumor-classification-mri/Training/pituitary_tumor/p (597).jpg,p (597).jpg,Training,pituitary_tumor,pituitary,13862759414238293027,1668,train
/kaggle/input/datasets/sartajbhuvaji/brain-tumor-classification-mri/Training/pituitary_tumor/p (598).jpg,p (598).jpg,Training,pituitary_tumor,pituitary,13862689045221747943,1669,train
/kaggle/input/datasets/sartajbhuvaji/brain-tumor-classification-mri/Training/pituitary_tumor/p (599).jpg,p (599).jpg,Training,pituitary_tumor,pituitary,13862127117672002974,1670,train
/kaggle/input/datasets/sartajbhuvaji/brain-tumor-classification-mri/Training/pituitary_tumor/p (6).jpg,p (6).jpg,Training,pituitary_tumor,pituitary,9630186194774550543,1671,train
/kaggle/input/datasets/sartajbhuvaji/brain-tumor-classification-mri/Training/pituitary_tumor/p (60).jpg,p (60).jpg,Training,pituitary_tumor,pituitary,9770593314176465448,1672,train
/kaggle/input/datasets/sartajbhuvaji/brain-tumor-classification-mri/Training/pituitary_tumor/p (600).jpg,p (600).jpg,Training,pituitary_tumor,pituitary,13862144778577520014,1670,train
/kaggle/input/datasets/sartajbhuvaji/brain-tumor-classification-mri/Training/pituitary_tumor/p (601).jpg,p (601).jpg,Training,pituitary_tumor,pituitary,13863273899709834654,1670,train
/kaggle/input/datasets/sartajbhuvaji/brain-tumor-classification-mri/Training/pituitary_tumor/p (602).jpg,p (602).jpg,Training,pituitary_tumor,pituitary,13863838013599327382,1673,train
/kaggle/input/datasets/sartajbhuvaji/brain-tumor-classification-mri/Training/pituitary_tumor/p (603).jpg,p (603).jpg,Training,pituitary_tumor,pituitary,9277818882945474846,1674,cal
/kaggle/input/datasets/sartajbhuvaji/brain-tumor-classification-mri/Training/pituitary_tumor/p (604).jpg,p (604).jpg,Training,pituitary_tumor,pituitary,9277836406144655670,1674,cal
/kaggle/input/datasets/sartajbhuvaji/brain-tumor-classification-mri/Training/pituitary_tumor/p (605).jpg,p (605).jpg,Training,pituitary_tumor,pituitary,9278082701044248870,1674,cal
/kaggle/input/datasets/sartajbhuvaji/brain-tumor-classification-mri/Training/pituitary_tumor/p (606).jpg,p (606).jpg,Training,pituitary_tumor,pituitary,13922665803769262530,1675,train
/kaggle/input/datasets/sartajbhuvaji/brain-tumor-classification-mri/Training/pituitary_tumor/p (607).jpg,p (607).jpg,Training,pituitary_tumor,pituitary,9306493914266808726,1676,train
/kaggle/input/datasets/sartajbhuvaji/brain-tumor-classification-mri/Training/pituitary_tumor/p (608).jpg,p (608).jpg,Training,pituitary_tumor,pituitary,15046860117696394300,1677,cal
/kaggle/input/datasets/sartajbhuvaji/brain-tumor-classification-mri/Training/pituitary_tumor/p (609).jpg,p (609).jpg,Training,pituitary_tumor,pituitary,15046855720723887160,1677,cal
/kaggle/input/datasets/sartajbhuvaji/brain-tumor-classification-mri/Training/pituitary_tumor/p (61).jpg,p (61).jpg,Training,pituitary_tumor,pituitary,10924640722985130536,1672,train
/kaggle/input/datasets/sartajbhuvaji/brain-tumor-classification-mri/Training/pituitary_tumor/p (610).jpg,p (610).jpg,Training,pituitary_tumor,pituitary,15046873312909866040,1677,cal
/kaggle/input/datasets/sartajbhuvaji/brain-tumor-classification-mri/Training/pituitary_tumor/p (611).jpg,p (611).jpg,Training,pituitary_tumor,pituitary,15042374115619779640,1677,cal
/kaggle/input/datasets/sartajbhuvaji/brain-tumor-classification-mri/Training/pituitary_tumor/p (612).jpg,p (612).jpg,Training,pituitary_tumor,pituitary,15046860121987494940,1677,cal
/kaggle/input/datasets/sartajbhuvaji/brain-tumor-classification-mri/Training/pituitary_tumor/p (613).jpg,p (613).jpg,Training,pituitary_tumor,pituitary,15046855689598035004,1677,cal
/kaggle/input/datasets/sartajbhuvaji/brain-tumor-classification-mri/Training/pituitary_tumor/p (614).jpg,p (614).jpg,Training,pituitary_tumor,pituitary,15015013287433355060,1678,train
/kaggle/input/datasets/sartajbhuvaji/brain-tumor-classification-mri/Training/pituitary_tumor/p (615).jpg,p (615).jpg,Training,pituitary_tumor,pituitary,15015012333933838129,1678,train
/kaggle/input/datasets/sartajbhuvaji/brain-tumor-classification-mri/Training/pituitary_tumor/p (616).jpg,p (616).jpg,Training,pituitary_tumor,pituitary,15015293817500482865,1678,train
/kaggle/input/datasets/sartajbhuvaji/brain-tumor-classification-mri/Training/pituitary_tumor/p (617).jpg,p (617).jpg,Training,pituitary_tumor,pituitary,9310662377599428647,1679,cal
/kaggle/input/datasets/sartajbhuvaji/brain-tumor-classification-mri/Training/pituitary_tumor/p (618).jpg,p (618).jpg,Training,pituitary_tumor,pituitary,9310662309953693735,1679,cal
/kaggle/input/datasets/sartajbhuvaji/brain-tumor-classification-mri/Training/pituitary_tumor/p (619).jpg,p (619).jpg,Training,pituitary_tumor,pituitary,9310662438533752295,1680,cal
/kaggle/input/datasets/sartajbhuvaji/brain-tumor-classification-mri/Training/pituitary_tumor/p (62).jpg,p (62).jpg,Training,pituitary_tumor,pituitary,15009142037032350924,1695,train
/kaggle/input/datasets/sartajbhuvaji/brain-tumor-classification-mri/Training/pituitary_tumor/p (620).jpg,p (620).jpg,Training,pituitary_tumor,pituitary,10463579836078187975,1681,train
/kaggle/input/datasets/sartajbhuvaji/brain-tumor-classification-mri/Training/pituitary_tumor/p (621).jpg,p (621).jpg,Training,pituitary_tumor,pituitary,9310728391246570947,1682,train
/kaggle/input/datasets/sartajbhuvaji/brain-tumor-classification-mri/Training/pituitary_tumor/p (622).jpg,p (622).jpg,Training,pituitary_tumor,pituitary,9327547620616596931,1682,train
/kaggle/input/datasets/sartajbhuvaji/brain-tumor-classification-mri/Training/pituitary_tumor/p (623).jpg,p (623).jpg,Training,pituitary_tumor,pituitary,13898173386635879778,1683,train
/kaggle/input/datasets/sartajbhuvaji/brain-tumor-classification-mri/Training/pituitary_tumor/p (624).jpg,p (624).jpg,Training,pituitary_tumor,pituitary,15015627936124118386,1684,train
/kaggle/input/datasets/sartajbhuvaji/brain-tumor-classification-mri/Training/pituitary_tumor/p (625).jpg,p (625).jpg,Training,pituitary_tumor,pituitary,15015628485882029410,1684,train
/kaggle/input/datasets/sartajbhuvaji/brain-tumor-classification-mri/Training/pituitary_tumor/p (626).jpg,p (626).jpg,Training,pituitary_tumor,pituitary,13898735743934409830,1684,train
/kaggle/input/datasets/sartajbhuvaji/brain-tumor-classification-mri/Training/pituitary_tumor/p (627).jpg,p (627).jpg,Training,pituitary_tumor,pituitary,13898736851966766188,1684,train
/kaggle/input/datasets/sartajbhuvaji/brain-tumor-classification-mri/Training/pituitary_tumor/p (628).jpg,p (628).jpg,Training,pituitary_tumor,pituitary,13862708054972967964,1684,train
/kaggle/input/datasets/sartajbhuvaji/brain-tumor-classification-mri/Training/pituitary_tumor/p (629).jpg,p (629).jpg,Training,pituitary_tumor,pituitary,13971906683687544195,1685,train
/kaggle/input/datasets/sartajbhuvaji/brain-tumor-classification-mri/Training/pituitary_tumor/p (63).jpg,p (63).jpg,Training,pituitary_tumor,pituitary,15008856164000806124,1695,train
/kaggle/input/datasets/sartajbhuvaji/brain-tumor-classification-mri/Training/pituitary_tumor/p (630).jpg,p (630).jpg,Training,pituitary_tumor,pituitary,14025104371885880551,1686,train
/kaggle/input/datasets/sartajbhuvaji/brain-tumor-classification-mri/Training/pituitary_tumor/p (631).jpg,p (631).jpg,Training,pituitary_tumor,pituitary,14101401615118968296,1687,train
/kaggle/input/datasets/sartajbhuvaji/brain-tumor-classification-mri/Training/pituitary_tumor/p (632).jpg,p (632).jpg,Training,pituitary_tumor,pituitary,14296166407619553768,1688,test
/kaggle/input/datasets/sartajbhuvaji/brain-tumor-classification-mri/Training/pituitary_tumor/p (633).jpg,p (633).jpg,Training,pituitary_tumor,pituitary,14368222901073164745,1689,train
/kaggle/input/datasets/sartajbhuvaji/brain-tumor-classification-mri/Training/pituitary_tumor/p (634).jpg,p (634).jpg,Training,pituitary_tumor,pituitary,15075529445272218979,1690,train
/kaggle/input/datasets/sartajbhuvaji/brain-tumor-classification-mri/Training/pituitary_tumor/p (635).jpg,p (635).jpg,Training,pituitary_tumor,pituitary,15075547037458263139,1690,train
/kaggle/input/datasets/sartajbhuvaji/brain-tumor-classification-mri/Training/pituitary_tumor/p (636).jpg,p (636).jpg,Training,pituitary_tumor,pituitary,15074404619376159842,1691,train
/kaggle/input/datasets/sartajbhuvaji/brain-tumor-classification-mri/Training/pituitary_tumor/p (637).jpg,p (637).jpg,Training,pituitary_tumor,pituitary,13862975876292681875,1692,train
/kaggle/input/datasets/sartajbhuvaji/brain-tumor-classification-mri/Training/pituitary_tumor/p (638).jpg,p (638).jpg,Training,pituitary_tumor,pituitary,13889998023544300642,1693,train
/kaggle/input/datasets/sartajbhuvaji/brain-tumor-classification-mri/Training/pituitary_tumor/p (639).jpg,p (639).jpg,Training,pituitary_tumor,pituitary,13853969196475245612,1694,train
/kaggle/input/datasets/sartajbhuvaji/brain-tumor-classification-mri/Training/pituitary_tumor/p (64).jpg,p (64).jpg,Training,pituitary_tumor,pituitary,15008821074134709388,1695,train
/kaggle/input/datasets/sartajbhuvaji/brain-tumor-classification-mri/Training/pituitary_tumor/p (640).jpg,p (640).jpg,Training,pituitary_tumor,pituitary,13856237420252390440,1696,train
/kaggle/input/datasets/sartajbhuvaji/brain-tumor-classification-mri/Training/pituitary_tumor/p (641).jpg,p (641).jpg,Training,pituitary_tumor,pituitary,13875888532261712959,1697,train
/kaggle/input/datasets/sartajbhuvaji/brain-tumor-classification-mri/Training/pituitary_tumor/p (642).jpg,p (642).jpg,Training,pituitary_tumor,pituitary,13877014432906755119,1697,train
/kaggle/input/datasets/sartajbhuvaji/brain-tumor-classification-mri/Training/pituitary_tumor/p (643).jpg,p (643).jpg,Training,pituitary_tumor,pituitary,13885740432058494315,1698,train
/kaggle/input/datasets/sartajbhuvaji/brain-tumor-classification-mri/Training/pituitary_tumor/p (644).jpg,p (644).jpg,Training,pituitary_tumor,pituitary,13885740431325014115,1699,train
/kaggle/input/datasets/sartajbhuvaji/brain-tumor-classification-mri/Training/pituitary_tumor/p (645).jpg,p (645).jpg,Training,pituitary_tumor,pituitary,13885740396961099203,1699,train
/kaggle/input/datasets/sartajbhuvaji/brain-tumor-classification-mri/Training/pituitary_tumor/p (646).jpg,p (646).jpg,Training,pituitary_tumor,pituitary,13886021871937808611,1699,train
/kaggle/input/datasets/sartajbhuvaji/brain-tumor-classification-mri/Training/pituitary_tumor/p (647).jpg,p (647).jpg,Training,pituitary_tumor,pituitary,13886584752854019171,1700,train
/kaggle/input/datasets/sartajbhuvaji/brain-tumor-classification-mri/Training/pituitary_tumor/p (648).jpg,p (648).jpg,Training,pituitary_tumor,pituitary,13886585302943279218,1701,test
/kaggle/input/datasets/sartajbhuvaji/brain-tumor-classification-mri/Training/pituitary_tumor/p (649).jpg,p (649).jpg,Training,pituitary_tumor,pituitary,13877578172142729332,1702,train
/kaggle/input/datasets/sartajbhuvaji/brain-tumor-classification-mri/Training/pituitary_tumor/p (65).jpg,p (65).jpg,Training,pituitary_tumor,pituitary,15008821005415232684,1695,train
/kaggle/input/datasets/sartajbhuvaji/brain-tumor-classification-mri/Training/pituitary_tumor/p (650).jpg,p (650).jpg,Training,pituitary_tumor,pituitary,9634143663504779292,1703,train
/kaggle/input/datasets/sartajbhuvaji/brain-tumor-classification-mri/Training/pituitary_tumor/p (651).jpg,p (651).jpg,Training,pituitary_tumor,pituitary,10498768820956326095,1704,train
/kaggle/input/datasets/sartajbhuvaji/brain-tumor-classification-mri/Training/pituitary_tumor/p (652).jpg,p (652).jpg,Training,pituitary_tumor,pituitary,10498769886109001935,1704,train
/kaggle/input/datasets/sartajbhuvaji/brain-tumor-classification-mri/Training/pituitary_tumor/p (653).jpg,p (653).jpg,Training,pituitary_tumor,pituitary,14134035437004072339,1705,val
/kaggle/input/datasets/sartajbhuvaji/brain-tumor-classification-mri/Training/pituitary_tumor/p (654).jpg,p (654).jpg,Training,pituitary_tumor,pituitary,14134035995334095297,1706,val
/kaggle/input/datasets/sartajbhuvaji/brain-tumor-classification-mri/Training/pituitary_tumor/p (655).jpg,p (655).jpg,Training,pituitary_tumor,pituitary,14205812080029284835,1707,train
/kaggle/input/datasets/sartajbhuvaji/brain-tumor-classification-mri/Training/pituitary_tumor/p (656).jpg,p (656).jpg,Training,pituitary_tumor,pituitary,13917581841319804065,1708,test
/kaggle/input/datasets/sartajbhuvaji/brain-tumor-classification-mri/Training/pituitary_tumor/p (657).jpg,p (657).jpg,Training,pituitary_tumor,pituitary,9620848163581750287,1709,train
/kaggle/input/datasets/sartajbhuvaji/brain-tumor-classification-mri/Training/pituitary_tumor/p (658).jpg,p (658).jpg,Training,pituitary_tumor,pituitary,9332702036639115579,1710,train
/kaggle/input/datasets/sartajbhuvaji/brain-tumor-classification-mri/Training/pituitary_tumor/p (659).jpg,p (659).jpg,Training,pituitary_tumor,pituitary,9549155400440375591,1711,train
/kaggle/input/datasets/sartajbhuvaji/brain-tumor-classification-mri/Training/pituitary_tumor/p (66).jpg,p (66).jpg,Training,pituitary_tumor,pituitary,9317454121116454961,1712,train
/kaggle/input/datasets/sartajbhuvaji/brain-tumor-classification-mri/Training/pituitary_tumor/p (660).jpg,p (660).jpg,Training,pituitary_tumor,pituitary,9549388875601373539,1713,train
/kaggle/input/datasets/sartajbhuvaji/brain-tumor-classification-mri/Training/pituitary_tumor/p (661).jpg,p (661).jpg,Training,pituitary_tumor,pituitary,9621428877722724707,1713,train
/kaggle/input/datasets/sartajbhuvaji/brain-tumor-classification-mri/Training/pituitary_tumor/p (662).jpg,p (662).jpg,Training,pituitary_tumor,pituitary,9621710696300951819,1714,train
/kaggle/input/datasets/sartajbhuvaji/brain-tumor-classification-mri/Training/pituitary_tumor/p (663).jpg,p (663).jpg,Training,pituitary_tumor,pituitary,9626231742085478858,1715,train
/kaggle/input/datasets/sartajbhuvaji/brain-tumor-classification-mri/Training/pituitary_tumor/p (664).jpg,p (664).jpg,Training,pituitary_tumor,pituitary,14187476009996073778,1716,train
/kaggle/input/datasets/sartajbhuvaji/brain-tumor-classification-mri/Training/pituitary_tumor/p (665).jpg,p (665).jpg,Training,pituitary_tumor,pituitary,9575794252176767280,1717,train
/kaggle/input/datasets/sartajbhuvaji/brain-tumor-classification-mri/Training/pituitary_tumor/p (666).jpg,p (666).jpg,Training,pituitary_tumor,pituitary,14169466177037347172,1718,val
/kaggle/input/datasets/sartajbhuvaji/brain-tumor-classification-mri/Training/pituitary_tumor/p (667).jpg,p (667).jpg,Training,pituitary_tumor,pituitary,14998691424871463268,1719,train
/kaggle/input/datasets/sartajbhuvaji/brain-tumor-classification-mri/Training/pituitary_tumor/p (668).jpg,p (668).jpg,Training,pituitary_tumor,pituitary,10490324984244234435,1720,train
/kaggle/input/datasets/sartajbhuvaji/brain-tumor-classification-mri/Training/pituitary_tumor/p (669).jpg,p (669).jpg,Training,pituitary_tumor,pituitary,10490602061169719755,1721,val
/kaggle/input/datasets/sartajbhuvaji/brain-tumor-classification-mri/Training/pituitary_tumor/p (67).jpg,p (67).jpg,Training,pituitary_tumor,pituitary,9317431036740982961,1722,val
/kaggle/input/datasets/sartajbhuvaji/brain-tumor-classification-mri/Training/pituitary_tumor/p (670).jpg,p (670).jpg,Training,pituitary_tumor,pituitary,10489757619060243659,1721,val
/kaggle/input/datasets/sartajbhuvaji/brain-tumor-classification-mri/Training/pituitary_tumor/p (671).jpg,p (671).jpg,Training,pituitary_tumor,pituitary,15042070305947280690,1723,train
/kaggle/input/datasets/sartajbhuvaji/brain-tumor-classification-mri/Training/pituitary_tumor/p (672).jpg,p (672).jpg,Training,pituitary_tumor,pituitary,15042087889543374307,1724,train
/kaggle/input/datasets/sartajbhuvaji/brain-tumor-classification-mri/Training/pituitary_tumor/p (673).jpg,p (673).jpg,Training,pituitary_tumor,pituitary,13853700469147329767,1725,train
/kaggle/input/datasets/sartajbhuvaji/brain-tumor-classification-mri/Training/pituitary_tumor/p (674).jpg,p (674).jpg,Training,pituitary_tumor,pituitary,13862708080735970342,1726,train
/kaggle/input/datasets/sartajbhuvaji/brain-tumor-classification-mri/Training/pituitary_tumor/p (675).jpg,p (675).jpg,Training,pituitary_tumor,pituitary,9594490304923263382,1727,train
/kaggle/input/datasets/sartajbhuvaji/brain-tumor-classification-mri/Training/pituitary_tumor/p (676).jpg,p (676).jpg,Training,pituitary_tumor,pituitary,9594490304923249046,1727,train
/kaggle/input/datasets/sartajbhuvaji/brain-tumor-classification-mri/Training/pituitary_tumor/p (677).jpg,p (677).jpg,Training,pituitary_tumor,pituitary,13848620777862209743,1728,train
/kaggle/input/datasets/sartajbhuvaji/brain-tumor-classification-mri/Training/pituitary_tumor/p (678).jpg,p (678).jpg,Training,pituitary_tumor,pituitary,15001542187983200459,1729,train
/kaggle/input/datasets/sartajbhuvaji/brain-tumor-classification-mri/Training/pituitary_tumor/p (679).jpg,p (679).jpg,Training,pituitary_tumor,pituitary,13848620751021826703,1730,train
/kaggle/input/datasets/sartajbhuvaji/brain-tumor-classification-mri/Training/pituitary_tumor/p (68).jpg,p (68).jpg,Training,pituitary_tumor,pituitary,9244529013504239792,1731,train
/kaggle/input/datasets/sartajbhuvaji/brain-tumor-classification-mri/Training/pituitary_tumor/p (680).jpg,p (680).jpg,Training,pituitary_tumor,pituitary,14999814072431295540,1732,val
/kaggle/input/datasets/sartajbhuvaji/brain-tumor-classification-mri/Training/pituitary_tumor/p (681).jpg,p (681).jpg,Training,pituitary_tumor,pituitary,15017827096552291380,1732,val
/kaggle/input/datasets/sartajbhuvaji/brain-tumor-classification-mri/Training/pituitary_tumor/p (682).jpg,p (682).jpg,Training,pituitary_tumor,pituitary,14174304251488526381,1733,cal
/kaggle/input/datasets/sartajbhuvaji/brain-tumor-classification-mri/Training/pituitary_tumor/p (683).jpg,p (683).jpg,Training,pituitary_tumor,pituitary,13881289883065540717,1734,train
/kaggle/input/datasets/sartajbhuvaji/brain-tumor-classification-mri/Training/pituitary_tumor/p (684).jpg,p (684).jpg,Training,pituitary_tumor,pituitary,13945184702777811053,1734,train
/kaggle/input/datasets/sartajbhuvaji/brain-tumor-classification-mri/Training/pituitary_tumor/p (685).jpg,p (685).jpg,Training,pituitary_tumor,pituitary,13945180305805042893,1734,train
/kaggle/input/datasets/sartajbhuvaji/brain-tumor-classification-mri/Training/pituitary_tumor/p (686).jpg,p (686).jpg,Training,pituitary_tumor,pituitary,13944054404825506925,1734,train
/kaggle/input/datasets/sartajbhuvaji/brain-tumor-classification-mri/Training/pituitary_tumor/p (687).jpg,p (687).jpg,Training,pituitary_tumor,pituitary,13966572368598426733,1734,train
/kaggle/input/datasets/sartajbhuvaji/brain-tumor-classification-mri/Training/pituitary_tumor/p (688).jpg,p (688).jpg,Training,pituitary_tumor,pituitary,13966572368602621036,1734,train
/kaggle/input/datasets/sartajbhuvaji/brain-tumor-classification-mri/Training/pituitary_tumor/p (689).jpg,p (689).jpg,Training,pituitary_tumor,pituitary,14232355115357467757,1734,train
/kaggle/input/datasets/sartajbhuvaji/brain-tumor-classification-mri/Training/pituitary_tumor/p (69).jpg,p (69).jpg,Training,pituitary_tumor,pituitary,9537267387061270688,1735,train
/kaggle/input/datasets/sartajbhuvaji/brain-tumor-classification-mri/Training/pituitary_tumor/p (690).jpg,p (690).jpg,Training,pituitary_tumor,pituitary,13863274935610516891,1736,train
/kaggle/input/datasets/sartajbhuvaji/brain-tumor-classification-mri/Training/pituitary_tumor/p (691).jpg,p (691).jpg,Training,pituitary_tumor,pituitary,13862426111820309903,1670,train
/kaggle/input/datasets/sartajbhuvaji/brain-tumor-classification-mri/Training/pituitary_tumor/p (692).jpg,p (692).jpg,Training,pituitary_tumor,pituitary,13935046587092592007,1737,train
/kaggle/input/datasets/sartajbhuvaji/brain-tumor-classification-mri/Training/pituitary_tumor/p (693).jpg,p (693).jpg,Training,pituitary_tumor,pituitary,15051939294680460327,1738,test
/kaggle/input/datasets/sartajbhuvaji/brain-tumor-classification-mri/Training/pituitary_tumor/p (694).jpg,p (694).jpg,Training,pituitary_tumor,pituitary,15015911051712277548,1738,test
/kaggle/input/datasets/sartajbhuvaji/brain-tumor-classification-mri/Training/pituitary_tumor/p (695).jpg,p (695).jpg,Training,pituitary_tumor,pituitary,13845801577416369195,1739,train
/kaggle/input/datasets/sartajbhuvaji/brain-tumor-classification-mri/Training/pituitary_tumor/p (696).jpg,p (696).jpg,Training,pituitary_tumor,pituitary,13845801577416373283,1739,train
/kaggle/input/datasets/sartajbhuvaji/brain-tumor-classification-mri/Training/pituitary_tumor/p (697).jpg,p (697).jpg,Training,pituitary_tumor,pituitary,13863820335581901219,1740,train
/kaggle/input/datasets/sartajbhuvaji/brain-tumor-classification-mri/Training/pituitary_tumor/p (698).jpg,p (698).jpg,Training,pituitary_tumor,pituitary,10432143347209495613,1741,train
/kaggle/input/datasets/sartajbhuvaji/brain-tumor-classification-mri/Training/pituitary_tumor/p (699).jpg,p (699).jpg,Training,pituitary_tumor,pituitary,15015611650624610458,1742,train
/kaggle/input/datasets/sartajbhuvaji/brain-tumor-classification-mri/Training/pituitary_tumor/p (7).jpg,p (7).jpg,Training,pituitary_tumor,pituitary,14241806242504271915,1671,train
/kaggle/input/datasets/sartajbhuvaji/brain-tumor-classification-mri/Training/pituitary_tumor/p (70).jpg,p (70).jpg,Training,pituitary_tumor,pituitary,14148953405454039268,1743,train
/kaggle/input/datasets/sartajbhuvaji/brain-tumor-classification-mri/Training/pituitary_tumor/p (700).jpg,p (700).jpg,Training,pituitary_tumor,pituitary,15015629242542089363,1742,train
/kaggle/input/datasets/sartajbhuvaji/brain-tumor-classification-mri/Training/pituitary_tumor/p (701).jpg,p (701).jpg,Training,pituitary_tumor,pituitary,13862712135168319622,1744,test
/kaggle/input/datasets/sartajbhuvaji/brain-tumor-classification-mri/Training/pituitary_tumor/p (702).jpg,p (702).jpg,Training,pituitary_tumor,pituitary,13845765435547532338,1745,test
/kaggle/input/datasets/sartajbhuvaji/brain-tumor-classification-mri/Training/pituitary_tumor/p (703).jpg,p (703).jpg,Training,pituitary_tumor,pituitary,13845766655318178866,1745,test
/kaggle/input/datasets/sartajbhuvaji/brain-tumor-classification-mri/Training/pituitary_tumor/p (704).jpg,p (704).jpg,Training,pituitary_tumor,pituitary,13917261368121113842,1745,test
/kaggle/input/datasets/sartajbhuvaji/brain-tumor-classification-mri/Training/pituitary_tumor/p (705).jpg,p (705).jpg,Training,pituitary_tumor,pituitary,13845766724019830002,1745,test
/kaggle/input/datasets/sartajbhuvaji/brain-tumor-classification-mri/Training/pituitary_tumor/p (706).jpg,p (706).jpg,Training,pituitary_tumor,pituitary,13845766690751658162,1745,test
/kaggle/input/datasets/sartajbhuvaji/brain-tumor-classification-mri/Training/pituitary_tumor/p (707).jpg,p (707).jpg,Training,pituitary_tumor,pituitary,13845766690685073586,1745,test
/kaggle/input/datasets/sartajbhuvaji/brain-tumor-classification-mri/Training/pituitary_tumor/p (708).jpg,p (708).jpg,Training,pituitary_tumor,pituitary,13845766707864942768,1745,test
/kaggle/input/datasets/sartajbhuvaji/brain-tumor-classification-mri/Training/pituitary_tumor/p (709).jpg,p (709).jpg,Training,pituitary_tumor,pituitary,14224090753246703794,1746,train
/kaggle/input/datasets/sartajbhuvaji/brain-tumor-classification-mri/Training/pituitary_tumor/p (71).jpg,p (71).jpg,Training,pituitary_tumor,pituitary,9261185960232383002,1747,test
/kaggle/input/datasets/sartajbhuvaji/brain-tumor-classification-mri/Training/pituitary_tumor/p (710).jpg,p (710).jpg,Training,pituitary_tumor,pituitary,13862672485103974578,1746,train
/kaggle/input/datasets/sartajbhuvaji/brain-tumor-classification-mri/Training/pituitary_tumor/p (711).jpg,p (711).jpg,Training,pituitary_tumor,pituitary,13863798367829899443,1746,train
/kaggle/input/datasets/sartajbhuvaji/brain-tumor-classification-mri/Training/pituitary_tumor/p (712).jpg,p (712).jpg,Training,pituitary_tumor,pituitary,13899282244160725303,1748,cal
/kaggle/input/datasets/sartajbhuvaji/brain-tumor-classification-mri/Training/pituitary_tumor/p (713).jpg,p (713).jpg,Training,pituitary_tumor,pituitary,14186385620897506611,1749,train
/kaggle/input/datasets/sartajbhuvaji/brain-tumor-classification-mri/Training/pituitary_tumor/p (714).jpg,p (714).jpg,Training,pituitary_tumor,pituitary,14179067272257611055,1750,train
/kaggle/input/datasets/sartajbhuvaji/brain-tumor-classification-mri/Training/pituitary_tumor/p (715).jpg,p (715).jpg,Training,pituitary_tumor,pituitary,14179072787259926809,1751,train
/kaggle/input/datasets/sartajbhuvaji/brain-tumor-classification-mri/Training/pituitary_tumor/p (716).jpg,p (716).jpg,Training,pituitary_tumor,pituitary,14179071683454384409,1751,train
/kaggle/input/datasets/sartajbhuvaji/brain-tumor-classification-mri/Training/pituitary_tumor/p (717).jpg,p (717).jpg,Training,pituitary_tumor,pituitary,14188079106038970777,1752,train
/kaggle/input/datasets/sartajbhuvaji/brain-tumor-classification-mri/Training/pituitary_tumor/p (718).jpg,p (718).jpg,Training,pituitary_tumor,pituitary,9594420070371763654,1753,train
/kaggle/input/datasets/sartajbhuvaji/brain-tumor-classification-mri/Training/pituitary_tumor/p (719).jpg,p (719).jpg,Training,pituitary_tumor,pituitary,9594425258688325058,1754,cal
/kaggle/input/datasets/sartajbhuvaji/brain-tumor-classification-mri/Training/pituitary_tumor/p (72).jpg,p (72).jpg,Training,pituitary_tumor,pituitary,11567028969446191642,1747,test
/kaggle/input/datasets/sartajbhuvaji/brain-tumor-classification-mri/Training/pituitary_tumor/p (720).jpg,p (720).jpg,Training,pituitary_tumor,pituitary,14350226499567952322,1754,cal
/kaggle/input/datasets/sartajbhuvaji/brain-tumor-classification-mri/Training/pituitary_tumor/p (721).jpg,p (721).jpg,Training,pituitary_tumor,pituitary,14350226464135782854,1754,cal
/kaggle/input/datasets/sartajbhuvaji/brain-tumor-classification-mri/Training/pituitary_tumor/p (722).jpg,p (722).jpg,Training,pituitary_tumor,pituitary,13863253009063387499,1755,train
/kaggle/input/datasets/sartajbhuvaji/brain-tumor-classification-mri/Training/pituitary_tumor/p (723).jpg,p (723).jpg,Training,pituitary_tumor,pituitary,15015611649618960690,1756,train
/kaggle/input/datasets/sartajbhuvaji/brain-tumor-classification-mri/Training/pituitary_tumor/p (724).jpg,p (724).jpg,Training,pituitary_tumor,pituitary,13890838192428167218,1757,cal
/kaggle/input/datasets/sartajbhuvaji/brain-tumor-classification-mri/Training/pituitary_tumor/p (725).jpg,p (725).jpg,Training,pituitary_tumor,pituitary,13862694925299885170,1758,train
/kaggle/input/datasets/sartajbhuvaji/brain-tumor-classification-mri/Training/pituitary_tumor/p (726).jpg,p (726).jpg,Training,pituitary_tumor,pituitary,13856502480115606578,1759,train
/kaggle/input/datasets/sartajbhuvaji/brain-tumor-classification-mri/Training/pituitary_tumor/p (727).jpg,p (727).jpg,Training,pituitary_tumor,pituitary,13864964381681919186,1760,train
/kaggle/input/datasets/sartajbhuvaji/brain-tumor-classification-mri/Training/pituitary_tumor/p (728).jpg,p (728).jpg,Training,pituitary_tumor,pituitary,13864911076651711521,1761,val
/kaggle/input/datasets/sartajbhuvaji/brain-tumor-classification-mri/Training/pituitary_tumor/p (729).jpg,p (729).jpg,Training,pituitary_tumor,pituitary,13864347018600922801,1761,val
/kaggle/input/datasets/sartajbhuvaji/brain-tumor-classification-mri/Training/pituitary_tumor/p (73).jpg,p (73).jpg,Training,pituitary_tumor,pituitary,11567026775791116858,1747,test
/kaggle/input/datasets/sartajbhuvaji/brain-tumor-classification-mri/Training/pituitary_tumor/p (730).jpg,p (730).jpg,Training,pituitary_tumor,pituitary,13864911068061776561,1761,val
/kaggle/input/datasets/sartajbhuvaji/brain-tumor-classification-mri/Training/pituitary_tumor/p (731).jpg,p (731).jpg,Training,pituitary_tumor,pituitary,13864906738969624240,1761,val
/kaggle/input/datasets/sartajbhuvaji/brain-tumor-classification-mri/Training/pituitary_tumor/p (732).jpg,p (732).jpg,Training,pituitary_tumor,pituitary,13865188149522345136,1761,val
/kaggle/input/datasets/sartajbhuvaji/brain-tumor-classification-mri/Training/pituitary_tumor/p (733).jpg,p (733).jpg,Training,pituitary_tumor,pituitary,10691877672728339867,1762,train
/kaggle/input/datasets/sartajbhuvaji/brain-tumor-classification-mri/Training/pituitary_tumor/p (734).jpg,p (734).jpg,Training,pituitary_tumor,pituitary,9612152993640555971,1763,train
/kaggle/input/datasets/sartajbhuvaji/brain-tumor-classification-mri/Training/pituitary_tumor/p (735).jpg,p (735).jpg,Training,pituitary_tumor,pituitary,10765074498266018966,1764,test
/kaggle/input/datasets/sartajbhuvaji/brain-tumor-classification-mri/Training/pituitary_tumor/p (736).jpg,p (736).jpg,Training,pituitary_tumor,pituitary,9612720204200359107,1765,cal
/kaggle/input/datasets/sartajbhuvaji/brain-tumor-classification-mri/Training/pituitary_tumor/p (737).jpg,p (737).jpg,Training,pituitary_tumor,pituitary,13918161654127015363,1766,train
/kaggle/input/datasets/sartajbhuvaji/brain-tumor-classification-mri/Training/pituitary_tumor/p (738).jpg,p (738).jpg,Training,pituitary_tumor,pituitary,13918161654127015363,1766,train
/kaggle/input/datasets/sartajbhuvaji/brain-tumor-classification-mri/Training/pituitary_tumor/p (739).jpg,p (739).jpg,Training,pituitary_tumor,pituitary,10459394056517332162,1767,val
/kaggle/input/datasets/sartajbhuvaji/brain-tumor-classification-mri/Training/pituitary_tumor/p (74).jpg,p (74).jpg,Training,pituitary_tumor,pituitary,10414107468993801050,1768,train
/kaggle/input/datasets/sartajbhuvaji/brain-tumor-classification-mri/Training/pituitary_tumor/p (740).jpg,p (740).jpg,Training,pituitary_tumor,pituitary,9233287924094429638,1769,train
/kaggle/input/datasets/sartajbhuvaji/brain-tumor-classification-mri/Training/pituitary_tumor/p (741).jpg,p (741).jpg,Training,pituitary_tumor,pituitary,13911072497130610804,1770,train
/kaggle/input/datasets/sartajbhuvaji/brain-tumor-classification-mri/Training/pituitary_tumor/p (742).jpg,p (742).jpg,Training,pituitary_tumor,pituitary,13911072497130610804,1770,train
/kaggle/input/datasets/sartajbhuvaji/brain-tumor-classification-mri/Training/pituitary_tumor/p (743).jpg,p (743).jpg,Training,pituitary_tumor,pituitary,14126401734825552993,1771,train
/kaggle/input/datasets/sartajbhuvaji/brain-tumor-classification-mri/Training/pituitary_tumor/p (744).jpg,p (744).jpg,Training,pituitary_tumor,pituitary,14126419326943390828,1772,train
/kaggle/input/datasets/sartajbhuvaji/brain-tumor-classification-mri/Training/pituitary_tumor/p (745).jpg,p (745).jpg,Training,pituitary_tumor,pituitary,14126400633970769260,1773,train
/kaggle/input/datasets/sartajbhuvaji/brain-tumor-classification-mri/Training/pituitary_tumor/p (746).jpg,p (746).jpg,Training,pituitary_tumor,pituitary,14130904512775198824,1774,test
/kaggle/input/datasets/sartajbhuvaji/brain-tumor-classification-mri/Training/pituitary_tumor/p (747).jpg,p (747).jpg,Training,pituitary_tumor,pituitary,13878769621865804482,1775,test
/kaggle/input/datasets/sartajbhuvaji/brain-tumor-classification-mri/Training/pituitary_tumor/p (748).jpg,p (748).jpg,Training,pituitary_tumor,pituitary,13877362006665411138,1776,train
/kaggle/input/datasets/sartajbhuvaji/brain-tumor-classification-mri/Training/pituitary_tumor/p (749).jpg,p (749).jpg,Training,pituitary_tumor,pituitary,13877646779904567914,1777,train
/kaggle/input/datasets/sartajbhuvaji/brain-tumor-classification-mri/Training/pituitary_tumor/p (75).jpg,p (75).jpg,Training,pituitary_tumor,pituitary,11565903108059834906,1747,test
/kaggle/input/datasets/sartajbhuvaji/brain-tumor-classification-mri/Training/pituitary_tumor/p (750).jpg,p (750).jpg,Training,pituitary_tumor,pituitary,14165591227203068782,1778,train
/kaggle/input/datasets/sartajbhuvaji/brain-tumor-classification-mri/Training/pituitary_tumor/p (751).jpg,p (751).jpg,Training,pituitary_tumor,pituitary,15279374777898331440,1779,val
/kaggle/input/datasets/sartajbhuvaji/brain-tumor-classification-mri/Training/pituitary_tumor/p (752).jpg,p (752).jpg,Training,pituitary_tumor,pituitary,15279374777898331440,1779,val
/kaggle/input/datasets/sartajbhuvaji/brain-tumor-classification-mri/Training/pituitary_tumor/p (753).jpg,p (753).jpg,Training,pituitary_tumor,pituitary,13876451709809070025,1780,test
/kaggle/input/datasets/sartajbhuvaji/brain-tumor-classification-mri/Training/pituitary_tumor/p (754).jpg,p (754).jpg,Training,pituitary_tumor,pituitary,13871965222388378568,1781,train
/kaggle/input/datasets/sartajbhuvaji/brain-tumor-classification-mri/Training/pituitary_tumor/p (755).jpg,p (755).jpg,Training,pituitary_tumor,pituitary,13872810677558192072,1782,train
/kaggle/input/datasets/sartajbhuvaji/brain-tumor-classification-mri/Training/pituitary_tumor/p (756).jpg,p (756).jpg,Training,pituitary_tumor,pituitary,13872809543720642376,1782,train
/kaggle/input/datasets/sartajbhuvaji/brain-tumor-classification-mri/Training/pituitary_tumor/p (757).jpg,p (757).jpg,Training,pituitary_tumor,pituitary,13877611673185689705,1783,test
/kaggle/input/datasets/sartajbhuvaji/brain-tumor-classification-mri/Training/pituitary_tumor/p (758).jpg,p (758).jpg,Training,pituitary_tumor,pituitary,13877611673118585448,1783,test
/kaggle/input/datasets/sartajbhuvaji/brain-tumor-classification-mri/Training/pituitary_tumor/p (759).jpg,p (759).jpg,Training,pituitary_tumor,pituitary,13873125665677271880,1783,test
/kaggle/input/datasets/sartajbhuvaji/brain-tumor-classification-mri/Training/pituitary_tumor/p (76).jpg,p (76).jpg,Training,pituitary_tumor,pituitary,14990807011713305836,1784,cal
/kaggle/input/datasets/sartajbhuvaji/brain-tumor-classification-mri/Training/pituitary_tumor/p (760).jpg,p (760).jpg,Training,pituitary_tumor,pituitary,9604541349577973797,1785,train
/kaggle/input/datasets/sartajbhuvaji/brain-tumor-classification-mri/Training/pituitary_tumor/p (761).jpg,p (761).jpg,Training,pituitary_tumor,pituitary,9604505907457519665,1786,train
/kaggle/input/datasets/sartajbhuvaji/brain-tumor-classification-mri/Training/pituitary_tumor/p (762).jpg,p (762).jpg,Training,pituitary_tumor,pituitary,9604523499626723365,1786,train
/kaggle/input/datasets/sartajbhuvaji/brain-tumor-classification-mri/Training/pituitary_tumor/p (763).jpg,p (763).jpg,Training,pituitary_tumor,pituitary,15046256366138166236,1787,train
/kaggle/input/datasets/sartajbhuvaji/brain-tumor-classification-mri/Training/pituitary_tumor/p (764).jpg,p (764).jpg,Training,pituitary_tumor,pituitary,15046256228682566652,1787,train
/kaggle/input/datasets/sartajbhuvaji/brain-tumor-classification-mri/Training/pituitary_tumor/p (765).jpg,p (765).jpg,Training,pituitary_tumor,pituitary,15046256228690955260,1787,train
/kaggle/input/datasets/sartajbhuvaji/brain-tumor-classification-mri/Training/pituitary_tumor/p (766).jpg,p (766).jpg,Training,pituitary_tumor,pituitary,15046330995479612248,1788,cal
/kaggle/input/datasets/sartajbhuvaji/brain-tumor-classification-mri/Training/pituitary_tumor/p (767).jpg,p (767).jpg,Training,pituitary_tumor,pituitary,14990806607962319340,1789,train
/kaggle/input/datasets/sartajbhuvaji/brain-tumor-classification-mri/Training/pituitary_tumor/p (768).jpg,p (768).jpg,Training,pituitary_tumor,pituitary,10490324571693541603,1720,train
/kaggle/input/datasets/sartajbhuvaji/brain-tumor-classification-mri/Training/pituitary_tumor/p (769).jpg,p (769).jpg,Training,pituitary_tumor,pituitary,10393197873094797605,1790,train
/kaggle/input/datasets/sartajbhuvaji/brain-tumor-classification-mri/Training/pituitary_tumor/p (77).jpg,p (77).jpg,Training,pituitary_tumor,pituitary,9352316778452635534,1791,cal
/kaggle/input/datasets/sartajbhuvaji/brain-tumor-classification-mri/Training/pituitary_tumor/p (770).jpg,p (770).jpg,Training,pituitary_tumor,pituitary,10677554661195591073,1792,train
/kaggle/input/datasets/sartajbhuvaji/brain-tumor-classification-mri/Training/pituitary_tumor/p (771).jpg,p (771).jpg,Training,pituitary_tumor,pituitary,10393774024938503395,1793,train
/kaggle/input/datasets/sartajbhuvaji/brain-tumor-classification-mri/Training/pituitary_tumor/p (772).jpg,p (772).jpg,Training,pituitary_tumor,pituitary,9254416065505802675,1794,train
/kaggle/input/datasets/sartajbhuvaji/brain-tumor-classification-mri/Training/pituitary_tumor/p (773).jpg,p (773).jpg,Training,pituitary_tumor,pituitary,10417985502712457571,1720,train
/kaggle/input/datasets/sartajbhuvaji/brain-tumor-classification-mri/Training/pituitary_tumor/p (774).jpg,p (774).jpg,Training,pituitary_tumor,pituitary,9339999250505977882,1575,train
/kaggle/input/datasets/sartajbhuvaji/brain-tumor-classification-mri/Training/pituitary_tumor/p (775).jpg,p (775).jpg,Training,pituitary_tumor,pituitary,9634623483827877942,1795,train
/kaggle/input/datasets/sartajbhuvaji/brain-tumor-classification-mri/Training/pituitary_tumor/p (776).jpg,p (776).jpg,Training,pituitary_tumor,pituitary,9274405396801940834,1796,test
/kaggle/input/datasets/sartajbhuvaji/brain-tumor-classification-mri/Training/pituitary_tumor/p (777).jpg,p (777).jpg,Training,pituitary_tumor,pituitary,9274405525650959714,1796,test
/kaggle/input/datasets/sartajbhuvaji/brain-tumor-classification-mri/Training/pituitary_tumor/p (778).jpg,p (778).jpg,Training,pituitary_tumor,pituitary,10423386380584889706,1797,train
/kaggle/input/datasets/sartajbhuvaji/brain-tumor-classification-mri/Training/pituitary_tumor/p (779).jpg,p (779).jpg,Training,pituitary_tumor,pituitary,10667653245729650889,1798,train
/kaggle/input/datasets/sartajbhuvaji/brain-tumor-classification-mri/Training/pituitary_tumor/p (78).jpg,p (78).jpg,Training,pituitary_tumor,pituitary,9280259132883553950,1799,val
/kaggle/input/datasets/sartajbhuvaji/brain-tumor-classification-mri/Training/pituitary_tumor/p (780).jpg,p (780).jpg,Training,pituitary_tumor,pituitary,9519296908032882729,1800,train
/kaggle/input/datasets/sartajbhuvaji/brain-tumor-classification-mri/Training/pituitary_tumor/p (781).jpg,p (781).jpg,Training,pituitary_tumor,pituitary,9519296908032882729,1800,train
/kaggle/input/datasets/sartajbhuvaji/brain-tumor-classification-mri/Training/pituitary_tumor/p (782).jpg,p (782).jpg,Training,pituitary_tumor,pituitary,9549683122253606250,1801,train
/kaggle/input/datasets/sartajbhuvaji/brain-tumor-classification-mri/Training/pituitary_tumor/p (783).jpg,p (783).jpg,Training,pituitary_tumor,pituitary,9549679557437042018,1802,train
/kaggle/input/datasets/sartajbhuvaji/brain-tumor-classification-mri/Training/pituitary_tumor/p (784).jpg,p (784).jpg,Training,pituitary_tumor,pituitary,9261457952681372978,1803,train
/kaggle/input/datasets/sartajbhuvaji/brain-tumor-classification-mri/Training/pituitary_tumor/p (785).jpg,p (785).jpg,Training,pituitary_tumor,pituitary,9598611691896580385,1804,val
/kaggle/input/datasets/sartajbhuvaji/brain-tumor-classification-mri/Training/pituitary_tumor/p (786).jpg,p (786).jpg,Training,pituitary_tumor,pituitary,9592982192358254945,1804,val
/kaggle/input/datasets/sartajbhuvaji/brain-tumor-classification-mri/Training/pituitary_tumor/p (787).jpg,p (787).jpg,Training,pituitary_tumor,pituitary,9600859085069691233,1804,val
/kaggle/input/datasets/sartajbhuvaji/brain-tumor-classification-mri/Training/pituitary_tumor/p (788).jpg,p (788).jpg,Training,pituitary_tumor,pituitary,9600582008176732321,1805,val
/kaggle/input/datasets/sartajbhuvaji/brain-tumor-classification-mri/Training/pituitary_tumor/p (789).jpg,p (789).jpg,Training,pituitary_tumor,pituitary,9600300533195825825,1805,val
/kaggle/input/datasets/sartajbhuvaji/brain-tumor-classification-mri/Training/pituitary_tumor/p (79).jpg,p (79).jpg,Training,pituitary_tumor,pituitary,10433185035000040987,1799,val
/kaggle/input/datasets/sartajbhuvaji/brain-tumor-classification-mri/Training/pituitary_tumor/p (790).jpg,p (790).jpg,Training,pituitary_tumor,pituitary,9601422035026797217,1805,val
/kaggle/input/datasets/sartajbhuvaji/brain-tumor-classification-mri/Training/pituitary_tumor/p (791).jpg,p (791).jpg,Training,pituitary_tumor,pituitary,15015066223926079891,1806,train
/kaggle/input/datasets/sartajbhuvaji/brain-tumor-classification-mri/Training/pituitary_tumor/p (792).jpg,p (792).jpg,Training,pituitary_tumor,pituitary,13862690127552999603,1807,cal
/kaggle/input/datasets/sartajbhuvaji/brain-tumor-classification-mri/Training/pituitary_tumor/p (793).jpg,p (793).jpg,Training,pituitary_tumor,pituitary,13862971576759891091,1807,cal
/kaggle/input/datasets/sartajbhuvaji/brain-tumor-classification-mri/Training/pituitary_tumor/p (794).jpg,p (794).jpg,Training,pituitary_tumor,pituitary,13862989117406340258,1808,train
/kaggle/input/datasets/sartajbhuvaji/brain-tumor-classification-mri/Training/pituitary_tumor/p (795).jpg,p (795).jpg,Training,pituitary_tumor,pituitary,15015911034345776166,1809,train
/kaggle/input/datasets/sartajbhuvaji/brain-tumor-classification-mri/Training/pituitary_tumor/p (796).jpg,p (796).jpg,Training,pituitary_tumor,pituitary,13862145310975616166,1810,train
/kaggle/input/datasets/sartajbhuvaji/brain-tumor-classification-mri/Training/pituitary_tumor/p (797).jpg,p (797).jpg,Training,pituitary_tumor,pituitary,13884908965116276794,1811,train
/kaggle/input/datasets/sartajbhuvaji/brain-tumor-classification-mri/Training/pituitary_tumor/p (798).jpg,p (798).jpg,Training,pituitary_tumor,pituitary,13884631922474497134,1812,train
/kaggle/input/datasets/sartajbhuvaji/brain-tumor-classification-mri/Training/pituitary_tumor/p (799).jpg,p (799).jpg,Training,pituitary_tumor,pituitary,14173126456563218598,1813,cal
/kaggle/input/datasets/sartajbhuvaji/brain-tumor-classification-mri/Training/pituitary_tumor/p (8).jpg,p (8).jpg,Training,pituitary_tumor,pituitary,13881518409782945803,1671,train
/kaggle/input/datasets/sartajbhuvaji/brain-tumor-classification-mri/Training/pituitary_tumor/p (80).jpg,p (80).jpg,Training,pituitary_tumor,pituitary,15044866655385151003,1799,val
/kaggle/input/datasets/sartajbhuvaji/brain-tumor-classification-mri/Training/pituitary_tumor/p (800).jpg,p (800).jpg,Training,pituitary_tumor,pituitary,14137097624949648550,1814,train
/kaggle/input/datasets/sartajbhuvaji/brain-tumor-classification-mri/Training/pituitary_tumor/p (801).jpg,p (801).jpg,Training,pituitary_tumor,pituitary,14132594094009248918,1814,train
/kaggle/input/datasets/sartajbhuvaji/brain-tumor-classification-mri/Training/pituitary_tumor/p (802).jpg,p (802).jpg,Training,pituitary_tumor,pituitary,14137097693635558578,1814,train
/kaggle/input/datasets/sartajbhuvaji/brain-tumor-classification-mri/Training/pituitary_tumor/p (803).jpg,p (803).jpg,Training,pituitary_tumor,pituitary,14138781935063088240,1815,train
/kaggle/input/datasets/sartajbhuvaji/brain-tumor-classification-mri/Training/pituitary_tumor/p (804).jpg,p (804).jpg,Training,pituitary_tumor,pituitary,9611049359108028465,1816,train
/kaggle/input/datasets/sartajbhuvaji/brain-tumor-classification-mri/Training/pituitary_tumor/p (805).jpg,p (805).jpg,Training,pituitary_tumor,pituitary,9613037280426010657,1816,train
/kaggle/input/datasets/sartajbhuvaji/brain-tumor-classification-mri/Training/pituitary_tumor/p (806).jpg,p (806).jpg,Training,pituitary_tumor,pituitary,9595022808935639079,1816,train
/kaggle/input/datasets/sartajbhuvaji/brain-tumor-classification-mri/Training/pituitary_tumor/p (807).jpg,p (807).jpg,Training,pituitary_tumor,pituitary,9595233983883454631,1816,train
/kaggle/input/datasets/sartajbhuvaji/brain-tumor-classification-mri/Training/pituitary_tumor/p (808).jpg,p (808).jpg,Training,pituitary_tumor,pituitary,9575812012621259822,1817,train
/kaggle/input/datasets/sartajbhuvaji/brain-tumor-classification-mri/Training/pituitary_tumor/p (809).jpg,p (809).jpg,Training,pituitary_tumor,pituitary,10696082574547444134,1818,train
/kaggle/input/datasets/sartajbhuvaji/brain-tumor-classification-mri/Training/pituitary_tumor/p (81).jpg,p (81).jpg,Training,pituitary_tumor,pituitary,15045148130361968155,1799,val
/kaggle/input/datasets/sartajbhuvaji/brain-tumor-classification-mri/Training/pituitary_tumor/p (810).jpg,p (810).jpg,Training,pituitary_tumor,pituitary,10691860448827367814,1818,train
/kaggle/input/datasets/sartajbhuvaji/brain-tumor-classification-mri/Training/pituitary_tumor/p (811).jpg,p (811).jpg,Training,pituitary_tumor,pituitary,9611066881232695687,1819,train
/kaggle/input/datasets/sartajbhuvaji/brain-tumor-classification-mri/Training/pituitary_tumor/p (812).jpg,p (812).jpg,Training,pituitary_tumor,pituitary,14161087902429817148,1820,cal
/kaggle/input/datasets/sartajbhuvaji/brain-tumor-classification-mri/Training/pituitary_tumor/p (813).jpg,p (813).jpg,Training,pituitary_tumor,pituitary,14161017337190886708,1821,train
/kaggle/input/datasets/sartajbhuvaji/brain-tumor-classification-mri/Training/pituitary_tumor/p (814).jpg,p (814).jpg,Training,pituitary_tumor,pituitary,14305133744229018676,1822,train
/kaggle/input/datasets/sartajbhuvaji/brain-tumor-classification-mri/Training/pituitary_tumor/p (815).jpg,p (815).jpg,Training,pituitary_tumor,pituitary,14134048631139886183,1823,train
/kaggle/input/datasets/sartajbhuvaji/brain-tumor-classification-mri/Training/pituitary_tumor/p (816).jpg,p (816).jpg,Training,pituitary_tumor,pituitary,14134053097905928418,1824,train
/kaggle/input/datasets/sartajbhuvaji/brain-tumor-classification-mri/Training/pituitary_tumor/p (817).jpg,p (817).jpg,Training,pituitary_tumor,pituitary,14134035479932791219,1825,train
/kaggle/input/datasets/sartajbhuvaji/brain-tumor-classification-mri/Training/pituitary_tumor/p (818).jpg,p (818).jpg,Training,pituitary_tumor,pituitary,14134053072123029921,1825,train
/kaggle/input/datasets/sartajbhuvaji/brain-tumor-classification-mri/Training/pituitary_tumor/p (819).jpg,p (819).jpg,Training,pituitary_tumor,pituitary,9257746241350347813,1826,val
/kaggle/input/datasets/sartajbhuvaji/brain-tumor-classification-mri/Training/pituitary_tumor/p (82).jpg,p (82).jpg,Training,pituitary_tumor,pituitary,10505277879430498947,1827,cal
/kaggle/input/datasets/sartajbhuvaji/brain-tumor-classification-mri/Training/pituitary_tumor/p (820).jpg,p (820).jpg,Training,pituitary_tumor,pituitary,9257746241383901219,1826,val
/kaggle/input/datasets/sartajbhuvaji/brain-tumor-classification-mri/Training/pituitary_tumor/p (821).jpg,p (821).jpg,Training,pituitary_tumor,pituitary,9239731843948175523,1826,val
/kaggle/input/datasets/sartajbhuvaji/brain-tumor-classification-mri/Training/pituitary_tumor/p (822).jpg,p (822).jpg,Training,pituitary_tumor,pituitary,9311785039134288035,1826,val
/kaggle/input/datasets/sartajbhuvaji/brain-tumor-classification-mri/Training/pituitary_tumor/p (823).jpg,p (823).jpg,Training,pituitary_tumor,pituitary,15047101666655747122,1828,train
/kaggle/input/datasets/sartajbhuvaji/brain-tumor-classification-mri/Training/pituitary_tumor/p (824).jpg,p (824).jpg,Training,pituitary_tumor,pituitary,15020084389629147174,1829,train
/kaggle/input/datasets/sartajbhuvaji/brain-tumor-classification-mri/Training/pituitary_tumor/p (825).jpg,p (825).jpg,Training,pituitary_tumor,pituitary,15020084389629147186,1829,train
/kaggle/input/datasets/sartajbhuvaji/brain-tumor-classification-mri/Training/pituitary_tumor/p (826).jpg,p (826).jpg,Training,pituitary_tumor,pituitary,15020084389629147186,1829,train
/kaggle/input/datasets/sartajbhuvaji/brain-tumor-classification-mri/Training/pituitary_tumor/p (827).jpg,p (827).jpg,Training,pituitary_tumor,pituitary,15002065661791074739,1830,train
/kaggle/input/datasets/sartajbhuvaji/brain-tumor-classification-mri/Training/pituitary_tumor/p (83).jpg,p (83).jpg,Training,pituitary_tumor,pituitary,10503027178591576715,1827,cal
/kaggle/input/datasets/sartajbhuvaji/brain-tumor-classification-mri/Training/pituitary_tumor/p (84).jpg,p (84).jpg,Training,pituitary_tumor,pituitary,10503027178555925151,1827,cal
/kaggle/input/datasets/sartajbhuvaji/brain-tumor-classification-mri/Training/pituitary_tumor/p (85).jpg,p (85).jpg,Training,pituitary_tumor,pituitary,10503027178555859871,1827,cal
/kaggle/input/datasets/sartajbhuvaji/brain-tumor-classification-mri/Training/pituitary_tumor/p (86).jpg,p (86).jpg,Training,pituitary_tumor,pituitary,10503022986667975327,1827,cal
/kaggle/input/datasets/sartajbhuvaji/brain-tumor-classification-mri/Training/pituitary_tumor/p (87).jpg,p (87).jpg,Training,pituitary_tumor,pituitary,10793508460370813599,1831,train
/kaggle/input/datasets/sartajbhuvaji/brain-tumor-classification-mri/Training/pituitary_tumor/p (88).jpg,p (88).jpg,Training,pituitary_tumor,pituitary,10505273686172592701,1831,train
/kaggle/input/datasets/sartajbhuvaji/brain-tumor-classification-mri/Training/pituitary_tumor/p (89).jpg,p (89).jpg,Training,pituitary_tumor,pituitary,10506400676732693053,1831,train
/kaggle/input/datasets/sartajbhuvaji/brain-tumor-classification-mri/Training/pituitary_tumor/p (9).jpg,p (9).jpg,Training,pituitary_tumor,pituitary,10710767294581662054,1832,train
/kaggle/input/datasets/sartajbhuvaji/brain-tumor-classification-mri/Training/pituitary_tumor/p (90).jpg,p (90).jpg,Training,pituitary_tumor,pituitary,9236735948529806369,1833,train
/kaggle/input/datasets/sartajbhuvaji/brain-tumor-classification-mri/Training/pituitary_tumor/p (91).jpg,p (91).jpg,Training,pituitary_tumor,pituitary,13848421971252153377,1833,train
/kaggle/input/datasets/sartajbhuvaji/brain-tumor-classification-mri/Training/pituitary_tumor/p (92).jpg,p (92).jpg,Training,pituitary_tumor,pituitary,13848422035675494497,1834,train
/kaggle/input/datasets/sartajbhuvaji/brain-tumor-classification-mri/Training/pituitary_tumor/p (93).jpg,p (93).jpg,Training,pituitary_tumor,pituitary,13848422035679684833,1834,train
/kaggle/input/datasets/sartajbhuvaji/brain-tumor-classification-mri/Training/pituitary_tumor/p (94).jpg,p (94).jpg,Training,pituitary_tumor,pituitary,13848404443527133409,1834,train
/kaggle/input/datasets/sartajbhuvaji/brain-tumor-classification-mri/Training/pituitary_tumor/p (95).jpg,p (95).jpg,Training,pituitary_tumor,pituitary,10416644364252637464,1835,train
/kaggle/input/datasets/sartajbhuvaji/brain-tumor-classification-mri/Training/pituitary_tumor/p (96).jpg,p (96).jpg,Training,pituitary_tumor,pituitary,10416011046104492840,1836,train
/kaggle/input/datasets/sartajbhuvaji/brain-tumor-classification-mri/Training/pituitary_tumor/p (97).jpg,p (97).jpg,Training,pituitary_tumor,pituitary,10416081414295011096,1835,train
/kaggle/input/datasets/sartajbhuvaji/brain-tumor-classification-mri/Training/pituitary_tumor/p (98).jpg,p (98).jpg,Training,pituitary_tumor,pituitary,15000135177091690532,1837,test
/kaggle/input/datasets/sartajbhuvaji/brain-tumor-classification-mri/Training/pituitary_tumor/p (99).jpg,p (99).jpg,Training,pituitary_tumor,pituitary,14990846227983383588,1837,test
/kaggle/input/datasets/sartajbhuvaji/brain-tumor-classification-mri/Testing/glioma_tumor/image(1).jpg,image(1).jpg,Testing,glioma_tumor,glioma,15140055930111605356,1838,train
/kaggle/input/datasets/sartajbhuvaji/brain-tumor-classification-mri/Testing/glioma_tumor/image(10).jpg,image(10).jpg,Testing,glioma_tumor,glioma,9514837659032641585,1839,train
/kaggle/input/datasets/sartajbhuvaji/brain-tumor-classification-mri/Testing/glioma_tumor/image(100).jpg,image(100).jpg,Testing,glioma_tumor,glioma,9533582990926535333,1840,train
/kaggle/input/datasets/sartajbhuvaji/brain-tumor-classification-mri/Testing/glioma_tumor/image(11).jpg,image(11).jpg,Testing,glioma_tumor,glioma,15279043743311859327,1841,val
/kaggle/input/datasets/sartajbhuvaji/brain-tumor-classification-mri/Testing/glioma_tumor/image(12).jpg,image(12).jpg,Testing,glioma_tumor,glioma,15279043743311859327,1841,val
/kaggle/input/datasets/sartajbhuvaji/brain-tumor-classification-mri/Testing/glioma_tumor/image(13).jpg,image(13).jpg,Testing,glioma_tumor,glioma,14309144497334652576,1842,train
/kaggle/input/datasets/sartajbhuvaji/brain-tumor-classification-mri/Testing/glioma_tumor/image(14).jpg,image(14).jpg,Testing,glioma_tumor,glioma,10546307075026869127,1843,train
/kaggle/input/datasets/sartajbhuvaji/brain-tumor-classification-mri/Testing/glioma_tumor/image(15).jpg,image(15).jpg,Testing,glioma_tumor,glioma,10492096745023248539,1844,train
/kaggle/input/datasets/sartajbhuvaji/brain-tumor-classification-mri/Testing/glioma_tumor/image(16).jpg,image(16).jpg,Testing,glioma_tumor,glioma,9551043207093207502,1845,train
/kaggle/input/datasets/sartajbhuvaji/brain-tumor-classification-mri/Testing/glioma_tumor/image(17).jpg,image(17).jpg,Testing,glioma_tumor,glioma,10703726542890364440,1846,train
/kaggle/input/datasets/sartajbhuvaji/brain-tumor-classification-mri/Testing/glioma_tumor/image(18).jpg,image(18).jpg,Testing,glioma_tumor,glioma,10385106325709277282,1847,train
/kaggle/input/datasets/sartajbhuvaji/brain-tumor-classification-mri/Testing/glioma_tumor/image(19).jpg,image(19).jpg,Testing,glioma_tumor,glioma,10897983445712399760,1848,train
/kaggle/input/datasets/sartajbhuvaji/brain-tumor-classification-mri/Testing/glioma_tumor/image(2).jpg,image(2).jpg,Testing,glioma_tumor,glioma,13863270489581973574,698,train
/kaggle/input/datasets/sartajbhuvaji/brain-tumor-classification-mri/Testing/glioma_tumor/image(20).jpg,image(20).jpg,Testing,glioma_tumor,glioma,9609012719821797737,1849,train
/kaggle/input/datasets/sartajbhuvaji/brain-tumor-classification-mri/Testing/glioma_tumor/image(21).jpg,image(21).jpg,Testing,glioma_tumor,glioma,10796054419524627844,1850,train
/kaggle/input/datasets/sartajbhuvaji/brain-tumor-classification-mri/Testing/glioma_tumor/image(22).jpg,image(22).jpg,Testing,glioma_tumor,glioma,14161009872617614396,1851,test
/kaggle/input/datasets/sartajbhuvaji/brain-tumor-classification-mri/Testing/glioma_tumor/image(23).jpg,image(23).jpg,Testing,glioma_tumor,glioma,10936800793068269005,1852,train
/kaggle/input/datasets/sartajbhuvaji/brain-tumor-classification-mri/Testing/glioma_tumor/image(24).jpg,image(24).jpg,Testing,glioma_tumor,glioma,9513310493015554764,1853,test
/kaggle/input/datasets/sartajbhuvaji/brain-tumor-classification-mri/Testing/glioma_tumor/image(25).jpg,image(25).jpg,Testing,glioma_tumor,glioma,9311761136064018531,1854,train
/kaggle/input/datasets/sartajbhuvaji/brain-tumor-classification-mri/Testing/glioma_tumor/image(26).jpg,image(26).jpg,Testing,glioma_tumor,glioma,11110781930572453997,1855,train
/kaggle/input/datasets/sartajbhuvaji/brain-tumor-classification-mri/Testing/glioma_tumor/image(27).jpg,image(27).jpg,Testing,glioma_tumor,glioma,14081692548879365093,1856,val
/kaggle/input/datasets/sartajbhuvaji/brain-tumor-classification-mri/Testing/glioma_tumor/image(28).jpg,image(28).jpg,Testing,glioma_tumor,glioma,10614494752883609281,1857,test
/kaggle/input/datasets/sartajbhuvaji/brain-tumor-classification-mri/Testing/glioma_tumor/image(29).jpg,image(29).jpg,Testing,glioma_tumor,glioma,10614494752883609281,1857,test
/kaggle/input/datasets/sartajbhuvaji/brain-tumor-classification-mri/Testing/glioma_tumor/image(3).jpg,image(3).jpg,Testing,glioma_tumor,glioma,10600187525477251522,1858,train
/kaggle/input/datasets/sartajbhuvaji/brain-tumor-classification-mri/Testing/glioma_tumor/image(30).jpg,image(30).jpg,Testing,glioma_tumor,glioma,10396682555399093284,1859,train
/kaggle/input/datasets/sartajbhuvaji/brain-tumor-classification-mri/Testing/glioma_tumor/image(31).jpg,image(31).jpg,Testing,glioma_tumor,glioma,10502774815389805872,1860,train
/kaggle/input/datasets/sartajbhuvaji/brain-tumor-classification-mri/Testing/glioma_tumor/image(32).jpg,image(32).jpg,Testing,glioma_tumor,glioma,14064230024836692115,1861,train
/kaggle/input/datasets/sartajbhuvaji/brain-tumor-classification-mri/Testing/glioma_tumor/image(33).jpg,image(33).jpg,Testing,glioma_tumor,glioma,13994438628213664905,1862,val
/kaggle/input/datasets/sartajbhuvaji/brain-tumor-classification-mri/Testing/glioma_tumor/image(34).jpg,image(34).jpg,Testing,glioma_tumor,glioma,9528046606341973680,1863,train
/kaggle/input/datasets/sartajbhuvaji/brain-tumor-classification-mri/Testing/glioma_tumor/image(35).jpg,image(35).jpg,Testing,glioma_tumor,glioma,10473822856374589476,1864,train
/kaggle/input/datasets/sartajbhuvaji/brain-tumor-classification-mri/Testing/glioma_tumor/image(36).jpg,image(36).jpg,Testing,glioma_tumor,glioma,10766521939537508453,1865,test
/kaggle/input/datasets/sartajbhuvaji/brain-tumor-classification-mri/Testing/glioma_tumor/image(37).jpg,image(37).jpg,Testing,glioma_tumor,glioma,9613529516428060709,1866,train
/kaggle/input/datasets/sartajbhuvaji/brain-tumor-classification-mri/Testing/glioma_tumor/image(38).jpg,image(38).jpg,Testing,glioma_tumor,glioma,13862108718898904193,1867,train
/kaggle/input/datasets/sartajbhuvaji/brain-tumor-classification-mri/Testing/glioma_tumor/image(39).jpg,image(39).jpg,Testing,glioma_tumor,glioma,14211700587080531040,1868,train
/kaggle/input/datasets/sartajbhuvaji/brain-tumor-classification-mri/Testing/glioma_tumor/image(4).jpg,image(4).jpg,Testing,glioma_tumor,glioma,11400978340908508826,1869,train
/kaggle/input/datasets/sartajbhuvaji/brain-tumor-classification-mri/Testing/glioma_tumor/image(40).jpg,image(40).jpg,Testing,glioma_tumor,glioma,15100024035750722240,1870,train
/kaggle/input/datasets/sartajbhuvaji/brain-tumor-classification-mri/Testing/glioma_tumor/image(41).jpg,image(41).jpg,Testing,glioma_tumor,glioma,10398371392362996114,1871,train
/kaggle/input/datasets/sartajbhuvaji/brain-tumor-classification-mri/Testing/glioma_tumor/image(42).jpg,image(42).jpg,Testing,glioma_tumor,glioma,10791258949688114281,1872,train
/kaggle/input/datasets/sartajbhuvaji/brain-tumor-classification-mri/Testing/glioma_tumor/image(43).jpg,image(43).jpg,Testing,glioma_tumor,glioma,13893059029078723783,1873,train
/kaggle/input/datasets/sartajbhuvaji/brain-tumor-classification-mri/Testing/glioma_tumor/image(44).jpg,image(44).jpg,Testing,glioma_tumor,glioma,10783696230637266648,1874,cal
/kaggle/input/datasets/sartajbhuvaji/brain-tumor-classification-mri/Testing/glioma_tumor/image(45).jpg,image(45).jpg,Testing,glioma_tumor,glioma,10910667898383249856,1875,train
/kaggle/input/datasets/sartajbhuvaji/brain-tumor-classification-mri/Testing/glioma_tumor/image(46).jpg,image(46).jpg,Testing,glioma_tumor,glioma,10502774815389805872,1860,train
/kaggle/input/datasets/sartajbhuvaji/brain-tumor-classification-mri/Testing/glioma_tumor/image(47).jpg,image(47).jpg,Testing,glioma_tumor,glioma,11298532231482205234,1876,train
/kaggle/input/datasets/sartajbhuvaji/brain-tumor-classification-mri/Testing/glioma_tumor/image(48).jpg,image(48).jpg,Testing,glioma_tumor,glioma,10383747549237620902,686,train
/kaggle/input/datasets/sartajbhuvaji/brain-tumor-classification-mri/Testing/glioma_tumor/image(49).jpg,image(49).jpg,Testing,glioma_tumor,glioma,14707414740102504498,1877,train
/kaggle/input/datasets/sartajbhuvaji/brain-tumor-classification-mri/Testing/glioma_tumor/image(5).jpg,image(5).jpg,Testing,glioma_tumor,glioma,17421689273585298075,1878,train
/kaggle/input/datasets/sartajbhuvaji/brain-tumor-classification-mri/Testing/glioma_tumor/image(50).jpg,image(50).jpg,Testing,glioma_tumor,glioma,14226935558983856412,1879,train
/kaggle/input/datasets/sartajbhuvaji/brain-tumor-classification-mri/Testing/glioma_tumor/image(51).jpg,image(51).jpg,Testing,glioma_tumor,glioma,9320795811265189989,1880,cal
/kaggle/input/datasets/sartajbhuvaji/brain-tumor-classification-mri/Testing/glioma_tumor/image(52).jpg,image(52).jpg,Testing,glioma_tumor,glioma,10507262496307358821,695,train
/kaggle/input/datasets/sartajbhuvaji/brain-tumor-classification-mri/Testing/glioma_tumor/image(53).jpg,image(53).jpg,Testing,glioma_tumor,glioma,10935667429621904564,1881,train
/kaggle/input/datasets/sartajbhuvaji/brain-tumor-classification-mri/Testing/glioma_tumor/image(54).jpg,image(54).jpg,Testing,glioma_tumor,glioma,15440928019686242352,1882,train
/kaggle/input/datasets/sartajbhuvaji/brain-tumor-classification-mri/Testing/glioma_tumor/image(55).jpg,image(55).jpg,Testing,glioma_tumor,glioma,14226935558983856412,1879,train
/kaggle/input/datasets/sartajbhuvaji/brain-tumor-classification-mri/Testing/glioma_tumor/image(56).jpg,image(56).jpg,Testing,glioma_tumor,glioma,15018114035011170450,1883,train
/kaggle/input/datasets/sartajbhuvaji/brain-tumor-classification-mri/Testing/glioma_tumor/image(57).jpg,image(57).jpg,Testing,glioma_tumor,glioma,13848070987534576689,1884,cal
/kaggle/input/datasets/sartajbhuvaji/brain-tumor-classification-mri/Testing/glioma_tumor/image(58).jpg,image(58).jpg,Testing,glioma_tumor,glioma,14157077702820772320,1885,test
/kaggle/input/datasets/sartajbhuvaji/brain-tumor-classification-mri/Testing/glioma_tumor/image(59).jpg,image(59).jpg,Testing,glioma_tumor,glioma,10621790510897197938,276,train
/kaggle/input/datasets/sartajbhuvaji/brain-tumor-classification-mri/Testing/glioma_tumor/image(6).jpg,image(6).jpg,Testing,glioma_tumor,glioma,10600187525477251522,1858,train
/kaggle/input/datasets/sartajbhuvaji/brain-tumor-classification-mri/Testing/glioma_tumor/image(60).jpg,image(60).jpg,Testing,glioma_tumor,glioma,10607224433449069956,279,train
/kaggle/input/datasets/sartajbhuvaji/brain-tumor-classification-mri/Testing/glioma_tumor/image(61).jpg,image(61).jpg,Testing,glioma_tumor,glioma,10606096325933622501,279,train
/kaggle/input/datasets/sartajbhuvaji/brain-tumor-classification-mri/Testing/glioma_tumor/image(62).jpg,image(62).jpg,Testing,glioma_tumor,glioma,10642406546254423269,416,test
/kaggle/input/datasets/sartajbhuvaji/brain-tumor-classification-mri/Testing/glioma_tumor/image(63).jpg,image(63).jpg,Testing,glioma_tumor,glioma,13991610013394888744,460,train
/kaggle/input/datasets/sartajbhuvaji/brain-tumor-classification-mri/Testing/glioma_tumor/image(64).jpg,image(64).jpg,Testing,glioma_tumor,glioma,10691891217920697703,210,cal
/kaggle/input/datasets/sartajbhuvaji/brain-tumor-classification-mri/Testing/glioma_tumor/image(65).jpg,image(65).jpg,Testing,glioma_tumor,glioma,10691891217920697703,210,cal
/kaggle/input/datasets/sartajbhuvaji/brain-tumor-classification-mri/Testing/glioma_tumor/image(66).jpg,image(66).jpg,Testing,glioma_tumor,glioma,14874326974507922201,374,train
/kaggle/input/datasets/sartajbhuvaji/brain-tumor-classification-mri/Testing/glioma_tumor/image(67).jpg,image(67).jpg,Testing,glioma_tumor,glioma,14108999814787785269,402,cal
/kaggle/input/datasets/sartajbhuvaji/brain-tumor-classification-mri/Testing/glioma_tumor/image(68).jpg,image(68).jpg,Testing,glioma_tumor,glioma,9676053134012920888,501,train
/kaggle/input/datasets/sartajbhuvaji/brain-tumor-classification-mri/Testing/glioma_tumor/image(69).jpg,image(69).jpg,Testing,glioma_tumor,glioma,10829255142929741872,502,train
/kaggle/input/datasets/sartajbhuvaji/brain-tumor-classification-mri/Testing/glioma_tumor/image(7).jpg,image(7).jpg,Testing,glioma_tumor,glioma,11400978323728639646,1869,train
/kaggle/input/datasets/sartajbhuvaji/brain-tumor-classification-mri/Testing/glioma_tumor/image(70).jpg,image(70).jpg,Testing,glioma_tumor,glioma,9676333612552745013,503,train
/kaggle/input/datasets/sartajbhuvaji/brain-tumor-classification-mri/Testing/glioma_tumor/image(71).jpg,image(71).jpg,Testing,glioma_tumor,glioma,9676333612552745013,503,train
/kaggle/input/datasets/sartajbhuvaji/brain-tumor-classification-mri/Testing/glioma_tumor/image(72).jpg,image(72).jpg,Testing,glioma_tumor,glioma,9592238814074578534,519,train
/kaggle/input/datasets/sartajbhuvaji/brain-tumor-classification-mri/Testing/glioma_tumor/image(73).jpg,image(73).jpg,Testing,glioma_tumor,glioma,9685335302242136966,523,cal
/kaggle/input/datasets/sartajbhuvaji/brain-tumor-classification-mri/Testing/glioma_tumor/image(74).jpg,image(74).jpg,Testing,glioma_tumor,glioma,9468317600472818638,454,train
/kaggle/input/datasets/sartajbhuvaji/brain-tumor-classification-mri/Testing/glioma_tumor/image(75).jpg,image(75).jpg,Testing,glioma_tumor,glioma,10621245702078292430,1,test
/kaggle/input/datasets/sartajbhuvaji/brain-tumor-classification-mri/Testing/glioma_tumor/image(76).jpg,image(76).jpg,Testing,glioma_tumor,glioma,14356766359038423174,21,test
/kaggle/input/datasets/sartajbhuvaji/brain-tumor-classification-mri/Testing/glioma_tumor/image(77).jpg,image(77).jpg,Testing,glioma_tumor,glioma,14305408509955313584,1886,train
/kaggle/input/datasets/sartajbhuvaji/brain-tumor-classification-mri/Testing/glioma_tumor/image(78).jpg,image(78).jpg,Testing,glioma_tumor,glioma,9626197665915611146,1887,val
/kaggle/input/datasets/sartajbhuvaji/brain-tumor-classification-mri/Testing/glioma_tumor/image(79).jpg,image(79).jpg,Testing,glioma_tumor,glioma,10614494752883609281,1857,test
/kaggle/input/datasets/sartajbhuvaji/brain-tumor-classification-mri/Testing/glioma_tumor/image(8).jpg,image(8).jpg,Testing,glioma_tumor,glioma,10467014980768458905,1888,cal
/kaggle/input/datasets/sartajbhuvaji/brain-tumor-classification-mri/Testing/glioma_tumor/image(80).jpg,image(80).jpg,Testing,glioma_tumor,glioma,14305408509955313584,1886,train
/kaggle/input/datasets/sartajbhuvaji/brain-tumor-classification-mri/Testing/glioma_tumor/image(81).jpg,image(81).jpg,Testing,glioma_tumor,glioma,15280163150352366128,1889,cal
/kaggle/input/datasets/sartajbhuvaji/brain-tumor-classification-mri/Testing/glioma_tumor/image(82).jpg,image(82).jpg,Testing,glioma_tumor,glioma,10678715096165935194,1890,train
/kaggle/input/datasets/sartajbhuvaji/brain-tumor-classification-mri/Testing/glioma_tumor/image(83).jpg,image(83).jpg,Testing,glioma_tumor,glioma,10492065983964190764,1891,val
/kaggle/input/datasets/sartajbhuvaji/brain-tumor-classification-mri/Testing/glioma_tumor/image(84).jpg,image(84).jpg,Testing,glioma_tumor,glioma,10396682555399093284,1859,train
/kaggle/input/datasets/sartajbhuvaji/brain-tumor-classification-mri/Testing/glioma_tumor/image(85).jpg,image(85).jpg,Testing,glioma_tumor,glioma,13877295524838520169,1892,train
/kaggle/input/datasets/sartajbhuvaji/brain-tumor-classification-mri/Testing/glioma_tumor/image(86).jpg,image(86).jpg,Testing,glioma_tumor,glioma,13862114216431873153,1867,train
/kaggle/input/datasets/sartajbhuvaji/brain-tumor-classification-mri/Testing/glioma_tumor/image(87).jpg,image(87).jpg,Testing,glioma_tumor,glioma,9257736083513818336,1893,val
/kaggle/input/datasets/sartajbhuvaji/brain-tumor-classification-mri/Testing/glioma_tumor/image(88).jpg,image(88).jpg,Testing,glioma_tumor,glioma,11199727224295404051,1894,test
/kaggle/input/datasets/sartajbhuvaji/brain-tumor-classification-mri/Testing/glioma_tumor/image(89).jpg,image(89).jpg,Testing,glioma_tumor,glioma,10742855776905223008,1895,train
/kaggle/input/datasets/sartajbhuvaji/brain-tumor-classification-mri/Testing/glioma_tumor/image(9).jpg,image(9).jpg,Testing,glioma_tumor,glioma,15348900277690001452,1896,train
/kaggle/input/datasets/sartajbhuvaji/brain-tumor-classification-mri/Testing/glioma_tumor/image(90).jpg,image(90).jpg,Testing,glioma_tumor,glioma,15279043743311859327,1841,val
/kaggle/input/datasets/sartajbhuvaji/brain-tumor-classification-mri/Testing/glioma_tumor/image(91).jpg,image(91).jpg,Testing,glioma_tumor,glioma,10484976818653928302,1897,val
/kaggle/input/datasets/sartajbhuvaji/brain-tumor-classification-mri/Testing/glioma_tumor/image(92).jpg,image(92).jpg,Testing,glioma_tumor,glioma,10720329454578055277,1898,train
/kaggle/input/datasets/sartajbhuvaji/brain-tumor-classification-mri/Testing/glioma_tumor/image(93).jpg,image(93).jpg,Testing,glioma_tumor,glioma,9231839918334548120,1899,train
/kaggle/input/datasets/sartajbhuvaji/brain-tumor-classification-mri/Testing/glioma_tumor/image(94).jpg,image(94).jpg,Testing,glioma_tumor,glioma,9231839918334548120,1899,train
/kaggle/input/datasets/sartajbhuvaji/brain-tumor-classification-mri/Testing/glioma_tumor/image(95).jpg,image(95).jpg,Testing,glioma_tumor,glioma,10796054419524627844,1850,train
/kaggle/input/datasets/sartajbhuvaji/brain-tumor-classification-mri/Testing/glioma_tumor/image(97).jpg,image(97).jpg,Testing,glioma_tumor,glioma,11110781930572453997,1855,train
/kaggle/input/datasets/sartajbhuvaji/brain-tumor-classification-mri/Testing/glioma_tumor/image(98).jpg,image(98).jpg,Testing,glioma_tumor,glioma,10507262496307358821,695,train
/kaggle/input/datasets/sartajbhuvaji/brain-tumor-classification-mri/Testing/glioma_tumor/image(99).jpg,image(99).jpg,Testing,glioma_tumor,glioma,10507262496307358821,695,train
/kaggle/input/datasets/sartajbhuvaji/brain-tumor-classification-mri/Testing/glioma_tumor/image.jpg,image.jpg,Testing,glioma_tumor,glioma,15140055930111605356,1838,train
/kaggle/input/datasets/sartajbhuvaji/brain-tumor-classification-mri/Testing/meningioma_tumor/image(1).jpg,image(1).jpg,Testing,meningioma_tumor,meningioma,10824516823364755865,1900,cal
/kaggle/input/datasets/sartajbhuvaji/brain-tumor-classification-mri/Testing/meningioma_tumor/image(10).jpg,image(10).jpg,Testing,meningioma_tumor,meningioma,10507251501191081581,695,train
/kaggle/input/datasets/sartajbhuvaji/brain-tumor-classification-mri/Testing/meningioma_tumor/image(100).jpg,image(100).jpg,Testing,meningioma_tumor,meningioma,14191187876115489958,673,train
/kaggle/input/datasets/sartajbhuvaji/brain-tumor-classification-mri/Testing/meningioma_tumor/image(102).jpg,image(102).jpg,Testing,meningioma_tumor,meningioma,10403965127539584306,694,val
/kaggle/input/datasets/sartajbhuvaji/brain-tumor-classification-mri/Testing/meningioma_tumor/image(106).jpg,image(106).jpg,Testing,meningioma_tumor,meningioma,10389042045621254338,689,train
/kaggle/input/datasets/sartajbhuvaji/brain-tumor-classification-mri/Testing/meningioma_tumor/image(107).jpg,image(107).jpg,Testing,meningioma_tumor,meningioma,10935384678290187456,813,train
/kaggle/input/datasets/sartajbhuvaji/brain-tumor-classification-mri/Testing/meningioma_tumor/image(109).jpg,image(109).jpg,Testing,meningioma_tumor,meningioma,9242036913448496274,815,train
/kaggle/input/datasets/sartajbhuvaji/brain-tumor-classification-mri/Testing/meningioma_tumor/image(11).jpg,image(11).jpg,Testing,meningioma_tumor,meningioma,10780004859753745291,696,train
/kaggle/input/datasets/sartajbhuvaji/brain-tumor-classification-mri/Testing/meningioma_tumor/image(112).jpg,image(112).jpg,Testing,meningioma_tumor,meningioma,14162781657441188114,818,val
/kaggle/input/datasets/sartajbhuvaji/brain-tumor-classification-mri/Testing/meningioma_tumor/image(113).jpg,image(113).jpg,Testing,meningioma_tumor,meningioma,10687687781089896481,769,train
/kaggle/input/datasets/sartajbhuvaji/brain-tumor-classification-mri/Testing/meningioma_tumor/image(118).jpg,image(118).jpg,Testing,meningioma_tumor,meningioma,14155709370994538756,675,test
/kaggle/input/datasets/sartajbhuvaji/brain-tumor-classification-mri/Testing/meningioma_tumor/image(12).jpg,image(12).jpg,Testing,meningioma_tumor,meningioma,9237548492227883109,697,train
/kaggle/input/datasets/sartajbhuvaji/brain-tumor-classification-mri/Testing/meningioma_tumor/image(120).jpg,image(120).jpg,Testing,meningioma_tumor,meningioma,10757492642637888219,677,test
/kaggle/input/datasets/sartajbhuvaji/brain-tumor-classification-mri/Testing/meningioma_tumor/image(121).jpg,image(121).jpg,Testing,meningioma_tumor,meningioma,14068148787608642364,678,train
/kaggle/input/datasets/sartajbhuvaji/brain-tumor-classification-mri/Testing/meningioma_tumor/image(123).jpg,image(123).jpg,Testing,meningioma_tumor,meningioma,15722048366359727122,1901,train
/kaggle/input/datasets/sartajbhuvaji/brain-tumor-classification-mri/Testing/meningioma_tumor/image(124).jpg,image(124).jpg,Testing,meningioma_tumor,meningioma,14181302724930653326,681,train
/kaggle/input/datasets/sartajbhuvaji/brain-tumor-classification-mri/Testing/meningioma_tumor/image(125).jpg,image(125).jpg,Testing,meningioma_tumor,meningioma,9231926134754771945,682,train
/kaggle/input/datasets/sartajbhuvaji/brain-tumor-classification-mri/Testing/meningioma_tumor/image(126).jpg,image(126).jpg,Testing,meningioma_tumor,meningioma,10389042045621254338,689,train
/kaggle/input/datasets/sartajbhuvaji/brain-tumor-classification-mri/Testing/meningioma_tumor/image(127).jpg,image(127).jpg,Testing,meningioma_tumor,meningioma,13927696558874441905,981,train
/kaggle/input/datasets/sartajbhuvaji/brain-tumor-classification-mri/Testing/meningioma_tumor/image(13).jpg,image(13).jpg,Testing,meningioma_tumor,meningioma,13863270489581973574,698,train
/kaggle/input/datasets/sartajbhuvaji/brain-tumor-classification-mri/Testing/meningioma_tumor/image(14).jpg,image(14).jpg,Testing,meningioma_tumor,meningioma,14139149222651939384,699,train
/kaggle/input/datasets/sartajbhuvaji/brain-tumor-classification-mri/Testing/meningioma_tumor/image(15).jpg,image(15).jpg,Testing,meningioma_tumor,meningioma,14358631453468863793,700,train
/kaggle/input/datasets/sartajbhuvaji/brain-tumor-classification-mri/Testing/meningioma_tumor/image(16).jpg,image(16).jpg,Testing,meningioma_tumor,meningioma,16663372082402696039,701,cal
/kaggle/input/datasets/sartajbhuvaji/brain-tumor-classification-mri/Testing/meningioma_tumor/image(17).jpg,image(17).jpg,Testing,meningioma_tumor,meningioma,13843508257915552104,702,cal
/kaggle/input/datasets/sartajbhuvaji/brain-tumor-classification-mri/Testing/meningioma_tumor/image(18).jpg,image(18).jpg,Testing,meningioma_tumor,meningioma,9304259122325244953,703,train
/kaggle/input/datasets/sartajbhuvaji/brain-tumor-classification-mri/Testing/meningioma_tumor/image(19).jpg,image(19).jpg,Testing,meningioma_tumor,meningioma,13898136203202551088,674,cal
/kaggle/input/datasets/sartajbhuvaji/brain-tumor-classification-mri/Testing/meningioma_tumor/image(2).jpg,image(2).jpg,Testing,meningioma_tumor,meningioma,10383747549237620902,686,train
/kaggle/input/datasets/sartajbhuvaji/brain-tumor-classification-mri/Testing/meningioma_tumor/image(20).jpg,image(20).jpg,Testing,meningioma_tumor,meningioma,15044568818127430694,705,train
/kaggle/input/datasets/sartajbhuvaji/brain-tumor-classification-mri/Testing/meningioma_tumor/image(21).jpg,image(21).jpg,Testing,meningioma_tumor,meningioma,9320849413735016595,706,train
/kaggle/input/datasets/sartajbhuvaji/brain-tumor-classification-mri/Testing/meningioma_tumor/image(22).jpg,image(22).jpg,Testing,meningioma_tumor,meningioma,14210874205719776752,707,train
/kaggle/input/datasets/sartajbhuvaji/brain-tumor-classification-mri/Testing/meningioma_tumor/image(23).jpg,image(23).jpg,Testing,meningioma_tumor,meningioma,9514781741582832184,708,train
/kaggle/input/datasets/sartajbhuvaji/brain-tumor-classification-mri/Testing/meningioma_tumor/image(24).jpg,image(24).jpg,Testing,meningioma_tumor,meningioma,14155709370994538756,675,test
/kaggle/input/datasets/sartajbhuvaji/brain-tumor-classification-mri/Testing/meningioma_tumor/image(25).jpg,image(25).jpg,Testing,meningioma_tumor,meningioma,13995830777410959000,709,test
/kaggle/input/datasets/sartajbhuvaji/brain-tumor-classification-mri/Testing/meningioma_tumor/image(26).jpg,image(26).jpg,Testing,meningioma_tumor,meningioma,14684897101737292388,812,train
/kaggle/input/datasets/sartajbhuvaji/brain-tumor-classification-mri/Testing/meningioma_tumor/image(27).jpg,image(27).jpg,Testing,meningioma_tumor,meningioma,10864454066440266181,711,test
/kaggle/input/datasets/sartajbhuvaji/brain-tumor-classification-mri/Testing/meningioma_tumor/image(28).jpg,image(28).jpg,Testing,meningioma_tumor,meningioma,10463637960144743555,712,test
/kaggle/input/datasets/sartajbhuvaji/brain-tumor-classification-mri/Testing/meningioma_tumor/image(29).jpg,image(29).jpg,Testing,meningioma_tumor,meningioma,14253675358627900806,713,train
/kaggle/input/datasets/sartajbhuvaji/brain-tumor-classification-mri/Testing/meningioma_tumor/image(3).jpg,image(3).jpg,Testing,meningioma_tumor,meningioma,14009341249005511822,687,val
/kaggle/input/datasets/sartajbhuvaji/brain-tumor-classification-mri/Testing/meningioma_tumor/image(30).jpg,image(30).jpg,Testing,meningioma_tumor,meningioma,9533072453001099568,715,train
/kaggle/input/datasets/sartajbhuvaji/brain-tumor-classification-mri/Testing/meningioma_tumor/image(31).jpg,image(31).jpg,Testing,meningioma_tumor,meningioma,15063210810935335600,716,train
/kaggle/input/datasets/sartajbhuvaji/brain-tumor-classification-mri/Testing/meningioma_tumor/image(32).jpg,image(32).jpg,Testing,meningioma_tumor,meningioma,10410752120928217154,717,test
/kaggle/input/datasets/sartajbhuvaji/brain-tumor-classification-mri/Testing/meningioma_tumor/image(33).jpg,image(33).jpg,Testing,meningioma_tumor,meningioma,9231926134754773961,682,train
/kaggle/input/datasets/sartajbhuvaji/brain-tumor-classification-mri/Testing/meningioma_tumor/image(34).jpg,image(34).jpg,Testing,meningioma_tumor,meningioma,15067640749890612404,718,test
/kaggle/input/datasets/sartajbhuvaji/brain-tumor-classification-mri/Testing/meningioma_tumor/image(35).jpg,image(35).jpg,Testing,meningioma_tumor,meningioma,9590449965440068128,719,train
/kaggle/input/datasets/sartajbhuvaji/brain-tumor-classification-mri/Testing/meningioma_tumor/image(36).jpg,image(36).jpg,Testing,meningioma_tumor,meningioma,13914740084629201392,720,train
/kaggle/input/datasets/sartajbhuvaji/brain-tumor-classification-mri/Testing/meningioma_tumor/image(37).jpg,image(37).jpg,Testing,meningioma_tumor,meningioma,14198187013900740856,721,train
/kaggle/input/datasets/sartajbhuvaji/brain-tumor-classification-mri/Testing/meningioma_tumor/image(38).jpg,image(38).jpg,Testing,meningioma_tumor,meningioma,9231921745461015584,722,train
/kaggle/input/datasets/sartajbhuvaji/brain-tumor-classification-mri/Testing/meningioma_tumor/image(39).jpg,image(39).jpg,Testing,meningioma_tumor,meningioma,10705080930752424552,723,train
/kaggle/input/datasets/sartajbhuvaji/brain-tumor-classification-mri/Testing/meningioma_tumor/image(4).jpg,image(4).jpg,Testing,meningioma_tumor,meningioma,9358570508777504308,688,val
/kaggle/input/datasets/sartajbhuvaji/brain-tumor-classification-mri/Testing/meningioma_tumor/image(40).jpg,image(40).jpg,Testing,meningioma_tumor,meningioma,14179374713817020728,725,train
/kaggle/input/datasets/sartajbhuvaji/brain-tumor-classification-mri/Testing/meningioma_tumor/image(41).jpg,image(41).jpg,Testing,meningioma_tumor,meningioma,14324875334442430827,726,test
/kaggle/input/datasets/sartajbhuvaji/brain-tumor-classification-mri/Testing/meningioma_tumor/image(42).jpg,image(42).jpg,Testing,meningioma_tumor,meningioma,9353997704158405742,727,train
/kaggle/input/datasets/sartajbhuvaji/brain-tumor-classification-mri/Testing/meningioma_tumor/image(43).jpg,image(43).jpg,Testing,meningioma_tumor,meningioma,15081195520647261920,728,train
/kaggle/input/datasets/sartajbhuvaji/brain-tumor-classification-mri/Testing/meningioma_tumor/image(44).jpg,image(44).jpg,Testing,meningioma_tumor,meningioma,10753305341843497095,729,train
/kaggle/input/datasets/sartajbhuvaji/brain-tumor-classification-mri/Testing/meningioma_tumor/image(45).jpg,image(45).jpg,Testing,meningioma_tumor,meningioma,15067640749890612404,718,test
/kaggle/input/datasets/sartajbhuvaji/brain-tumor-classification-mri/Testing/meningioma_tumor/image(46).jpg,image(46).jpg,Testing,meningioma_tumor,meningioma,9590449832295820832,719,train
/kaggle/input/datasets/sartajbhuvaji/brain-tumor-classification-mri/Testing/meningioma_tumor/image(47).jpg,image(47).jpg,Testing,meningioma_tumor,meningioma,10384130001593575430,730,val
/kaggle/input/datasets/sartajbhuvaji/brain-tumor-classification-mri/Testing/meningioma_tumor/image(48).jpg,image(48).jpg,Testing,meningioma_tumor,meningioma,10455695311744810720,731,train
/kaggle/input/datasets/sartajbhuvaji/brain-tumor-classification-mri/Testing/meningioma_tumor/image(49).jpg,image(49).jpg,Testing,meningioma_tumor,meningioma,10885051437049982401,732,val
/kaggle/input/datasets/sartajbhuvaji/brain-tumor-classification-mri/Testing/meningioma_tumor/image(5).jpg,image(5).jpg,Testing,meningioma_tumor,meningioma,10896017709545473811,1902,train
/kaggle/input/datasets/sartajbhuvaji/brain-tumor-classification-mri/Testing/meningioma_tumor/image(50).jpg,image(50).jpg,Testing,meningioma_tumor,meningioma,9514513307673061458,733,train
/kaggle/input/datasets/sartajbhuvaji/brain-tumor-classification-mri/Testing/meningioma_tumor/image(51).jpg,image(51).jpg,Testing,meningioma_tumor,meningioma,14298427681060021190,1903,train
/kaggle/input/datasets/sartajbhuvaji/brain-tumor-classification-mri/Testing/meningioma_tumor/image(52).jpg,image(52).jpg,Testing,meningioma_tumor,meningioma,13852543457336518880,735,test
/kaggle/input/datasets/sartajbhuvaji/brain-tumor-classification-mri/Testing/meningioma_tumor/image(53).jpg,image(53).jpg,Testing,meningioma_tumor,meningioma,9321992914576426784,736,train
/kaggle/input/datasets/sartajbhuvaji/brain-tumor-classification-mri/Testing/meningioma_tumor/image(54).jpg,image(54).jpg,Testing,meningioma_tumor,meningioma,15317110042999795048,1904,train
/kaggle/input/datasets/sartajbhuvaji/brain-tumor-classification-mri/Testing/meningioma_tumor/image(55).jpg,image(55).jpg,Testing,meningioma_tumor,meningioma,14180211424808548528,737,train
/kaggle/input/datasets/sartajbhuvaji/brain-tumor-classification-mri/Testing/meningioma_tumor/image(56).jpg,image(56).jpg,Testing,meningioma_tumor,meningioma,14180790876086278632,738,test
/kaggle/input/datasets/sartajbhuvaji/brain-tumor-classification-mri/Testing/meningioma_tumor/image(57).jpg,image(57).jpg,Testing,meningioma_tumor,meningioma,14163339273045619000,739,train
/kaggle/input/datasets/sartajbhuvaji/brain-tumor-classification-mri/Testing/meningioma_tumor/image(58).jpg,image(58).jpg,Testing,meningioma_tumor,meningioma,10383747549237620902,686,train
/kaggle/input/datasets/sartajbhuvaji/brain-tumor-classification-mri/Testing/meningioma_tumor/image(59).jpg,image(59).jpg,Testing,meningioma_tumor,meningioma,15135806013975602290,740,train
/kaggle/input/datasets/sartajbhuvaji/brain-tumor-classification-mri/Testing/meningioma_tumor/image(6).jpg,image(6).jpg,Testing,meningioma_tumor,meningioma,10375260327331939102,690,train
/kaggle/input/datasets/sartajbhuvaji/brain-tumor-classification-mri/Testing/meningioma_tumor/image(60).jpg,image(60).jpg,Testing,meningioma_tumor,meningioma,13910512363032771810,741,train
/kaggle/input/datasets/sartajbhuvaji/brain-tumor-classification-mri/Testing/meningioma_tumor/image(61).jpg,image(61).jpg,Testing,meningioma_tumor,meningioma,14134279115569654983,742,train
/kaggle/input/datasets/sartajbhuvaji/brain-tumor-classification-mri/Testing/meningioma_tumor/image(62).jpg,image(62).jpg,Testing,meningioma_tumor,meningioma,13910512363032771810,741,train
/kaggle/input/datasets/sartajbhuvaji/brain-tumor-classification-mri/Testing/meningioma_tumor/image(63).jpg,image(63).jpg,Testing,meningioma_tumor,meningioma,14211127067552280455,743,train
/kaggle/input/datasets/sartajbhuvaji/brain-tumor-classification-mri/Testing/meningioma_tumor/image(64).jpg,image(64).jpg,Testing,meningioma_tumor,meningioma,10767577227125209185,744,train
/kaggle/input/datasets/sartajbhuvaji/brain-tumor-classification-mri/Testing/meningioma_tumor/image(65).jpg,image(65).jpg,Testing,meningioma_tumor,meningioma,9320867005921061010,706,train
/kaggle/input/datasets/sartajbhuvaji/brain-tumor-classification-mri/Testing/meningioma_tumor/image(66).jpg,image(66).jpg,Testing,meningioma_tumor,meningioma,10509461035791248548,745,train
/kaggle/input/datasets/sartajbhuvaji/brain-tumor-classification-mri/Testing/meningioma_tumor/image(67).jpg,image(67).jpg,Testing,meningioma_tumor,meningioma,10498816847642455232,746,val
/kaggle/input/datasets/sartajbhuvaji/brain-tumor-classification-mri/Testing/meningioma_tumor/image(68).jpg,image(68).jpg,Testing,meningioma_tumor,meningioma,9303908963542186181,747,cal
/kaggle/input/datasets/sartajbhuvaji/brain-tumor-classification-mri/Testing/meningioma_tumor/image(69).jpg,image(69).jpg,Testing,meningioma_tumor,meningioma,15351394099754462436,748,train
/kaggle/input/datasets/sartajbhuvaji/brain-tumor-classification-mri/Testing/meningioma_tumor/image(7).jpg,image(7).jpg,Testing,meningioma_tumor,meningioma,10036947325155960424,691,val
/kaggle/input/datasets/sartajbhuvaji/brain-tumor-classification-mri/Testing/meningioma_tumor/image(70).jpg,image(70).jpg,Testing,meningioma_tumor,meningioma,10536855105122813988,750,train
/kaggle/input/datasets/sartajbhuvaji/brain-tumor-classification-mri/Testing/meningioma_tumor/image(71).jpg,image(71).jpg,Testing,meningioma_tumor,meningioma,10739526520409189173,751,val
/kaggle/input/datasets/sartajbhuvaji/brain-tumor-classification-mri/Testing/meningioma_tumor/image(72).jpg,image(72).jpg,Testing,meningioma_tumor,meningioma,10375260327199818515,690,train
/kaggle/input/datasets/sartajbhuvaji/brain-tumor-classification-mri/Testing/meningioma_tumor/image(73).jpg,image(73).jpg,Testing,meningioma_tumor,meningioma,15382959626719576975,752,train
/kaggle/input/datasets/sartajbhuvaji/brain-tumor-classification-mri/Testing/meningioma_tumor/image(74).jpg,image(74).jpg,Testing,meningioma_tumor,meningioma,10757484579308529811,753,train
/kaggle/input/datasets/sartajbhuvaji/brain-tumor-classification-mri/Testing/meningioma_tumor/image(75).jpg,image(75).jpg,Testing,meningioma_tumor,meningioma,13857505727812153253,754,train
/kaggle/input/datasets/sartajbhuvaji/brain-tumor-classification-mri/Testing/meningioma_tumor/image(76).jpg,image(76).jpg,Testing,meningioma_tumor,meningioma,10551166001431753547,755,cal
/kaggle/input/datasets/sartajbhuvaji/brain-tumor-classification-mri/Testing/meningioma_tumor/image(77).jpg,image(77).jpg,Testing,meningioma_tumor,meningioma,10449027041394978736,756,train
/kaggle/input/datasets/sartajbhuvaji/brain-tumor-classification-mri/Testing/meningioma_tumor/image(78).jpg,image(78).jpg,Testing,meningioma_tumor,meningioma,14103074744335492251,757,train
/kaggle/input/datasets/sartajbhuvaji/brain-tumor-classification-mri/Testing/meningioma_tumor/image(79).jpg,image(79).jpg,Testing,meningioma_tumor,meningioma,10502990899549260684,758,cal
/kaggle/input/datasets/sartajbhuvaji/brain-tumor-classification-mri/Testing/meningioma_tumor/image(8).jpg,image(8).jpg,Testing,meningioma_tumor,meningioma,15303524134591672673,692,train
/kaggle/input/datasets/sartajbhuvaji/brain-tumor-classification-mri/Testing/meningioma_tumor/image(80).jpg,image(80).jpg,Testing,meningioma_tumor,meningioma,13995830777410959000,709,test
/kaggle/input/datasets/sartajbhuvaji/brain-tumor-classification-mri/Testing/meningioma_tumor/image(81).jpg,image(81).jpg,Testing,meningioma_tumor,meningioma,15145163410843526734,760,val
/kaggle/input/datasets/sartajbhuvaji/brain-tumor-classification-mri/Testing/meningioma_tumor/image(82).jpg,image(82).jpg,Testing,meningioma_tumor,meningioma,10383747549237620902,686,train
/kaggle/input/datasets/sartajbhuvaji/brain-tumor-classification-mri/Testing/meningioma_tumor/image(83).jpg,image(83).jpg,Testing,meningioma_tumor,meningioma,14356379163695342396,678,train
/kaggle/input/datasets/sartajbhuvaji/brain-tumor-classification-mri/Testing/meningioma_tumor/image(84).jpg,image(84).jpg,Testing,meningioma_tumor,meningioma,9614347528681823920,761,test
/kaggle/input/datasets/sartajbhuvaji/brain-tumor-classification-mri/Testing/meningioma_tumor/image(85).jpg,image(85).jpg,Testing,meningioma_tumor,meningioma,10739478265603259160,762,train
/kaggle/input/datasets/sartajbhuvaji/brain-tumor-classification-mri/Testing/meningioma_tumor/image(86).jpg,image(86).jpg,Testing,meningioma_tumor,meningioma,13961790206765120289,763,val
/kaggle/input/datasets/sartajbhuvaji/brain-tumor-classification-mri/Testing/meningioma_tumor/image(87).jpg,image(87).jpg,Testing,meningioma_tumor,meningioma,9533662715177887877,764,test
/kaggle/input/datasets/sartajbhuvaji/brain-tumor-classification-mri/Testing/meningioma_tumor/image(88).jpg,image(88).jpg,Testing,meningioma_tumor,meningioma,14394412813630257465,765,train
/kaggle/input/datasets/sartajbhuvaji/brain-tumor-classification-mri/Testing/meningioma_tumor/image(89).jpg,image(89).jpg,Testing,meningioma_tumor,meningioma,11199445752808391577,766,train
/kaggle/input/datasets/sartajbhuvaji/brain-tumor-classification-mri/Testing/meningioma_tumor/image(9).jpg,image(9).jpg,Testing,meningioma_tumor,meningioma,14206339475770198662,693,train
/kaggle/input/datasets/sartajbhuvaji/brain-tumor-classification-mri/Testing/meningioma_tumor/image(90).jpg,image(90).jpg,Testing,meningioma_tumor,meningioma,13898136203202551088,674,cal
/kaggle/input/datasets/sartajbhuvaji/brain-tumor-classification-mri/Testing/meningioma_tumor/image(91).jpg,image(91).jpg,Testing,meningioma_tumor,meningioma,10683184181462525989,769,train
/kaggle/input/datasets/sartajbhuvaji/brain-tumor-classification-mri/Testing/meningioma_tumor/image(92).jpg,image(92).jpg,Testing,meningioma_tumor,meningioma,14326565648131908016,767,train
/kaggle/input/datasets/sartajbhuvaji/brain-tumor-classification-mri/Testing/meningioma_tumor/image(93).jpg,image(93).jpg,Testing,meningioma_tumor,meningioma,10389042045621254338,689,train
/kaggle/input/datasets/sartajbhuvaji/brain-tumor-classification-mri/Testing/meningioma_tumor/image(94).jpg,image(94).jpg,Testing,meningioma_tumor,meningioma,14153703355807119505,779,cal
/kaggle/input/datasets/sartajbhuvaji/brain-tumor-classification-mri/Testing/meningioma_tumor/image(95).jpg,image(95).jpg,Testing,meningioma_tumor,meningioma,11211830459405802389,786,train
/kaggle/input/datasets/sartajbhuvaji/brain-tumor-classification-mri/Testing/meningioma_tumor/image(96).jpg,image(96).jpg,Testing,meningioma_tumor,meningioma,10383927418093332869,793,train
/kaggle/input/datasets/sartajbhuvaji/brain-tumor-classification-mri/Testing/meningioma_tumor/image(97).jpg,image(97).jpg,Testing,meningioma_tumor,meningioma,9736284179916941773,801,train
/kaggle/input/datasets/sartajbhuvaji/brain-tumor-classification-mri/Testing/meningioma_tumor/image(98).jpg,image(98).jpg,Testing,meningioma_tumor,meningioma,15225314248120165779,807,train
/kaggle/input/datasets/sartajbhuvaji/brain-tumor-classification-mri/Testing/meningioma_tumor/image(99).jpg,image(99).jpg,Testing,meningioma_tumor,meningioma,14684334701539652204,812,train
/kaggle/input/datasets/sartajbhuvaji/brain-tumor-classification-mri/Testing/meningioma_tumor/image.jpg,image.jpg,Testing,meningioma_tumor,meningioma,15162335600827312136,683,train
/kaggle/input/datasets/sartajbhuvaji/brain-tumor-classification-mri/Testing/no_tumor/image(1).jpg,image(1).jpg,Testing,no_tumor,no_tumor,13996357717769570691,1131,cal
/kaggle/input/datasets/sartajbhuvaji/brain-tumor-classification-mri/Testing/no_tumor/image(10).jpg,image(10).jpg,Testing,no_tumor,no_tumor,10825642791854913432,1140,train
/kaggle/input/datasets/sartajbhuvaji/brain-tumor-classification-mri/Testing/no_tumor/image(100).jpg,image(100).jpg,Testing,no_tumor,no_tumor,14644629433995965401,1287,train
/kaggle/input/datasets/sartajbhuvaji/brain-tumor-classification-mri/Testing/no_tumor/image(101).jpg,image(101).jpg,Testing,no_tumor,no_tumor,13923751449988181171,1339,train
/kaggle/input/datasets/sartajbhuvaji/brain-tumor-classification-mri/Testing/no_tumor/image(102).jpg,image(102).jpg,Testing,no_tumor,no_tumor,10766794035681308054,1289,train
/kaggle/input/datasets/sartajbhuvaji/brain-tumor-classification-mri/Testing/no_tumor/image(103).jpg,image(103).jpg,Testing,no_tumor,no_tumor,10570809759190168587,1291,cal
/kaggle/input/datasets/sartajbhuvaji/brain-tumor-classification-mri/Testing/no_tumor/image(104).jpg,image(104).jpg,Testing,no_tumor,no_tumor,10749664469380637095,1293,val
/kaggle/input/datasets/sartajbhuvaji/brain-tumor-classification-mri/Testing/no_tumor/image(11).jpg,image(11).jpg,Testing,no_tumor,no_tumor,10550079696762737260,575,train
/kaggle/input/datasets/sartajbhuvaji/brain-tumor-classification-mri/Testing/no_tumor/image(12).jpg,image(12).jpg,Testing,no_tumor,no_tumor,14000897068497056377,1141,train
/kaggle/input/datasets/sartajbhuvaji/brain-tumor-classification-mri/Testing/no_tumor/image(13).jpg,image(13).jpg,Testing,no_tumor,no_tumor,10512562139410339998,1142,train
/kaggle/input/datasets/sartajbhuvaji/brain-tumor-classification-mri/Testing/no_tumor/image(14).jpg,image(14).jpg,Testing,no_tumor,no_tumor,15371351132985171557,1143,train
/kaggle/input/datasets/sartajbhuvaji/brain-tumor-classification-mri/Testing/no_tumor/image(15).jpg,image(15).jpg,Testing,no_tumor,no_tumor,9600119839599845662,1144,train
/kaggle/input/datasets/sartajbhuvaji/brain-tumor-classification-mri/Testing/no_tumor/image(16).jpg,image(16).jpg,Testing,no_tumor,no_tumor,13986789973729423567,1145,train
/kaggle/input/datasets/sartajbhuvaji/brain-tumor-classification-mri/Testing/no_tumor/image(17).jpg,image(17).jpg,Testing,no_tumor,no_tumor,10558777405385959652,1146,train
/kaggle/input/datasets/sartajbhuvaji/brain-tumor-classification-mri/Testing/no_tumor/image(18).jpg,image(18).jpg,Testing,no_tumor,no_tumor,9303959883066977396,1147,val
/kaggle/input/datasets/sartajbhuvaji/brain-tumor-classification-mri/Testing/no_tumor/image(19).jpg,image(19).jpg,Testing,no_tumor,no_tumor,10677817427172811075,1149,train
/kaggle/input/datasets/sartajbhuvaji/brain-tumor-classification-mri/Testing/no_tumor/image(2).jpg,image(2).jpg,Testing,no_tumor,no_tumor,14937099230625542969,585,train
/kaggle/input/datasets/sartajbhuvaji/brain-tumor-classification-mri/Testing/no_tumor/image(20).jpg,image(20).jpg,Testing,no_tumor,no_tumor,10752466574503262616,1150,train
/kaggle/input/datasets/sartajbhuvaji/brain-tumor-classification-mri/Testing/no_tumor/image(21).jpg,image(21).jpg,Testing,no_tumor,no_tumor,14284905513338221001,1151,train
/kaggle/input/datasets/sartajbhuvaji/brain-tumor-classification-mri/Testing/no_tumor/image(22).jpg,image(22).jpg,Testing,no_tumor,no_tumor,14082221815635655827,1152,test
/kaggle/input/datasets/sartajbhuvaji/brain-tumor-classification-mri/Testing/no_tumor/image(23).jpg,image(23).jpg,Testing,no_tumor,no_tumor,10622421629651543089,1153,train
/kaggle/input/datasets/sartajbhuvaji/brain-tumor-classification-mri/Testing/no_tumor/image(24).jpg,image(24).jpg,Testing,no_tumor,no_tumor,14009622225993560474,1345,train
/kaggle/input/datasets/sartajbhuvaji/brain-tumor-classification-mri/Testing/no_tumor/image(25).jpg,image(25).jpg,Testing,no_tumor,no_tumor,9244306349193830684,1157,train
/kaggle/input/datasets/sartajbhuvaji/brain-tumor-classification-mri/Testing/no_tumor/image(26).jpg,image(26).jpg,Testing,no_tumor,no_tumor,9375980820876113099,1240,train
/kaggle/input/datasets/sartajbhuvaji/brain-tumor-classification-mri/Testing/no_tumor/image(27).jpg,image(27).jpg,Testing,no_tumor,no_tumor,10754167789575551433,1316,train
/kaggle/input/datasets/sartajbhuvaji/brain-tumor-classification-mri/Testing/no_tumor/image(28).jpg,image(28).jpg,Testing,no_tumor,no_tumor,14068166839358401682,1343,train
/kaggle/input/datasets/sartajbhuvaji/brain-tumor-classification-mri/Testing/no_tumor/image(29).jpg,image(29).jpg,Testing,no_tumor,no_tumor,10622984584973427867,1135,test
/kaggle/input/datasets/sartajbhuvaji/brain-tumor-classification-mri/Testing/no_tumor/image(3).jpg,image(3).jpg,Testing,no_tumor,no_tumor,14076286680634707917,1132,train
/kaggle/input/datasets/sartajbhuvaji/brain-tumor-classification-mri/Testing/no_tumor/image(30).jpg,image(30).jpg,Testing,no_tumor,no_tumor,10575100899676481889,1136,train
/kaggle/input/datasets/sartajbhuvaji/brain-tumor-classification-mri/Testing/no_tumor/image(31).jpg,image(31).jpg,Testing,no_tumor,no_tumor,14658148901834246972,1344,cal
/kaggle/input/datasets/sartajbhuvaji/brain-tumor-classification-mri/Testing/no_tumor/image(32).jpg,image(32).jpg,Testing,no_tumor,no_tumor,9385053985567742631,1342,train
/kaggle/input/datasets/sartajbhuvaji/brain-tumor-classification-mri/Testing/no_tumor/image(33).jpg,image(33).jpg,Testing,no_tumor,no_tumor,10825642791854913432,1140,train
/kaggle/input/datasets/sartajbhuvaji/brain-tumor-classification-mri/Testing/no_tumor/image(34).jpg,image(34).jpg,Testing,no_tumor,no_tumor,14513190864324813515,1366,train
/kaggle/input/datasets/sartajbhuvaji/brain-tumor-classification-mri/Testing/no_tumor/image(35).jpg,image(35).jpg,Testing,no_tumor,no_tumor,13982902445016365211,1158,train
/kaggle/input/datasets/sartajbhuvaji/brain-tumor-classification-mri/Testing/no_tumor/image(36).jpg,image(36).jpg,Testing,no_tumor,no_tumor,15371351137280138789,1143,train
/kaggle/input/datasets/sartajbhuvaji/brain-tumor-classification-mri/Testing/no_tumor/image(37).jpg,image(37).jpg,Testing,no_tumor,no_tumor,10682109920677275026,1173,train
/kaggle/input/datasets/sartajbhuvaji/brain-tumor-classification-mri/Testing/no_tumor/image(38).jpg,image(38).jpg,Testing,no_tumor,no_tumor,10757444390080569756,1183,train
/kaggle/input/datasets/sartajbhuvaji/brain-tumor-classification-mri/Testing/no_tumor/image(39).jpg,image(39).jpg,Testing,no_tumor,no_tumor,10550926990935499931,1135,test
/kaggle/input/datasets/sartajbhuvaji/brain-tumor-classification-mri/Testing/no_tumor/image(4).jpg,image(4).jpg,Testing,no_tumor,no_tumor,10487839383673318602,1133,train
/kaggle/input/datasets/sartajbhuvaji/brain-tumor-classification-mri/Testing/no_tumor/image(40).jpg,image(40).jpg,Testing,no_tumor,no_tumor,9657439339364371097,1201,train
/kaggle/input/datasets/sartajbhuvaji/brain-tumor-classification-mri/Testing/no_tumor/image(41).jpg,image(41).jpg,Testing,no_tumor,no_tumor,10535695653830472851,1206,val
/kaggle/input/datasets/sartajbhuvaji/brain-tumor-classification-mri/Testing/no_tumor/image(42).jpg,image(42).jpg,Testing,no_tumor,no_tumor,15147978177894559891,1137,train
/kaggle/input/datasets/sartajbhuvaji/brain-tumor-classification-mri/Testing/no_tumor/image(43).jpg,image(43).jpg,Testing,no_tumor,no_tumor,9270481954098260258,1221,train
/kaggle/input/datasets/sartajbhuvaji/brain-tumor-classification-mri/Testing/no_tumor/image(44).jpg,image(44).jpg,Testing,no_tumor,no_tumor,14225480598794823717,1230,test
/kaggle/input/datasets/sartajbhuvaji/brain-tumor-classification-mri/Testing/no_tumor/image(45).jpg,image(45).jpg,Testing,no_tumor,no_tumor,13986789973729423567,1145,train
/kaggle/input/datasets/sartajbhuvaji/brain-tumor-classification-mri/Testing/no_tumor/image(46).jpg,image(46).jpg,Testing,no_tumor,no_tumor,15004634864007789762,1245,train
/kaggle/input/datasets/sartajbhuvaji/brain-tumor-classification-mri/Testing/no_tumor/image(47).jpg,image(47).jpg,Testing,no_tumor,no_tumor,10622984584973427867,1135,test
/kaggle/input/datasets/sartajbhuvaji/brain-tumor-classification-mri/Testing/no_tumor/image(48).jpg,image(48).jpg,Testing,no_tumor,no_tumor,10824518137572372635,1137,train
/kaggle/input/datasets/sartajbhuvaji/brain-tumor-classification-mri/Testing/no_tumor/image(49).jpg,image(49).jpg,Testing,no_tumor,no_tumor,9600119839599845662,1144,train
/kaggle/input/datasets/sartajbhuvaji/brain-tumor-classification-mri/Testing/no_tumor/image(5).jpg,image(5).jpg,Testing,no_tumor,no_tumor,14072126777844579424,1134,train
/kaggle/input/datasets/sartajbhuvaji/brain-tumor-classification-mri/Testing/no_tumor/image(50).jpg,image(50).jpg,Testing,no_tumor,no_tumor,15004634864007789762,1245,train
/kaggle/input/datasets/sartajbhuvaji/brain-tumor-classification-mri/Testing/no_tumor/image(51).jpg,image(51).jpg,Testing,no_tumor,no_tumor,9241984206673111196,1280,train
/kaggle/input/datasets/sartajbhuvaji/brain-tumor-classification-mri/Testing/no_tumor/image(52).jpg,image(52).jpg,Testing,no_tumor,no_tumor,10535695653830472851,1206,val
/kaggle/input/datasets/sartajbhuvaji/brain-tumor-classification-mri/Testing/no_tumor/image(53).jpg,image(53).jpg,Testing,no_tumor,no_tumor,9600119839599845662,1144,train
/kaggle/input/datasets/sartajbhuvaji/brain-tumor-classification-mri/Testing/no_tumor/image(54).jpg,image(54).jpg,Testing,no_tumor,no_tumor,15004634864007789762,1245,train
/kaggle/input/datasets/sartajbhuvaji/brain-tumor-classification-mri/Testing/no_tumor/image(55).jpg,image(55).jpg,Testing,no_tumor,no_tumor,13986789973729423567,1145,train
/kaggle/input/datasets/sartajbhuvaji/brain-tumor-classification-mri/Testing/no_tumor/image(56).jpg,image(56).jpg,Testing,no_tumor,no_tumor,9743091598998189159,1324,train
/kaggle/input/datasets/sartajbhuvaji/brain-tumor-classification-mri/Testing/no_tumor/image(57).jpg,image(57).jpg,Testing,no_tumor,no_tumor,15371351684896857829,1143,train
/kaggle/input/datasets/sartajbhuvaji/brain-tumor-classification-mri/Testing/no_tumor/image(58).jpg,image(58).jpg,Testing,no_tumor,no_tumor,14153436096124641686,1341,test
/kaggle/input/datasets/sartajbhuvaji/brain-tumor-classification-mri/Testing/no_tumor/image(59).jpg,image(59).jpg,Testing,no_tumor,no_tumor,9342539689868011810,1221,train
/kaggle/input/datasets/sartajbhuvaji/brain-tumor-classification-mri/Testing/no_tumor/image(6).jpg,image(6).jpg,Testing,no_tumor,no_tumor,10550926990935631003,1135,test
/kaggle/input/datasets/sartajbhuvaji/brain-tumor-classification-mri/Testing/no_tumor/image(60).jpg,image(60).jpg,Testing,no_tumor,no_tumor,13986789973729423567,1145,train
/kaggle/input/datasets/sartajbhuvaji/brain-tumor-classification-mri/Testing/no_tumor/image(61).jpg,image(61).jpg,Testing,no_tumor,no_tumor,14082221815635655827,1152,test
/kaggle/input/datasets/sartajbhuvaji/brain-tumor-classification-mri/Testing/no_tumor/image(62).jpg,image(62).jpg,Testing,no_tumor,no_tumor,15371351684896873189,1143,train
/kaggle/input/datasets/sartajbhuvaji/brain-tumor-classification-mri/Testing/no_tumor/image(63).jpg,image(63).jpg,Testing,no_tumor,no_tumor,10622984601884861595,1135,test
/kaggle/input/datasets/sartajbhuvaji/brain-tumor-classification-mri/Testing/no_tumor/image(64).jpg,image(64).jpg,Testing,no_tumor,no_tumor,9385053985567742631,1342,train
/kaggle/input/datasets/sartajbhuvaji/brain-tumor-classification-mri/Testing/no_tumor/image(65).jpg,image(65).jpg,Testing,no_tumor,no_tumor,14000897068497007323,1141,train
/kaggle/input/datasets/sartajbhuvaji/brain-tumor-classification-mri/Testing/no_tumor/image(66).jpg,image(66).jpg,Testing,no_tumor,no_tumor,10825642791854913432,1140,train
/kaggle/input/datasets/sartajbhuvaji/brain-tumor-classification-mri/Testing/no_tumor/image(67).jpg,image(67).jpg,Testing,no_tumor,no_tumor,9600119839599845662,1144,train
/kaggle/input/datasets/sartajbhuvaji/brain-tumor-classification-mri/Testing/no_tumor/image(68).jpg,image(68).jpg,Testing,no_tumor,no_tumor,14658148901834246972,1344,cal
/kaggle/input/datasets/sartajbhuvaji/brain-tumor-classification-mri/Testing/no_tumor/image(69).jpg,image(69).jpg,Testing,no_tumor,no_tumor,14284905513338221001,1151,train
/kaggle/input/datasets/sartajbhuvaji/brain-tumor-classification-mri/Testing/no_tumor/image(7).jpg,image(7).jpg,Testing,no_tumor,no_tumor,15186786913809426785,1136,train
/kaggle/input/datasets/sartajbhuvaji/brain-tumor-classification-mri/Testing/no_tumor/image(70).jpg,image(70).jpg,Testing,no_tumor,no_tumor,14009622225993560474,1345,train
/kaggle/input/datasets/sartajbhuvaji/brain-tumor-classification-mri/Testing/no_tumor/image(71).jpg,image(71).jpg,Testing,no_tumor,no_tumor,14082221815635655827,1152,test
/kaggle/input/datasets/sartajbhuvaji/brain-tumor-classification-mri/Testing/no_tumor/image(72).jpg,image(72).jpg,Testing,no_tumor,no_tumor,10752466574536816792,1150,train
/kaggle/input/datasets/sartajbhuvaji/brain-tumor-classification-mri/Testing/no_tumor/image(73).jpg,image(73).jpg,Testing,no_tumor,no_tumor,9244306349193830684,1157,train
/kaggle/input/datasets/sartajbhuvaji/brain-tumor-classification-mri/Testing/no_tumor/image(74).jpg,image(74).jpg,Testing,no_tumor,no_tumor,15428889088672085131,1346,train
/kaggle/input/datasets/sartajbhuvaji/brain-tumor-classification-mri/Testing/no_tumor/image(75).jpg,image(75).jpg,Testing,no_tumor,no_tumor,10824518137572372635,1137,train
/kaggle/input/datasets/sartajbhuvaji/brain-tumor-classification-mri/Testing/no_tumor/image(76).jpg,image(76).jpg,Testing,no_tumor,no_tumor,14000897068497007195,1141,train
/kaggle/input/datasets/sartajbhuvaji/brain-tumor-classification-mri/Testing/no_tumor/image(77).jpg,image(77).jpg,Testing,no_tumor,no_tumor,10754150472267413961,1316,train
/kaggle/input/datasets/sartajbhuvaji/brain-tumor-classification-mri/Testing/no_tumor/image(78).jpg,image(78).jpg,Testing,no_tumor,no_tumor,10486384172466465112,1129,train
/kaggle/input/datasets/sartajbhuvaji/brain-tumor-classification-mri/Testing/no_tumor/image(79).jpg,image(79).jpg,Testing,no_tumor,no_tumor,10682109920677275026,1173,train
/kaggle/input/datasets/sartajbhuvaji/brain-tumor-classification-mri/Testing/no_tumor/image(8).jpg,image(8).jpg,Testing,no_tumor,no_tumor,9383370654856130715,1137,train
/kaggle/input/datasets/sartajbhuvaji/brain-tumor-classification-mri/Testing/no_tumor/image(80).jpg,image(80).jpg,Testing,no_tumor,no_tumor,10622934423906035401,1139,train
/kaggle/input/datasets/sartajbhuvaji/brain-tumor-classification-mri/Testing/no_tumor/image(81).jpg,image(81).jpg,Testing,no_tumor,no_tumor,10825642791854913432,1140,train
/kaggle/input/datasets/sartajbhuvaji/brain-tumor-classification-mri/Testing/no_tumor/image(82).jpg,image(82).jpg,Testing,no_tumor,no_tumor,10757445098743150660,1347,train
/kaggle/input/datasets/sartajbhuvaji/brain-tumor-classification-mri/Testing/no_tumor/image(83).jpg,image(83).jpg,Testing,no_tumor,no_tumor,10471536036740407384,1348,train
/kaggle/input/datasets/sartajbhuvaji/brain-tumor-classification-mri/Testing/no_tumor/image(84).jpg,image(84).jpg,Testing,no_tumor,no_tumor,9600119839599845662,1144,train
/kaggle/input/datasets/sartajbhuvaji/brain-tumor-classification-mri/Testing/no_tumor/image(85).jpg,image(85).jpg,Testing,no_tumor,no_tumor,10550079696762737260,575,train
/kaggle/input/datasets/sartajbhuvaji/brain-tumor-classification-mri/Testing/no_tumor/image(86).jpg,image(86).jpg,Testing,no_tumor,no_tumor,9527465278689262050,1349,train
/kaggle/input/datasets/sartajbhuvaji/brain-tumor-classification-mri/Testing/no_tumor/image(87).jpg,image(87).jpg,Testing,no_tumor,no_tumor,13919513296822742409,1350,train
/kaggle/input/datasets/sartajbhuvaji/brain-tumor-classification-mri/Testing/no_tumor/image(88).jpg,image(88).jpg,Testing,no_tumor,no_tumor,10915169281408132554,1111,cal
/kaggle/input/datasets/sartajbhuvaji/brain-tumor-classification-mri/Testing/no_tumor/image(89).jpg,image(89).jpg,Testing,no_tumor,no_tumor,15383261554778901831,1351,train
/kaggle/input/datasets/sartajbhuvaji/brain-tumor-classification-mri/Testing/no_tumor/image(9).jpg,image(9).jpg,Testing,no_tumor,no_tumor,10622934423906035401,1139,train
/kaggle/input/datasets/sartajbhuvaji/brain-tumor-classification-mri/Testing/no_tumor/image(90).jpg,image(90).jpg,Testing,no_tumor,no_tumor,14211472378026421674,1352,train
/kaggle/input/datasets/sartajbhuvaji/brain-tumor-classification-mri/Testing/no_tumor/image(91).jpg,image(91).jpg,Testing,no_tumor,no_tumor,9676327622032648090,1353,train
/kaggle/input/datasets/sartajbhuvaji/brain-tumor-classification-mri/Testing/no_tumor/image(92).jpg,image(92).jpg,Testing,no_tumor,no_tumor,14009340699390129051,1354,test
/kaggle/input/datasets/sartajbhuvaji/brain-tumor-classification-mri/Testing/no_tumor/image(93).jpg,image(93).jpg,Testing,no_tumor,no_tumor,10622083547856824266,1355,train
/kaggle/input/datasets/sartajbhuvaji/brain-tumor-classification-mri/Testing/no_tumor/image(94).jpg,image(94).jpg,Testing,no_tumor,no_tumor,10476901717598562664,1356,train
/kaggle/input/datasets/sartajbhuvaji/brain-tumor-classification-mri/Testing/no_tumor/image(95).jpg,image(95).jpg,Testing,no_tumor,no_tumor,14306874658548103577,1357,train
/kaggle/input/datasets/sartajbhuvaji/brain-tumor-classification-mri/Testing/no_tumor/image(96).jpg,image(96).jpg,Testing,no_tumor,no_tumor,14081133774952450861,1154,train
/kaggle/input/datasets/sartajbhuvaji/brain-tumor-classification-mri/Testing/no_tumor/image(97).jpg,image(97).jpg,Testing,no_tumor,no_tumor,10781435986123516363,1283,train
/kaggle/input/datasets/sartajbhuvaji/brain-tumor-classification-mri/Testing/no_tumor/image(98).jpg,image(98).jpg,Testing,no_tumor,no_tumor,9315448338136770708,1285,train
/kaggle/input/datasets/sartajbhuvaji/brain-tumor-classification-mri/Testing/no_tumor/image(99).jpg,image(99).jpg,Testing,no_tumor,no_tumor,15280163132324198513,1338,train
/kaggle/input/datasets/sartajbhuvaji/brain-tumor-classification-mri/Testing/no_tumor/image.jpg,image.jpg,Testing,no_tumor,no_tumor,13849183537747522255,1130,train
/kaggle/input/datasets/sartajbhuvaji/brain-tumor-classification-mri/Testing/pituitary_tumor/image(1).jpg,image(1).jpg,Testing,pituitary_tumor,pituitary,10775458937334298715,1905,train
/kaggle/input/datasets/sartajbhuvaji/brain-tumor-classification-mri/Testing/pituitary_tumor/image(10).jpg,image(10).jpg,Testing,pituitary_tumor,pituitary,14435446779660884386,1388,train
/kaggle/input/datasets/sartajbhuvaji/brain-tumor-classification-mri/Testing/pituitary_tumor/image(11).jpg,image(11).jpg,Testing,pituitary_tumor,pituitary,15366689516923130427,1389,test
/kaggle/input/datasets/sartajbhuvaji/brain-tumor-classification-mri/Testing/pituitary_tumor/image(13).jpg,image(13).jpg,Testing,pituitary_tumor,pituitary,9303986507551503008,1390,train
/kaggle/input/datasets/sartajbhuvaji/brain-tumor-classification-mri/Testing/pituitary_tumor/image(15).jpg,image(15).jpg,Testing,pituitary_tumor,pituitary,14417556956094604268,1391,train
/kaggle/input/datasets/sartajbhuvaji/brain-tumor-classification-mri/Testing/pituitary_tumor/image(18).jpg,image(18).jpg,Testing,pituitary_tumor,pituitary,10775782610360938814,1392,val
/kaggle/input/datasets/sartajbhuvaji/brain-tumor-classification-mri/Testing/pituitary_tumor/image(19).jpg,image(19).jpg,Testing,pituitary_tumor,pituitary,10461116948300833251,1394,train
/kaggle/input/datasets/sartajbhuvaji/brain-tumor-classification-mri/Testing/pituitary_tumor/image(2).jpg,image(2).jpg,Testing,pituitary_tumor,pituitary,10775458937334298715,1905,train
/kaggle/input/datasets/sartajbhuvaji/brain-tumor-classification-mri/Testing/pituitary_tumor/image(20).jpg,image(20).jpg,Testing,pituitary_tumor,pituitary,10461116948300833251,1394,train
/kaggle/input/datasets/sartajbhuvaji/brain-tumor-classification-mri/Testing/pituitary_tumor/image(21).jpg,image(21).jpg,Testing,pituitary_tumor,pituitary,10461116948300833251,1394,train
/kaggle/input/datasets/sartajbhuvaji/brain-tumor-classification-mri/Testing/pituitary_tumor/image(22).jpg,image(22).jpg,Testing,pituitary_tumor,pituitary,14180721675740394691,1395,train
/kaggle/input/datasets/sartajbhuvaji/brain-tumor-classification-mri/Testing/pituitary_tumor/image(23).jpg,image(23).jpg,Testing,pituitary_tumor,pituitary,14180721675740394691,1395,train
/kaggle/input/datasets/sartajbhuvaji/brain-tumor-classification-mri/Testing/pituitary_tumor/image(27).jpg,image(27).jpg,Testing,pituitary_tumor,pituitary,12129836605869531901,1397,val
/kaggle/input/datasets/sartajbhuvaji/brain-tumor-classification-mri/Testing/pituitary_tumor/image(28).jpg,image(28).jpg,Testing,pituitary_tumor,pituitary,12129836605869531901,1397,val
/kaggle/input/datasets/sartajbhuvaji/brain-tumor-classification-mri/Testing/pituitary_tumor/image(3).jpg,image(3).jpg,Testing,pituitary_tumor,pituitary,10775458937334298715,1905,train
/kaggle/input/datasets/sartajbhuvaji/brain-tumor-classification-mri/Testing/pituitary_tumor/image(30).jpg,image(30).jpg,Testing,pituitary_tumor,pituitary,10461116948300833251,1394,train
/kaggle/input/datasets/sartajbhuvaji/brain-tumor-classification-mri/Testing/pituitary_tumor/image(31).jpg,image(31).jpg,Testing,pituitary_tumor,pituitary,11025206591160280721,1398,test
/kaggle/input/datasets/sartajbhuvaji/brain-tumor-classification-mri/Testing/pituitary_tumor/image(34).jpg,image(34).jpg,Testing,pituitary_tumor,pituitary,9263955745721704108,1906,test
/kaggle/input/datasets/sartajbhuvaji/brain-tumor-classification-mri/Testing/pituitary_tumor/image(35).jpg,image(35).jpg,Testing,pituitary_tumor,pituitary,13893435689284475491,1400,train
/kaggle/input/datasets/sartajbhuvaji/brain-tumor-classification-mri/Testing/pituitary_tumor/image(36).jpg,image(36).jpg,Testing,pituitary_tumor,pituitary,13893435689284475491,1400,train
/kaggle/input/datasets/sartajbhuvaji/brain-tumor-classification-mri/Testing/pituitary_tumor/image(37).jpg,image(37).jpg,Testing,pituitary_tumor,pituitary,13893435689284475491,1400,train
/kaggle/input/datasets/sartajbhuvaji/brain-tumor-classification-mri/Testing/pituitary_tumor/image(38).jpg,image(38).jpg,Testing,pituitary_tumor,pituitary,16861889172984826994,1907,cal
/kaggle/input/datasets/sartajbhuvaji/brain-tumor-classification-mri/Testing/pituitary_tumor/image(41).jpg,image(41).jpg,Testing,pituitary_tumor,pituitary,10757464996987622292,1908,train
/kaggle/input/datasets/sartajbhuvaji/brain-tumor-classification-mri/Testing/pituitary_tumor/image(42).jpg,image(42).jpg,Testing,pituitary_tumor,pituitary,10757464996987622292,1908,train
/kaggle/input/datasets/sartajbhuvaji/brain-tumor-classification-mri/Testing/pituitary_tumor/image(43).jpg,image(43).jpg,Testing,pituitary_tumor,pituitary,10757464996987622292,1908,train
/kaggle/input/datasets/sartajbhuvaji/brain-tumor-classification-mri/Testing/pituitary_tumor/image(44).jpg,image(44).jpg,Testing,pituitary_tumor,pituitary,15384378926003007448,1909,train
/kaggle/input/datasets/sartajbhuvaji/brain-tumor-classification-mri/Testing/pituitary_tumor/image(45).jpg,image(45).jpg,Testing,pituitary_tumor,pituitary,15384378926003007448,1909,train
/kaggle/input/datasets/sartajbhuvaji/brain-tumor-classification-mri/Testing/pituitary_tumor/image(46).jpg,image(46).jpg,Testing,pituitary_tumor,pituitary,15384378926003007448,1909,train
/kaggle/input/datasets/sartajbhuvaji/brain-tumor-classification-mri/Testing/pituitary_tumor/image(47).jpg,image(47).jpg,Testing,pituitary_tumor,pituitary,9246500841526475558,1910,train
/kaggle/input/datasets/sartajbhuvaji/brain-tumor-classification-mri/Testing/pituitary_tumor/image(48).jpg,image(48).jpg,Testing,pituitary_tumor,pituitary,9246500841526475558,1910,train
/kaggle/input/datasets/sartajbhuvaji/brain-tumor-classification-mri/Testing/pituitary_tumor/image(49).jpg,image(49).jpg,Testing,pituitary_tumor,pituitary,9246500841526475558,1910,train
/kaggle/input/datasets/sartajbhuvaji/brain-tumor-classification-mri/Testing/pituitary_tumor/image(5).jpg,image(5).jpg,Testing,pituitary_tumor,pituitary,14199412797077656682,1387,test
/kaggle/input/datasets/sartajbhuvaji/brain-tumor-classification-mri/Testing/pituitary_tumor/image(51).jpg,image(51).jpg,Testing,pituitary_tumor,pituitary,16861889172984826994,1907,cal
/kaggle/input/datasets/sartajbhuvaji/brain-tumor-classification-mri/Testing/pituitary_tumor/image(52).jpg,image(52).jpg,Testing,pituitary_tumor,pituitary,16861889172984826994,1907,cal
/kaggle/input/datasets/sartajbhuvaji/brain-tumor-classification-mri/Testing/pituitary_tumor/image(53).jpg,image(53).jpg,Testing,pituitary_tumor,pituitary,15384378926003007448,1909,train
/kaggle/input/datasets/sartajbhuvaji/brain-tumor-classification-mri/Testing/pituitary_tumor/image(54).jpg,image(54).jpg,Testing,pituitary_tumor,pituitary,15384378926003007448,1909,train
/kaggle/input/datasets/sartajbhuvaji/brain-tumor-classification-mri/Testing/pituitary_tumor/image(55).jpg,image(55).jpg,Testing,pituitary_tumor,pituitary,15384378926003007448,1909,train
/kaggle/input/datasets/sartajbhuvaji/brain-tumor-classification-mri/Testing/pituitary_tumor/image(56).jpg,image(56).jpg,Testing,pituitary_tumor,pituitary,16741380794504073829,1911,train
/kaggle/input/datasets/sartajbhuvaji/brain-tumor-classification-mri/Testing/pituitary_tumor/image(57).jpg,image(57).jpg,Testing,pituitary_tumor,pituitary,16741380794504073829,1911,train
/kaggle/input/datasets/sartajbhuvaji/brain-tumor-classification-mri/Testing/pituitary_tumor/image(6).jpg,image(6).jpg,Testing,pituitary_tumor,pituitary,14199412797077656682,1387,test
/kaggle/input/datasets/sartajbhuvaji/brain-tumor-classification-mri/Testing/pituitary_tumor/image(60).jpg,image(60).jpg,Testing,pituitary_tumor,pituitary,10757464996987622292,1908,train
/kaggle/input/datasets/sartajbhuvaji/brain-tumor-classification-mri/Testing/pituitary_tumor/image(61).jpg,image(61).jpg,Testing,pituitary_tumor,pituitary,10757464996987622292,1908,train
/kaggle/input/datasets/sartajbhuvaji/brain-tumor-classification-mri/Testing/pituitary_tumor/image(63).jpg,image(63).jpg,Testing,pituitary_tumor,pituitary,13878140109739266018,1912,train
/kaggle/input/datasets/sartajbhuvaji/brain-tumor-classification-mri/Testing/pituitary_tumor/image(64).jpg,image(64).jpg,Testing,pituitary_tumor,pituitary,13878140109739266018,1912,train
/kaggle/input/datasets/sartajbhuvaji/brain-tumor-classification-mri/Testing/pituitary_tumor/image(65).jpg,image(65).jpg,Testing,pituitary_tumor,pituitary,17674940784004010605,1913,train
/kaggle/input/datasets/sartajbhuvaji/brain-tumor-classification-mri/Testing/pituitary_tumor/image(66).jpg,image(66).jpg,Testing,pituitary_tumor,pituitary,17674940784004010605,1913,train
/kaggle/input/datasets/sartajbhuvaji/brain-tumor-classification-mri/Testing/pituitary_tumor/image(67).jpg,image(67).jpg,Testing,pituitary_tumor,pituitary,9231945317650399269,1914,train
/kaggle/input/datasets/sartajbhuvaji/brain-tumor-classification-mri/Testing/pituitary_tumor/image(68).jpg,image(68).jpg,Testing,pituitary_tumor,pituitary,9231945317650399269,1914,train
/kaggle/input/datasets/sartajbhuvaji/brain-tumor-classification-mri/Testing/pituitary_tumor/image(69).jpg,image(69).jpg,Testing,pituitary_tumor,pituitary,10757464996987622292,1908,train
/kaggle/input/datasets/sartajbhuvaji/brain-tumor-classification-mri/Testing/pituitary_tumor/image(7).jpg,image(7).jpg,Testing,pituitary_tumor,pituitary,14177379508536949580,1915,train
/kaggle/input/datasets/sartajbhuvaji/brain-tumor-classification-mri/Testing/pituitary_tumor/image(70).jpg,image(70).jpg,Testing,pituitary_tumor,pituitary,10757464996987622292,1908,train
/kaggle/input/datasets/sartajbhuvaji/brain-tumor-classification-mri/Testing/pituitary_tumor/image(73).jpg,image(73).jpg,Testing,pituitary_tumor,pituitary,9702510871969358218,1401,train
/kaggle/input/datasets/sartajbhuvaji/brain-tumor-classification-mri/Testing/pituitary_tumor/image(76).jpg,image(76).jpg,Testing,pituitary_tumor,pituitary,9758799656796743067,1652,cal
/kaggle/input/datasets/sartajbhuvaji/brain-tumor-classification-mri/Testing/pituitary_tumor/image(77).jpg,image(77).jpg,Testing,pituitary_tumor,pituitary,9758799656796743067,1652,cal
/kaggle/input/datasets/sartajbhuvaji/brain-tumor-classification-mri/Testing/pituitary_tumor/image(78).jpg,image(78).jpg,Testing,pituitary_tumor,pituitary,9758799656796743067,1652,cal
/kaggle/input/datasets/sartajbhuvaji/brain-tumor-classification-mri/Testing/pituitary_tumor/image(79).jpg,image(79).jpg,Testing,pituitary_tumor,pituitary,13996395925335978790,1654,train
/kaggle/input/datasets/sartajbhuvaji/brain-tumor-classification-mri/Testing/pituitary_tumor/image(8).jpg,image(8).jpg,Testing,pituitary_tumor,pituitary,14177379508536949580,1915,train
/kaggle/input/datasets/sartajbhuvaji/brain-tumor-classification-mri/Testing/pituitary_tumor/image(81).jpg,image(81).jpg,Testing,pituitary_tumor,pituitary,13852276287674589798,1916,test
/kaggle/input/datasets/sartajbhuvaji/brain-tumor-classification-mri/Testing/pituitary_tumor/image(82).jpg,image(82).jpg,Testing,pituitary_tumor,pituitary,13852276287674589798,1916,test
/kaggle/input/datasets/sartajbhuvaji/brain-tumor-classification-mri/Testing/pituitary_tumor/image(85).jpg,image(85).jpg,Testing,pituitary_tumor,pituitary,13852280737390146404,1654,train
/kaggle/input/datasets/sartajbhuvaji/brain-tumor-classification-mri/Testing/pituitary_tumor/image(86).jpg,image(86).jpg,Testing,pituitary_tumor,pituitary,13852280737390146404,1654,train
/kaggle/input/datasets/sartajbhuvaji/brain-tumor-classification-mri/Testing/pituitary_tumor/image(87).jpg,image(87).jpg,Testing,pituitary_tumor,pituitary,10781369398017585176,1402,train
/kaggle/input/datasets/sartajbhuvaji/brain-tumor-classification-mri/Testing/pituitary_tumor/image(88).jpg,image(88).jpg,Testing,pituitary_tumor,pituitary,10781369398017585176,1402,train
/kaggle/input/datasets/sartajbhuvaji/brain-tumor-classification-mri/Testing/pituitary_tumor/image(89).jpg,image(89).jpg,Testing,pituitary_tumor,pituitary,10448754634949797529,1398,test
/kaggle/input/datasets/sartajbhuvaji/brain-tumor-classification-mri/Testing/pituitary_tumor/image(90).jpg,image(90).jpg,Testing,pituitary_tumor,pituitary,10448754634949797529,1398,test
/kaggle/input/datasets/sartajbhuvaji/brain-tumor-classification-mri/Testing/pituitary_tumor/image(91).jpg,image(91).jpg,Testing,pituitary_tumor,pituitary,10448754634949797529,1398,test
/kaggle/input/datasets/sartajbhuvaji/brain-tumor-classification-mri/Testing/pituitary_tumor/image(92).jpg,image(92).jpg,Testing,pituitary_tumor,pituitary,15080884956455987097,1917,train
/kaggle/input/datasets/sartajbhuvaji/brain-tumor-classification-mri/Testing/pituitary_tumor/image(93).jpg,image(93).jpg,Testing,pituitary_tumor,pituitary,15080884956455987097,1917,train
/kaggle/input/datasets/sartajbhuvaji/brain-tumor-classification-mri/Testing/pituitary_tumor/image(94).jpg,image(94).jpg,Testing,pituitary_tumor,pituitary,9299389652989521000,1918,cal
/kaggle/input/datasets/sartajbhuvaji/brain-tumor-classification-mri/Testing/pituitary_tumor/image(95).jpg,image(95).jpg,Testing,pituitary_tumor,pituitary,9299389652989521000,1918,cal
/kaggle/input/datasets/sartajbhuvaji/brain-tumor-classification-mri/Testing/pituitary_tumor/image(96).jpg,image(96).jpg,Testing,pituitary_tumor,pituitary,15080884956455987097,1917,train
/kaggle/input/datasets/sartajbhuvaji/brain-tumor-classification-mri/Testing/pituitary_tumor/image(97).jpg,image(97).jpg,Testing,pituitary_tumor,pituitary,15080884956455987097,1917,train
/kaggle/input/datasets/sartajbhuvaji/brain-tumor-classification-mri/Testing/pituitary_tumor/image(98).jpg,image(98).jpg,Testing,pituitary_tumor,pituitary,15348956318496600719,1919,test
/kaggle/input/datasets/sartajbhuvaji/brain-tumor-classification-mri/Testing/pituitary_tumor/image.jpg,image.jpg,Testing,pituitary_tumor,pituitary,13852280737390146404,1654,train
