kind,hamming,path_a,label_a,path_b,label_b
exact,0,/kaggle/input/datasets/briscdataset/brisc2025/brisc2025/classification_task/train/glioma/brisc2025_train_00056_gl_ax_t1.jpg,glioma,/kaggle/input/datasets/briscdataset/brisc2025/brisc2025/classification_task/train/glioma/brisc2025_train_00058_gl_ax_t1.jpg,glioma
exact,0,/kaggle/input/datasets/briscdataset/brisc2025/brisc2025/classification_task/train/glioma/brisc2025_train_00057_gl_ax_t1.jpg,glioma,/kaggle/input/datasets/briscdataset/brisc2025/brisc2025/classification_task/train/glioma/brisc2025_train_00059_gl_ax_t1.jpg,glioma
exact,0,/kaggle/input/datasets/briscdataset/brisc2025/brisc2025/classification_task/train/glioma/brisc2025_train_00102_gl_ax_t1.jpg,glioma,/kaggle/input/datasets/briscdataset/brisc2025/brisc2025/classification_task/train/glioma/brisc2025_train_00108_gl_ax_t1.jpg,glioma
exact,0,/kaggle/input/datasets/briscdataset/brisc2025/brisc2025/classification_task/train/glioma/brisc2025_train_00252_gl_ax_t1.jpg,glioma,/kaggle/input/datasets/briscdataset/brisc2025/brisc2025/classification_task/train/glioma/brisc2025_train_00253_gl_ax_t1.jpg,glioma
exact,0,/kaggle/input/datasets/briscdataset/brisc2025/brisc2025/classification_task/train/glioma/brisc2025_train_00992_gl_sa_t1.jpg,glioma,/kaggle/input/datasets/briscdataset/brisc2025/brisc2025/classification_task/train/glioma/brisc2025_train_00993_gl_sa_t1.jpg,glioma
exact,0,/kaggle/input/datasets/briscdataset/brisc2025/brisc2025/classification_task/train/meningioma/brisc2025_train_01162_me_ax_t1.jpg,meningioma,/kaggle/input/datasets/briscdataset/brisc2025/brisc2025/classification_task/test/meningioma/brisc2025_test_00328_me_ax_t1.jpg,meningioma
exact,0,/kaggle/input/datasets/briscdataset/brisc2025/brisc2025/classification_task/train/meningioma/brisc2025_train_01210_me_ax_t1.jpg,meningioma,/kaggle/input/datasets/briscdataset/brisc2025/brisc2025/classification_task/test/meningioma/brisc2025_test_00344_me_ax_t1.jpg,meningioma
exact,0,/kaggle/input/datasets/briscdataset/brisc2025/brisc2025/classification_task/train/meningioma/brisc2025_train_01237_me_ax_t1.jpg,meningioma,/kaggle/input/datasets/briscdataset/brisc2025/brisc2025/classification_task/train/meningioma/brisc2025_train_01648_me_co_t1.jpg,meningioma
exact,0,/kaggle/input/datasets/briscdataset/brisc2025/brisc2025/classification_task/train/meningioma/brisc2025_train_01238_me_ax_t1.jpg,meningioma,/kaggle/input/datasets/briscdataset/brisc2025/brisc2025/classification_task/train/meningioma/brisc2025_train_01649_me_co_t1.jpg,meningioma
exact,0,/kaggle/input/datasets/briscdataset/brisc2025/brisc2025/classification_task/train/meningioma/brisc2025_train_01239_me_ax_t1.jpg,meningioma,/kaggle/input/datasets/briscdataset/brisc2025/brisc2025/classification_task/train/meningioma/brisc2025_train_01650_me_co_t1.jpg,meningioma
exact,0,/kaggle/input/datasets/briscdataset/brisc2025/brisc2025/classification_task/train/meningioma/brisc2025_train_01240_me_ax_t1.jpg,meningioma,/kaggle/input/datasets/briscdataset/brisc2025/brisc2025/classification_task/train/meningioma/brisc2025_train_01651_me_co_t1.jpg,meningioma
exact,0,/kaggle/input/datasets/briscdataset/brisc2025/brisc2025/classification_task/train/meningioma/brisc2025_train_01246_me_ax_t1.jpg,meningioma,/kaggle/input/datasets/briscdataset/brisc2025/brisc2025/classification_task/train/meningioma/brisc2025_train_01265_me_ax_t1.jpg,meningioma
exact,0,/kaggle/input/datasets/briscdataset/brisc2025/brisc2025/classification_task/train/meningioma/brisc2025_train_01246_me_ax_t1.jpg,meningioma,/kaggle/input/datasets/briscdataset/brisc2025/brisc2025/classification_task/train/meningioma/brisc2025_train_01302_me_ax_t1.jpg,meningioma
exact,0,/kaggle/input/datasets/briscdataset/brisc2025/brisc2025/classification_task/train/meningioma/brisc2025_train_01246_me_ax_t1.jpg,meningioma,/kaggle/input/datasets/briscdataset/brisc2025/brisc2025/classification_task/test/meningioma/brisc2025_test_00271_me_ax_t1.jpg,meningioma
exact,0,/kaggle/input/datasets/briscdataset/brisc2025/brisc2025/classification_task/train/meningioma/brisc2025_train_01246_me_ax_t1.jpg,meningioma,/kaggle/input/datasets/briscdataset/brisc2025/brisc2025/classification_task/test/meningioma/brisc2025_test_00313_me_ax_t1.jpg,meningioma
exact,0,/kaggle/input/datasets/briscdataset/brisc2025/brisc2025/classification_task/train/meningioma/brisc2025_train_01247_me_ax_t1.jpg,meningioma,/kaggle/input/datasets/briscdataset/brisc2025/brisc2025/classification_task/train/meningioma/brisc2025_train_01268_me_ax_t1.jpg,meningioma
exact,0,/kaggle/input/datasets/briscdataset/brisc2025/brisc2025/classification_task/train/meningioma/brisc2025_train_01247_me_ax_t1.jpg,meningioma,/kaggle/input/datasets/briscdataset/brisc2025/brisc2025/classification_task/train/meningioma/brisc2025_train_01386_me_ax_t1.jpg,meningioma
exact,0,/kaggle/input/datasets/briscdataset/brisc2025/brisc2025/classification_task/train/meningioma/brisc2025_train_01247_me_ax_t1.jpg,meningioma,/kaggle/input/datasets/briscdataset/brisc2025/brisc2025/classification_task/test/meningioma/brisc2025_test_00262_me_ax_t1.jpg,meningioma
exact,0,/kaggle/input/datasets/briscdataset/brisc2025/brisc2025/classification_task/train/meningioma/brisc2025_train_01247_me_ax_t1.jpg,meningioma,/kaggle/input/datasets/briscdataset/brisc2025/brisc2025/classification_task/test/meningioma/brisc2025_test_00275_me_ax_t1.jpg,meningioma
exact,0,/kaggle/input/datasets/briscdataset/brisc2025/brisc2025/classification_task/train/meningioma/brisc2025_train_01249_me_ax_t1.jpg,meningioma,/kaggle/input/datasets/briscdataset/brisc2025/brisc2025/classification_task/test/meningioma/brisc2025_test_00264_me_ax_t1.jpg,meningioma
exact,0,/kaggle/input/datasets/briscdataset/brisc2025/brisc2025/classification_task/train/meningioma/brisc2025_train_01250_me_ax_t1.jpg,meningioma,/kaggle/input/datasets/briscdataset/brisc2025/brisc2025/classification_task/test/meningioma/brisc2025_test_00265_me_ax_t1.jpg,meningioma
exact,0,/kaggle/input/datasets/briscdataset/brisc2025/brisc2025/classification_task/train/meningioma/brisc2025_train_01251_me_ax_t1.jpg,meningioma,/kaggle/input/datasets/briscdataset/brisc2025/brisc2025/classification_task/train/meningioma/brisc2025_train_01652_me_co_t1.jpg,meningioma
exact,0,/kaggle/input/datasets/briscdataset/brisc2025/brisc2025/classification_task/train/meningioma/brisc2025_train_01252_me_ax_t1.jpg,meningioma,/kaggle/input/datasets/briscdataset/brisc2025/brisc2025/classification_task/test/meningioma/brisc2025_test_00266_me_ax_t1.jpg,meningioma
exact,0,/kaggle/input/datasets/briscdataset/brisc2025/brisc2025/classification_task/train/meningioma/brisc2025_train_01253_me_ax_t1.jpg,meningioma,/kaggle/input/datasets/briscdataset/brisc2025/brisc2025/classification_task/test/meningioma/brisc2025_test_00323_me_ax_t1.jpg,meningioma
exact,0,/kaggle/input/datasets/briscdataset/brisc2025/brisc2025/classification_task/train/meningioma/brisc2025_train_01254_me_ax_t1.jpg,meningioma,/kaggle/input/datasets/briscdataset/brisc2025/brisc2025/classification_task/train/meningioma/brisc2025_train_01279_me_ax_t1.jpg,meningioma
exact,0,/kaggle/input/datasets/briscdataset/brisc2025/brisc2025/classification_task/train/meningioma/brisc2025_train_01254_me_ax_t1.jpg,meningioma,/kaggle/input/datasets/briscdataset/brisc2025/brisc2025/classification_task/train/meningioma/brisc2025_train_01293_me_ax_t1.jpg,meningioma
exact,0,/kaggle/input/datasets/briscdataset/brisc2025/brisc2025/classification_task/train/meningioma/brisc2025_train_01254_me_ax_t1.jpg,meningioma,/kaggle/input/datasets/briscdataset/brisc2025/brisc2025/classification_task/test/meningioma/brisc2025_test_00272_me_ax_t1.jpg,meningioma
exact,0,/kaggle/input/datasets/briscdataset/brisc2025/brisc2025/classification_task/train/meningioma/brisc2025_train_01254_me_ax_t1.jpg,meningioma,/kaggle/input/datasets/briscdataset/brisc2025/brisc2025/classification_task/test/meningioma/brisc2025_test_00287_me_ax_t1.jpg,meningioma
exact,0,/kaggle/input/datasets/briscdataset/brisc2025/brisc2025/classification_task/train/meningioma/brisc2025_train_01254_me_ax_t1.jpg,meningioma,/kaggle/input/datasets/briscdataset/brisc2025/brisc2025/classification_task/test/meningioma/brisc2025_test_00304_me_ax_t1.jpg,meningioma
exact,0,/kaggle/input/datasets/briscdataset/brisc2025/brisc2025/classification_task/train/meningioma/brisc2025_train_01255_me_ax_t1.jpg,meningioma,/kaggle/input/datasets/briscdataset/brisc2025/brisc2025/classification_task/test/meningioma/brisc2025_test_00284_me_ax_t1.jpg,meningioma
exact,0,/kaggle/input/datasets/briscdataset/brisc2025/brisc2025/classification_task/train/meningioma/brisc2025_train_01256_me_ax_t1.jpg,meningioma,/kaggle/input/datasets/briscdataset/brisc2025/brisc2025/classification_task/train/meningioma/brisc2025_train_01313_me_ax_t1.jpg,meningioma
exact,0,/kaggle/input/datasets/briscdataset/brisc2025/brisc2025/classification_task/train/meningioma/brisc2025_train_01256_me_ax_t1.jpg,meningioma,/kaggle/input/datasets/briscdataset/brisc2025/brisc2025/classification_task/train/meningioma/brisc2025_train_01402_me_ax_t1.jpg,meningioma
exact,0,/kaggle/input/datasets/briscdataset/brisc2025/brisc2025/classification_task/train/meningioma/brisc2025_train_01256_me_ax_t1.jpg,meningioma,/kaggle/input/datasets/briscdataset/brisc2025/brisc2025/classification_task/test/meningioma/brisc2025_test_00257_me_ax_t1.jpg,meningioma
exact,0,/kaggle/input/datasets/briscdataset/brisc2025/brisc2025/classification_task/train/meningioma/brisc2025_train_01256_me_ax_t1.jpg,meningioma,/kaggle/input/datasets/briscdataset/brisc2025/brisc2025/classification_task/test/meningioma/brisc2025_test_00267_me_ax_t1.jpg,meningioma
exact,0,/kaggle/input/datasets/briscdataset/brisc2025/brisc2025/classification_task/train/meningioma/brisc2025_train_01256_me_ax_t1.jpg,meningioma,/kaggle/input/datasets/briscdataset/brisc2025/brisc2025/classification_task/test/meningioma/brisc2025_test_00316_me_ax_t1.jpg,meningioma
exact,0,/kaggle/input/datasets/briscdataset/brisc2025/brisc2025/classification_task/train/meningioma/brisc2025_train_01257_me_ax_t1.jpg,meningioma,/kaggle/input/datasets/briscdataset/brisc2025/brisc2025/classification_task/test/meningioma/brisc2025_test_00288_me_ax_t1.jpg,meningioma
exact,0,/kaggle/input/datasets/briscdataset/brisc2025/brisc2025/classification_task/train/meningioma/brisc2025_train_01258_me_ax_t1.jpg,meningioma,/kaggle/input/datasets/briscdataset/brisc2025/brisc2025/classification_task/test/meningioma/brisc2025_test_00294_me_ax_t1.jpg,meningioma
exact,0,/kaggle/input/datasets/briscdataset/brisc2025/brisc2025/classification_task/train/meningioma/brisc2025_train_01259_me_ax_t1.jpg,meningioma,/kaggle/input/datasets/briscdataset/brisc2025/brisc2025/classification_task/test/meningioma/brisc2025_test_00301_me_ax_t1.jpg,meningioma
exact,0,/kaggle/input/datasets/briscdataset/brisc2025/brisc2025/classification_task/train/meningioma/brisc2025_train_01260_me_ax_t1.jpg,meningioma,/kaggle/input/datasets/briscdataset/brisc2025/brisc2025/classification_task/test/meningioma/brisc2025_test_00312_me_ax_t1.jpg,meningioma
exact,0,/kaggle/input/datasets/briscdataset/brisc2025/brisc2025/classification_task/train/meningioma/brisc2025_train_01261_me_ax_t1.jpg,meningioma,/kaggle/input/datasets/briscdataset/brisc2025/brisc2025/classification_task/test/meningioma/brisc2025_test_00255_me_ax_t1.jpg,meningioma
exact,0,/kaggle/input/datasets/briscdataset/brisc2025/brisc2025/classification_task/train/meningioma/brisc2025_train_01262_me_ax_t1.jpg,meningioma,/kaggle/input/datasets/briscdataset/brisc2025/brisc2025/classification_task/test/meningioma/brisc2025_test_00263_me_ax_t1.jpg,meningioma
exact,0,/kaggle/input/datasets/briscdataset/brisc2025/brisc2025/classification_task/train/meningioma/brisc2025_train_01263_me_ax_t1.jpg,meningioma,/kaggle/input/datasets/briscdataset/brisc2025/brisc2025/classification_task/test/meningioma/brisc2025_test_00269_me_ax_t1.jpg,meningioma
exact,0,/kaggle/input/datasets/briscdataset/brisc2025/brisc2025/classification_task/train/meningioma/brisc2025_train_01264_me_ax_t1.jpg,meningioma,/kaggle/input/datasets/briscdataset/brisc2025/brisc2025/classification_task/test/meningioma/brisc2025_test_00270_me_ax_t1.jpg,meningioma
exact,0,/kaggle/input/datasets/briscdataset/brisc2025/brisc2025/classification_task/train/meningioma/brisc2025_train_01265_me_ax_t1.jpg,meningioma,/kaggle/input/datasets/briscdataset/brisc2025/brisc2025/classification_task/train/meningioma/brisc2025_train_01302_me_ax_t1.jpg,meningioma
exact,0,/kaggle/input/datasets/briscdataset/brisc2025/brisc2025/classification_task/train/meningioma/brisc2025_train_01265_me_ax_t1.jpg,meningioma,/kaggle/input/datasets/briscdataset/brisc2025/brisc2025/classification_task/test/meningioma/brisc2025_test_00271_me_ax_t1.jpg,meningioma
exact,0,/kaggle/input/datasets/briscdataset/brisc2025/brisc2025/classification_task/train/meningioma/brisc2025_train_01265_me_ax_t1.jpg,meningioma,/kaggle/input/datasets/briscdataset/brisc2025/brisc2025/classification_task/test/meningioma/brisc2025_test_00313_me_ax_t1.jpg,meningioma
exact,0,/kaggle/input/datasets/briscdataset/brisc2025/brisc2025/classification_task/train/meningioma/brisc2025_train_01266_me_ax_t1.jpg,meningioma,/kaggle/input/datasets/briscdataset/brisc2025/brisc2025/classification_task/test/meningioma/brisc2025_test_00273_me_ax_t1.jpg,meningioma
exact,0,/kaggle/input/datasets/briscdataset/brisc2025/brisc2025/classification_task/train/meningioma/brisc2025_train_01267_me_ax_t1.jpg,meningioma,/kaggle/input/datasets/briscdataset/brisc2025/brisc2025/classification_task/test/meningioma/brisc2025_test_00274_me_ax_t1.jpg,meningioma
exact,0,/kaggle/input/datasets/briscdataset/brisc2025/brisc2025/classification_task/train/meningioma/brisc2025_train_01268_me_ax_t1.jpg,meningioma,/kaggle/input/datasets/briscdataset/brisc2025/brisc2025/classification_task/train/meningioma/brisc2025_train_01386_me_ax_t1.jpg,meningioma
exact,0,/kaggle/input/datasets/briscdataset/brisc2025/brisc2025/classification_task/train/meningioma/brisc2025_train_01268_me_ax_t1.jpg,meningioma,/kaggle/input/datasets/briscdataset/brisc2025/brisc2025/classification_task/test/meningioma/brisc2025_test_00262_me_ax_t1.jpg,meningioma
exact,0,/kaggle/input/datasets/briscdataset/brisc2025/brisc2025/classification_task/train/meningioma/brisc2025_train_01268_me_ax_t1.jpg,meningioma,/kaggle/input/datasets/briscdataset/brisc2025/brisc2025/classification_task/test/meningioma/brisc2025_test_00275_me_ax_t1.jpg,meningioma
exact,0,/kaggle/input/datasets/briscdataset/brisc2025/brisc2025/classification_task/train/meningioma/brisc2025_train_01269_me_ax_t1.jpg,meningioma,/kaggle/input/datasets/briscdataset/brisc2025/brisc2025/classification_task/train/meningioma/brisc2025_train_01291_me_ax_t1.jpg,meningioma
exact,0,/kaggle/input/datasets/briscdataset/brisc2025/brisc2025/classification_task/train/meningioma/brisc2025_train_01269_me_ax_t1.jpg,meningioma,/kaggle/input/datasets/briscdataset/brisc2025/brisc2025/classification_task/test/meningioma/brisc2025_test_00276_me_ax_t1.jpg,meningioma
exact,0,/kaggle/input/datasets/briscdataset/brisc2025/brisc2025/classification_task/train/meningioma/brisc2025_train_01269_me_ax_t1.jpg,meningioma,/kaggle/input/datasets/briscdataset/brisc2025/brisc2025/classification_task/test/meningioma/brisc2025_test_00302_me_ax_t1.jpg,meningioma
exact,0,/kaggle/input/datasets/briscdataset/brisc2025/brisc2025/classification_task/train/meningioma/brisc2025_train_01271_me_ax_t1.jpg,meningioma,/kaggle/input/datasets/briscdataset/brisc2025/brisc2025/classification_task/test/meningioma/brisc2025_test_00278_me_ax_t1.jpg,meningioma
exact,0,/kaggle/input/datasets/briscdataset/brisc2025/brisc2025/classification_task/train/meningioma/brisc2025_train_01272_me_ax_t1.jpg,meningioma,/kaggle/input/datasets/briscdataset/brisc2025/brisc2025/classification_task/test/meningioma/brisc2025_test_00279_me_ax_t1.jpg,meningioma
exact,0,/kaggle/input/datasets/briscdataset/brisc2025/brisc2025/classification_task/train/meningioma/brisc2025_train_01273_me_ax_t1.jpg,meningioma,/kaggle/input/datasets/briscdataset/brisc2025/brisc2025/classification_task/test/meningioma/brisc2025_test_00280_me_ax_t1.jpg,meningioma
exact,0,/kaggle/input/datasets/briscdataset/brisc2025/brisc2025/classification_task/train/meningioma/brisc2025_train_01274_me_ax_t1.jpg,meningioma,/kaggle/input/datasets/briscdataset/brisc2025/brisc2025/classification_task/test/meningioma/brisc2025_test_00282_me_ax_t1.jpg,meningioma
exact,0,/kaggle/input/datasets/briscdataset/brisc2025/brisc2025/classification_task/train/meningioma/brisc2025_train_01275_me_ax_t1.jpg,meningioma,/kaggle/input/datasets/briscdataset/brisc2025/brisc2025/classification_task/test/meningioma/brisc2025_test_00283_me_ax_t1.jpg,meningioma
exact,0,/kaggle/input/datasets/briscdataset/brisc2025/brisc2025/classification_task/train/meningioma/brisc2025_train_01276_me_ax_t1.jpg,meningioma,/kaggle/input/datasets/briscdataset/brisc2025/brisc2025/classification_task/train/meningioma/brisc2025_train_01277_me_ax_t1.jpg,meningioma
exact,0,/kaggle/input/datasets/briscdataset/brisc2025/brisc2025/classification_task/train/meningioma/brisc2025_train_01278_me_ax_t1.jpg,meningioma,/kaggle/input/datasets/briscdataset/brisc2025/brisc2025/classification_task/test/meningioma/brisc2025_test_00286_me_ax_t1.jpg,meningioma
exact,0,/kaggle/input/datasets/briscdataset/brisc2025/brisc2025/classification_task/train/meningioma/brisc2025_train_01279_me_ax_t1.jpg,meningioma,/kaggle/input/datasets/briscdataset/brisc2025/brisc2025/classification_task/train/meningioma/brisc2025_train_01293_me_ax_t1.jpg,meningioma
exact,0,/kaggle/input/datasets/briscdataset/brisc2025/brisc2025/classification_task/train/meningioma/brisc2025_train_01279_me_ax_t1.jpg,meningioma,/kaggle/input/datasets/briscdataset/brisc2025/brisc2025/classification_task/test/meningioma/brisc2025_test_00272_me_ax_t1.jpg,meningioma
exact,0,/kaggle/input/datasets/briscdataset/brisc2025/brisc2025/classification_task/train/meningioma/brisc2025_train_01279_me_ax_t1.jpg,meningioma,/kaggle/input/datasets/briscdataset/brisc2025/brisc2025/classification_task/test/meningioma/brisc2025_test_00287_me_ax_t1.jpg,meningioma
exact,0,/kaggle/input/datasets/briscdataset/brisc2025/brisc2025/classification_task/train/meningioma/brisc2025_train_01279_me_ax_t1.jpg,meningioma,/kaggle/input/datasets/briscdataset/brisc2025/brisc2025/classification_task/test/meningioma/brisc2025_test_00304_me_ax_t1.jpg,meningioma
exact,0,/kaggle/input/datasets/briscdataset/brisc2025/brisc2025/classification_task/train/meningioma/brisc2025_train_01281_me_ax_t1.jpg,meningioma,/kaggle/input/datasets/briscdataset/brisc2025/brisc2025/classification_task/test/meningioma/brisc2025_test_00289_me_ax_t1.jpg,meningioma
exact,0,/kaggle/input/datasets/briscdataset/brisc2025/brisc2025/classification_task/train/meningioma/brisc2025_train_01282_me_ax_t1.jpg,meningioma,/kaggle/input/datasets/briscdataset/brisc2025/brisc2025/classification_task/test/meningioma/brisc2025_test_00290_me_ax_t1.jpg,meningioma
exact,0,/kaggle/input/datasets/briscdataset/brisc2025/brisc2025/classification_task/train/meningioma/brisc2025_train_01283_me_ax_t1.jpg,meningioma,/kaggle/input/datasets/briscdataset/brisc2025/brisc2025/classification_task/test/meningioma/brisc2025_test_00291_me_ax_t1.jpg,meningioma
exact,0,/kaggle/input/datasets/briscdataset/brisc2025/brisc2025/classification_task/train/meningioma/brisc2025_train_01284_me_ax_t1.jpg,meningioma,/kaggle/input/datasets/briscdataset/brisc2025/brisc2025/classification_task/test/meningioma/brisc2025_test_00292_me_ax_t1.jpg,meningioma
exact,0,/kaggle/input/datasets/briscdataset/brisc2025/brisc2025/classification_task/train/meningioma/brisc2025_train_01285_me_ax_t1.jpg,meningioma,/kaggle/input/datasets/briscdataset/brisc2025/brisc2025/classification_task/test/meningioma/brisc2025_test_00293_me_ax_t1.jpg,meningioma
exact,0,/kaggle/input/datasets/briscdataset/brisc2025/brisc2025/classification_task/train/meningioma/brisc2025_train_01286_me_ax_t1.jpg,meningioma,/kaggle/input/datasets/briscdataset/brisc2025/brisc2025/classification_task/test/meningioma/brisc2025_test_00295_me_ax_t1.jpg,meningioma
exact,0,/kaggle/input/datasets/briscdataset/brisc2025/brisc2025/classification_task/train/meningioma/brisc2025_train_01287_me_ax_t1.jpg,meningioma,/kaggle/input/datasets/briscdataset/brisc2025/brisc2025/classification_task/test/meningioma/brisc2025_test_00298_me_ax_t1.jpg,meningioma
exact,0,/kaggle/input/datasets/briscdataset/brisc2025/brisc2025/classification_task/train/meningioma/brisc2025_train_01288_me_ax_t1.jpg,meningioma,/kaggle/input/datasets/briscdataset/brisc2025/brisc2025/classification_task/test/meningioma/brisc2025_test_00299_me_ax_t1.jpg,meningioma
exact,0,/kaggle/input/datasets/briscdataset/brisc2025/brisc2025/classification_task/train/meningioma/brisc2025_train_01289_me_ax_t1.jpg,meningioma,/kaggle/input/datasets/briscdataset/brisc2025/brisc2025/classification_task/test/meningioma/brisc2025_test_00300_me_ax_t1.jpg,meningioma
exact,0,/kaggle/input/datasets/briscdataset/brisc2025/brisc2025/classification_task/train/meningioma/brisc2025_train_01291_me_ax_t1.jpg,meningioma,/kaggle/input/datasets/briscdataset/brisc2025/brisc2025/classification_task/test/meningioma/brisc2025_test_00276_me_ax_t1.jpg,meningioma
exact,0,/kaggle/input/datasets/briscdataset/brisc2025/brisc2025/classification_task/train/meningioma/brisc2025_train_01291_me_ax_t1.jpg,meningioma,/kaggle/input/datasets/briscdataset/brisc2025/brisc2025/classification_task/test/meningioma/brisc2025_test_00302_me_ax_t1.jpg,meningioma
exact,0,/kaggle/input/datasets/briscdataset/brisc2025/brisc2025/classification_task/train/meningioma/brisc2025_train_01292_me_ax_t1.jpg,meningioma,/kaggle/input/datasets/briscdataset/brisc2025/brisc2025/classification_task/test/meningioma/brisc2025_test_00303_me_ax_t1.jpg,meningioma
exact,0,/kaggle/input/datasets/briscdataset/brisc2025/brisc2025/classification_task/train/meningioma/brisc2025_train_01293_me_ax_t1.jpg,meningioma,/kaggle/input/datasets/briscdataset/brisc2025/brisc2025/classification_task/test/meningioma/brisc2025_test_00272_me_ax_t1.jpg,meningioma
exact,0,/kaggle/input/datasets/briscdataset/brisc2025/brisc2025/classification_task/train/meningioma/brisc2025_train_01293_me_ax_t1.jpg,meningioma,/kaggle/input/datasets/briscdataset/brisc2025/brisc2025/classification_task/test/meningioma/brisc2025_test_00287_me_ax_t1.jpg,meningioma
exact,0,/kaggle/input/datasets/briscdataset/brisc2025/brisc2025/classification_task/train/meningioma/brisc2025_train_01293_me_ax_t1.jpg,meningioma,/kaggle/input/datasets/briscdataset/brisc2025/brisc2025/classification_task/test/meningioma/brisc2025_test_00304_me_ax_t1.jpg,meningioma
exact,0,/kaggle/input/datasets/briscdataset/brisc2025/brisc2025/classification_task/train/meningioma/brisc2025_train_01294_me_ax_t1.jpg,meningioma,/kaggle/input/datasets/briscdataset/brisc2025/brisc2025/classification_task/test/meningioma/brisc2025_test_00305_me_ax_t1.jpg,meningioma
exact,0,/kaggle/input/datasets/briscdataset/brisc2025/brisc2025/classification_task/train/meningioma/brisc2025_train_01295_me_ax_t1.jpg,meningioma,/kaggle/input/datasets/briscdataset/brisc2025/brisc2025/classification_task/test/meningioma/brisc2025_test_00306_me_ax_t1.jpg,meningioma
exact,0,/kaggle/input/datasets/briscdataset/brisc2025/brisc2025/classification_task/train/meningioma/brisc2025_train_01296_me_ax_t1.jpg,meningioma,/kaggle/input/datasets/briscdataset/brisc2025/brisc2025/classification_task/test/meningioma/brisc2025_test_00307_me_ax_t1.jpg,meningioma
exact,0,/kaggle/input/datasets/briscdataset/brisc2025/brisc2025/classification_task/train/meningioma/brisc2025_train_01297_me_ax_t1.jpg,meningioma,/kaggle/input/datasets/briscdataset/brisc2025/brisc2025/classification_task/test/meningioma/brisc2025_test_00308_me_ax_t1.jpg,meningioma
exact,0,/kaggle/input/datasets/briscdataset/brisc2025/brisc2025/classification_task/train/meningioma/brisc2025_train_01298_me_ax_t1.jpg,meningioma,/kaggle/input/datasets/briscdataset/brisc2025/brisc2025/classification_task/test/meningioma/brisc2025_test_00309_me_ax_t1.jpg,meningioma
exact,0,/kaggle/input/datasets/briscdataset/brisc2025/brisc2025/classification_task/train/meningioma/brisc2025_train_01299_me_ax_t1.jpg,meningioma,/kaggle/input/datasets/briscdataset/brisc2025/brisc2025/classification_task/test/meningioma/brisc2025_test_00310_me_ax_t1.jpg,meningioma
exact,0,/kaggle/input/datasets/briscdataset/brisc2025/brisc2025/classification_task/train/meningioma/brisc2025_train_01300_me_ax_t1.jpg,meningioma,/kaggle/input/datasets/briscdataset/brisc2025/brisc2025/classification_task/test/meningioma/brisc2025_test_00311_me_ax_t1.jpg,meningioma
exact,0,/kaggle/input/datasets/briscdataset/brisc2025/brisc2025/classification_task/train/meningioma/brisc2025_train_01302_me_ax_t1.jpg,meningioma,/kaggle/input/datasets/briscdataset/brisc2025/brisc2025/classification_task/test/meningioma/brisc2025_test_00271_me_ax_t1.jpg,meningioma
exact,0,/kaggle/input/datasets/briscdataset/brisc2025/brisc2025/classification_task/train/meningioma/brisc2025_train_01302_me_ax_t1.jpg,meningioma,/kaggle/input/datasets/briscdataset/brisc2025/brisc2025/classification_task/test/meningioma/brisc2025_test_00313_me_ax_t1.jpg,meningioma
exact,0,/kaggle/input/datasets/briscdataset/brisc2025/brisc2025/classification_task/train/meningioma/brisc2025_train_01303_me_ax_t1.jpg,meningioma,/kaggle/input/datasets/briscdataset/brisc2025/brisc2025/classification_task/test/meningioma/brisc2025_test_00314_me_ax_t1.jpg,meningioma
exact,0,/kaggle/input/datasets/briscdataset/brisc2025/brisc2025/classification_task/train/meningioma/brisc2025_train_01304_me_ax_t1.jpg,meningioma,/kaggle/input/datasets/briscdataset/brisc2025/brisc2025/classification_task/test/meningioma/brisc2025_test_00315_me_ax_t1.jpg,meningioma
exact,0,/kaggle/input/datasets/briscdataset/brisc2025/brisc2025/classification_task/train/meningioma/brisc2025_train_01304_me_ax_t1.jpg,meningioma,/kaggle/input/datasets/briscdataset/brisc2025/brisc2025/classification_task/test/meningioma/brisc2025_test_00352_me_ax_t1.jpg,meningioma
exact,0,/kaggle/input/datasets/briscdataset/brisc2025/brisc2025/classification_task/train/meningioma/brisc2025_train_01313_me_ax_t1.jpg,meningioma,/kaggle/input/datasets/briscdataset/brisc2025/brisc2025/classification_task/train/meningioma/brisc2025_train_01402_me_ax_t1.jpg,meningioma
exact,0,/kaggle/input/datasets/briscdataset/brisc2025/brisc2025/classification_task/train/meningioma/brisc2025_train_01313_me_ax_t1.jpg,meningioma,/kaggle/input/datasets/briscdataset/brisc2025/brisc2025/classification_task/test/meningioma/brisc2025_test_00257_me_ax_t1.jpg,meningioma
exact,0,/kaggle/input/datasets/briscdataset/brisc2025/brisc2025/classification_task/train/meningioma/brisc2025_train_01313_me_ax_t1.jpg,meningioma,/kaggle/input/datasets/briscdataset/brisc2025/brisc2025/classification_task/test/meningioma/brisc2025_test_00267_me_ax_t1.jpg,meningioma
exact,0,/kaggle/input/datasets/briscdataset/brisc2025/brisc2025/classification_task/train/meningioma/brisc2025_train_01313_me_ax_t1.jpg,meningioma,/kaggle/input/datasets/briscdataset/brisc2025/brisc2025/classification_task/test/meningioma/brisc2025_test_00316_me_ax_t1.jpg,meningioma
exact,0,/kaggle/input/datasets/briscdataset/brisc2025/brisc2025/classification_task/train/meningioma/brisc2025_train_01324_me_ax_t1.jpg,meningioma,/kaggle/input/datasets/briscdataset/brisc2025/brisc2025/classification_task/test/meningioma/brisc2025_test_00317_me_ax_t1.jpg,meningioma
exact,0,/kaggle/input/datasets/briscdataset/brisc2025/brisc2025/classification_task/train/meningioma/brisc2025_train_01335_me_ax_t1.jpg,meningioma,/kaggle/input/datasets/briscdataset/brisc2025/brisc2025/classification_task/test/meningioma/brisc2025_test_00318_me_ax_t1.jpg,meningioma
exact,0,/kaggle/input/datasets/briscdataset/brisc2025/brisc2025/classification_task/train/meningioma/brisc2025_train_01356_me_ax_t1.jpg,meningioma,/kaggle/input/datasets/briscdataset/brisc2025/brisc2025/classification_task/test/meningioma/brisc2025_test_00320_me_ax_t1.jpg,meningioma
exact,0,/kaggle/input/datasets/briscdataset/brisc2025/brisc2025/classification_task/train/meningioma/brisc2025_train_01367_me_ax_t1.jpg,meningioma,/kaggle/input/datasets/briscdataset/brisc2025/brisc2025/classification_task/test/meningioma/brisc2025_test_00321_me_ax_t1.jpg,meningioma
exact,0,/kaggle/input/datasets/briscdataset/brisc2025/brisc2025/classification_task/train/meningioma/brisc2025_train_01378_me_ax_t1.jpg,meningioma,/kaggle/input/datasets/briscdataset/brisc2025/brisc2025/classification_task/train/meningioma/brisc2025_train_01385_me_ax_t1.jpg,meningioma
exact,0,/kaggle/input/datasets/briscdataset/brisc2025/brisc2025/classification_task/train/meningioma/brisc2025_train_01378_me_ax_t1.jpg,meningioma,/kaggle/input/datasets/briscdataset/brisc2025/brisc2025/classification_task/test/meningioma/brisc2025_test_00322_me_ax_t1.jpg,meningioma
exact,0,/kaggle/input/datasets/briscdataset/brisc2025/brisc2025/classification_task/train/meningioma/brisc2025_train_01379_me_ax_t1.jpg,meningioma,/kaggle/input/datasets/briscdataset/brisc2025/brisc2025/classification_task/test/meningioma/brisc2025_test_00258_me_ax_t1.jpg,meningioma
exact,0,/kaggle/input/datasets/briscdataset/brisc2025/brisc2025/classification_task/train/meningioma/brisc2025_train_01381_me_ax_t1.jpg,meningioma,/kaggle/input/datasets/briscdataset/brisc2025/brisc2025/classification_task/test/meningioma/brisc2025_test_00259_me_ax_t1.jpg,meningioma
exact,0,/kaggle/input/datasets/briscdataset/brisc2025/brisc2025/classification_task/train/meningioma/brisc2025_train_01383_me_ax_t1.jpg,meningioma,/kaggle/input/datasets/briscdataset/brisc2025/brisc2025/classification_task/test/meningioma/brisc2025_test_00260_me_ax_t1.jpg,meningioma
exact,0,/kaggle/input/datasets/briscdataset/brisc2025/brisc2025/classification_task/train/meningioma/brisc2025_train_01384_me_ax_t1.jpg,meningioma,/kaggle/input/datasets/briscdataset/brisc2025/brisc2025/classification_task/test/meningioma/brisc2025_test_00261_me_ax_t1.jpg,meningioma
exact,0,/kaggle/input/datasets/briscdataset/brisc2025/brisc2025/classification_task/train/meningioma/brisc2025_train_01385_me_ax_t1.jpg,meningioma,/kaggle/input/datasets/briscdataset/brisc2025/brisc2025/classification_task/test/meningioma/brisc2025_test_00322_me_ax_t1.jpg,meningioma
exact,0,/kaggle/input/datasets/briscdataset/brisc2025/brisc2025/classification_task/train/meningioma/brisc2025_train_01386_me_ax_t1.jpg,meningioma,/kaggle/input/datasets/briscdataset/brisc2025/brisc2025/classification_task/test/meningioma/brisc2025_test_00262_me_ax_t1.jpg,meningioma
exact,0,/kaggle/input/datasets/briscdataset/brisc2025/brisc2025/classification_task/train/meningioma/brisc2025_train_01386_me_ax_t1.jpg,meningioma,/kaggle/input/datasets/briscdataset/brisc2025/brisc2025/classification_task/test/meningioma/brisc2025_test_00275_me_ax_t1.jpg,meningioma
exact,0,/kaggle/input/datasets/briscdataset/brisc2025/brisc2025/classification_task/train/meningioma/brisc2025_train_01402_me_ax_t1.jpg,meningioma,/kaggle/input/datasets/briscdataset/brisc2025/brisc2025/classification_task/test/meningioma/brisc2025_test_00257_me_ax_t1.jpg,meningioma
exact,0,/kaggle/input/datasets/briscdataset/brisc2025/brisc2025/classification_task/train/meningioma/brisc2025_train_01402_me_ax_t1.jpg,meningioma,/kaggle/input/datasets/briscdataset/brisc2025/brisc2025/classification_task/test/meningioma/brisc2025_test_00267_me_ax_t1.jpg,meningioma
exact,0,/kaggle/input/datasets/briscdataset/brisc2025/brisc2025/classification_task/train/meningioma/brisc2025_train_01402_me_ax_t1.jpg,meningioma,/kaggle/input/datasets/briscdataset/brisc2025/brisc2025/classification_task/test/meningioma/brisc2025_test_00316_me_ax_t1.jpg,meningioma
exact,0,/kaggle/input/datasets/briscdataset/brisc2025/brisc2025/classification_task/train/meningioma/brisc2025_train_01434_me_ax_t1.jpg,meningioma,/kaggle/input/datasets/briscdataset/brisc2025/brisc2025/classification_task/train/meningioma/brisc2025_train_01436_me_ax_t1.jpg,meningioma
exact,0,/kaggle/input/datasets/briscdataset/brisc2025/brisc2025/classification_task/train/meningioma/brisc2025_train_01442_me_ax_t1.jpg,meningioma,/kaggle/input/datasets/briscdataset/brisc2025/brisc2025/classification_task/train/meningioma/brisc2025_train_01887_me_co_t1.jpg,meningioma
exact,0,/kaggle/input/datasets/briscdataset/brisc2025/brisc2025/classification_task/train/meningioma/brisc2025_train_01456_me_ax_t1.jpg,meningioma,/kaggle/input/datasets/briscdataset/brisc2025/brisc2025/classification_task/train/meningioma/brisc2025_train_02286_me_sa_t1.jpg,meningioma
exact,0,/kaggle/input/datasets/briscdataset/brisc2025/brisc2025/classification_task/train/meningioma/brisc2025_train_01460_me_ax_t1.jpg,meningioma,/kaggle/input/datasets/briscdataset/brisc2025/brisc2025/classification_task/train/meningioma/brisc2025_train_02310_me_sa_t1.jpg,meningioma
exact,0,/kaggle/input/datasets/briscdataset/brisc2025/brisc2025/classification_task/train/meningioma/brisc2025_train_01463_me_ax_t1.jpg,meningioma,/kaggle/input/datasets/briscdataset/brisc2025/brisc2025/classification_task/train/meningioma/brisc2025_train_01464_me_ax_t1.jpg,meningioma
exact,0,/kaggle/input/datasets/briscdataset/brisc2025/brisc2025/classification_task/train/meningioma/brisc2025_train_01467_me_ax_t1.jpg,meningioma,/kaggle/input/datasets/briscdataset/brisc2025/brisc2025/classification_task/train/meningioma/brisc2025_train_02365_me_sa_t1.jpg,meningioma
exact,0,/kaggle/input/datasets/briscdataset/brisc2025/brisc2025/classification_task/train/meningioma/brisc2025_train_01469_me_ax_t1.jpg,meningioma,/kaggle/input/datasets/briscdataset/brisc2025/brisc2025/classification_task/train/meningioma/brisc2025_train_02394_me_sa_t1.jpg,meningioma
exact,0,/kaggle/input/datasets/briscdataset/brisc2025/brisc2025/classification_task/train/meningioma/brisc2025_train_01571_me_co_t1.jpg,meningioma,/kaggle/input/datasets/briscdataset/brisc2025/brisc2025/classification_task/train/meningioma/brisc2025_train_01997_me_sa_t1.jpg,meningioma
exact,0,/kaggle/input/datasets/briscdataset/brisc2025/brisc2025/classification_task/train/meningioma/brisc2025_train_01653_me_co_t1.jpg,meningioma,/kaggle/input/datasets/briscdataset/brisc2025/brisc2025/classification_task/test/meningioma/brisc2025_test_00393_me_co_t1.jpg,meningioma
exact,0,/kaggle/input/datasets/briscdataset/brisc2025/brisc2025/classification_task/train/meningioma/brisc2025_train_01654_me_co_t1.jpg,meningioma,/kaggle/input/datasets/briscdataset/brisc2025/brisc2025/classification_task/test/meningioma/brisc2025_test_00394_me_co_t1.jpg,meningioma
exact,0,/kaggle/input/datasets/briscdataset/brisc2025/brisc2025/classification_task/train/meningioma/brisc2025_train_01655_me_co_t1.jpg,meningioma,/kaggle/input/datasets/briscdataset/brisc2025/brisc2025/classification_task/test/meningioma/brisc2025_test_00397_me_co_t1.jpg,meningioma
exact,0,/kaggle/input/datasets/briscdataset/brisc2025/brisc2025/classification_task/train/meningioma/brisc2025_train_01656_me_co_t1.jpg,meningioma,/kaggle/input/datasets/briscdataset/brisc2025/brisc2025/classification_task/test/meningioma/brisc2025_test_00398_me_co_t1.jpg,meningioma
exact,0,/kaggle/input/datasets/briscdataset/brisc2025/brisc2025/classification_task/train/meningioma/brisc2025_train_01657_me_co_t1.jpg,meningioma,/kaggle/input/datasets/briscdataset/brisc2025/brisc2025/classification_task/test/meningioma/brisc2025_test_00399_me_co_t1.jpg,meningioma
exact,0,/kaggle/input/datasets/briscdataset/brisc2025/brisc2025/classification_task/train/meningioma/brisc2025_train_01658_me_co_t1.jpg,meningioma,/kaggle/input/datasets/briscdataset/brisc2025/brisc2025/classification_task/test/meningioma/brisc2025_test_00400_me_co_t1.jpg,meningioma
exact,0,/kaggle/input/datasets/briscdataset/brisc2025/brisc2025/classification_task/train/meningioma/brisc2025_train_01659_me_co_t1.jpg,meningioma,/kaggle/input/datasets/briscdataset/brisc2025/brisc2025/classification_task/test/meningioma/brisc2025_test_00401_me_co_t1.jpg,meningioma
exact,0,/kaggle/input/datasets/briscdataset/brisc2025/brisc2025/classification_task/train/meningioma/brisc2025_train_01660_me_co_t1.jpg,meningioma,/kaggle/input/datasets/briscdataset/brisc2025/brisc2025/classification_task/train/meningioma/brisc2025_train_01664_me_co_t1.jpg,meningioma
exact,0,/kaggle/input/datasets/briscdataset/brisc2025/brisc2025/classification_task/train/meningioma/brisc2025_train_01660_me_co_t1.jpg,meningioma,/kaggle/input/datasets/briscdataset/brisc2025/brisc2025/classification_task/test/meningioma/brisc2025_test_00402_me_co_t1.jpg,meningioma
exact,0,/kaggle/input/datasets/briscdataset/brisc2025/brisc2025/classification_task/train/meningioma/brisc2025_train_01660_me_co_t1.jpg,meningioma,/kaggle/input/datasets/briscdataset/brisc2025/brisc2025/classification_task/test/meningioma/brisc2025_test_00408_me_co_t1.jpg,meningioma
exact,0,/kaggle/input/datasets/briscdataset/brisc2025/brisc2025/classification_task/train/meningioma/brisc2025_train_01661_me_co_t1.jpg,meningioma,/kaggle/input/datasets/briscdataset/brisc2025/brisc2025/classification_task/test/meningioma/brisc2025_test_00404_me_co_t1.jpg,meningioma
exact,0,/kaggle/input/datasets/briscdataset/brisc2025/brisc2025/classification_task/train/meningioma/brisc2025_train_01662_me_co_t1.jpg,meningioma,/kaggle/input/datasets/briscdataset/brisc2025/brisc2025/classification_task/test/meningioma/brisc2025_test_00406_me_co_t1.jpg,meningioma
exact,0,/kaggle/input/datasets/briscdataset/brisc2025/brisc2025/classification_task/train/meningioma/brisc2025_train_01663_me_co_t1.jpg,meningioma,/kaggle/input/datasets/briscdataset/brisc2025/brisc2025/classification_task/test/meningioma/brisc2025_test_00407_me_co_t1.jpg,meningioma
exact,0,/kaggle/input/datasets/briscdataset/brisc2025/brisc2025/classification_task/train/meningioma/brisc2025_train_01664_me_co_t1.jpg,meningioma,/kaggle/input/datasets/briscdataset/brisc2025/brisc2025/classification_task/test/meningioma/brisc2025_test_00402_me_co_t1.jpg,meningioma
exact,0,/kaggle/input/datasets/briscdataset/brisc2025/brisc2025/classification_task/train/meningioma/brisc2025_train_01664_me_co_t1.jpg,meningioma,/kaggle/input/datasets/briscdataset/brisc2025/brisc2025/classification_task/test/meningioma/brisc2025_test_00408_me_co_t1.jpg,meningioma
exact,0,/kaggle/input/datasets/briscdataset/brisc2025/brisc2025/classification_task/train/meningioma/brisc2025_train_01666_me_co_t1.jpg,meningioma,/kaggle/input/datasets/briscdataset/brisc2025/brisc2025/classification_task/test/meningioma/brisc2025_test_00414_me_co_t1.jpg,meningioma
exact,0,/kaggle/input/datasets/briscdataset/brisc2025/brisc2025/classification_task/train/meningioma/brisc2025_train_01667_me_co_t1.jpg,meningioma,/kaggle/input/datasets/briscdataset/brisc2025/brisc2025/classification_task/train/meningioma/brisc2025_train_01668_me_co_t1.jpg,meningioma
exact,0,/kaggle/input/datasets/briscdataset/brisc2025/brisc2025/classification_task/train/meningioma/brisc2025_train_01667_me_co_t1.jpg,meningioma,/kaggle/input/datasets/briscdataset/brisc2025/brisc2025/classification_task/test/meningioma/brisc2025_test_00415_me_co_t1.jpg,meningioma
exact,0,/kaggle/input/datasets/briscdataset/brisc2025/brisc2025/classification_task/train/meningioma/brisc2025_train_01667_me_co_t1.jpg,meningioma,/kaggle/input/datasets/briscdataset/brisc2025/brisc2025/classification_task/test/meningioma/brisc2025_test_00416_me_co_t1.jpg,meningioma
exact,0,/kaggle/input/datasets/briscdataset/brisc2025/brisc2025/classification_task/train/meningioma/brisc2025_train_01668_me_co_t1.jpg,meningioma,/kaggle/input/datasets/briscdataset/brisc2025/brisc2025/classification_task/test/meningioma/brisc2025_test_00415_me_co_t1.jpg,meningioma
exact,0,/kaggle/input/datasets/briscdataset/brisc2025/brisc2025/classification_task/train/meningioma/brisc2025_train_01668_me_co_t1.jpg,meningioma,/kaggle/input/datasets/briscdataset/brisc2025/brisc2025/classification_task/test/meningioma/brisc2025_test_00416_me_co_t1.jpg,meningioma
exact,0,/kaggle/input/datasets/briscdataset/brisc2025/brisc2025/classification_task/train/meningioma/brisc2025_train_01669_me_co_t1.jpg,meningioma,/kaggle/input/datasets/briscdataset/brisc2025/brisc2025/classification_task/test/meningioma/brisc2025_test_00417_me_co_t1.jpg,meningioma
exact,0,/kaggle/input/datasets/briscdataset/brisc2025/brisc2025/classification_task/train/meningioma/brisc2025_train_01670_me_co_t1.jpg,meningioma,/kaggle/input/datasets/briscdataset/brisc2025/brisc2025/classification_task/test/meningioma/brisc2025_test_00419_me_co_t1.jpg,meningioma
exact,0,/kaggle/input/datasets/briscdataset/brisc2025/brisc2025/classification_task/train/meningioma/brisc2025_train_01671_me_co_t1.jpg,meningioma,/kaggle/input/datasets/briscdataset/brisc2025/brisc2025/classification_task/test/meningioma/brisc2025_test_00420_me_co_t1.jpg,meningioma
exact,0,/kaggle/input/datasets/briscdataset/brisc2025/brisc2025/classification_task/train/meningioma/brisc2025_train_01672_me_co_t1.jpg,meningioma,/kaggle/input/datasets/briscdataset/brisc2025/brisc2025/classification_task/test/meningioma/brisc2025_test_00421_me_co_t1.jpg,meningioma
exact,0,/kaggle/input/datasets/briscdataset/brisc2025/brisc2025/classification_task/train/meningioma/brisc2025_train_02000_me_sa_t1.jpg,meningioma,/kaggle/input/datasets/briscdataset/brisc2025/brisc2025/classification_task/test/meningioma/brisc2025_test_00478_me_sa_t1.jpg,meningioma
exact,0,/kaggle/input/datasets/briscdataset/brisc2025/brisc2025/classification_task/train/meningioma/brisc2025_train_02002_me_sa_t1.jpg,meningioma,/kaggle/input/datasets/briscdataset/brisc2025/brisc2025/classification_task/test/meningioma/brisc2025_test_00479_me_sa_t1.jpg,meningioma
exact,0,/kaggle/input/datasets/briscdataset/brisc2025/brisc2025/classification_task/train/meningioma/brisc2025_train_02003_me_sa_t1.jpg,meningioma,/kaggle/input/datasets/briscdataset/brisc2025/brisc2025/classification_task/test/meningioma/brisc2025_test_00480_me_sa_t1.jpg,meningioma
exact,0,/kaggle/input/datasets/briscdataset/brisc2025/brisc2025/classification_task/train/meningioma/brisc2025_train_02004_me_sa_t1.jpg,meningioma,/kaggle/input/datasets/briscdataset/brisc2025/brisc2025/classification_task/test/meningioma/brisc2025_test_00481_me_sa_t1.jpg,meningioma
exact,0,/kaggle/input/datasets/briscdataset/brisc2025/brisc2025/classification_task/train/meningioma/brisc2025_train_02005_me_sa_t1.jpg,meningioma,/kaggle/input/datasets/briscdataset/brisc2025/brisc2025/classification_task/test/meningioma/brisc2025_test_00482_me_sa_t1.jpg,meningioma
exact,0,/kaggle/input/datasets/briscdataset/brisc2025/brisc2025/classification_task/train/meningioma/brisc2025_train_02006_me_sa_t1.jpg,meningioma,/kaggle/input/datasets/briscdataset/brisc2025/brisc2025/classification_task/test/meningioma/brisc2025_test_00483_me_sa_t1.jpg,meningioma
exact,0,/kaggle/input/datasets/briscdataset/brisc2025/brisc2025/classification_task/train/meningioma/brisc2025_train_02007_me_sa_t1.jpg,meningioma,/kaggle/input/datasets/briscdataset/brisc2025/brisc2025/classification_task/test/meningioma/brisc2025_test_00484_me_sa_t1.jpg,meningioma
exact,0,/kaggle/input/datasets/briscdataset/brisc2025/brisc2025/classification_task/train/meningioma/brisc2025_train_02008_me_sa_t1.jpg,meningioma,/kaggle/input/datasets/briscdataset/brisc2025/brisc2025/classification_task/test/meningioma/brisc2025_test_00485_me_sa_t1.jpg,meningioma
exact,0,/kaggle/input/datasets/briscdataset/brisc2025/brisc2025/classification_task/train/meningioma/brisc2025_train_02009_me_sa_t1.jpg,meningioma,/kaggle/input/datasets/briscdataset/brisc2025/brisc2025/classification_task/test/meningioma/brisc2025_test_00486_me_sa_t1.jpg,meningioma
exact,0,/kaggle/input/datasets/briscdataset/brisc2025/brisc2025/classification_task/train/meningioma/brisc2025_train_02010_me_sa_t1.jpg,meningioma,/kaggle/input/datasets/briscdataset/brisc2025/brisc2025/classification_task/test/meningioma/brisc2025_test_00487_me_sa_t1.jpg,meningioma
exact,0,/kaggle/input/datasets/briscdataset/brisc2025/brisc2025/classification_task/train/meningioma/brisc2025_train_02011_me_sa_t1.jpg,meningioma,/kaggle/input/datasets/briscdataset/brisc2025/brisc2025/classification_task/test/meningioma/brisc2025_test_00488_me_sa_t1.jpg,meningioma
exact,0,/kaggle/input/datasets/briscdataset/brisc2025/brisc2025/classification_task/train/meningioma/brisc2025_train_02012_me_sa_t1.jpg,meningioma,/kaggle/input/datasets/briscdataset/brisc2025/brisc2025/classification_task/test/meningioma/brisc2025_test_00489_me_sa_t1.jpg,meningioma
exact,0,/kaggle/input/datasets/briscdataset/brisc2025/brisc2025/classification_task/train/meningioma/brisc2025_train_02013_me_sa_t1.jpg,meningioma,/kaggle/input/datasets/briscdataset/brisc2025/brisc2025/classification_task/test/meningioma/brisc2025_test_00490_me_sa_t1.jpg,meningioma
exact,0,/kaggle/input/datasets/briscdataset/brisc2025/brisc2025/classification_task/train/meningioma/brisc2025_train_02014_me_sa_t1.jpg,meningioma,/kaggle/input/datasets/briscdataset/brisc2025/brisc2025/classification_task/test/meningioma/brisc2025_test_00491_me_sa_t1.jpg,meningioma
exact,0,/kaggle/input/datasets/briscdataset/brisc2025/brisc2025/classification_task/train/meningioma/brisc2025_train_02015_me_sa_t1.jpg,meningioma,/kaggle/input/datasets/briscdataset/brisc2025/brisc2025/classification_task/test/meningioma/brisc2025_test_00492_me_sa_t1.jpg,meningioma
exact,0,/kaggle/input/datasets/briscdataset/brisc2025/brisc2025/classification_task/train/meningioma/brisc2025_train_02016_me_sa_t1.jpg,meningioma,/kaggle/input/datasets/briscdataset/brisc2025/brisc2025/classification_task/test/meningioma/brisc2025_test_00493_me_sa_t1.jpg,meningioma
exact,0,/kaggle/input/datasets/briscdataset/brisc2025/brisc2025/classification_task/train/meningioma/brisc2025_train_02099_me_sa_t1.jpg,meningioma,/kaggle/input/datasets/briscdataset/brisc2025/brisc2025/classification_task/train/meningioma/brisc2025_train_02100_me_sa_t1.jpg,meningioma
exact,0,/kaggle/input/datasets/briscdataset/brisc2025/brisc2025/classification_task/train/meningioma/brisc2025_train_02375_me_sa_t1.jpg,meningioma,/kaggle/input/datasets/briscdataset/brisc2025/brisc2025/classification_task/test/meningioma/brisc2025_test_00528_me_sa_t1.jpg,meningioma
exact,0,/kaggle/input/datasets/briscdataset/brisc2025/brisc2025/classification_task/train/meningioma/brisc2025_train_02400_me_sa_t1.jpg,meningioma,/kaggle/input/datasets/briscdataset/brisc2025/brisc2025/classification_task/test/glioma/brisc2025_test_00186_gl_sa_t1.jpg,glioma
exact,0,/kaggle/input/datasets/briscdataset/brisc2025/brisc2025/classification_task/train/no_tumor/brisc2025_train_03342_no_sa_t1.jpg,no_tumor,/kaggle/input/datasets/briscdataset/brisc2025/brisc2025/classification_task/train/no_tumor/brisc2025_train_03350_no_sa_t1.jpg,no_tumor
exact,0,/kaggle/input/datasets/briscdataset/brisc2025/brisc2025/classification_task/train/no_tumor/brisc2025_train_03467_no_sa_t1.jpg,no_tumor,/kaggle/input/datasets/briscdataset/brisc2025/brisc2025/classification_task/train/no_tumor/brisc2025_train_03502_no_sa_t1.jpg,no_tumor
exact,0,/kaggle/input/datasets/briscdataset/brisc2025/brisc2025/classification_task/train/no_tumor/brisc2025_train_03470_no_sa_t1.jpg,no_tumor,/kaggle/input/datasets/briscdataset/brisc2025/brisc2025/classification_task/train/no_tumor/brisc2025_train_03491_no_sa_t1.jpg,no_tumor
exact,0,/kaggle/input/datasets/briscdataset/brisc2025/brisc2025/classification_task/train/no_tumor/brisc2025_train_03471_no_sa_t1.jpg,no_tumor,/kaggle/input/datasets/briscdataset/brisc2025/brisc2025/classification_task/train/no_tumor/brisc2025_train_03495_no_sa_t1.jpg,no_tumor
exact,0,/kaggle/input/datasets/briscdataset/brisc2025/brisc2025/classification_task/train/no_tumor/brisc2025_train_03472_no_sa_t1.jpg,no_tumor,/kaggle/input/datasets/briscdataset/brisc2025/brisc2025/classification_task/train/no_tumor/brisc2025_train_03496_no_sa_t1.jpg,no_tumor
exact,0,/kaggle/input/datasets/briscdataset/brisc2025/brisc2025/classification_task/train/no_tumor/brisc2025_train_03475_no_sa_t1.jpg,no_tumor,/kaggle/input/datasets/briscdataset/brisc2025/brisc2025/classification_task/train/no_tumor/brisc2025_train_03487_no_sa_t1.jpg,no_tumor
exact,0,/kaggle/input/datasets/briscdataset/brisc2025/brisc2025/classification_task/train/no_tumor/brisc2025_train_03477_no_sa_t1.jpg,no_tumor,/kaggle/input/datasets/briscdataset/brisc2025/brisc2025/classification_task/train/no_tumor/brisc2025_train_03493_no_sa_t1.jpg,no_tumor
exact,0,/kaggle/input/datasets/briscdataset/brisc2025/brisc2025/classification_task/train/no_tumor/brisc2025_train_03478_no_sa_t1.jpg,no_tumor,/kaggle/input/datasets/briscdataset/brisc2025/brisc2025/classification_task/train/no_tumor/brisc2025_train_03492_no_sa_t1.jpg,no_tumor
exact,0,/kaggle/input/datasets/briscdataset/brisc2025/brisc2025/classification_task/train/no_tumor/brisc2025_train_03482_no_sa_t1.jpg,no_tumor,/kaggle/input/datasets/briscdataset/brisc2025/brisc2025/classification_task/train/no_tumor/brisc2025_train_03486_no_sa_t1.jpg,no_tumor
exact,0,/kaggle/input/datasets/briscdataset/brisc2025/brisc2025/classification_task/train/no_tumor/brisc2025_train_03489_no_sa_t1.jpg,no_tumor,/kaggle/input/datasets/briscdataset/brisc2025/brisc2025/classification_task/train/no_tumor/brisc2025_train_03497_no_sa_t1.jpg,no_tumor
exact,0,/kaggle/input/datasets/briscdataset/brisc2025/brisc2025/classification_task/train/pituitary/brisc2025_train_03705_pi_ax_t1.jpg,pituitary,/kaggle/input/datasets/briscdataset/brisc2025/brisc2025/classification_task/test/pituitary/brisc2025_test_00737_pi_ax_t1.jpg,pituitary
exact,0,/kaggle/input/datasets/briscdataset/brisc2025/brisc2025/classification_task/train/pituitary/brisc2025_train_03749_pi_ax_t1.jpg,pituitary,/kaggle/input/datasets/briscdataset/brisc2025/brisc2025/classification_task/test/pituitary/brisc2025_test_00751_pi_ax_t1.jpg,pituitary
exact,0,/kaggle/input/datasets/briscdataset/brisc2025/brisc2025/classification_task/train/pituitary/brisc2025_train_03940_pi_ax_t1.jpg,pituitary,/kaggle/input/datasets/briscdataset/brisc2025/brisc2025/classification_task/test/pituitary/brisc2025_test_00815_pi_ax_t1.jpg,pituitary
exact,0,/kaggle/input/datasets/briscdataset/brisc2025/brisc2025/classification_task/train/pituitary/brisc2025_train_03994_pi_co_t1.jpg,pituitary,/kaggle/input/datasets/briscdataset/brisc2025/brisc2025/classification_task/train/pituitary/brisc2025_train_03995_pi_co_t1.jpg,pituitary
exact,0,/kaggle/input/datasets/briscdataset/brisc2025/brisc2025/classification_task/train/pituitary/brisc2025_train_04070_pi_co_t1.jpg,pituitary,/kaggle/input/datasets/briscdataset/brisc2025/brisc2025/classification_task/train/pituitary/brisc2025_train_04071_pi_co_t1.jpg,pituitary
exact,0,/kaggle/input/datasets/briscdataset/brisc2025/brisc2025/classification_task/train/pituitary/brisc2025_train_04176_pi_co_t1.jpg,pituitary,/kaggle/input/datasets/briscdataset/brisc2025/brisc2025/classification_task/train/pituitary/brisc2025_train_04177_pi_co_t1.jpg,pituitary
exact,0,/kaggle/input/datasets/briscdataset/brisc2025/brisc2025/classification_task/train/pituitary/brisc2025_train_04176_pi_co_t1.jpg,pituitary,/kaggle/input/datasets/briscdataset/brisc2025/brisc2025/classification_task/train/pituitary/brisc2025_train_04178_pi_co_t1.jpg,pituitary
exact,0,/kaggle/input/datasets/briscdataset/brisc2025/brisc2025/classification_task/train/pituitary/brisc2025_train_04176_pi_co_t1.jpg,pituitary,/kaggle/input/datasets/briscdataset/brisc2025/brisc2025/classification_task/test/pituitary/brisc2025_test_00825_pi_co_t1.jpg,pituitary
exact,0,/kaggle/input/datasets/briscdataset/brisc2025/brisc2025/classification_task/train/pituitary/brisc2025_train_04177_pi_co_t1.jpg,pituitary,/kaggle/input/datasets/briscdataset/brisc2025/brisc2025/classification_task/train/pituitary/brisc2025_train_04178_pi_co_t1.jpg,pituitary
exact,0,/kaggle/input/datasets/briscdataset/brisc2025/brisc2025/classification_task/train/pituitary/brisc2025_train_04177_pi_co_t1.jpg,pituitary,/kaggle/input/datasets/briscdataset/brisc2025/brisc2025/classification_task/test/pituitary/brisc2025_test_00825_pi_co_t1.jpg,pituitary
exact,0,/kaggle/input/datasets/briscdataset/brisc2025/brisc2025/classification_task/train/pituitary/brisc2025_train_04178_pi_co_t1.jpg,pituitary,/kaggle/input/datasets/briscdataset/brisc2025/brisc2025/classification_task/test/pituitary/brisc2025_test_00825_pi_co_t1.jpg,pituitary
exact,0,/kaggle/input/datasets/briscdataset/brisc2025/brisc2025/classification_task/train/pituitary/brisc2025_train_04194_pi_co_t1.jpg,pituitary,/kaggle/input/datasets/briscdataset/brisc2025/brisc2025/classification_task/test/pituitary/brisc2025_test_00827_pi_co_t1.jpg,pituitary
exact,0,/kaggle/input/datasets/briscdataset/brisc2025/brisc2025/classification_task/train/pituitary/brisc2025_train_04201_pi_co_t1.jpg,pituitary,/kaggle/input/datasets/briscdataset/brisc2025/brisc2025/classification_task/train/pituitary/brisc2025_train_04202_pi_co_t1.jpg,pituitary
exact,0,/kaggle/input/datasets/briscdataset/brisc2025/brisc2025/classification_task/train/pituitary/brisc2025_train_04218_pi_co_t1.jpg,pituitary,/kaggle/input/datasets/briscdataset/brisc2025/brisc2025/classification_task/test/pituitary/brisc2025_test_00834_pi_co_t1.jpg,pituitary
exact,0,/kaggle/input/datasets/briscdataset/brisc2025/brisc2025/classification_task/train/pituitary/brisc2025_train_04284_pi_co_t1.jpg,pituitary,/kaggle/input/datasets/briscdataset/brisc2025/brisc2025/classification_task/test/pituitary/brisc2025_test_00850_pi_co_t1.jpg,pituitary
exact,0,/kaggle/input/datasets/briscdataset/brisc2025/brisc2025/classification_task/train/pituitary/brisc2025_train_04301_pi_co_t1.jpg,pituitary,/kaggle/input/datasets/briscdataset/brisc2025/brisc2025/classification_task/test/pituitary/brisc2025_test_00856_pi_co_t1.jpg,pituitary
exact,0,/kaggle/input/datasets/briscdataset/brisc2025/brisc2025/classification_task/train/pituitary/brisc2025_train_04490_pi_sa_t1.jpg,pituitary,/kaggle/input/datasets/briscdataset/brisc2025/brisc2025/classification_task/train/pituitary/brisc2025_train_04491_pi_sa_t1.jpg,pituitary
exact,0,/kaggle/input/datasets/briscdataset/brisc2025/brisc2025/classification_task/train/pituitary/brisc2025_train_04494_pi_sa_t1.jpg,pituitary,/kaggle/input/datasets/briscdataset/brisc2025/brisc2025/classification_task/train/pituitary/brisc2025_train_04594_pi_sa_t1.jpg,pituitary
exact,0,/kaggle/input/datasets/briscdataset/brisc2025/brisc2025/classification_task/train/pituitary/brisc2025_train_04550_pi_sa_t1.jpg,pituitary,/kaggle/input/datasets/briscdataset/brisc2025/brisc2025/classification_task/train/pituitary/brisc2025_train_04551_pi_sa_t1.jpg,pituitary
exact,0,/kaggle/input/datasets/briscdataset/brisc2025/brisc2025/classification_task/train/pituitary/brisc2025_train_04596_pi_sa_t1.jpg,pituitary,/kaggle/input/datasets/briscdataset/brisc2025/brisc2025/classification_task/train/pituitary/brisc2025_train_04597_pi_sa_t1.jpg,pituitary
exact,0,/kaggle/input/datasets/briscdataset/brisc2025/brisc2025/classification_task/train/pituitary/brisc2025_train_04631_pi_sa_t1.jpg,pituitary,/kaggle/input/datasets/briscdataset/brisc2025/brisc2025/classification_task/train/pituitary/brisc2025_train_04632_pi_sa_t1.jpg,pituitary
exact,0,/kaggle/input/datasets/briscdataset/brisc2025/brisc2025/classification_task/train/pituitary/brisc2025_train_04647_pi_sa_t1.jpg,pituitary,/kaggle/input/datasets/briscdataset/brisc2025/brisc2025/classification_task/train/pituitary/brisc2025_train_04648_pi_sa_t1.jpg,pituitary
exact,0,/kaggle/input/datasets/briscdataset/brisc2025/brisc2025/classification_task/train/pituitary/brisc2025_train_04676_pi_sa_t1.jpg,pituitary,/kaggle/input/datasets/briscdataset/brisc2025/brisc2025/classification_task/train/pituitary/brisc2025_train_04677_pi_sa_t1.jpg,pituitary
exact,0,/kaggle/input/datasets/briscdataset/brisc2025/brisc2025/classification_task/train/pituitary/brisc2025_train_04741_pi_sa_t1.jpg,pituitary,/kaggle/input/datasets/briscdataset/brisc2025/brisc2025/classification_task/train/pituitary/brisc2025_train_04742_pi_sa_t1.jpg,pituitary
exact,0,/kaggle/input/datasets/briscdataset/brisc2025/brisc2025/classification_task/train/pituitary/brisc2025_train_04741_pi_sa_t1.jpg,pituitary,/kaggle/input/datasets/briscdataset/brisc2025/brisc2025/classification_task/train/pituitary/brisc2025_train_04743_pi_sa_t1.jpg,pituitary
exact,0,/kaggle/input/datasets/briscdataset/brisc2025/brisc2025/classification_task/train/pituitary/brisc2025_train_04742_pi_sa_t1.jpg,pituitary,/kaggle/input/datasets/briscdataset/brisc2025/brisc2025/classification_task/train/pituitary/brisc2025_train_04743_pi_sa_t1.jpg,pituitary
exact,0,/kaggle/input/datasets/briscdataset/brisc2025/brisc2025/classification_task/train/pituitary/brisc2025_train_04838_pi_sa_t1.jpg,pituitary,/kaggle/input/datasets/briscdataset/brisc2025/brisc2025/classification_task/train/pituitary/brisc2025_train_04839_pi_sa_t1.jpg,pituitary
exact,0,/kaggle/input/datasets/briscdataset/brisc2025/brisc2025/classification_task/train/pituitary/brisc2025_train_04878_pi_sa_t1.jpg,pituitary,/kaggle/input/datasets/briscdataset/brisc2025/brisc2025/classification_task/test/pituitary/brisc2025_test_00960_pi_sa_t1.jpg,pituitary
exact,0,/kaggle/input/datasets/briscdataset/brisc2025/brisc2025/classification_task/test/glioma/brisc2025_test_00030_gl_ax_t1.jpg,glioma,/kaggle/input/datasets/briscdataset/brisc2025/brisc2025/classification_task/test/glioma/brisc2025_test_00092_gl_co_t1.jpg,glioma
exact,0,/kaggle/input/datasets/briscdataset/brisc2025/brisc2025/classification_task/test/glioma/brisc2025_test_00115_gl_co_t1.jpg,glioma,/kaggle/input/datasets/briscdataset/brisc2025/brisc2025/classification_task/test/glioma/brisc2025_test_00116_gl_co_t1.jpg,glioma
exact,0,/kaggle/input/datasets/briscdataset/brisc2025/brisc2025/classification_task/test/meningioma/brisc2025_test_00256_me_ax_t1.jpg,meningioma,/kaggle/input/datasets/briscdataset/brisc2025/brisc2025/classification_task/test/meningioma/brisc2025_test_00349_me_ax_t1.jpg,meningioma
exact,0,/kaggle/input/datasets/briscdataset/brisc2025/brisc2025/classification_task/test/meningioma/brisc2025_test_00257_me_ax_t1.jpg,meningioma,/kaggle/input/datasets/briscdataset/brisc2025/brisc2025/classification_task/test/meningioma/brisc2025_test_00267_me_ax_t1.jpg,meningioma
exact,0,/kaggle/input/datasets/briscdataset/brisc2025/brisc2025/classification_task/test/meningioma/brisc2025_test_00257_me_ax_t1.jpg,meningioma,/kaggle/input/datasets/briscdataset/brisc2025/brisc2025/classification_task/test/meningioma/brisc2025_test_00316_me_ax_t1.jpg,meningioma
exact,0,/kaggle/input/datasets/briscdataset/brisc2025/brisc2025/classification_task/test/meningioma/brisc2025_test_00262_me_ax_t1.jpg,meningioma,/kaggle/input/datasets/briscdataset/brisc2025/brisc2025/classification_task/test/meningioma/brisc2025_test_00275_me_ax_t1.jpg,meningioma
exact,0,/kaggle/input/datasets/briscdataset/brisc2025/brisc2025/classification_task/test/meningioma/brisc2025_test_00267_me_ax_t1.jpg,meningioma,/kaggle/input/datasets/briscdataset/brisc2025/brisc2025/classification_task/test/meningioma/brisc2025_test_00316_me_ax_t1.jpg,meningioma
exact,0,/kaggle/input/datasets/briscdataset/brisc2025/brisc2025/classification_task/test/meningioma/brisc2025_test_00271_me_ax_t1.jpg,meningioma,/kaggle/input/datasets/briscdataset/brisc2025/brisc2025/classification_task/test/meningioma/brisc2025_test_00313_me_ax_t1.jpg,meningioma
exact,0,/kaggle/input/datasets/briscdataset/brisc2025/brisc2025/classification_task/test/meningioma/brisc2025_test_00272_me_ax_t1.jpg,meningioma,/kaggle/input/datasets/briscdataset/brisc2025/brisc2025/classification_task/test/meningioma/brisc2025_test_00287_me_ax_t1.jpg,meningioma
exact,0,/kaggle/input/datasets/briscdataset/brisc2025/brisc2025/classification_task/test/meningioma/brisc2025_test_00272_me_ax_t1.jpg,meningioma,/kaggle/input/datasets/briscdataset/brisc2025/brisc2025/classification_task/test/meningioma/brisc2025_test_00304_me_ax_t1.jpg,meningioma
exact,0,/kaggle/input/datasets/briscdataset/brisc2025/brisc2025/classification_task/test/meningioma/brisc2025_test_00276_me_ax_t1.jpg,meningioma,/kaggle/input/datasets/briscdataset/brisc2025/brisc2025/classification_task/test/meningioma/brisc2025_test_00302_me_ax_t1.jpg,meningioma
exact,0,/kaggle/input/datasets/briscdataset/brisc2025/brisc2025/classification_task/test/meningioma/brisc2025_test_00287_me_ax_t1.jpg,meningioma,/kaggle/input/datasets/briscdataset/brisc2025/brisc2025/classification_task/test/meningioma/brisc2025_test_00304_me_ax_t1.jpg,meningioma
exact,0,/kaggle/input/datasets/briscdataset/brisc2025/brisc2025/classification_task/test/meningioma/brisc2025_test_00315_me_ax_t1.jpg,meningioma,/kaggle/input/datasets/briscdataset/brisc2025/brisc2025/classification_task/test/meningioma/brisc2025_test_00352_me_ax_t1.jpg,meningioma
exact,0,/kaggle/input/datasets/briscdataset/brisc2025/brisc2025/classification_task/test/meningioma/brisc2025_test_00319_me_ax_t1.jpg,meningioma,/kaggle/input/datasets/briscdataset/brisc2025/brisc2025/classification_task/test/meningioma/brisc2025_test_00354_me_ax_t1.jpg,meningioma
exact,0,/kaggle/input/datasets/briscdataset/brisc2025/brisc2025/classification_task/test/meningioma/brisc2025_test_00361_me_ax_t1.jpg,meningioma,/kaggle/input/datasets/briscdataset/brisc2025/brisc2025/classification_task/test/meningioma/brisc2025_test_00429_me_co_t1.jpg,meningioma
exact,0,/kaggle/input/datasets/briscdataset/brisc2025/brisc2025/classification_task/test/meningioma/brisc2025_test_00402_me_co_t1.jpg,meningioma,/kaggle/input/datasets/briscdataset/brisc2025/brisc2025/classification_task/test/meningioma/brisc2025_test_00408_me_co_t1.jpg,meningioma
exact,0,/kaggle/input/datasets/briscdataset/brisc2025/brisc2025/classification_task/test/meningioma/brisc2025_test_00415_me_co_t1.jpg,meningioma,/kaggle/input/datasets/briscdataset/brisc2025/brisc2025/classification_task/test/meningioma/brisc2025_test_00416_me_co_t1.jpg,meningioma
exact,0,/kaggle/input/datasets/briscdataset/brisc2025/brisc2025/classification_task/test/no_tumor/brisc2025_test_00659_no_co_t1.jpg,no_tumor,/kaggle/input/datasets/briscdataset/brisc2025/brisc2025/classification_task/test/no_tumor/brisc2025_test_00660_no_co_t1.jpg,no_tumor
near,6,/kaggle/input/datasets/briscdataset/brisc2025/brisc2025/classification_task/train/glioma/brisc2025_train_00014_gl_ax_t1.jpg,glioma,/kaggle/input/datasets/briscdataset/brisc2025/brisc2025/classification_task/train/meningioma/brisc2025_train_01316_me_ax_t1.jpg,meningioma
near,6,/kaggle/input/datasets/briscdataset/brisc2025/brisc2025/classification_task/train/glioma/brisc2025_train_00014_gl_ax_t1.jpg,glioma,/kaggle/input/datasets/briscdataset/brisc2025/brisc2025/classification_task/train/meningioma/brisc2025_train_01317_me_ax_t1.jpg,meningioma
near,5,/kaggle/input/datasets/briscdataset/brisc2025/brisc2025/classification_task/train/glioma/brisc2025_train_00014_gl_ax_t1.jpg,glioma,/kaggle/input/datasets/briscdataset/brisc2025/brisc2025/classification_task/train/meningioma/brisc2025_train_02378_me_sa_t1.jpg,meningioma
near,5,/kaggle/input/datasets/briscdataset/brisc2025/brisc2025/classification_task/train/glioma/brisc2025_train_00014_gl_ax_t1.jpg,glioma,/kaggle/input/datasets/briscdataset/brisc2025/brisc2025/classification_task/test/meningioma/brisc2025_test_00336_me_ax_t1.jpg,meningioma
near,3,/kaggle/input/datasets/briscdataset/brisc2025/brisc2025/classification_task/train/glioma/brisc2025_train_00019_gl_ax_t1.jpg,glioma,/kaggle/input/datasets/briscdataset/brisc2025/brisc2025/classification_task/test/meningioma/brisc2025_test_00358_me_ax_t1.jpg,meningioma
near,6,/kaggle/input/datasets/briscdataset/brisc2025/brisc2025/classification_task/train/glioma/brisc2025_train_00021_gl_ax_t1.jpg,glioma,/kaggle/input/datasets/briscdataset/brisc2025/brisc2025/classification_task/train/glioma/brisc2025_train_00022_gl_ax_t1.jpg,glioma
near,6,/kaggle/input/datasets/briscdataset/brisc2025/brisc2025/classification_task/train/glioma/brisc2025_train_00021_gl_ax_t1.jpg,glioma,/kaggle/input/datasets/briscdataset/brisc2025/brisc2025/classification_task/test/glioma/brisc2025_test_00009_gl_ax_t1.jpg,glioma
near,4,/kaggle/input/datasets/briscdataset/brisc2025/brisc2025/classification_task/train/glioma/brisc2025_train_00022_gl_ax_t1.jpg,glioma,/kaggle/input/datasets/briscdataset/brisc2025/brisc2025/classification_task/test/glioma/brisc2025_test_00009_gl_ax_t1.jpg,glioma
near,5,/kaggle/input/datasets/briscdataset/brisc2025/brisc2025/classification_task/train/glioma/brisc2025_train_00023_gl_ax_t1.jpg,glioma,/kaggle/input/datasets/briscdataset/brisc2025/brisc2025/classification_task/train/meningioma/brisc2025_train_01190_me_ax_t1.jpg,meningioma
near,6,/kaggle/input/datasets/briscdataset/brisc2025/brisc2025/classification_task/train/glioma/brisc2025_train_00031_gl_ax_t1.jpg,glioma,/kaggle/input/datasets/briscdataset/brisc2025/brisc2025/classification_task/train/glioma/brisc2025_train_00272_gl_ax_t1.jpg,glioma
near,6,/kaggle/input/datasets/briscdataset/brisc2025/brisc2025/classification_task/train/glioma/brisc2025_train_00031_gl_ax_t1.jpg,glioma,/kaggle/input/datasets/briscdataset/brisc2025/brisc2025/classification_task/test/glioma/brisc2025_test_00021_gl_ax_t1.jpg,glioma
near,5,/kaggle/input/datasets/briscdataset/brisc2025/brisc2025/classification_task/train/glioma/brisc2025_train_00032_gl_ax_t1.jpg,glioma,/kaggle/input/datasets/briscdataset/brisc2025/brisc2025/classification_task/test/glioma/brisc2025_test_00022_gl_ax_t1.jpg,glioma
near,6,/kaggle/input/datasets/briscdataset/brisc2025/brisc2025/classification_task/train/glioma/brisc2025_train_00032_gl_ax_t1.jpg,glioma,/kaggle/input/datasets/briscdataset/brisc2025/brisc2025/classification_task/test/glioma/brisc2025_test_00051_gl_ax_t1.jpg,glioma
near,4,/kaggle/input/datasets/briscdataset/brisc2025/brisc2025/classification_task/train/glioma/brisc2025_train_00035_gl_ax_t1.jpg,glioma,/kaggle/input/datasets/briscdataset/brisc2025/brisc2025/classification_task/test/glioma/brisc2025_test_00027_gl_ax_t1.jpg,glioma
near,6,/kaggle/input/datasets/briscdataset/brisc2025/brisc2025/classification_task/train/glioma/brisc2025_train_00038_gl_ax_t1.jpg,glioma,/kaggle/input/datasets/briscdataset/brisc2025/brisc2025/classification_task/test/glioma/brisc2025_test_00031_gl_ax_t1.jpg,glioma
near,6,/kaggle/input/datasets/briscdataset/brisc2025/brisc2025/classification_task/train/glioma/brisc2025_train_00039_gl_ax_t1.jpg,glioma,/kaggle/input/datasets/briscdataset/brisc2025/brisc2025/classification_task/test/glioma/brisc2025_test_00032_gl_ax_t1.jpg,glioma
near,6,/kaggle/input/datasets/briscdataset/brisc2025/brisc2025/classification_task/train/glioma/brisc2025_train_00040_gl_ax_t1.jpg,glioma,/kaggle/input/datasets/briscdataset/brisc2025/brisc2025/classification_task/test/glioma/brisc2025_test_00034_gl_ax_t1.jpg,glioma
near,6,/kaggle/input/datasets/briscdataset/brisc2025/brisc2025/classification_task/train/glioma/brisc2025_train_00041_gl_ax_t1.jpg,glioma,/kaggle/input/datasets/briscdataset/brisc2025/brisc2025/classification_task/test/glioma/brisc2025_test_00036_gl_ax_t1.jpg,glioma
near,1,/kaggle/input/datasets/briscdataset/brisc2025/brisc2025/classification_task/train/glioma/brisc2025_train_00042_gl_ax_t1.jpg,glioma,/kaggle/input/datasets/briscdataset/brisc2025/brisc2025/classification_task/test/glioma/brisc2025_test_00037_gl_ax_t1.jpg,glioma
near,5,/kaggle/input/datasets/briscdataset/brisc2025/brisc2025/classification_task/train/glioma/brisc2025_train_00047_gl_ax_t1.jpg,glioma,/kaggle/input/datasets/briscdataset/brisc2025/brisc2025/classification_task/train/glioma/brisc2025_train_00048_gl_ax_t1.jpg,glioma
near,6,/kaggle/input/datasets/briscdataset/brisc2025/brisc2025/classification_task/train/glioma/brisc2025_train_00049_gl_ax_t1.jpg,glioma,/kaggle/input/datasets/briscdataset/brisc2025/brisc2025/classification_task/test/glioma/brisc2025_test_00039_gl_ax_t1.jpg,glioma
near,6,/kaggle/input/datasets/briscdataset/brisc2025/brisc2025/classification_task/train/glioma/brisc2025_train_00050_gl_ax_t1.jpg,glioma,/kaggle/input/datasets/briscdataset/brisc2025/brisc2025/classification_task/train/glioma/brisc2025_train_00257_gl_ax_t1.jpg,glioma
near,6,/kaggle/input/datasets/briscdataset/brisc2025/brisc2025/classification_task/train/glioma/brisc2025_train_00050_gl_ax_t1.jpg,glioma,/kaggle/input/datasets/briscdataset/brisc2025/brisc2025/classification_task/test/glioma/brisc2025_test_00039_gl_ax_t1.jpg,glioma
near,3,/kaggle/input/datasets/briscdataset/brisc2025/brisc2025/classification_task/train/glioma/brisc2025_train_00054_gl_ax_t1.jpg,glioma,/kaggle/input/datasets/briscdataset/brisc2025/brisc2025/classification_task/train/glioma/brisc2025_train_00055_gl_ax_t1.jpg,glioma
near,5,/kaggle/input/datasets/briscdataset/brisc2025/brisc2025/classification_task/train/glioma/brisc2025_train_00054_gl_ax_t1.jpg,glioma,/kaggle/input/datasets/briscdataset/brisc2025/brisc2025/classification_task/train/glioma/brisc2025_train_00056_gl_ax_t1.jpg,glioma
near,5,/kaggle/input/datasets/briscdataset/brisc2025/brisc2025/classification_task/train/glioma/brisc2025_train_00054_gl_ax_t1.jpg,glioma,/kaggle/input/datasets/briscdataset/brisc2025/brisc2025/classification_task/train/glioma/brisc2025_train_00058_gl_ax_t1.jpg,glioma
near,2,/kaggle/input/datasets/briscdataset/brisc2025/brisc2025/classification_task/train/glioma/brisc2025_train_00055_gl_ax_t1.jpg,glioma,/kaggle/input/datasets/briscdataset/brisc2025/brisc2025/classification_task/train/glioma/brisc2025_train_00056_gl_ax_t1.jpg,glioma
near,4,/kaggle/input/datasets/briscdataset/brisc2025/brisc2025/classification_task/train/glioma/brisc2025_train_00055_gl_ax_t1.jpg,glioma,/kaggle/input/datasets/briscdataset/brisc2025/brisc2025/classification_task/train/glioma/brisc2025_train_00057_gl_ax_t1.jpg,glioma
near,2,/kaggle/input/datasets/briscdataset/brisc2025/brisc2025/classification_task/train/glioma/brisc2025_train_00055_gl_ax_t1.jpg,glioma,/kaggle/input/datasets/briscdataset/brisc2025/brisc2025/classification_task/train/glioma/brisc2025_train_00058_gl_ax_t1.jpg,glioma
near,4,/kaggle/input/datasets/briscdataset/brisc2025/brisc2025/classification_task/train/glioma/brisc2025_train_00055_gl_ax_t1.jpg,glioma,/kaggle/input/datasets/briscdataset/brisc2025/brisc2025/classification_task/train/glioma/brisc2025_train_00059_gl_ax_t1.jpg,glioma
near,6,/kaggle/input/datasets/briscdataset/brisc2025/brisc2025/classification_task/train/glioma/brisc2025_train_00055_gl_ax_t1.jpg,glioma,/kaggle/input/datasets/briscdataset/brisc2025/brisc2025/classification_task/train/glioma/brisc2025_train_00060_gl_ax_t1.jpg,glioma
near,6,/kaggle/input/datasets/briscdataset/brisc2025/brisc2025/classification_task/train/glioma/brisc2025_train_00055_gl_ax_t1.jpg,glioma,/kaggle/input/datasets/briscdataset/brisc2025/brisc2025/classification_task/train/glioma/brisc2025_train_00254_gl_ax_t1.jpg,glioma
near,2,/kaggle/input/datasets/briscdataset/brisc2025/brisc2025/classification_task/train/glioma/brisc2025_train_00056_gl_ax_t1.jpg,glioma,/kaggle/input/datasets/briscdataset/brisc2025/brisc2025/classification_task/train/glioma/brisc2025_train_00057_gl_ax_t1.jpg,glioma
near,2,/kaggle/input/datasets/briscdataset/brisc2025/brisc2025/classification_task/train/glioma/brisc2025_train_00056_gl_ax_t1.jpg,glioma,/kaggle/input/datasets/briscdataset/brisc2025/brisc2025/classification_task/train/glioma/brisc2025_train_00059_gl_ax_t1.jpg,glioma
near,4,/kaggle/input/datasets/briscdataset/brisc2025/brisc2025/classification_task/train/glioma/brisc2025_train_00056_gl_ax_t1.jpg,glioma,/kaggle/input/datasets/briscdataset/brisc2025/brisc2025/classification_task/train/glioma/brisc2025_train_00060_gl_ax_t1.jpg,glioma
near,4,/kaggle/input/datasets/briscdataset/brisc2025/brisc2025/classification_task/train/glioma/brisc2025_train_00056_gl_ax_t1.jpg,glioma,/kaggle/input/datasets/briscdataset/brisc2025/brisc2025/classification_task/train/glioma/brisc2025_train_00254_gl_ax_t1.jpg,glioma
near,5,/kaggle/input/datasets/briscdataset/brisc2025/brisc2025/classification_task/train/glioma/brisc2025_train_00056_gl_ax_t1.jpg,glioma,/kaggle/input/datasets/briscdataset/brisc2025/brisc2025/classification_task/train/meningioma/brisc2025_train_01528_me_ax_t1.jpg,meningioma
near,5,/kaggle/input/datasets/briscdataset/brisc2025/brisc2025/classification_task/train/glioma/brisc2025_train_00056_gl_ax_t1.jpg,glioma,/kaggle/input/datasets/briscdataset/brisc2025/brisc2025/classification_task/train/meningioma/brisc2025_train_01529_me_ax_t1.jpg,meningioma
near,2,/kaggle/input/datasets/briscdataset/brisc2025/brisc2025/classification_task/train/glioma/brisc2025_train_00057_gl_ax_t1.jpg,glioma,/kaggle/input/datasets/briscdataset/brisc2025/brisc2025/classification_task/train/glioma/brisc2025_train_00058_gl_ax_t1.jpg,glioma
near,2,/kaggle/input/datasets/briscdataset/brisc2025/brisc2025/classification_task/train/glioma/brisc2025_train_00057_gl_ax_t1.jpg,glioma,/kaggle/input/datasets/briscdataset/brisc2025/brisc2025/classification_task/train/glioma/brisc2025_train_00060_gl_ax_t1.jpg,glioma
near,6,/kaggle/input/datasets/briscdataset/brisc2025/brisc2025/classification_task/train/glioma/brisc2025_train_00057_gl_ax_t1.jpg,glioma,/kaggle/input/datasets/briscdataset/brisc2025/brisc2025/classification_task/train/glioma/brisc2025_train_00254_gl_ax_t1.jpg,glioma
near,5,/kaggle/input/datasets/briscdataset/brisc2025/brisc2025/classification_task/train/glioma/brisc2025_train_00057_gl_ax_t1.jpg,glioma,/kaggle/input/datasets/briscdataset/brisc2025/brisc2025/classification_task/train/glioma/brisc2025_train_00255_gl_ax_t1.jpg,glioma
near,6,/kaggle/input/datasets/briscdataset/brisc2025/brisc2025/classification_task/train/glioma/brisc2025_train_00057_gl_ax_t1.jpg,glioma,/kaggle/input/datasets/briscdataset/brisc2025/brisc2025/classification_task/train/meningioma/brisc2025_train_01425_me_ax_t1.jpg,meningioma
near,5,/kaggle/input/datasets/briscdataset/brisc2025/brisc2025/classification_task/train/glioma/brisc2025_train_00057_gl_ax_t1.jpg,glioma,/kaggle/input/datasets/briscdataset/brisc2025/brisc2025/classification_task/train/meningioma/brisc2025_train_01528_me_ax_t1.jpg,meningioma
near,5,/kaggle/input/datasets/briscdataset/brisc2025/brisc2025/classification_task/train/glioma/brisc2025_train_00057_gl_ax_t1.jpg,glioma,/kaggle/input/datasets/briscdataset/brisc2025/brisc2025/classification_task/train/meningioma/brisc2025_train_01529_me_ax_t1.jpg,meningioma
near,2,/kaggle/input/datasets/briscdataset/brisc2025/brisc2025/classification_task/train/glioma/brisc2025_train_00058_gl_ax_t1.jpg,glioma,/kaggle/input/datasets/briscdataset/brisc2025/brisc2025/classification_task/train/glioma/brisc2025_train_00059_gl_ax_t1.jpg,glioma
near,4,/kaggle/input/datasets/briscdataset/brisc2025/brisc2025/classification_task/train/glioma/brisc2025_train_00058_gl_ax_t1.jpg,glioma,/kaggle/input/datasets/briscdataset/brisc2025/brisc2025/classification_task/train/glioma/brisc2025_train_00060_gl_ax_t1.jpg,glioma
near,4,/kaggle/input/datasets/briscdataset/brisc2025/brisc2025/classification_task/train/glioma/brisc2025_train_00058_gl_ax_t1.jpg,glioma,/kaggle/input/datasets/briscdataset/brisc2025/brisc2025/classification_task/train/glioma/brisc2025_train_00254_gl_ax_t1.jpg,glioma
near,5,/kaggle/input/datasets/briscdataset/brisc2025/brisc2025/classification_task/train/glioma/brisc2025_train_00058_gl_ax_t1.jpg,glioma,/kaggle/input/datasets/briscdataset/brisc2025/brisc2025/classification_task/train/meningioma/brisc2025_train_01528_me_ax_t1.jpg,meningioma
near,5,/kaggle/input/datasets/briscdataset/brisc2025/brisc2025/classification_task/train/glioma/brisc2025_train_00058_gl_ax_t1.jpg,glioma,/kaggle/input/datasets/briscdataset/brisc2025/brisc2025/classification_task/train/meningioma/brisc2025_train_01529_me_ax_t1.jpg,meningioma
near,2,/kaggle/input/datasets/briscdataset/brisc2025/brisc2025/classification_task/train/glioma/brisc2025_train_00059_gl_ax_t1.jpg,glioma,/kaggle/input/datasets/briscdataset/brisc2025/brisc2025/classification_task/train/glioma/brisc2025_train_00060_gl_ax_t1.jpg,glioma
near,6,/kaggle/input/datasets/briscdataset/brisc2025/brisc2025/classification_task/train/glioma/brisc2025_train_00059_gl_ax_t1.jpg,glioma,/kaggle/input/datasets/briscdataset/brisc2025/brisc2025/classification_task/train/glioma/brisc2025_train_00254_gl_ax_t1.jpg,glioma
near,5,/kaggle/input/datasets/briscdataset/brisc2025/brisc2025/classification_task/train/glioma/brisc2025_train_00059_gl_ax_t1.jpg,glioma,/kaggle/input/datasets/briscdataset/brisc2025/brisc2025/classification_task/train/glioma/brisc2025_train_00255_gl_ax_t1.jpg,glioma
near,6,/kaggle/input/datasets/briscdataset/brisc2025/brisc2025/classification_task/train/glioma/brisc2025_train_00059_gl_ax_t1.jpg,glioma,/kaggle/input/datasets/briscdataset/brisc2025/brisc2025/classification_task/train/meningioma/brisc2025_train_01425_me_ax_t1.jpg,meningioma
near,5,/kaggle/input/datasets/briscdataset/brisc2025/brisc2025/classification_task/train/glioma/brisc2025_train_00059_gl_ax_t1.jpg,glioma,/kaggle/input/datasets/briscdataset/brisc2025/brisc2025/classification_task/train/meningioma/brisc2025_train_01528_me_ax_t1.jpg,meningioma
near,5,/kaggle/input/datasets/briscdataset/brisc2025/brisc2025/classification_task/train/glioma/brisc2025_train_00059_gl_ax_t1.jpg,glioma,/kaggle/input/datasets/briscdataset/brisc2025/brisc2025/classification_task/train/meningioma/brisc2025_train_01529_me_ax_t1.jpg,meningioma
near,6,/kaggle/input/datasets/briscdataset/brisc2025/brisc2025/classification_task/train/glioma/brisc2025_train_00060_gl_ax_t1.jpg,glioma,/kaggle/input/datasets/briscdataset/brisc2025/brisc2025/classification_task/train/glioma/brisc2025_train_00254_gl_ax_t1.jpg,glioma
near,3,/kaggle/input/datasets/briscdataset/brisc2025/brisc2025/classification_task/train/glioma/brisc2025_train_00060_gl_ax_t1.jpg,glioma,/kaggle/input/datasets/briscdataset/brisc2025/brisc2025/classification_task/train/glioma/brisc2025_train_00255_gl_ax_t1.jpg,glioma
near,6,/kaggle/input/datasets/briscdataset/brisc2025/brisc2025/classification_task/train/glioma/brisc2025_train_00060_gl_ax_t1.jpg,glioma,/kaggle/input/datasets/briscdataset/brisc2025/brisc2025/classification_task/train/meningioma/brisc2025_train_01546_me_ax_t1.jpg,meningioma
near,6,/kaggle/input/datasets/briscdataset/brisc2025/brisc2025/classification_task/train/glioma/brisc2025_train_00060_gl_ax_t1.jpg,glioma,/kaggle/input/datasets/briscdataset/brisc2025/brisc2025/classification_task/train/no_tumor/brisc2025_train_02573_no_ax_t1.jpg,no_tumor
near,2,/kaggle/input/datasets/briscdataset/brisc2025/brisc2025/classification_task/train/glioma/brisc2025_train_00061_gl_ax_t1.jpg,glioma,/kaggle/input/datasets/briscdataset/brisc2025/brisc2025/classification_task/train/glioma/brisc2025_train_00067_gl_ax_t1.jpg,glioma
near,4,/kaggle/input/datasets/briscdataset/brisc2025/brisc2025/classification_task/train/glioma/brisc2025_train_00062_gl_ax_t1.jpg,glioma,/kaggle/input/datasets/briscdataset/brisc2025/brisc2025/classification_task/train/glioma/brisc2025_train_00063_gl_ax_t1.jpg,glioma
near,6,/kaggle/input/datasets/briscdataset/brisc2025/brisc2025/classification_task/train/glioma/brisc2025_train_00062_gl_ax_t1.jpg,glioma,/kaggle/input/datasets/briscdataset/brisc2025/brisc2025/classification_task/train/glioma/brisc2025_train_00170_gl_ax_t1.jpg,glioma
near,5,/kaggle/input/datasets/briscdataset/brisc2025/brisc2025/classification_task/train/glioma/brisc2025_train_00062_gl_ax_t1.jpg,glioma,/kaggle/input/datasets/briscdataset/brisc2025/brisc2025/classification_task/train/meningioma/brisc2025_train_01537_me_ax_t1.jpg,meningioma
near,2,/kaggle/input/datasets/briscdataset/brisc2025/brisc2025/classification_task/train/glioma/brisc2025_train_00062_gl_ax_t1.jpg,glioma,/kaggle/input/datasets/briscdataset/brisc2025/brisc2025/classification_task/test/glioma/brisc2025_test_00040_gl_ax_t1.jpg,glioma
near,6,/kaggle/input/datasets/briscdataset/brisc2025/brisc2025/classification_task/train/glioma/brisc2025_train_00062_gl_ax_t1.jpg,glioma,/kaggle/input/datasets/briscdataset/brisc2025/brisc2025/classification_task/test/no_tumor/brisc2025_test_00602_no_ax_t1.jpg,no_tumor
near,5,/kaggle/input/datasets/briscdataset/brisc2025/brisc2025/classification_task/train/glioma/brisc2025_train_00063_gl_ax_t1.jpg,glioma,/kaggle/input/datasets/briscdataset/brisc2025/brisc2025/classification_task/train/meningioma/brisc2025_train_01537_me_ax_t1.jpg,meningioma
near,4,/kaggle/input/datasets/briscdataset/brisc2025/brisc2025/classification_task/train/glioma/brisc2025_train_00063_gl_ax_t1.jpg,glioma,/kaggle/input/datasets/briscdataset/brisc2025/brisc2025/classification_task/test/glioma/brisc2025_test_00040_gl_ax_t1.jpg,glioma
near,6,/kaggle/input/datasets/briscdataset/brisc2025/brisc2025/classification_task/train/glioma/brisc2025_train_00065_gl_ax_t1.jpg,glioma,/kaggle/input/datasets/briscdataset/brisc2025/brisc2025/classification_task/train/glioma/brisc2025_train_00066_gl_ax_t1.jpg,glioma
near,5,/kaggle/input/datasets/briscdataset/brisc2025/brisc2025/classification_task/train/glioma/brisc2025_train_00068_gl_ax_t1.jpg,glioma,/kaggle/input/datasets/briscdataset/brisc2025/brisc2025/classification_task/train/pituitary/brisc2025_train_03609_pi_ax_t1.jpg,pituitary
near,3,/kaggle/input/datasets/briscdataset/brisc2025/brisc2025/classification_task/train/glioma/brisc2025_train_00068_gl_ax_t1.jpg,glioma,/kaggle/input/datasets/briscdataset/brisc2025/brisc2025/classification_task/test/glioma/brisc2025_test_00043_gl_ax_t1.jpg,glioma
near,2,/kaggle/input/datasets/briscdataset/brisc2025/brisc2025/classification_task/train/glioma/brisc2025_train_00069_gl_ax_t1.jpg,glioma,/kaggle/input/datasets/briscdataset/brisc2025/brisc2025/classification_task/train/glioma/brisc2025_train_00070_gl_ax_t1.jpg,glioma
near,6,/kaggle/input/datasets/briscdataset/brisc2025/brisc2025/classification_task/train/glioma/brisc2025_train_00069_gl_ax_t1.jpg,glioma,/kaggle/input/datasets/briscdataset/brisc2025/brisc2025/classification_task/train/glioma/brisc2025_train_00071_gl_ax_t1.jpg,glioma
near,6,/kaggle/input/datasets/briscdataset/brisc2025/brisc2025/classification_task/train/glioma/brisc2025_train_00069_gl_ax_t1.jpg,glioma,/kaggle/input/datasets/briscdataset/brisc2025/brisc2025/classification_task/test/glioma/brisc2025_test_00043_gl_ax_t1.jpg,glioma
near,4,/kaggle/input/datasets/briscdataset/brisc2025/brisc2025/classification_task/train/glioma/brisc2025_train_00070_gl_ax_t1.jpg,glioma,/kaggle/input/datasets/briscdataset/brisc2025/brisc2025/classification_task/train/glioma/brisc2025_train_00071_gl_ax_t1.jpg,glioma
near,2,/kaggle/input/datasets/briscdataset/brisc2025/brisc2025/classification_task/train/glioma/brisc2025_train_00072_gl_ax_t1.jpg,glioma,/kaggle/input/datasets/briscdataset/brisc2025/brisc2025/classification_task/train/glioma/brisc2025_train_00073_gl_ax_t1.jpg,glioma
near,6,/kaggle/input/datasets/briscdataset/brisc2025/brisc2025/classification_task/train/glioma/brisc2025_train_00073_gl_ax_t1.jpg,glioma,/kaggle/input/datasets/briscdataset/brisc2025/brisc2025/classification_task/train/glioma/brisc2025_train_00074_gl_ax_t1.jpg,glioma
near,5,/kaggle/input/datasets/briscdataset/brisc2025/brisc2025/classification_task/train/glioma/brisc2025_train_00073_gl_ax_t1.jpg,glioma,/kaggle/input/datasets/briscdataset/brisc2025/brisc2025/classification_task/train/glioma/brisc2025_train_00099_gl_ax_t1.jpg,glioma
near,6,/kaggle/input/datasets/briscdataset/brisc2025/brisc2025/classification_task/train/glioma/brisc2025_train_00074_gl_ax_t1.jpg,glioma,/kaggle/input/datasets/briscdataset/brisc2025/brisc2025/classification_task/train/meningioma/brisc2025_train_01435_me_ax_t1.jpg,meningioma
near,6,/kaggle/input/datasets/briscdataset/brisc2025/brisc2025/classification_task/train/glioma/brisc2025_train_00075_gl_ax_t1.jpg,glioma,/kaggle/input/datasets/briscdataset/brisc2025/brisc2025/classification_task/train/glioma/brisc2025_train_00076_gl_ax_t1.jpg,glioma
near,5,/kaggle/input/datasets/briscdataset/brisc2025/brisc2025/classification_task/train/glioma/brisc2025_train_00075_gl_ax_t1.jpg,glioma,/kaggle/input/datasets/briscdataset/brisc2025/brisc2025/classification_task/train/glioma/brisc2025_train_00359_gl_ax_t1.jpg,glioma
near,5,/kaggle/input/datasets/briscdataset/brisc2025/brisc2025/classification_task/train/glioma/brisc2025_train_00076_gl_ax_t1.jpg,glioma,/kaggle/input/datasets/briscdataset/brisc2025/brisc2025/classification_task/train/glioma/brisc2025_train_00077_gl_ax_t1.jpg,glioma
near,4,/kaggle/input/datasets/briscdataset/brisc2025/brisc2025/classification_task/train/glioma/brisc2025_train_00079_gl_ax_t1.jpg,glioma,/kaggle/input/datasets/briscdataset/brisc2025/brisc2025/classification_task/train/glioma/brisc2025_train_00083_gl_ax_t1.jpg,glioma
near,6,/kaggle/input/datasets/briscdataset/brisc2025/brisc2025/classification_task/train/glioma/brisc2025_train_00079_gl_ax_t1.jpg,glioma,/kaggle/input/datasets/briscdataset/brisc2025/brisc2025/classification_task/train/glioma/brisc2025_train_00085_gl_ax_t1.jpg,glioma
near,6,/kaggle/input/datasets/briscdataset/brisc2025/brisc2025/classification_task/train/glioma/brisc2025_train_00079_gl_ax_t1.jpg,glioma,/kaggle/input/datasets/briscdataset/brisc2025/brisc2025/classification_task/train/glioma/brisc2025_train_00086_gl_ax_t1.jpg,glioma
near,5,/kaggle/input/datasets/briscdataset/brisc2025/brisc2025/classification_task/train/glioma/brisc2025_train_00083_gl_ax_t1.jpg,glioma,/kaggle/input/datasets/briscdataset/brisc2025/brisc2025/classification_task/train/glioma/brisc2025_train_00084_gl_ax_t1.jpg,glioma
near,2,/kaggle/input/datasets/briscdataset/brisc2025/brisc2025/classification_task/train/glioma/brisc2025_train_00083_gl_ax_t1.jpg,glioma,/kaggle/input/datasets/briscdataset/brisc2025/brisc2025/classification_task/train/glioma/brisc2025_train_00085_gl_ax_t1.jpg,glioma
near,4,/kaggle/input/datasets/briscdataset/brisc2025/brisc2025/classification_task/train/glioma/brisc2025_train_00083_gl_ax_t1.jpg,glioma,/kaggle/input/datasets/briscdataset/brisc2025/brisc2025/classification_task/train/glioma/brisc2025_train_00086_gl_ax_t1.jpg,glioma
near,5,/kaggle/input/datasets/briscdataset/brisc2025/brisc2025/classification_task/train/glioma/brisc2025_train_00083_gl_ax_t1.jpg,glioma,/kaggle/input/datasets/briscdataset/brisc2025/brisc2025/classification_task/train/glioma/brisc2025_train_00087_gl_ax_t1.jpg,glioma
near,5,/kaggle/input/datasets/briscdataset/brisc2025/brisc2025/classification_task/train/glioma/brisc2025_train_00084_gl_ax_t1.jpg,glioma,/kaggle/input/datasets/briscdataset/brisc2025/brisc2025/classification_task/train/glioma/brisc2025_train_00085_gl_ax_t1.jpg,glioma
near,2,/kaggle/input/datasets/briscdataset/brisc2025/brisc2025/classification_task/train/glioma/brisc2025_train_00085_gl_ax_t1.jpg,glioma,/kaggle/input/datasets/briscdataset/brisc2025/brisc2025/classification_task/train/glioma/brisc2025_train_00086_gl_ax_t1.jpg,glioma
near,5,/kaggle/input/datasets/briscdataset/brisc2025/brisc2025/classification_task/train/glioma/brisc2025_train_00085_gl_ax_t1.jpg,glioma,/kaggle/input/datasets/briscdataset/brisc2025/brisc2025/classification_task/train/glioma/brisc2025_train_00087_gl_ax_t1.jpg,glioma
near,5,/kaggle/input/datasets/briscdataset/brisc2025/brisc2025/classification_task/train/glioma/brisc2025_train_00085_gl_ax_t1.jpg,glioma,/kaggle/input/datasets/briscdataset/brisc2025/brisc2025/classification_task/train/no_tumor/brisc2025_train_02683_no_ax_t1.jpg,no_tumor
near,3,/kaggle/input/datasets/briscdataset/brisc2025/brisc2025/classification_task/train/glioma/brisc2025_train_00086_gl_ax_t1.jpg,glioma,/kaggle/input/datasets/briscdataset/brisc2025/brisc2025/classification_task/train/glioma/brisc2025_train_00087_gl_ax_t1.jpg,glioma
near,6,/kaggle/input/datasets/briscdataset/brisc2025/brisc2025/classification_task/train/glioma/brisc2025_train_00088_gl_ax_t1.jpg,glioma,/kaggle/input/datasets/briscdataset/brisc2025/brisc2025/classification_task/train/glioma/brisc2025_train_00089_gl_ax_t1.jpg,glioma
near,4,/kaggle/input/datasets/briscdataset/brisc2025/brisc2025/classification_task/train/glioma/brisc2025_train_00089_gl_ax_t1.jpg,glioma,/kaggle/input/datasets/briscdataset/brisc2025/brisc2025/classification_task/test/glioma/brisc2025_test_00044_gl_ax_t1.jpg,glioma
near,6,/kaggle/input/datasets/briscdataset/brisc2025/brisc2025/classification_task/train/glioma/brisc2025_train_00091_gl_ax_t1.jpg,glioma,/kaggle/input/datasets/briscdataset/brisc2025/brisc2025/classification_task/train/glioma/brisc2025_train_00092_gl_ax_t1.jpg,glioma
near,4,/kaggle/input/datasets/briscdataset/brisc2025/brisc2025/classification_task/train/glioma/brisc2025_train_00092_gl_ax_t1.jpg,glioma,/kaggle/input/datasets/briscdataset/brisc2025/brisc2025/classification_task/train/glioma/brisc2025_train_00093_gl_ax_t1.jpg,glioma
near,4,/kaggle/input/datasets/briscdataset/brisc2025/brisc2025/classification_task/train/glioma/brisc2025_train_00093_gl_ax_t1.jpg,glioma,/kaggle/input/datasets/briscdataset/brisc2025/brisc2025/classification_task/train/glioma/brisc2025_train_00094_gl_ax_t1.jpg,glioma
near,6,/kaggle/input/datasets/briscdataset/brisc2025/brisc2025/classification_task/train/glioma/brisc2025_train_00101_gl_ax_t1.jpg,glioma,/kaggle/input/datasets/briscdataset/brisc2025/brisc2025/classification_task/train/glioma/brisc2025_train_00256_gl_ax_t1.jpg,glioma
near,5,/kaggle/input/datasets/briscdataset/brisc2025/brisc2025/classification_task/train/glioma/brisc2025_train_00102_gl_ax_t1.jpg,glioma,/kaggle/input/datasets/briscdataset/brisc2025/brisc2025/classification_task/train/glioma/brisc2025_train_00271_gl_ax_t1.jpg,glioma
near,3,/kaggle/input/datasets/briscdataset/brisc2025/brisc2025/classification_task/train/glioma/brisc2025_train_00103_gl_ax_t1.jpg,glioma,/kaggle/input/datasets/briscdataset/brisc2025/brisc2025/classification_task/train/glioma/brisc2025_train_00104_gl_ax_t1.jpg,glioma
near,6,/kaggle/input/datasets/briscdataset/brisc2025/brisc2025/classification_task/train/glioma/brisc2025_train_00106_gl_ax_t1.jpg,glioma,/kaggle/input/datasets/briscdataset/brisc2025/brisc2025/classification_task/test/glioma/brisc2025_test_00047_gl_ax_t1.jpg,glioma
near,5,/kaggle/input/datasets/briscdataset/brisc2025/brisc2025/classification_task/train/glioma/brisc2025_train_00108_gl_ax_t1.jpg,glioma,/kaggle/input/datasets/briscdataset/brisc2025/brisc2025/classification_task/train/glioma/brisc2025_train_00271_gl_ax_t1.jpg,glioma
near,6,/kaggle/input/datasets/briscdataset/brisc2025/brisc2025/classification_task/train/glioma/brisc2025_train_00109_gl_ax_t1.jpg,glioma,/kaggle/input/datasets/briscdataset/brisc2025/brisc2025/classification_task/train/glioma/brisc2025_train_00181_gl_ax_t1.jpg,glioma
near,6,/kaggle/input/datasets/briscdataset/brisc2025/brisc2025/classification_task/train/glioma/brisc2025_train_00109_gl_ax_t1.jpg,glioma,/kaggle/input/datasets/briscdataset/brisc2025/brisc2025/classification_task/train/glioma/brisc2025_train_00322_gl_ax_t1.jpg,glioma
near,6,/kaggle/input/datasets/briscdataset/brisc2025/brisc2025/classification_task/train/glioma/brisc2025_train_00110_gl_ax_t1.jpg,glioma,/kaggle/input/datasets/briscdataset/brisc2025/brisc2025/classification_task/train/glioma/brisc2025_train_00375_gl_ax_t1.jpg,glioma
near,5,/kaggle/input/datasets/briscdataset/brisc2025/brisc2025/classification_task/train/glioma/brisc2025_train_00111_gl_ax_t1.jpg,glioma,/kaggle/input/datasets/briscdataset/brisc2025/brisc2025/classification_task/train/glioma/brisc2025_train_00149_gl_ax_t1.jpg,glioma
near,6,/kaggle/input/datasets/briscdataset/brisc2025/brisc2025/classification_task/train/glioma/brisc2025_train_00113_gl_ax_t1.jpg,glioma,/kaggle/input/datasets/briscdataset/brisc2025/brisc2025/classification_task/train/glioma/brisc2025_train_00114_gl_ax_t1.jpg,glioma
near,4,/kaggle/input/datasets/briscdataset/brisc2025/brisc2025/classification_task/train/glioma/brisc2025_train_00117_gl_ax_t1.jpg,glioma,/kaggle/input/datasets/briscdataset/brisc2025/brisc2025/classification_task/train/glioma/brisc2025_train_00118_gl_ax_t1.jpg,glioma
near,4,/kaggle/input/datasets/briscdataset/brisc2025/brisc2025/classification_task/train/glioma/brisc2025_train_00117_gl_ax_t1.jpg,glioma,/kaggle/input/datasets/briscdataset/brisc2025/brisc2025/classification_task/train/glioma/brisc2025_train_00119_gl_ax_t1.jpg,glioma
near,6,/kaggle/input/datasets/briscdataset/brisc2025/brisc2025/classification_task/train/glioma/brisc2025_train_00117_gl_ax_t1.jpg,glioma,/kaggle/input/datasets/briscdataset/brisc2025/brisc2025/classification_task/train/meningioma/brisc2025_train_01524_me_ax_t1.jpg,meningioma
near,2,/kaggle/input/datasets/briscdataset/brisc2025/brisc2025/classification_task/train/glioma/brisc2025_train_00118_gl_ax_t1.jpg,glioma,/kaggle/input/datasets/briscdataset/brisc2025/brisc2025/classification_task/train/glioma/brisc2025_train_00119_gl_ax_t1.jpg,glioma
near,4,/kaggle/input/datasets/briscdataset/brisc2025/brisc2025/classification_task/train/glioma/brisc2025_train_00118_gl_ax_t1.jpg,glioma,/kaggle/input/datasets/briscdataset/brisc2025/brisc2025/classification_task/train/glioma/brisc2025_train_00120_gl_ax_t1.jpg,glioma
near,4,/kaggle/input/datasets/briscdataset/brisc2025/brisc2025/classification_task/train/glioma/brisc2025_train_00118_gl_ax_t1.jpg,glioma,/kaggle/input/datasets/briscdataset/brisc2025/brisc2025/classification_task/train/glioma/brisc2025_train_00121_gl_ax_t1.jpg,glioma
near,6,/kaggle/input/datasets/briscdataset/brisc2025/brisc2025/classification_task/train/glioma/brisc2025_train_00118_gl_ax_t1.jpg,glioma,/kaggle/input/datasets/briscdataset/brisc2025/brisc2025/classification_task/train/meningioma/brisc2025_train_01524_me_ax_t1.jpg,meningioma
near,4,/kaggle/input/datasets/briscdataset/brisc2025/brisc2025/classification_task/train/glioma/brisc2025_train_00119_gl_ax_t1.jpg,glioma,/kaggle/input/datasets/briscdataset/brisc2025/brisc2025/classification_task/train/glioma/brisc2025_train_00120_gl_ax_t1.jpg,glioma
near,6,/kaggle/input/datasets/briscdataset/brisc2025/brisc2025/classification_task/train/glioma/brisc2025_train_00119_gl_ax_t1.jpg,glioma,/kaggle/input/datasets/briscdataset/brisc2025/brisc2025/classification_task/train/glioma/brisc2025_train_00121_gl_ax_t1.jpg,glioma
near,6,/kaggle/input/datasets/briscdataset/brisc2025/brisc2025/classification_task/train/glioma/brisc2025_train_00119_gl_ax_t1.jpg,glioma,/kaggle/input/datasets/briscdataset/brisc2025/brisc2025/classification_task/train/meningioma/brisc2025_train_01524_me_ax_t1.jpg,meningioma
near,2,/kaggle/input/datasets/briscdataset/brisc2025/brisc2025/classification_task/train/glioma/brisc2025_train_00120_gl_ax_t1.jpg,glioma,/kaggle/input/datasets/briscdataset/brisc2025/brisc2025/classification_task/train/glioma/brisc2025_train_00121_gl_ax_t1.jpg,glioma
near,6,/kaggle/input/datasets/briscdataset/brisc2025/brisc2025/classification_task/train/glioma/brisc2025_train_00122_gl_ax_t1.jpg,glioma,/kaggle/input/datasets/briscdataset/brisc2025/brisc2025/classification_task/train/meningioma/brisc2025_train_01465_me_ax_t1.jpg,meningioma
near,6,/kaggle/input/datasets/briscdataset/brisc2025/brisc2025/classification_task/train/glioma/brisc2025_train_00123_gl_ax_t1.jpg,glioma,/kaggle/input/datasets/briscdataset/brisc2025/brisc2025/classification_task/train/glioma/brisc2025_train_00124_gl_ax_t1.jpg,glioma
near,6,/kaggle/input/datasets/briscdataset/brisc2025/brisc2025/classification_task/train/glioma/brisc2025_train_00124_gl_ax_t1.jpg,glioma,/kaggle/input/datasets/briscdataset/brisc2025/brisc2025/classification_task/test/glioma/brisc2025_test_00084_gl_ax_t1.jpg,glioma
near,5,/kaggle/input/datasets/briscdataset/brisc2025/brisc2025/classification_task/train/glioma/brisc2025_train_00126_gl_ax_t1.jpg,glioma,/kaggle/input/datasets/briscdataset/brisc2025/brisc2025/classification_task/train/glioma/brisc2025_train_00130_gl_ax_t1.jpg,glioma
near,2,/kaggle/input/datasets/briscdataset/brisc2025/brisc2025/classification_task/train/glioma/brisc2025_train_00126_gl_ax_t1.jpg,glioma,/kaggle/input/datasets/briscdataset/brisc2025/brisc2025/classification_task/train/glioma/brisc2025_train_00131_gl_ax_t1.jpg,glioma
near,3,/kaggle/input/datasets/briscdataset/brisc2025/brisc2025/classification_task/train/glioma/brisc2025_train_00130_gl_ax_t1.jpg,glioma,/kaggle/input/datasets/briscdataset/brisc2025/brisc2025/classification_task/train/glioma/brisc2025_train_00131_gl_ax_t1.jpg,glioma
near,6,/kaggle/input/datasets/briscdataset/brisc2025/brisc2025/classification_task/train/glioma/brisc2025_train_00132_gl_ax_t1.jpg,glioma,/kaggle/input/datasets/briscdataset/brisc2025/brisc2025/classification_task/train/glioma/brisc2025_train_00133_gl_ax_t1.jpg,glioma
near,4,/kaggle/input/datasets/briscdataset/brisc2025/brisc2025/classification_task/train/glioma/brisc2025_train_00133_gl_ax_t1.jpg,glioma,/kaggle/input/datasets/briscdataset/brisc2025/brisc2025/classification_task/train/glioma/brisc2025_train_00134_gl_ax_t1.jpg,glioma
near,5,/kaggle/input/datasets/briscdataset/brisc2025/brisc2025/classification_task/train/glioma/brisc2025_train_00133_gl_ax_t1.jpg,glioma,/kaggle/input/datasets/briscdataset/brisc2025/brisc2025/classification_task/train/glioma/brisc2025_train_00135_gl_ax_t1.jpg,glioma
near,6,/kaggle/input/datasets/briscdataset/brisc2025/brisc2025/classification_task/train/glioma/brisc2025_train_00133_gl_ax_t1.jpg,glioma,/kaggle/input/datasets/briscdataset/brisc2025/brisc2025/classification_task/train/glioma/brisc2025_train_00136_gl_ax_t1.jpg,glioma
near,3,/kaggle/input/datasets/briscdataset/brisc2025/brisc2025/classification_task/train/glioma/brisc2025_train_00134_gl_ax_t1.jpg,glioma,/kaggle/input/datasets/briscdataset/brisc2025/brisc2025/classification_task/train/glioma/brisc2025_train_00135_gl_ax_t1.jpg,glioma
near,6,/kaggle/input/datasets/briscdataset/brisc2025/brisc2025/classification_task/train/glioma/brisc2025_train_00134_gl_ax_t1.jpg,glioma,/kaggle/input/datasets/briscdataset/brisc2025/brisc2025/classification_task/train/glioma/brisc2025_train_00136_gl_ax_t1.jpg,glioma
near,5,/kaggle/input/datasets/briscdataset/brisc2025/brisc2025/classification_task/train/glioma/brisc2025_train_00135_gl_ax_t1.jpg,glioma,/kaggle/input/datasets/briscdataset/brisc2025/brisc2025/classification_task/train/glioma/brisc2025_train_00136_gl_ax_t1.jpg,glioma
near,6,/kaggle/input/datasets/briscdataset/brisc2025/brisc2025/classification_task/train/glioma/brisc2025_train_00135_gl_ax_t1.jpg,glioma,/kaggle/input/datasets/briscdataset/brisc2025/brisc2025/classification_task/train/glioma/brisc2025_train_00315_gl_ax_t1.jpg,glioma
near,6,/kaggle/input/datasets/briscdataset/brisc2025/brisc2025/classification_task/train/glioma/brisc2025_train_00135_gl_ax_t1.jpg,glioma,/kaggle/input/datasets/briscdataset/brisc2025/brisc2025/classification_task/train/glioma/brisc2025_train_00316_gl_ax_t1.jpg,glioma
near,1,/kaggle/input/datasets/briscdataset/brisc2025/brisc2025/classification_task/train/glioma/brisc2025_train_00138_gl_ax_t1.jpg,glioma,/kaggle/input/datasets/briscdataset/brisc2025/brisc2025/classification_task/train/glioma/brisc2025_train_00139_gl_ax_t1.jpg,glioma
near,6,/kaggle/input/datasets/briscdataset/brisc2025/brisc2025/classification_task/train/glioma/brisc2025_train_00138_gl_ax_t1.jpg,glioma,/kaggle/input/datasets/briscdataset/brisc2025/brisc2025/classification_task/train/glioma/brisc2025_train_00140_gl_ax_t1.jpg,glioma
near,5,/kaggle/input/datasets/briscdataset/brisc2025/brisc2025/classification_task/train/glioma/brisc2025_train_00139_gl_ax_t1.jpg,glioma,/kaggle/input/datasets/briscdataset/brisc2025/brisc2025/classification_task/train/glioma/brisc2025_train_00140_gl_ax_t1.jpg,glioma
near,6,/kaggle/input/datasets/briscdataset/brisc2025/brisc2025/classification_task/train/glioma/brisc2025_train_00139_gl_ax_t1.jpg,glioma,/kaggle/input/datasets/briscdataset/brisc2025/brisc2025/classification_task/test/glioma/brisc2025_test_00083_gl_ax_t1.jpg,glioma
near,5,/kaggle/input/datasets/briscdataset/brisc2025/brisc2025/classification_task/train/glioma/brisc2025_train_00140_gl_ax_t1.jpg,glioma,/kaggle/input/datasets/briscdataset/brisc2025/brisc2025/classification_task/train/glioma/brisc2025_train_00141_gl_ax_t1.jpg,glioma
near,6,/kaggle/input/datasets/briscdataset/brisc2025/brisc2025/classification_task/train/glioma/brisc2025_train_00140_gl_ax_t1.jpg,glioma,/kaggle/input/datasets/briscdataset/brisc2025/brisc2025/classification_task/train/glioma/brisc2025_train_00384_gl_ax_t1.jpg,glioma
near,6,/kaggle/input/datasets/briscdataset/brisc2025/brisc2025/classification_task/train/glioma/brisc2025_train_00140_gl_ax_t1.jpg,glioma,/kaggle/input/datasets/briscdataset/brisc2025/brisc2025/classification_task/train/glioma/brisc2025_train_00385_gl_ax_t1.jpg,glioma
near,6,/kaggle/input/datasets/briscdataset/brisc2025/brisc2025/classification_task/train/glioma/brisc2025_train_00141_gl_ax_t1.jpg,glioma,/kaggle/input/datasets/briscdataset/brisc2025/brisc2025/classification_task/test/glioma/brisc2025_test_00083_gl_ax_t1.jpg,glioma
near,6,/kaggle/input/datasets/briscdataset/brisc2025/brisc2025/classification_task/train/glioma/brisc2025_train_00145_gl_ax_t1.jpg,glioma,/kaggle/input/datasets/briscdataset/brisc2025/brisc2025/classification_task/train/glioma/brisc2025_train_00146_gl_ax_t1.jpg,glioma
near,6,/kaggle/input/datasets/briscdataset/brisc2025/brisc2025/classification_task/train/glioma/brisc2025_train_00145_gl_ax_t1.jpg,glioma,/kaggle/input/datasets/briscdataset/brisc2025/brisc2025/classification_task/train/glioma/brisc2025_train_00180_gl_ax_t1.jpg,glioma
near,6,/kaggle/input/datasets/briscdataset/brisc2025/brisc2025/classification_task/train/glioma/brisc2025_train_00145_gl_ax_t1.jpg,glioma,/kaggle/input/datasets/briscdataset/brisc2025/brisc2025/classification_task/train/glioma/brisc2025_train_00322_gl_ax_t1.jpg,glioma
near,1,/kaggle/input/datasets/briscdataset/brisc2025/brisc2025/classification_task/train/glioma/brisc2025_train_00146_gl_ax_t1.jpg,glioma,/kaggle/input/datasets/briscdataset/brisc2025/brisc2025/classification_task/train/glioma/brisc2025_train_00147_gl_ax_t1.jpg,glioma
near,3,/kaggle/input/datasets/briscdataset/brisc2025/brisc2025/classification_task/train/glioma/brisc2025_train_00146_gl_ax_t1.jpg,glioma,/kaggle/input/datasets/briscdataset/brisc2025/brisc2025/classification_task/train/glioma/brisc2025_train_00148_gl_ax_t1.jpg,glioma
near,2,/kaggle/input/datasets/briscdataset/brisc2025/brisc2025/classification_task/train/glioma/brisc2025_train_00147_gl_ax_t1.jpg,glioma,/kaggle/input/datasets/briscdataset/brisc2025/brisc2025/classification_task/train/glioma/brisc2025_train_00148_gl_ax_t1.jpg,glioma
near,6,/kaggle/input/datasets/briscdataset/brisc2025/brisc2025/classification_task/train/glioma/brisc2025_train_00147_gl_ax_t1.jpg,glioma,/kaggle/input/datasets/briscdataset/brisc2025/brisc2025/classification_task/train/glioma/brisc2025_train_00272_gl_ax_t1.jpg,glioma
near,6,/kaggle/input/datasets/briscdataset/brisc2025/brisc2025/classification_task/train/glioma/brisc2025_train_00147_gl_ax_t1.jpg,glioma,/kaggle/input/datasets/briscdataset/brisc2025/brisc2025/classification_task/train/glioma/brisc2025_train_00273_gl_ax_t1.jpg,glioma
near,5,/kaggle/input/datasets/briscdataset/brisc2025/brisc2025/classification_task/train/glioma/brisc2025_train_00148_gl_ax_t1.jpg,glioma,/kaggle/input/datasets/briscdataset/brisc2025/brisc2025/classification_task/train/glioma/brisc2025_train_00180_gl_ax_t1.jpg,glioma
near,5,/kaggle/input/datasets/briscdataset/brisc2025/brisc2025/classification_task/train/glioma/brisc2025_train_00148_gl_ax_t1.jpg,glioma,/kaggle/input/datasets/briscdataset/brisc2025/brisc2025/classification_task/train/glioma/brisc2025_train_00181_gl_ax_t1.jpg,glioma
near,6,/kaggle/input/datasets/briscdataset/brisc2025/brisc2025/classification_task/train/glioma/brisc2025_train_00148_gl_ax_t1.jpg,glioma,/kaggle/input/datasets/briscdataset/brisc2025/brisc2025/classification_task/train/glioma/brisc2025_train_00272_gl_ax_t1.jpg,glioma
near,6,/kaggle/input/datasets/briscdataset/brisc2025/brisc2025/classification_task/train/glioma/brisc2025_train_00148_gl_ax_t1.jpg,glioma,/kaggle/input/datasets/briscdataset/brisc2025/brisc2025/classification_task/train/glioma/brisc2025_train_00273_gl_ax_t1.jpg,glioma
near,6,/kaggle/input/datasets/briscdataset/brisc2025/brisc2025/classification_task/train/glioma/brisc2025_train_00148_gl_ax_t1.jpg,glioma,/kaggle/input/datasets/briscdataset/brisc2025/brisc2025/classification_task/train/glioma/brisc2025_train_00323_gl_ax_t1.jpg,glioma
near,5,/kaggle/input/datasets/briscdataset/brisc2025/brisc2025/classification_task/train/glioma/brisc2025_train_00149_gl_ax_t1.jpg,glioma,/kaggle/input/datasets/briscdataset/brisc2025/brisc2025/classification_task/train/glioma/brisc2025_train_00150_gl_ax_t1.jpg,glioma
near,4,/kaggle/input/datasets/briscdataset/brisc2025/brisc2025/classification_task/train/glioma/brisc2025_train_00149_gl_ax_t1.jpg,glioma,/kaggle/input/datasets/briscdataset/brisc2025/brisc2025/classification_task/train/glioma/brisc2025_train_00323_gl_ax_t1.jpg,glioma
near,6,/kaggle/input/datasets/briscdataset/brisc2025/brisc2025/classification_task/train/glioma/brisc2025_train_00150_gl_ax_t1.jpg,glioma,/kaggle/input/datasets/briscdataset/brisc2025/brisc2025/classification_task/test/glioma/brisc2025_test_00070_gl_ax_t1.jpg,glioma
near,4,/kaggle/input/datasets/briscdataset/brisc2025/brisc2025/classification_task/train/glioma/brisc2025_train_00151_gl_ax_t1.jpg,glioma,/kaggle/input/datasets/briscdataset/brisc2025/brisc2025/classification_task/train/glioma/brisc2025_train_00152_gl_ax_t1.jpg,glioma
near,6,/kaggle/input/datasets/briscdataset/brisc2025/brisc2025/classification_task/train/glioma/brisc2025_train_00151_gl_ax_t1.jpg,glioma,/kaggle/input/datasets/briscdataset/brisc2025/brisc2025/classification_task/train/glioma/brisc2025_train_00153_gl_ax_t1.jpg,glioma
near,4,/kaggle/input/datasets/briscdataset/brisc2025/brisc2025/classification_task/train/glioma/brisc2025_train_00151_gl_ax_t1.jpg,glioma,/kaggle/input/datasets/briscdataset/brisc2025/brisc2025/classification_task/train/glioma/brisc2025_train_00154_gl_ax_t1.jpg,glioma
near,6,/kaggle/input/datasets/briscdataset/brisc2025/brisc2025/classification_task/train/glioma/brisc2025_train_00151_gl_ax_t1.jpg,glioma,/kaggle/input/datasets/briscdataset/brisc2025/brisc2025/classification_task/train/meningioma/brisc2025_train_01502_me_ax_t1.jpg,meningioma
near,4,/kaggle/input/datasets/briscdataset/brisc2025/brisc2025/classification_task/train/glioma/brisc2025_train_00152_gl_ax_t1.jpg,glioma,/kaggle/input/datasets/briscdataset/brisc2025/brisc2025/classification_task/train/glioma/brisc2025_train_00153_gl_ax_t1.jpg,glioma
near,2,/kaggle/input/datasets/briscdataset/brisc2025/brisc2025/classification_task/train/glioma/brisc2025_train_00152_gl_ax_t1.jpg,glioma,/kaggle/input/datasets/briscdataset/brisc2025/brisc2025/classification_task/train/glioma/brisc2025_train_00154_gl_ax_t1.jpg,glioma
near,6,/kaggle/input/datasets/briscdataset/brisc2025/brisc2025/classification_task/train/glioma/brisc2025_train_00152_gl_ax_t1.jpg,glioma,/kaggle/input/datasets/briscdataset/brisc2025/brisc2025/classification_task/train/glioma/brisc2025_train_00155_gl_ax_t1.jpg,glioma
near,6,/kaggle/input/datasets/briscdataset/brisc2025/brisc2025/classification_task/train/glioma/brisc2025_train_00152_gl_ax_t1.jpg,glioma,/kaggle/input/datasets/briscdataset/brisc2025/brisc2025/classification_task/train/meningioma/brisc2025_train_01502_me_ax_t1.jpg,meningioma
near,2,/kaggle/input/datasets/briscdataset/brisc2025/brisc2025/classification_task/train/glioma/brisc2025_train_00153_gl_ax_t1.jpg,glioma,/kaggle/input/datasets/briscdataset/brisc2025/brisc2025/classification_task/train/glioma/brisc2025_train_00154_gl_ax_t1.jpg,glioma
near,6,/kaggle/input/datasets/briscdataset/brisc2025/brisc2025/classification_task/train/glioma/brisc2025_train_00153_gl_ax_t1.jpg,glioma,/kaggle/input/datasets/briscdataset/brisc2025/brisc2025/classification_task/train/glioma/brisc2025_train_00155_gl_ax_t1.jpg,glioma
near,4,/kaggle/input/datasets/briscdataset/brisc2025/brisc2025/classification_task/train/glioma/brisc2025_train_00154_gl_ax_t1.jpg,glioma,/kaggle/input/datasets/briscdataset/brisc2025/brisc2025/classification_task/train/glioma/brisc2025_train_00155_gl_ax_t1.jpg,glioma
near,6,/kaggle/input/datasets/briscdataset/brisc2025/brisc2025/classification_task/train/glioma/brisc2025_train_00154_gl_ax_t1.jpg,glioma,/kaggle/input/datasets/briscdataset/brisc2025/brisc2025/classification_task/train/glioma/brisc2025_train_00156_gl_ax_t1.jpg,glioma
near,6,/kaggle/input/datasets/briscdataset/brisc2025/brisc2025/classification_task/train/glioma/brisc2025_train_00154_gl_ax_t1.jpg,glioma,/kaggle/input/datasets/briscdataset/brisc2025/brisc2025/classification_task/train/meningioma/brisc2025_train_01468_me_ax_t1.jpg,meningioma
near,6,/kaggle/input/datasets/briscdataset/brisc2025/brisc2025/classification_task/train/glioma/brisc2025_train_00154_gl_ax_t1.jpg,glioma,/kaggle/input/datasets/briscdataset/brisc2025/brisc2025/classification_task/train/meningioma/brisc2025_train_01502_me_ax_t1.jpg,meningioma
near,4,/kaggle/input/datasets/briscdataset/brisc2025/brisc2025/classification_task/train/glioma/brisc2025_train_00155_gl_ax_t1.jpg,glioma,/kaggle/input/datasets/briscdataset/brisc2025/brisc2025/classification_task/train/glioma/brisc2025_train_00156_gl_ax_t1.jpg,glioma
near,6,/kaggle/input/datasets/briscdataset/brisc2025/brisc2025/classification_task/train/glioma/brisc2025_train_00155_gl_ax_t1.jpg,glioma,/kaggle/input/datasets/briscdataset/brisc2025/brisc2025/classification_task/train/meningioma/brisc2025_train_01468_me_ax_t1.jpg,meningioma
near,6,/kaggle/input/datasets/briscdataset/brisc2025/brisc2025/classification_task/train/glioma/brisc2025_train_00156_gl_ax_t1.jpg,glioma,/kaggle/input/datasets/briscdataset/brisc2025/brisc2025/classification_task/train/glioma/brisc2025_train_00157_gl_ax_t1.jpg,glioma
near,4,/kaggle/input/datasets/briscdataset/brisc2025/brisc2025/classification_task/train/glioma/brisc2025_train_00156_gl_ax_t1.jpg,glioma,/kaggle/input/datasets/briscdataset/brisc2025/brisc2025/classification_task/train/meningioma/brisc2025_train_01435_me_ax_t1.jpg,meningioma
near,6,/kaggle/input/datasets/briscdataset/brisc2025/brisc2025/classification_task/train/glioma/brisc2025_train_00157_gl_ax_t1.jpg,glioma,/kaggle/input/datasets/briscdataset/brisc2025/brisc2025/classification_task/train/glioma/brisc2025_train_00255_gl_ax_t1.jpg,glioma
near,4,/kaggle/input/datasets/briscdataset/brisc2025/brisc2025/classification_task/train/glioma/brisc2025_train_00157_gl_ax_t1.jpg,glioma,/kaggle/input/datasets/briscdataset/brisc2025/brisc2025/classification_task/train/glioma/brisc2025_train_00256_gl_ax_t1.jpg,glioma
near,6,/kaggle/input/datasets/briscdataset/brisc2025/brisc2025/classification_task/train/glioma/brisc2025_train_00157_gl_ax_t1.jpg,glioma,/kaggle/input/datasets/briscdataset/brisc2025/brisc2025/classification_task/train/glioma/brisc2025_train_00665_gl_co_t1.jpg,glioma
near,5,/kaggle/input/datasets/briscdataset/brisc2025/brisc2025/classification_task/train/glioma/brisc2025_train_00157_gl_ax_t1.jpg,glioma,/kaggle/input/datasets/briscdataset/brisc2025/brisc2025/classification_task/train/meningioma/brisc2025_train_01545_me_ax_t1.jpg,meningioma
near,6,/kaggle/input/datasets/briscdataset/brisc2025/brisc2025/classification_task/train/glioma/brisc2025_train_00162_gl_ax_t1.jpg,glioma,/kaggle/input/datasets/briscdataset/brisc2025/brisc2025/classification_task/train/glioma/brisc2025_train_00165_gl_ax_t1.jpg,glioma
near,5,/kaggle/input/datasets/briscdataset/brisc2025/brisc2025/classification_task/train/glioma/brisc2025_train_00162_gl_ax_t1.jpg,glioma,/kaggle/input/datasets/briscdataset/brisc2025/brisc2025/classification_task/train/glioma/brisc2025_train_00166_gl_ax_t1.jpg,glioma
near,6,/kaggle/input/datasets/briscdataset/brisc2025/brisc2025/classification_task/train/glioma/brisc2025_train_00162_gl_ax_t1.jpg,glioma,/kaggle/input/datasets/briscdataset/brisc2025/brisc2025/classification_task/train/glioma/brisc2025_train_00168_gl_ax_t1.jpg,glioma
near,4,/kaggle/input/datasets/briscdataset/brisc2025/brisc2025/classification_task/train/glioma/brisc2025_train_00164_gl_ax_t1.jpg,glioma,/kaggle/input/datasets/briscdataset/brisc2025/brisc2025/classification_task/train/glioma/brisc2025_train_00165_gl_ax_t1.jpg,glioma
near,6,/kaggle/input/datasets/briscdataset/brisc2025/brisc2025/classification_task/train/glioma/brisc2025_train_00164_gl_ax_t1.jpg,glioma,/kaggle/input/datasets/briscdataset/brisc2025/brisc2025/classification_task/train/glioma/brisc2025_train_00168_gl_ax_t1.jpg,glioma
near,3,/kaggle/input/datasets/briscdataset/brisc2025/brisc2025/classification_task/train/glioma/brisc2025_train_00165_gl_ax_t1.jpg,glioma,/kaggle/input/datasets/briscdataset/brisc2025/brisc2025/classification_task/train/glioma/brisc2025_train_00166_gl_ax_t1.jpg,glioma
near,2,/kaggle/input/datasets/briscdataset/brisc2025/brisc2025/classification_task/train/glioma/brisc2025_train_00165_gl_ax_t1.jpg,glioma,/kaggle/input/datasets/briscdataset/brisc2025/brisc2025/classification_task/train/glioma/brisc2025_train_00168_gl_ax_t1.jpg,glioma
near,6,/kaggle/input/datasets/briscdataset/brisc2025/brisc2025/classification_task/train/glioma/brisc2025_train_00166_gl_ax_t1.jpg,glioma,/kaggle/input/datasets/briscdataset/brisc2025/brisc2025/classification_task/train/glioma/brisc2025_train_00167_gl_ax_t1.jpg,glioma
near,3,/kaggle/input/datasets/briscdataset/brisc2025/brisc2025/classification_task/train/glioma/brisc2025_train_00166_gl_ax_t1.jpg,glioma,/kaggle/input/datasets/briscdataset/brisc2025/brisc2025/classification_task/train/glioma/brisc2025_train_00168_gl_ax_t1.jpg,glioma
near,5,/kaggle/input/datasets/briscdataset/brisc2025/brisc2025/classification_task/train/glioma/brisc2025_train_00167_gl_ax_t1.jpg,glioma,/kaggle/input/datasets/briscdataset/brisc2025/brisc2025/classification_task/train/glioma/brisc2025_train_00168_gl_ax_t1.jpg,glioma
near,6,/kaggle/input/datasets/briscdataset/brisc2025/brisc2025/classification_task/train/glioma/brisc2025_train_00169_gl_ax_t1.jpg,glioma,/kaggle/input/datasets/briscdataset/brisc2025/brisc2025/classification_task/train/glioma/brisc2025_train_00170_gl_ax_t1.jpg,glioma
near,3,/kaggle/input/datasets/briscdataset/brisc2025/brisc2025/classification_task/train/glioma/brisc2025_train_00170_gl_ax_t1.jpg,glioma,/kaggle/input/datasets/briscdataset/brisc2025/brisc2025/classification_task/train/meningioma/brisc2025_train_01537_me_ax_t1.jpg,meningioma
near,6,/kaggle/input/datasets/briscdataset/brisc2025/brisc2025/classification_task/train/glioma/brisc2025_train_00176_gl_ax_t1.jpg,glioma,/kaggle/input/datasets/briscdataset/brisc2025/brisc2025/classification_task/train/glioma/brisc2025_train_00177_gl_ax_t1.jpg,glioma
near,6,/kaggle/input/datasets/briscdataset/brisc2025/brisc2025/classification_task/train/glioma/brisc2025_train_00180_gl_ax_t1.jpg,glioma,/kaggle/input/datasets/briscdataset/brisc2025/brisc2025/classification_task/train/glioma/brisc2025_train_00181_gl_ax_t1.jpg,glioma
near,6,/kaggle/input/datasets/briscdataset/brisc2025/brisc2025/classification_task/train/glioma/brisc2025_train_00180_gl_ax_t1.jpg,glioma,/kaggle/input/datasets/briscdataset/brisc2025/brisc2025/classification_task/train/glioma/brisc2025_train_00322_gl_ax_t1.jpg,glioma
near,6,/kaggle/input/datasets/briscdataset/brisc2025/brisc2025/classification_task/train/glioma/brisc2025_train_00181_gl_ax_t1.jpg,glioma,/kaggle/input/datasets/briscdataset/brisc2025/brisc2025/classification_task/train/glioma/brisc2025_train_00182_gl_ax_t1.jpg,glioma
near,6,/kaggle/input/datasets/briscdataset/brisc2025/brisc2025/classification_task/train/glioma/brisc2025_train_00181_gl_ax_t1.jpg,glioma,/kaggle/input/datasets/briscdataset/brisc2025/brisc2025/classification_task/train/glioma/brisc2025_train_00322_gl_ax_t1.jpg,glioma
near,3,/kaggle/input/datasets/briscdataset/brisc2025/brisc2025/classification_task/train/glioma/brisc2025_train_00181_gl_ax_t1.jpg,glioma,/kaggle/input/datasets/briscdataset/brisc2025/brisc2025/classification_task/test/glioma/brisc2025_test_00079_gl_ax_t1.jpg,glioma
near,6,/kaggle/input/datasets/briscdataset/brisc2025/brisc2025/classification_task/train/glioma/brisc2025_train_00183_gl_ax_t1.jpg,glioma,/kaggle/input/datasets/briscdataset/brisc2025/brisc2025/classification_task/train/glioma/brisc2025_train_00184_gl_ax_t1.jpg,glioma
near,6,/kaggle/input/datasets/briscdataset/brisc2025/brisc2025/classification_task/train/glioma/brisc2025_train_00183_gl_ax_t1.jpg,glioma,/kaggle/input/datasets/briscdataset/brisc2025/brisc2025/classification_task/train/glioma/brisc2025_train_00185_gl_ax_t1.jpg,glioma
near,5,/kaggle/input/datasets/briscdataset/brisc2025/brisc2025/classification_task/train/glioma/brisc2025_train_00183_gl_ax_t1.jpg,glioma,/kaggle/input/datasets/briscdataset/brisc2025/brisc2025/classification_task/train/glioma/brisc2025_train_00186_gl_ax_t1.jpg,glioma
near,4,/kaggle/input/datasets/briscdataset/brisc2025/brisc2025/classification_task/train/glioma/brisc2025_train_00184_gl_ax_t1.jpg,glioma,/kaggle/input/datasets/briscdataset/brisc2025/brisc2025/classification_task/train/glioma/brisc2025_train_00185_gl_ax_t1.jpg,glioma
near,3,/kaggle/input/datasets/briscdataset/brisc2025/brisc2025/classification_task/train/glioma/brisc2025_train_00184_gl_ax_t1.jpg,glioma,/kaggle/input/datasets/briscdataset/brisc2025/brisc2025/classification_task/train/glioma/brisc2025_train_00186_gl_ax_t1.jpg,glioma
near,3,/kaggle/input/datasets/briscdataset/brisc2025/brisc2025/classification_task/train/glioma/brisc2025_train_00184_gl_ax_t1.jpg,glioma,/kaggle/input/datasets/briscdataset/brisc2025/brisc2025/classification_task/train/glioma/brisc2025_train_00187_gl_ax_t1.jpg,glioma
near,3,/kaggle/input/datasets/briscdataset/brisc2025/brisc2025/classification_task/train/glioma/brisc2025_train_00185_gl_ax_t1.jpg,glioma,/kaggle/input/datasets/briscdataset/brisc2025/brisc2025/classification_task/train/glioma/brisc2025_train_00186_gl_ax_t1.jpg,glioma
near,3,/kaggle/input/datasets/briscdataset/brisc2025/brisc2025/classification_task/train/glioma/brisc2025_train_00185_gl_ax_t1.jpg,glioma,/kaggle/input/datasets/briscdataset/brisc2025/brisc2025/classification_task/train/glioma/brisc2025_train_00187_gl_ax_t1.jpg,glioma
near,2,/kaggle/input/datasets/briscdataset/brisc2025/brisc2025/classification_task/train/glioma/brisc2025_train_00186_gl_ax_t1.jpg,glioma,/kaggle/input/datasets/briscdataset/brisc2025/brisc2025/classification_task/train/glioma/brisc2025_train_00187_gl_ax_t1.jpg,glioma
near,6,/kaggle/input/datasets/briscdataset/brisc2025/brisc2025/classification_task/train/glioma/brisc2025_train_00189_gl_ax_t1.jpg,glioma,/kaggle/input/datasets/briscdataset/brisc2025/brisc2025/classification_task/test/glioma/brisc2025_test_00054_gl_ax_t1.jpg,glioma
near,6,/kaggle/input/datasets/briscdataset/brisc2025/brisc2025/classification_task/train/glioma/brisc2025_train_00190_gl_ax_t1.jpg,glioma,/kaggle/input/datasets/briscdataset/brisc2025/brisc2025/classification_task/train/glioma/brisc2025_train_00191_gl_ax_t1.jpg,glioma
near,3,/kaggle/input/datasets/briscdataset/brisc2025/brisc2025/classification_task/train/glioma/brisc2025_train_00191_gl_ax_t1.jpg,glioma,/kaggle/input/datasets/briscdataset/brisc2025/brisc2025/classification_task/train/glioma/brisc2025_train_00192_gl_ax_t1.jpg,glioma
near,6,/kaggle/input/datasets/briscdataset/brisc2025/brisc2025/classification_task/train/glioma/brisc2025_train_00196_gl_ax_t1.jpg,glioma,/kaggle/input/datasets/briscdataset/brisc2025/brisc2025/classification_task/train/glioma/brisc2025_train_00197_gl_ax_t1.jpg,glioma
near,4,/kaggle/input/datasets/briscdataset/brisc2025/brisc2025/classification_task/train/glioma/brisc2025_train_00198_gl_ax_t1.jpg,glioma,/kaggle/input/datasets/briscdataset/brisc2025/brisc2025/classification_task/train/glioma/brisc2025_train_00199_gl_ax_t1.jpg,glioma
near,4,/kaggle/input/datasets/briscdataset/brisc2025/brisc2025/classification_task/train/glioma/brisc2025_train_00200_gl_ax_t1.jpg,glioma,/kaggle/input/datasets/briscdataset/brisc2025/brisc2025/classification_task/train/glioma/brisc2025_train_00201_gl_ax_t1.jpg,glioma
near,6,/kaggle/input/datasets/briscdataset/brisc2025/brisc2025/classification_task/train/glioma/brisc2025_train_00202_gl_ax_t1.jpg,glioma,/kaggle/input/datasets/briscdataset/brisc2025/brisc2025/classification_task/train/glioma/brisc2025_train_00212_gl_ax_t1.jpg,glioma
near,4,/kaggle/input/datasets/briscdataset/brisc2025/brisc2025/classification_task/train/glioma/brisc2025_train_00205_gl_ax_t1.jpg,glioma,/kaggle/input/datasets/briscdataset/brisc2025/brisc2025/classification_task/test/glioma/brisc2025_test_00056_gl_ax_t1.jpg,glioma
near,5,/kaggle/input/datasets/briscdataset/brisc2025/brisc2025/classification_task/train/glioma/brisc2025_train_00216_gl_ax_t1.jpg,glioma,/kaggle/input/datasets/briscdataset/brisc2025/brisc2025/classification_task/test/glioma/brisc2025_test_00057_gl_ax_t1.jpg,glioma
near,5,/kaggle/input/datasets/briscdataset/brisc2025/brisc2025/classification_task/train/glioma/brisc2025_train_00217_gl_ax_t1.jpg,glioma,/kaggle/input/datasets/briscdataset/brisc2025/brisc2025/classification_task/train/glioma/brisc2025_train_00218_gl_ax_t1.jpg,glioma
near,6,/kaggle/input/datasets/briscdataset/brisc2025/brisc2025/classification_task/train/glioma/brisc2025_train_00217_gl_ax_t1.jpg,glioma,/kaggle/input/datasets/briscdataset/brisc2025/brisc2025/classification_task/train/glioma/brisc2025_train_00472_gl_co_t1.jpg,glioma
near,5,/kaggle/input/datasets/briscdataset/brisc2025/brisc2025/classification_task/train/glioma/brisc2025_train_00217_gl_ax_t1.jpg,glioma,/kaggle/input/datasets/briscdataset/brisc2025/brisc2025/classification_task/train/meningioma/brisc2025_train_01228_me_ax_t1.jpg,meningioma
near,5,/kaggle/input/datasets/briscdataset/brisc2025/brisc2025/classification_task/train/glioma/brisc2025_train_00217_gl_ax_t1.jpg,glioma,/kaggle/input/datasets/briscdataset/brisc2025/brisc2025/classification_task/train/meningioma/brisc2025_train_01229_me_ax_t1.jpg,meningioma
near,6,/kaggle/input/datasets/briscdataset/brisc2025/brisc2025/classification_task/train/glioma/brisc2025_train_00218_gl_ax_t1.jpg,glioma,/kaggle/input/datasets/briscdataset/brisc2025/brisc2025/classification_task/train/glioma/brisc2025_train_00219_gl_ax_t1.jpg,glioma
near,6,/kaggle/input/datasets/briscdataset/brisc2025/brisc2025/classification_task/train/glioma/brisc2025_train_00218_gl_ax_t1.jpg,glioma,/kaggle/input/datasets/briscdataset/brisc2025/brisc2025/classification_task/train/meningioma/brisc2025_train_01229_me_ax_t1.jpg,meningioma
near,4,/kaggle/input/datasets/briscdataset/brisc2025/brisc2025/classification_task/train/glioma/brisc2025_train_00219_gl_ax_t1.jpg,glioma,/kaggle/input/datasets/briscdataset/brisc2025/brisc2025/classification_task/train/meningioma/brisc2025_train_01230_me_ax_t1.jpg,meningioma
near,3,/kaggle/input/datasets/briscdataset/brisc2025/brisc2025/classification_task/train/glioma/brisc2025_train_00219_gl_ax_t1.jpg,glioma,/kaggle/input/datasets/briscdataset/brisc2025/brisc2025/classification_task/test/glioma/brisc2025_test_00058_gl_ax_t1.jpg,glioma
near,6,/kaggle/input/datasets/briscdataset/brisc2025/brisc2025/classification_task/train/glioma/brisc2025_train_00220_gl_ax_t1.jpg,glioma,/kaggle/input/datasets/briscdataset/brisc2025/brisc2025/classification_task/train/glioma/brisc2025_train_00221_gl_ax_t1.jpg,glioma
near,6,/kaggle/input/datasets/briscdataset/brisc2025/brisc2025/classification_task/train/glioma/brisc2025_train_00220_gl_ax_t1.jpg,glioma,/kaggle/input/datasets/briscdataset/brisc2025/brisc2025/classification_task/train/glioma/brisc2025_train_00271_gl_ax_t1.jpg,glioma
near,6,/kaggle/input/datasets/briscdataset/brisc2025/brisc2025/classification_task/train/glioma/brisc2025_train_00221_gl_ax_t1.jpg,glioma,/kaggle/input/datasets/briscdataset/brisc2025/brisc2025/classification_task/train/glioma/brisc2025_train_00271_gl_ax_t1.jpg,glioma
near,4,/kaggle/input/datasets/briscdataset/brisc2025/brisc2025/classification_task/train/glioma/brisc2025_train_00221_gl_ax_t1.jpg,glioma,/kaggle/input/datasets/briscdataset/brisc2025/brisc2025/classification_task/train/meningioma/brisc2025_train_01195_me_ax_t1.jpg,meningioma
near,6,/kaggle/input/datasets/briscdataset/brisc2025/brisc2025/classification_task/train/glioma/brisc2025_train_00223_gl_ax_t1.jpg,glioma,/kaggle/input/datasets/briscdataset/brisc2025/brisc2025/classification_task/train/glioma/brisc2025_train_00224_gl_ax_t1.jpg,glioma
near,6,/kaggle/input/datasets/briscdataset/brisc2025/brisc2025/classification_task/train/glioma/brisc2025_train_00224_gl_ax_t1.jpg,glioma,/kaggle/input/datasets/briscdataset/brisc2025/brisc2025/classification_task/train/glioma/brisc2025_train_00225_gl_ax_t1.jpg,glioma
near,4,/kaggle/input/datasets/briscdataset/brisc2025/brisc2025/classification_task/train/glioma/brisc2025_train_00224_gl_ax_t1.jpg,glioma,/kaggle/input/datasets/briscdataset/brisc2025/brisc2025/classification_task/test/glioma/brisc2025_test_00059_gl_ax_t1.jpg,glioma
near,2,/kaggle/input/datasets/briscdataset/brisc2025/brisc2025/classification_task/train/glioma/brisc2025_train_00225_gl_ax_t1.jpg,glioma,/kaggle/input/datasets/briscdataset/brisc2025/brisc2025/classification_task/test/glioma/brisc2025_test_00059_gl_ax_t1.jpg,glioma
near,4,/kaggle/input/datasets/briscdataset/brisc2025/brisc2025/classification_task/train/glioma/brisc2025_train_00226_gl_ax_t1.jpg,glioma,/kaggle/input/datasets/briscdataset/brisc2025/brisc2025/classification_task/train/glioma/brisc2025_train_00227_gl_ax_t1.jpg,glioma
near,6,/kaggle/input/datasets/briscdataset/brisc2025/brisc2025/classification_task/train/glioma/brisc2025_train_00226_gl_ax_t1.jpg,glioma,/kaggle/input/datasets/briscdataset/brisc2025/brisc2025/classification_task/test/glioma/brisc2025_test_00061_gl_ax_t1.jpg,glioma
near,4,/kaggle/input/datasets/briscdataset/brisc2025/brisc2025/classification_task/train/glioma/brisc2025_train_00228_gl_ax_t1.jpg,glioma,/kaggle/input/datasets/briscdataset/brisc2025/brisc2025/classification_task/test/glioma/brisc2025_test_00062_gl_ax_t1.jpg,glioma
near,6,/kaggle/input/datasets/briscdataset/brisc2025/brisc2025/classification_task/train/glioma/brisc2025_train_00234_gl_ax_t1.jpg,glioma,/kaggle/input/datasets/briscdataset/brisc2025/brisc2025/classification_task/test/glioma/brisc2025_test_00064_gl_ax_t1.jpg,glioma
near,5,/kaggle/input/datasets/briscdataset/brisc2025/brisc2025/classification_task/train/glioma/brisc2025_train_00238_gl_ax_t1.jpg,glioma,/kaggle/input/datasets/briscdataset/brisc2025/brisc2025/classification_task/test/glioma/brisc2025_test_00066_gl_ax_t1.jpg,glioma
near,6,/kaggle/input/datasets/briscdataset/brisc2025/brisc2025/classification_task/train/glioma/brisc2025_train_00239_gl_ax_t1.jpg,glioma,/kaggle/input/datasets/briscdataset/brisc2025/brisc2025/classification_task/test/glioma/brisc2025_test_00066_gl_ax_t1.jpg,glioma
near,4,/kaggle/input/datasets/briscdataset/brisc2025/brisc2025/classification_task/train/glioma/brisc2025_train_00241_gl_ax_t1.jpg,glioma,/kaggle/input/datasets/briscdataset/brisc2025/brisc2025/classification_task/test/glioma/brisc2025_test_00067_gl_ax_t1.jpg,glioma
near,6,/kaggle/input/datasets/briscdataset/brisc2025/brisc2025/classification_task/train/glioma/brisc2025_train_00243_gl_ax_t1.jpg,glioma,/kaggle/input/datasets/briscdataset/brisc2025/brisc2025/classification_task/train/glioma/brisc2025_train_00244_gl_ax_t1.jpg,glioma
near,6,/kaggle/input/datasets/briscdataset/brisc2025/brisc2025/classification_task/train/glioma/brisc2025_train_00245_gl_ax_t1.jpg,glioma,/kaggle/input/datasets/briscdataset/brisc2025/brisc2025/classification_task/train/glioma/brisc2025_train_00246_gl_ax_t1.jpg,glioma
near,6,/kaggle/input/datasets/briscdataset/brisc2025/brisc2025/classification_task/train/glioma/brisc2025_train_00246_gl_ax_t1.jpg,glioma,/kaggle/input/datasets/briscdataset/brisc2025/brisc2025/classification_task/train/glioma/brisc2025_train_00247_gl_ax_t1.jpg,glioma
near,2,/kaggle/input/datasets/briscdataset/brisc2025/brisc2025/classification_task/train/glioma/brisc2025_train_00247_gl_ax_t1.jpg,glioma,/kaggle/input/datasets/briscdataset/brisc2025/brisc2025/classification_task/train/glioma/brisc2025_train_00248_gl_ax_t1.jpg,glioma
near,4,/kaggle/input/datasets/briscdataset/brisc2025/brisc2025/classification_task/train/glioma/brisc2025_train_00247_gl_ax_t1.jpg,glioma,/kaggle/input/datasets/briscdataset/brisc2025/brisc2025/classification_task/train/glioma/brisc2025_train_00249_gl_ax_t1.jpg,glioma
near,2,/kaggle/input/datasets/briscdataset/brisc2025/brisc2025/classification_task/train/glioma/brisc2025_train_00248_gl_ax_t1.jpg,glioma,/kaggle/input/datasets/briscdataset/brisc2025/brisc2025/classification_task/train/glioma/brisc2025_train_00249_gl_ax_t1.jpg,glioma
near,6,/kaggle/input/datasets/briscdataset/brisc2025/brisc2025/classification_task/train/glioma/brisc2025_train_00248_gl_ax_t1.jpg,glioma,/kaggle/input/datasets/briscdataset/brisc2025/brisc2025/classification_task/train/meningioma/brisc2025_train_01153_me_ax_t1.jpg,meningioma
near,6,/kaggle/input/datasets/briscdataset/brisc2025/brisc2025/classification_task/train/glioma/brisc2025_train_00249_gl_ax_t1.jpg,glioma,/kaggle/input/datasets/briscdataset/brisc2025/brisc2025/classification_task/train/meningioma/brisc2025_train_01346_me_ax_t1.jpg,meningioma
near,5,/kaggle/input/datasets/briscdataset/brisc2025/brisc2025/classification_task/train/glioma/brisc2025_train_00249_gl_ax_t1.jpg,glioma,/kaggle/input/datasets/briscdataset/brisc2025/brisc2025/classification_task/train/meningioma/brisc2025_train_01347_me_ax_t1.jpg,meningioma
near,5,/kaggle/input/datasets/briscdataset/brisc2025/brisc2025/classification_task/train/glioma/brisc2025_train_00249_gl_ax_t1.jpg,glioma,/kaggle/input/datasets/briscdataset/brisc2025/brisc2025/classification_task/train/meningioma/brisc2025_train_01348_me_ax_t1.jpg,meningioma
near,6,/kaggle/input/datasets/briscdataset/brisc2025/brisc2025/classification_task/train/glioma/brisc2025_train_00252_gl_ax_t1.jpg,glioma,/kaggle/input/datasets/briscdataset/brisc2025/brisc2025/classification_task/train/glioma/brisc2025_train_00254_gl_ax_t1.jpg,glioma
near,6,/kaggle/input/datasets/briscdataset/brisc2025/brisc2025/classification_task/train/glioma/brisc2025_train_00252_gl_ax_t1.jpg,glioma,/kaggle/input/datasets/briscdataset/brisc2025/brisc2025/classification_task/train/glioma/brisc2025_train_00492_gl_co_t1.jpg,glioma
near,6,/kaggle/input/datasets/briscdataset/brisc2025/brisc2025/classification_task/train/glioma/brisc2025_train_00252_gl_ax_t1.jpg,glioma,/kaggle/input/datasets/briscdataset/brisc2025/brisc2025/classification_task/train/meningioma/brisc2025_train_01545_me_ax_t1.jpg,meningioma
near,4,/kaggle/input/datasets/briscdataset/brisc2025/brisc2025/classification_task/train/glioma/brisc2025_train_00252_gl_ax_t1.jpg,glioma,/kaggle/input/datasets/briscdataset/brisc2025/brisc2025/classification_task/test/glioma/brisc2025_test_00036_gl_ax_t1.jpg,glioma
near,6,/kaggle/input/datasets/briscdataset/brisc2025/brisc2025/classification_task/train/glioma/brisc2025_train_00253_gl_ax_t1.jpg,glioma,/kaggle/input/datasets/briscdataset/brisc2025/brisc2025/classification_task/train/glioma/brisc2025_train_00254_gl_ax_t1.jpg,glioma
near,6,/kaggle/input/datasets/briscdataset/brisc2025/brisc2025/classification_task/train/glioma/brisc2025_train_00253_gl_ax_t1.jpg,glioma,/kaggle/input/datasets/briscdataset/brisc2025/brisc2025/classification_task/train/glioma/brisc2025_train_00492_gl_co_t1.jpg,glioma
near,6,/kaggle/input/datasets/briscdataset/brisc2025/brisc2025/classification_task/train/glioma/brisc2025_train_00253_gl_ax_t1.jpg,glioma,/kaggle/input/datasets/briscdataset/brisc2025/brisc2025/classification_task/train/meningioma/brisc2025_train_01545_me_ax_t1.jpg,meningioma
near,4,/kaggle/input/datasets/briscdataset/brisc2025/brisc2025/classification_task/train/glioma/brisc2025_train_00253_gl_ax_t1.jpg,glioma,/kaggle/input/datasets/briscdataset/brisc2025/brisc2025/classification_task/test/glioma/brisc2025_test_00036_gl_ax_t1.jpg,glioma
near,6,/kaggle/input/datasets/briscdataset/brisc2025/brisc2025/classification_task/train/glioma/brisc2025_train_00254_gl_ax_t1.jpg,glioma,/kaggle/input/datasets/briscdataset/brisc2025/brisc2025/classification_task/train/meningioma/brisc2025_train_01516_me_ax_t1.jpg,meningioma
near,5,/kaggle/input/datasets/briscdataset/brisc2025/brisc2025/classification_task/train/glioma/brisc2025_train_00254_gl_ax_t1.jpg,glioma,/kaggle/input/datasets/briscdataset/brisc2025/brisc2025/classification_task/train/meningioma/brisc2025_train_01517_me_ax_t1.jpg,meningioma
near,6,/kaggle/input/datasets/briscdataset/brisc2025/brisc2025/classification_task/train/glioma/brisc2025_train_00254_gl_ax_t1.jpg,glioma,/kaggle/input/datasets/briscdataset/brisc2025/brisc2025/classification_task/train/meningioma/brisc2025_train_01695_me_co_t1.jpg,meningioma
near,4,/kaggle/input/datasets/briscdataset/brisc2025/brisc2025/classification_task/train/glioma/brisc2025_train_00255_gl_ax_t1.jpg,glioma,/kaggle/input/datasets/briscdataset/brisc2025/brisc2025/classification_task/train/glioma/brisc2025_train_00256_gl_ax_t1.jpg,glioma
near,6,/kaggle/input/datasets/briscdataset/brisc2025/brisc2025/classification_task/train/glioma/brisc2025_train_00255_gl_ax_t1.jpg,glioma,/kaggle/input/datasets/briscdataset/brisc2025/brisc2025/classification_task/train/meningioma/brisc2025_train_01540_me_ax_t1.jpg,meningioma
near,5,/kaggle/input/datasets/briscdataset/brisc2025/brisc2025/classification_task/train/glioma/brisc2025_train_00255_gl_ax_t1.jpg,glioma,/kaggle/input/datasets/briscdataset/brisc2025/brisc2025/classification_task/train/meningioma/brisc2025_train_01546_me_ax_t1.jpg,meningioma
near,3,/kaggle/input/datasets/briscdataset/brisc2025/brisc2025/classification_task/train/glioma/brisc2025_train_00257_gl_ax_t1.jpg,glioma,/kaggle/input/datasets/briscdataset/brisc2025/brisc2025/classification_task/train/glioma/brisc2025_train_00258_gl_ax_t1.jpg,glioma
near,6,/kaggle/input/datasets/briscdataset/brisc2025/brisc2025/classification_task/train/glioma/brisc2025_train_00257_gl_ax_t1.jpg,glioma,/kaggle/input/datasets/briscdataset/brisc2025/brisc2025/classification_task/test/glioma/brisc2025_test_00039_gl_ax_t1.jpg,glioma
near,6,/kaggle/input/datasets/briscdataset/brisc2025/brisc2025/classification_task/train/glioma/brisc2025_train_00258_gl_ax_t1.jpg,glioma,/kaggle/input/datasets/briscdataset/brisc2025/brisc2025/classification_task/train/glioma/brisc2025_train_00259_gl_ax_t1.jpg,glioma
near,6,/kaggle/input/datasets/briscdataset/brisc2025/brisc2025/classification_task/train/glioma/brisc2025_train_00259_gl_ax_t1.jpg,glioma,/kaggle/input/datasets/briscdataset/brisc2025/brisc2025/classification_task/train/glioma/brisc2025_train_00260_gl_ax_t1.jpg,glioma
near,5,/kaggle/input/datasets/briscdataset/brisc2025/brisc2025/classification_task/train/glioma/brisc2025_train_00262_gl_ax_t1.jpg,glioma,/kaggle/input/datasets/briscdataset/brisc2025/brisc2025/classification_task/train/glioma/brisc2025_train_00263_gl_ax_t1.jpg,glioma
near,5,/kaggle/input/datasets/briscdataset/brisc2025/brisc2025/classification_task/train/glioma/brisc2025_train_00266_gl_ax_t1.jpg,glioma,/kaggle/input/datasets/briscdataset/brisc2025/brisc2025/classification_task/train/glioma/brisc2025_train_00267_gl_ax_t1.jpg,glioma
near,5,/kaggle/input/datasets/briscdataset/brisc2025/brisc2025/classification_task/train/glioma/brisc2025_train_00267_gl_ax_t1.jpg,glioma,/kaggle/input/datasets/briscdataset/brisc2025/brisc2025/classification_task/train/glioma/brisc2025_train_00268_gl_ax_t1.jpg,glioma
near,5,/kaggle/input/datasets/briscdataset/brisc2025/brisc2025/classification_task/train/glioma/brisc2025_train_00269_gl_ax_t1.jpg,glioma,/kaggle/input/datasets/briscdataset/brisc2025/brisc2025/classification_task/train/glioma/brisc2025_train_00270_gl_ax_t1.jpg,glioma
near,6,/kaggle/input/datasets/briscdataset/brisc2025/brisc2025/classification_task/train/glioma/brisc2025_train_00269_gl_ax_t1.jpg,glioma,/kaggle/input/datasets/briscdataset/brisc2025/brisc2025/classification_task/train/glioma/brisc2025_train_00278_gl_ax_t1.jpg,glioma
near,2,/kaggle/input/datasets/briscdataset/brisc2025/brisc2025/classification_task/train/glioma/brisc2025_train_00269_gl_ax_t1.jpg,glioma,/kaggle/input/datasets/briscdataset/brisc2025/brisc2025/classification_task/test/glioma/brisc2025_test_00068_gl_ax_t1.jpg,glioma
near,5,/kaggle/input/datasets/briscdataset/brisc2025/brisc2025/classification_task/train/glioma/brisc2025_train_00270_gl_ax_t1.jpg,glioma,/kaggle/input/datasets/briscdataset/brisc2025/brisc2025/classification_task/train/glioma/brisc2025_train_00271_gl_ax_t1.jpg,glioma
near,5,/kaggle/input/datasets/briscdataset/brisc2025/brisc2025/classification_task/train/glioma/brisc2025_train_00270_gl_ax_t1.jpg,glioma,/kaggle/input/datasets/briscdataset/brisc2025/brisc2025/classification_task/train/glioma/brisc2025_train_00291_gl_ax_t1.jpg,glioma
near,5,/kaggle/input/datasets/briscdataset/brisc2025/brisc2025/classification_task/train/glioma/brisc2025_train_00270_gl_ax_t1.jpg,glioma,/kaggle/input/datasets/briscdataset/brisc2025/brisc2025/classification_task/train/meningioma/brisc2025_train_01320_me_ax_t1.jpg,meningioma
near,6,/kaggle/input/datasets/briscdataset/brisc2025/brisc2025/classification_task/train/glioma/brisc2025_train_00271_gl_ax_t1.jpg,glioma,/kaggle/input/datasets/briscdataset/brisc2025/brisc2025/classification_task/train/meningioma/brisc2025_train_01434_me_ax_t1.jpg,meningioma
near,6,/kaggle/input/datasets/briscdataset/brisc2025/brisc2025/classification_task/train/glioma/brisc2025_train_00271_gl_ax_t1.jpg,glioma,/kaggle/input/datasets/briscdataset/brisc2025/brisc2025/classification_task/train/meningioma/brisc2025_train_01436_me_ax_t1.jpg,meningioma
near,6,/kaggle/input/datasets/briscdataset/brisc2025/brisc2025/classification_task/train/glioma/brisc2025_train_00272_gl_ax_t1.jpg,glioma,/kaggle/input/datasets/briscdataset/brisc2025/brisc2025/classification_task/train/glioma/brisc2025_train_00273_gl_ax_t1.jpg,glioma
near,6,/kaggle/input/datasets/briscdataset/brisc2025/brisc2025/classification_task/train/glioma/brisc2025_train_00272_gl_ax_t1.jpg,glioma,/kaggle/input/datasets/briscdataset/brisc2025/brisc2025/classification_task/train/glioma/brisc2025_train_00321_gl_ax_t1.jpg,glioma
near,5,/kaggle/input/datasets/briscdataset/brisc2025/brisc2025/classification_task/train/glioma/brisc2025_train_00272_gl_ax_t1.jpg,glioma,/kaggle/input/datasets/briscdataset/brisc2025/brisc2025/classification_task/train/glioma/brisc2025_train_00322_gl_ax_t1.jpg,glioma
near,6,/kaggle/input/datasets/briscdataset/brisc2025/brisc2025/classification_task/train/glioma/brisc2025_train_00272_gl_ax_t1.jpg,glioma,/kaggle/input/datasets/briscdataset/brisc2025/brisc2025/classification_task/train/glioma/brisc2025_train_00323_gl_ax_t1.jpg,glioma
near,2,/kaggle/input/datasets/briscdataset/brisc2025/brisc2025/classification_task/train/glioma/brisc2025_train_00273_gl_ax_t1.jpg,glioma,/kaggle/input/datasets/briscdataset/brisc2025/brisc2025/classification_task/train/glioma/brisc2025_train_00274_gl_ax_t1.jpg,glioma
near,6,/kaggle/input/datasets/briscdataset/brisc2025/brisc2025/classification_task/train/glioma/brisc2025_train_00273_gl_ax_t1.jpg,glioma,/kaggle/input/datasets/briscdataset/brisc2025/brisc2025/classification_task/train/glioma/brisc2025_train_00321_gl_ax_t1.jpg,glioma
near,6,/kaggle/input/datasets/briscdataset/brisc2025/brisc2025/classification_task/train/glioma/brisc2025_train_00276_gl_ax_t1.jpg,glioma,/kaggle/input/datasets/briscdataset/brisc2025/brisc2025/classification_task/train/glioma/brisc2025_train_00277_gl_ax_t1.jpg,glioma
near,6,/kaggle/input/datasets/briscdataset/brisc2025/brisc2025/classification_task/train/glioma/brisc2025_train_00278_gl_ax_t1.jpg,glioma,/kaggle/input/datasets/briscdataset/brisc2025/brisc2025/classification_task/train/glioma/brisc2025_train_00339_gl_ax_t1.jpg,glioma
near,6,/kaggle/input/datasets/briscdataset/brisc2025/brisc2025/classification_task/train/glioma/brisc2025_train_00278_gl_ax_t1.jpg,glioma,/kaggle/input/datasets/briscdataset/brisc2025/brisc2025/classification_task/train/glioma/brisc2025_train_00340_gl_ax_t1.jpg,glioma
near,4,/kaggle/input/datasets/briscdataset/brisc2025/brisc2025/classification_task/train/glioma/brisc2025_train_00278_gl_ax_t1.jpg,glioma,/kaggle/input/datasets/briscdataset/brisc2025/brisc2025/classification_task/test/glioma/brisc2025_test_00068_gl_ax_t1.jpg,glioma
near,6,/kaggle/input/datasets/briscdataset/brisc2025/brisc2025/classification_task/train/glioma/brisc2025_train_00281_gl_ax_t1.jpg,glioma,/kaggle/input/datasets/briscdataset/brisc2025/brisc2025/classification_task/train/glioma/brisc2025_train_00289_gl_ax_t1.jpg,glioma
near,6,/kaggle/input/datasets/briscdataset/brisc2025/brisc2025/classification_task/train/glioma/brisc2025_train_00282_gl_ax_t1.jpg,glioma,/kaggle/input/datasets/briscdataset/brisc2025/brisc2025/classification_task/train/meningioma/brisc2025_train_01429_me_ax_t1.jpg,meningioma
near,6,/kaggle/input/datasets/briscdataset/brisc2025/brisc2025/classification_task/train/glioma/brisc2025_train_00288_gl_ax_t1.jpg,glioma,/kaggle/input/datasets/briscdataset/brisc2025/brisc2025/classification_task/train/glioma/brisc2025_train_00289_gl_ax_t1.jpg,glioma
near,6,/kaggle/input/datasets/briscdataset/brisc2025/brisc2025/classification_task/train/glioma/brisc2025_train_00297_gl_ax_t1.jpg,glioma,/kaggle/input/datasets/briscdataset/brisc2025/brisc2025/classification_task/train/glioma/brisc2025_train_00298_gl_ax_t1.jpg,glioma
near,5,/kaggle/input/datasets/briscdataset/brisc2025/brisc2025/classification_task/train/glioma/brisc2025_train_00305_gl_ax_t1.jpg,glioma,/kaggle/input/datasets/briscdataset/brisc2025/brisc2025/classification_task/train/glioma/brisc2025_train_00306_gl_ax_t1.jpg,glioma
near,4,/kaggle/input/datasets/briscdataset/brisc2025/brisc2025/classification_task/train/glioma/brisc2025_train_00310_gl_ax_t1.jpg,glioma,/kaggle/input/datasets/briscdataset/brisc2025/brisc2025/classification_task/train/glioma/brisc2025_train_00311_gl_ax_t1.jpg,glioma
near,6,/kaggle/input/datasets/briscdataset/brisc2025/brisc2025/classification_task/train/glioma/brisc2025_train_00310_gl_ax_t1.jpg,glioma,/kaggle/input/datasets/briscdataset/brisc2025/brisc2025/classification_task/train/glioma/brisc2025_train_00312_gl_ax_t1.jpg,glioma
near,6,/kaggle/input/datasets/briscdataset/brisc2025/brisc2025/classification_task/train/glioma/brisc2025_train_00313_gl_ax_t1.jpg,glioma,/kaggle/input/datasets/briscdataset/brisc2025/brisc2025/classification_task/train/glioma/brisc2025_train_00314_gl_ax_t1.jpg,glioma
near,6,/kaggle/input/datasets/briscdataset/brisc2025/brisc2025/classification_task/train/glioma/brisc2025_train_00315_gl_ax_t1.jpg,glioma,/kaggle/input/datasets/briscdataset/brisc2025/brisc2025/classification_task/train/glioma/brisc2025_train_00316_gl_ax_t1.jpg,glioma
near,1,/kaggle/input/datasets/briscdataset/brisc2025/brisc2025/classification_task/train/glioma/brisc2025_train_00318_gl_ax_t1.jpg,glioma,/kaggle/input/datasets/briscdataset/brisc2025/brisc2025/classification_task/train/glioma/brisc2025_train_00319_gl_ax_t1.jpg,glioma
near,3,/kaggle/input/datasets/briscdataset/brisc2025/brisc2025/classification_task/train/glioma/brisc2025_train_00318_gl_ax_t1.jpg,glioma,/kaggle/input/datasets/briscdataset/brisc2025/brisc2025/classification_task/train/glioma/brisc2025_train_00320_gl_ax_t1.jpg,glioma
near,3,/kaggle/input/datasets/briscdataset/brisc2025/brisc2025/classification_task/train/glioma/brisc2025_train_00318_gl_ax_t1.jpg,glioma,/kaggle/input/datasets/briscdataset/brisc2025/brisc2025/classification_task/test/glioma/brisc2025_test_00069_gl_ax_t1.jpg,glioma
near,2,/kaggle/input/datasets/briscdataset/brisc2025/brisc2025/classification_task/train/glioma/brisc2025_train_00319_gl_ax_t1.jpg,glioma,/kaggle/input/datasets/briscdataset/brisc2025/brisc2025/classification_task/train/glioma/brisc2025_train_00320_gl_ax_t1.jpg,glioma
near,6,/kaggle/input/datasets/briscdataset/brisc2025/brisc2025/classification_task/train/glioma/brisc2025_train_00319_gl_ax_t1.jpg,glioma,/kaggle/input/datasets/briscdataset/brisc2025/brisc2025/classification_task/train/glioma/brisc2025_train_00321_gl_ax_t1.jpg,glioma
near,6,/kaggle/input/datasets/briscdataset/brisc2025/brisc2025/classification_task/train/glioma/brisc2025_train_00319_gl_ax_t1.jpg,glioma,/kaggle/input/datasets/briscdataset/brisc2025/brisc2025/classification_task/test/glioma/brisc2025_test_00038_gl_ax_t1.jpg,glioma
near,2,/kaggle/input/datasets/briscdataset/brisc2025/brisc2025/classification_task/train/glioma/brisc2025_train_00319_gl_ax_t1.jpg,glioma,/kaggle/input/datasets/briscdataset/brisc2025/brisc2025/classification_task/test/glioma/brisc2025_test_00069_gl_ax_t1.jpg,glioma
near,4,/kaggle/input/datasets/briscdataset/brisc2025/brisc2025/classification_task/train/glioma/brisc2025_train_00320_gl_ax_t1.jpg,glioma,/kaggle/input/datasets/briscdataset/brisc2025/brisc2025/classification_task/train/glioma/brisc2025_train_00321_gl_ax_t1.jpg,glioma
near,6,/kaggle/input/datasets/briscdataset/brisc2025/brisc2025/classification_task/train/glioma/brisc2025_train_00320_gl_ax_t1.jpg,glioma,/kaggle/input/datasets/briscdataset/brisc2025/brisc2025/classification_task/train/meningioma/brisc2025_train_01190_me_ax_t1.jpg,meningioma
near,2,/kaggle/input/datasets/briscdataset/brisc2025/brisc2025/classification_task/train/glioma/brisc2025_train_00320_gl_ax_t1.jpg,glioma,/kaggle/input/datasets/briscdataset/brisc2025/brisc2025/classification_task/test/glioma/brisc2025_test_00069_gl_ax_t1.jpg,glioma
near,3,/kaggle/input/datasets/briscdataset/brisc2025/brisc2025/classification_task/train/glioma/brisc2025_train_00321_gl_ax_t1.jpg,glioma,/kaggle/input/datasets/briscdataset/brisc2025/brisc2025/classification_task/train/glioma/brisc2025_train_00322_gl_ax_t1.jpg,glioma
near,4,/kaggle/input/datasets/briscdataset/brisc2025/brisc2025/classification_task/train/glioma/brisc2025_train_00321_gl_ax_t1.jpg,glioma,/kaggle/input/datasets/briscdataset/brisc2025/brisc2025/classification_task/test/glioma/brisc2025_test_00038_gl_ax_t1.jpg,glioma
near,4,/kaggle/input/datasets/briscdataset/brisc2025/brisc2025/classification_task/train/glioma/brisc2025_train_00321_gl_ax_t1.jpg,glioma,/kaggle/input/datasets/briscdataset/brisc2025/brisc2025/classification_task/test/glioma/brisc2025_test_00069_gl_ax_t1.jpg,glioma
near,6,/kaggle/input/datasets/briscdataset/brisc2025/brisc2025/classification_task/train/glioma/brisc2025_train_00329_gl_ax_t1.jpg,glioma,/kaggle/input/datasets/briscdataset/brisc2025/brisc2025/classification_task/train/glioma/brisc2025_train_00330_gl_ax_t1.jpg,glioma
near,6,/kaggle/input/datasets/briscdataset/brisc2025/brisc2025/classification_task/train/glioma/brisc2025_train_00330_gl_ax_t1.jpg,glioma,/kaggle/input/datasets/briscdataset/brisc2025/brisc2025/classification_task/train/glioma/brisc2025_train_00331_gl_ax_t1.jpg,glioma
near,6,/kaggle/input/datasets/briscdataset/brisc2025/brisc2025/classification_task/train/glioma/brisc2025_train_00339_gl_ax_t1.jpg,glioma,/kaggle/input/datasets/briscdataset/brisc2025/brisc2025/classification_task/train/glioma/brisc2025_train_00340_gl_ax_t1.jpg,glioma
near,5,/kaggle/input/datasets/briscdataset/brisc2025/brisc2025/classification_task/train/glioma/brisc2025_train_00340_gl_ax_t1.jpg,glioma,/kaggle/input/datasets/briscdataset/brisc2025/brisc2025/classification_task/train/glioma/brisc2025_train_00341_gl_ax_t1.jpg,glioma
near,6,/kaggle/input/datasets/briscdataset/brisc2025/brisc2025/classification_task/train/glioma/brisc2025_train_00341_gl_ax_t1.jpg,glioma,/kaggle/input/datasets/briscdataset/brisc2025/brisc2025/classification_task/train/glioma/brisc2025_train_00342_gl_ax_t1.jpg,glioma
near,6,/kaggle/input/datasets/briscdataset/brisc2025/brisc2025/classification_task/train/glioma/brisc2025_train_00342_gl_ax_t1.jpg,glioma,/kaggle/input/datasets/briscdataset/brisc2025/brisc2025/classification_task/train/glioma/brisc2025_train_00343_gl_ax_t1.jpg,glioma
near,5,/kaggle/input/datasets/briscdataset/brisc2025/brisc2025/classification_task/train/glioma/brisc2025_train_00344_gl_ax_t1.jpg,glioma,/kaggle/input/datasets/briscdataset/brisc2025/brisc2025/classification_task/train/meningioma/brisc2025_train_01446_me_ax_t1.jpg,meningioma
near,4,/kaggle/input/datasets/briscdataset/brisc2025/brisc2025/classification_task/train/glioma/brisc2025_train_00344_gl_ax_t1.jpg,glioma,/kaggle/input/datasets/briscdataset/brisc2025/brisc2025/classification_task/test/glioma/brisc2025_test_00071_gl_ax_t1.jpg,glioma
near,6,/kaggle/input/datasets/briscdataset/brisc2025/brisc2025/classification_task/train/glioma/brisc2025_train_00344_gl_ax_t1.jpg,glioma,/kaggle/input/datasets/briscdataset/brisc2025/brisc2025/classification_task/test/meningioma/brisc2025_test_00371_me_ax_t1.jpg,meningioma
near,6,/kaggle/input/datasets/briscdataset/brisc2025/brisc2025/classification_task/train/glioma/brisc2025_train_00344_gl_ax_t1.jpg,glioma,/kaggle/input/datasets/briscdataset/brisc2025/brisc2025/classification_task/test/meningioma/brisc2025_test_00376_me_ax_t1.jpg,meningioma
near,6,/kaggle/input/datasets/briscdataset/brisc2025/brisc2025/classification_task/train/glioma/brisc2025_train_00345_gl_ax_t1.jpg,glioma,/kaggle/input/datasets/briscdataset/brisc2025/brisc2025/classification_task/train/glioma/brisc2025_train_00346_gl_ax_t1.jpg,glioma
near,5,/kaggle/input/datasets/briscdataset/brisc2025/brisc2025/classification_task/train/glioma/brisc2025_train_00345_gl_ax_t1.jpg,glioma,/kaggle/input/datasets/briscdataset/brisc2025/brisc2025/classification_task/test/glioma/brisc2025_test_00071_gl_ax_t1.jpg,glioma
near,4,/kaggle/input/datasets/briscdataset/brisc2025/brisc2025/classification_task/train/glioma/brisc2025_train_00348_gl_ax_t1.jpg,glioma,/kaggle/input/datasets/briscdataset/brisc2025/brisc2025/classification_task/test/glioma/brisc2025_test_00072_gl_ax_t1.jpg,glioma
near,4,/kaggle/input/datasets/briscdataset/brisc2025/brisc2025/classification_task/train/glioma/brisc2025_train_00348_gl_ax_t1.jpg,glioma,/kaggle/input/datasets/briscdataset/brisc2025/brisc2025/classification_task/test/glioma/brisc2025_test_00073_gl_ax_t1.jpg,glioma
near,4,/kaggle/input/datasets/briscdataset/brisc2025/brisc2025/classification_task/train/glioma/brisc2025_train_00349_gl_ax_t1.jpg,glioma,/kaggle/input/datasets/briscdataset/brisc2025/brisc2025/classification_task/test/glioma/brisc2025_test_00073_gl_ax_t1.jpg,glioma
near,2,/kaggle/input/datasets/briscdataset/brisc2025/brisc2025/classification_task/train/glioma/brisc2025_train_00353_gl_ax_t1.jpg,glioma,/kaggle/input/datasets/briscdataset/brisc2025/brisc2025/classification_task/test/glioma/brisc2025_test_00074_gl_ax_t1.jpg,glioma
near,2,/kaggle/input/datasets/briscdataset/brisc2025/brisc2025/classification_task/train/glioma/brisc2025_train_00353_gl_ax_t1.jpg,glioma,/kaggle/input/datasets/briscdataset/brisc2025/brisc2025/classification_task/test/glioma/brisc2025_test_00075_gl_ax_t1.jpg,glioma
near,3,/kaggle/input/datasets/briscdataset/brisc2025/brisc2025/classification_task/train/glioma/brisc2025_train_00354_gl_ax_t1.jpg,glioma,/kaggle/input/datasets/briscdataset/brisc2025/brisc2025/classification_task/train/glioma/brisc2025_train_00355_gl_ax_t1.jpg,glioma
near,6,/kaggle/input/datasets/briscdataset/brisc2025/brisc2025/classification_task/train/glioma/brisc2025_train_00354_gl_ax_t1.jpg,glioma,/kaggle/input/datasets/briscdataset/brisc2025/brisc2025/classification_task/train/meningioma/brisc2025_train_01419_me_ax_t1.jpg,meningioma
near,5,/kaggle/input/datasets/briscdataset/brisc2025/brisc2025/classification_task/train/glioma/brisc2025_train_00355_gl_ax_t1.jpg,glioma,/kaggle/input/datasets/briscdataset/brisc2025/brisc2025/classification_task/train/meningioma/brisc2025_train_01419_me_ax_t1.jpg,meningioma
near,4,/kaggle/input/datasets/briscdataset/brisc2025/brisc2025/classification_task/train/glioma/brisc2025_train_00357_gl_ax_t1.jpg,glioma,/kaggle/input/datasets/briscdataset/brisc2025/brisc2025/classification_task/test/glioma/brisc2025_test_00076_gl_ax_t1.jpg,glioma
near,5,/kaggle/input/datasets/briscdataset/brisc2025/brisc2025/classification_task/train/glioma/brisc2025_train_00361_gl_ax_t1.jpg,glioma,/kaggle/input/datasets/briscdataset/brisc2025/brisc2025/classification_task/train/glioma/brisc2025_train_00362_gl_ax_t1.jpg,glioma
near,4,/kaggle/input/datasets/briscdataset/brisc2025/brisc2025/classification_task/train/glioma/brisc2025_train_00362_gl_ax_t1.jpg,glioma,/kaggle/input/datasets/briscdataset/brisc2025/brisc2025/classification_task/train/glioma/brisc2025_train_00363_gl_ax_t1.jpg,glioma
near,6,/kaggle/input/datasets/briscdataset/brisc2025/brisc2025/classification_task/train/glioma/brisc2025_train_00362_gl_ax_t1.jpg,glioma,/kaggle/input/datasets/briscdataset/brisc2025/brisc2025/classification_task/train/glioma/brisc2025_train_00364_gl_ax_t1.jpg,glioma
near,4,/kaggle/input/datasets/briscdataset/brisc2025/brisc2025/classification_task/train/glioma/brisc2025_train_00363_gl_ax_t1.jpg,glioma,/kaggle/input/datasets/briscdataset/brisc2025/brisc2025/classification_task/train/glioma/brisc2025_train_00364_gl_ax_t1.jpg,glioma
near,4,/kaggle/input/datasets/briscdataset/brisc2025/brisc2025/classification_task/train/glioma/brisc2025_train_00367_gl_ax_t1.jpg,glioma,/kaggle/input/datasets/briscdataset/brisc2025/brisc2025/classification_task/test/glioma/brisc2025_test_00077_gl_ax_t1.jpg,glioma
near,5,/kaggle/input/datasets/briscdataset/brisc2025/brisc2025/classification_task/train/glioma/brisc2025_train_00368_gl_ax_t1.jpg,glioma,/kaggle/input/datasets/briscdataset/brisc2025/brisc2025/classification_task/train/glioma/brisc2025_train_00369_gl_ax_t1.jpg,glioma
near,6,/kaggle/input/datasets/briscdataset/brisc2025/brisc2025/classification_task/train/glioma/brisc2025_train_00370_gl_ax_t1.jpg,glioma,/kaggle/input/datasets/briscdataset/brisc2025/brisc2025/classification_task/test/glioma/brisc2025_test_00078_gl_ax_t1.jpg,glioma
near,3,/kaggle/input/datasets/briscdataset/brisc2025/brisc2025/classification_task/train/glioma/brisc2025_train_00373_gl_ax_t1.jpg,glioma,/kaggle/input/datasets/briscdataset/brisc2025/brisc2025/classification_task/train/glioma/brisc2025_train_00374_gl_ax_t1.jpg,glioma
near,6,/kaggle/input/datasets/briscdataset/brisc2025/brisc2025/classification_task/train/glioma/brisc2025_train_00373_gl_ax_t1.jpg,glioma,/kaggle/input/datasets/briscdataset/brisc2025/brisc2025/classification_task/test/glioma/brisc2025_test_00079_gl_ax_t1.jpg,glioma
near,4,/kaggle/input/datasets/briscdataset/brisc2025/brisc2025/classification_task/train/glioma/brisc2025_train_00376_gl_ax_t1.jpg,glioma,/kaggle/input/datasets/briscdataset/brisc2025/brisc2025/classification_task/test/glioma/brisc2025_test_00080_gl_ax_t1.jpg,glioma
near,6,/kaggle/input/datasets/briscdataset/brisc2025/brisc2025/classification_task/train/glioma/brisc2025_train_00384_gl_ax_t1.jpg,glioma,/kaggle/input/datasets/briscdataset/brisc2025/brisc2025/classification_task/train/glioma/brisc2025_train_00385_gl_ax_t1.jpg,glioma
near,5,/kaggle/input/datasets/briscdataset/brisc2025/brisc2025/classification_task/train/glioma/brisc2025_train_00386_gl_ax_t1.jpg,glioma,/kaggle/input/datasets/briscdataset/brisc2025/brisc2025/classification_task/train/glioma/brisc2025_train_00387_gl_ax_t1.jpg,glioma
near,6,/kaggle/input/datasets/briscdataset/brisc2025/brisc2025/classification_task/train/glioma/brisc2025_train_00386_gl_ax_t1.jpg,glioma,/kaggle/input/datasets/briscdataset/brisc2025/brisc2025/classification_task/test/glioma/brisc2025_test_00083_gl_ax_t1.jpg,glioma
near,4,/kaggle/input/datasets/briscdataset/brisc2025/brisc2025/classification_task/train/glioma/brisc2025_train_00390_gl_ax_t1.jpg,glioma,/kaggle/input/datasets/briscdataset/brisc2025/brisc2025/classification_task/train/glioma/brisc2025_train_00391_gl_ax_t1.jpg,glioma
near,6,/kaggle/input/datasets/briscdataset/brisc2025/brisc2025/classification_task/train/glioma/brisc2025_train_00390_gl_ax_t1.jpg,glioma,/kaggle/input/datasets/briscdataset/brisc2025/brisc2025/classification_task/test/glioma/brisc2025_test_00085_gl_ax_t1.jpg,glioma
near,3,/kaggle/input/datasets/briscdataset/brisc2025/brisc2025/classification_task/train/glioma/brisc2025_train_00391_gl_ax_t1.jpg,glioma,/kaggle/input/datasets/briscdataset/brisc2025/brisc2025/classification_task/train/glioma/brisc2025_train_00392_gl_ax_t1.jpg,glioma
near,6,/kaggle/input/datasets/briscdataset/brisc2025/brisc2025/classification_task/train/glioma/brisc2025_train_00391_gl_ax_t1.jpg,glioma,/kaggle/input/datasets/briscdataset/brisc2025/brisc2025/classification_task/test/glioma/brisc2025_test_00085_gl_ax_t1.jpg,glioma
near,4,/kaggle/input/datasets/briscdataset/brisc2025/brisc2025/classification_task/train/glioma/brisc2025_train_00392_gl_ax_t1.jpg,glioma,/kaggle/input/datasets/briscdataset/brisc2025/brisc2025/classification_task/train/glioma/brisc2025_train_00393_gl_ax_t1.jpg,glioma
near,6,/kaggle/input/datasets/briscdataset/brisc2025/brisc2025/classification_task/train/glioma/brisc2025_train_00392_gl_ax_t1.jpg,glioma,/kaggle/input/datasets/briscdataset/brisc2025/brisc2025/classification_task/train/glioma/brisc2025_train_00394_gl_ax_t1.jpg,glioma
near,6,/kaggle/input/datasets/briscdataset/brisc2025/brisc2025/classification_task/train/glioma/brisc2025_train_00393_gl_ax_t1.jpg,glioma,/kaggle/input/datasets/briscdataset/brisc2025/brisc2025/classification_task/train/glioma/brisc2025_train_00394_gl_ax_t1.jpg,glioma
near,5,/kaggle/input/datasets/briscdataset/brisc2025/brisc2025/classification_task/train/glioma/brisc2025_train_00407_gl_co_t1.jpg,glioma,/kaggle/input/datasets/briscdataset/brisc2025/brisc2025/classification_task/train/meningioma/brisc2025_train_01837_me_co_t1.jpg,meningioma
near,6,/kaggle/input/datasets/briscdataset/brisc2025/brisc2025/classification_task/train/glioma/brisc2025_train_00409_gl_co_t1.jpg,glioma,/kaggle/input/datasets/briscdataset/brisc2025/brisc2025/classification_task/train/meningioma/brisc2025_train_01636_me_co_t1.jpg,meningioma
near,6,/kaggle/input/datasets/briscdataset/brisc2025/brisc2025/classification_task/train/glioma/brisc2025_train_00429_gl_co_t1.jpg,glioma,/kaggle/input/datasets/briscdataset/brisc2025/brisc2025/classification_task/test/glioma/brisc2025_test_00087_gl_co_t1.jpg,glioma
near,4,/kaggle/input/datasets/briscdataset/brisc2025/brisc2025/classification_task/train/glioma/brisc2025_train_00434_gl_co_t1.jpg,glioma,/kaggle/input/datasets/briscdataset/brisc2025/brisc2025/classification_task/test/glioma/brisc2025_test_00094_gl_co_t1.jpg,glioma
near,6,/kaggle/input/datasets/briscdataset/brisc2025/brisc2025/classification_task/train/glioma/brisc2025_train_00435_gl_co_t1.jpg,glioma,/kaggle/input/datasets/briscdataset/brisc2025/brisc2025/classification_task/train/glioma/brisc2025_train_00496_gl_co_t1.jpg,glioma
near,4,/kaggle/input/datasets/briscdataset/brisc2025/brisc2025/classification_task/train/glioma/brisc2025_train_00442_gl_co_t1.jpg,glioma,/kaggle/input/datasets/briscdataset/brisc2025/brisc2025/classification_task/test/glioma/brisc2025_test_00107_gl_co_t1.jpg,glioma
near,2,/kaggle/input/datasets/briscdataset/brisc2025/brisc2025/classification_task/train/glioma/brisc2025_train_00445_gl_co_t1.jpg,glioma,/kaggle/input/datasets/briscdataset/brisc2025/brisc2025/classification_task/test/glioma/brisc2025_test_00110_gl_co_t1.jpg,glioma
near,6,/kaggle/input/datasets/briscdataset/brisc2025/brisc2025/classification_task/train/glioma/brisc2025_train_00449_gl_co_t1.jpg,glioma,/kaggle/input/datasets/briscdataset/brisc2025/brisc2025/classification_task/test/glioma/brisc2025_test_00115_gl_co_t1.jpg,glioma
near,6,/kaggle/input/datasets/briscdataset/brisc2025/brisc2025/classification_task/train/glioma/brisc2025_train_00449_gl_co_t1.jpg,glioma,/kaggle/input/datasets/briscdataset/brisc2025/brisc2025/classification_task/test/glioma/brisc2025_test_00116_gl_co_t1.jpg,glioma
near,6,/kaggle/input/datasets/briscdataset/brisc2025/brisc2025/classification_task/train/glioma/brisc2025_train_00450_gl_co_t1.jpg,glioma,/kaggle/input/datasets/briscdataset/brisc2025/brisc2025/classification_task/test/glioma/brisc2025_test_00117_gl_co_t1.jpg,glioma
near,5,/kaggle/input/datasets/briscdataset/brisc2025/brisc2025/classification_task/train/glioma/brisc2025_train_00452_gl_co_t1.jpg,glioma,/kaggle/input/datasets/briscdataset/brisc2025/brisc2025/classification_task/train/no_tumor/brisc2025_train_02946_no_co_t1.jpg,no_tumor
near,6,/kaggle/input/datasets/briscdataset/brisc2025/brisc2025/classification_task/train/glioma/brisc2025_train_00452_gl_co_t1.jpg,glioma,/kaggle/input/datasets/briscdataset/brisc2025/brisc2025/classification_task/test/glioma/brisc2025_test_00119_gl_co_t1.jpg,glioma
near,4,/kaggle/input/datasets/briscdataset/brisc2025/brisc2025/classification_task/train/glioma/brisc2025_train_00453_gl_co_t1.jpg,glioma,/kaggle/input/datasets/briscdataset/brisc2025/brisc2025/classification_task/test/glioma/brisc2025_test_00119_gl_co_t1.jpg,glioma
near,6,/kaggle/input/datasets/briscdataset/brisc2025/brisc2025/classification_task/train/glioma/brisc2025_train_00455_gl_co_t1.jpg,glioma,/kaggle/input/datasets/briscdataset/brisc2025/brisc2025/classification_task/train/meningioma/brisc2025_train_01986_me_co_t1.jpg,meningioma
near,4,/kaggle/input/datasets/briscdataset/brisc2025/brisc2025/classification_task/train/glioma/brisc2025_train_00457_gl_co_t1.jpg,glioma,/kaggle/input/datasets/briscdataset/brisc2025/brisc2025/classification_task/train/glioma/brisc2025_train_00458_gl_co_t1.jpg,glioma
near,5,/kaggle/input/datasets/briscdataset/brisc2025/brisc2025/classification_task/train/glioma/brisc2025_train_00464_gl_co_t1.jpg,glioma,/kaggle/input/datasets/briscdataset/brisc2025/brisc2025/classification_task/test/glioma/brisc2025_test_00121_gl_co_t1.jpg,glioma
near,5,/kaggle/input/datasets/briscdataset/brisc2025/brisc2025/classification_task/train/glioma/brisc2025_train_00465_gl_co_t1.jpg,glioma,/kaggle/input/datasets/briscdataset/brisc2025/brisc2025/classification_task/test/glioma/brisc2025_test_00122_gl_co_t1.jpg,glioma
near,2,/kaggle/input/datasets/briscdataset/brisc2025/brisc2025/classification_task/train/glioma/brisc2025_train_00466_gl_co_t1.jpg,glioma,/kaggle/input/datasets/briscdataset/brisc2025/brisc2025/classification_task/test/glioma/brisc2025_test_00122_gl_co_t1.jpg,glioma
near,4,/kaggle/input/datasets/briscdataset/brisc2025/brisc2025/classification_task/train/glioma/brisc2025_train_00468_gl_co_t1.jpg,glioma,/kaggle/input/datasets/briscdataset/brisc2025/brisc2025/classification_task/test/glioma/brisc2025_test_00123_gl_co_t1.jpg,glioma
near,6,/kaggle/input/datasets/briscdataset/brisc2025/brisc2025/classification_task/train/glioma/brisc2025_train_00475_gl_co_t1.jpg,glioma,/kaggle/input/datasets/briscdataset/brisc2025/brisc2025/classification_task/train/glioma/brisc2025_train_00476_gl_co_t1.jpg,glioma
near,2,/kaggle/input/datasets/briscdataset/brisc2025/brisc2025/classification_task/train/glioma/brisc2025_train_00476_gl_co_t1.jpg,glioma,/kaggle/input/datasets/briscdataset/brisc2025/brisc2025/classification_task/train/glioma/brisc2025_train_00477_gl_co_t1.jpg,glioma
near,6,/kaggle/input/datasets/briscdataset/brisc2025/brisc2025/classification_task/train/glioma/brisc2025_train_00480_gl_co_t1.jpg,glioma,/kaggle/input/datasets/briscdataset/brisc2025/brisc2025/classification_task/train/glioma/brisc2025_train_00482_gl_co_t1.jpg,glioma
near,1,/kaggle/input/datasets/briscdataset/brisc2025/brisc2025/classification_task/train/glioma/brisc2025_train_00481_gl_co_t1.jpg,glioma,/kaggle/input/datasets/briscdataset/brisc2025/brisc2025/classification_task/train/glioma/brisc2025_train_00482_gl_co_t1.jpg,glioma
near,6,/kaggle/input/datasets/briscdataset/brisc2025/brisc2025/classification_task/train/glioma/brisc2025_train_00481_gl_co_t1.jpg,glioma,/kaggle/input/datasets/briscdataset/brisc2025/brisc2025/classification_task/train/glioma/brisc2025_train_00501_gl_co_t1.jpg,glioma
near,6,/kaggle/input/datasets/briscdataset/brisc2025/brisc2025/classification_task/train/glioma/brisc2025_train_00487_gl_co_t1.jpg,glioma,/kaggle/input/datasets/briscdataset/brisc2025/brisc2025/classification_task/train/glioma/brisc2025_train_00488_gl_co_t1.jpg,glioma
near,5,/kaggle/input/datasets/briscdataset/brisc2025/brisc2025/classification_task/train/glioma/brisc2025_train_00488_gl_co_t1.jpg,glioma,/kaggle/input/datasets/briscdataset/brisc2025/brisc2025/classification_task/train/glioma/brisc2025_train_00489_gl_co_t1.jpg,glioma
near,5,/kaggle/input/datasets/briscdataset/brisc2025/brisc2025/classification_task/train/glioma/brisc2025_train_00488_gl_co_t1.jpg,glioma,/kaggle/input/datasets/briscdataset/brisc2025/brisc2025/classification_task/train/glioma/brisc2025_train_00490_gl_co_t1.jpg,glioma
near,4,/kaggle/input/datasets/briscdataset/brisc2025/brisc2025/classification_task/train/glioma/brisc2025_train_00489_gl_co_t1.jpg,glioma,/kaggle/input/datasets/briscdataset/brisc2025/brisc2025/classification_task/train/glioma/brisc2025_train_00490_gl_co_t1.jpg,glioma
near,5,/kaggle/input/datasets/briscdataset/brisc2025/brisc2025/classification_task/train/glioma/brisc2025_train_00492_gl_co_t1.jpg,glioma,/kaggle/input/datasets/briscdataset/brisc2025/brisc2025/classification_task/train/glioma/brisc2025_train_00665_gl_co_t1.jpg,glioma
near,6,/kaggle/input/datasets/briscdataset/brisc2025/brisc2025/classification_task/train/glioma/brisc2025_train_00492_gl_co_t1.jpg,glioma,/kaggle/input/datasets/briscdataset/brisc2025/brisc2025/classification_task/train/meningioma/brisc2025_train_01545_me_ax_t1.jpg,meningioma
near,4,/kaggle/input/datasets/briscdataset/brisc2025/brisc2025/classification_task/train/glioma/brisc2025_train_00494_gl_co_t1.jpg,glioma,/kaggle/input/datasets/briscdataset/brisc2025/brisc2025/classification_task/train/meningioma/brisc2025_train_02300_me_sa_t1.jpg,meningioma
near,6,/kaggle/input/datasets/briscdataset/brisc2025/brisc2025/classification_task/train/glioma/brisc2025_train_00494_gl_co_t1.jpg,glioma,/kaggle/input/datasets/briscdataset/brisc2025/brisc2025/classification_task/train/no_tumor/brisc2025_train_02567_no_ax_t1.jpg,no_tumor
near,6,/kaggle/input/datasets/briscdataset/brisc2025/brisc2025/classification_task/train/glioma/brisc2025_train_00495_gl_co_t1.jpg,glioma,/kaggle/input/datasets/briscdataset/brisc2025/brisc2025/classification_task/train/glioma/brisc2025_train_00496_gl_co_t1.jpg,glioma
near,6,/kaggle/input/datasets/briscdataset/brisc2025/brisc2025/classification_task/train/glioma/brisc2025_train_00495_gl_co_t1.jpg,glioma,/kaggle/input/datasets/briscdataset/brisc2025/brisc2025/classification_task/train/glioma/brisc2025_train_00668_gl_co_t1.jpg,glioma
near,5,/kaggle/input/datasets/briscdataset/brisc2025/brisc2025/classification_task/train/glioma/brisc2025_train_00497_gl_co_t1.jpg,glioma,/kaggle/input/datasets/briscdataset/brisc2025/brisc2025/classification_task/train/glioma/brisc2025_train_00498_gl_co_t1.jpg,glioma
near,6,/kaggle/input/datasets/briscdataset/brisc2025/brisc2025/classification_task/train/glioma/brisc2025_train_00499_gl_co_t1.jpg,glioma,/kaggle/input/datasets/briscdataset/brisc2025/brisc2025/classification_task/train/glioma/brisc2025_train_00501_gl_co_t1.jpg,glioma
near,4,/kaggle/input/datasets/briscdataset/brisc2025/brisc2025/classification_task/train/glioma/brisc2025_train_00500_gl_co_t1.jpg,glioma,/kaggle/input/datasets/briscdataset/brisc2025/brisc2025/classification_task/train/glioma/brisc2025_train_00501_gl_co_t1.jpg,glioma
near,3,/kaggle/input/datasets/briscdataset/brisc2025/brisc2025/classification_task/train/glioma/brisc2025_train_00502_gl_co_t1.jpg,glioma,/kaggle/input/datasets/briscdataset/brisc2025/brisc2025/classification_task/train/glioma/brisc2025_train_00503_gl_co_t1.jpg,glioma
near,5,/kaggle/input/datasets/briscdataset/brisc2025/brisc2025/classification_task/train/glioma/brisc2025_train_00503_gl_co_t1.jpg,glioma,/kaggle/input/datasets/briscdataset/brisc2025/brisc2025/classification_task/train/glioma/brisc2025_train_00504_gl_co_t1.jpg,glioma
near,5,/kaggle/input/datasets/briscdataset/brisc2025/brisc2025/classification_task/train/glioma/brisc2025_train_00503_gl_co_t1.jpg,glioma,/kaggle/input/datasets/briscdataset/brisc2025/brisc2025/classification_task/train/glioma/brisc2025_train_00505_gl_co_t1.jpg,glioma
near,4,/kaggle/input/datasets/briscdataset/brisc2025/brisc2025/classification_task/train/glioma/brisc2025_train_00504_gl_co_t1.jpg,glioma,/kaggle/input/datasets/briscdataset/brisc2025/brisc2025/classification_task/train/glioma/brisc2025_train_00505_gl_co_t1.jpg,glioma
near,6,/kaggle/input/datasets/briscdataset/brisc2025/brisc2025/classification_task/train/glioma/brisc2025_train_00504_gl_co_t1.jpg,glioma,/kaggle/input/datasets/briscdataset/brisc2025/brisc2025/classification_task/train/meningioma/brisc2025_train_01845_me_co_t1.jpg,meningioma
near,4,/kaggle/input/datasets/briscdataset/brisc2025/brisc2025/classification_task/train/glioma/brisc2025_train_00505_gl_co_t1.jpg,glioma,/kaggle/input/datasets/briscdataset/brisc2025/brisc2025/classification_task/train/glioma/brisc2025_train_00506_gl_co_t1.jpg,glioma
near,5,/kaggle/input/datasets/briscdataset/brisc2025/brisc2025/classification_task/train/glioma/brisc2025_train_00509_gl_co_t1.jpg,glioma,/kaggle/input/datasets/briscdataset/brisc2025/brisc2025/classification_task/train/glioma/brisc2025_train_00510_gl_co_t1.jpg,glioma
near,6,/kaggle/input/datasets/briscdataset/brisc2025/brisc2025/classification_task/train/glioma/brisc2025_train_00512_gl_co_t1.jpg,glioma,/kaggle/input/datasets/briscdataset/brisc2025/brisc2025/classification_task/train/glioma/brisc2025_train_00513_gl_co_t1.jpg,glioma
near,3,/kaggle/input/datasets/briscdataset/brisc2025/brisc2025/classification_task/train/glioma/brisc2025_train_00514_gl_co_t1.jpg,glioma,/kaggle/input/datasets/briscdataset/brisc2025/brisc2025/classification_task/train/glioma/brisc2025_train_00515_gl_co_t1.jpg,glioma
near,4,/kaggle/input/datasets/briscdataset/brisc2025/brisc2025/classification_task/train/glioma/brisc2025_train_00514_gl_co_t1.jpg,glioma,/kaggle/input/datasets/briscdataset/brisc2025/brisc2025/classification_task/train/glioma/brisc2025_train_00516_gl_co_t1.jpg,glioma
near,3,/kaggle/input/datasets/briscdataset/brisc2025/brisc2025/classification_task/train/glioma/brisc2025_train_00515_gl_co_t1.jpg,glioma,/kaggle/input/datasets/briscdataset/brisc2025/brisc2025/classification_task/train/glioma/brisc2025_train_00516_gl_co_t1.jpg,glioma
near,6,/kaggle/input/datasets/briscdataset/brisc2025/brisc2025/classification_task/train/glioma/brisc2025_train_00526_gl_co_t1.jpg,glioma,/kaggle/input/datasets/briscdataset/brisc2025/brisc2025/classification_task/train/glioma/brisc2025_train_00527_gl_co_t1.jpg,glioma
near,2,/kaggle/input/datasets/briscdataset/brisc2025/brisc2025/classification_task/train/glioma/brisc2025_train_00527_gl_co_t1.jpg,glioma,/kaggle/input/datasets/briscdataset/brisc2025/brisc2025/classification_task/train/glioma/brisc2025_train_00528_gl_co_t1.jpg,glioma
near,6,/kaggle/input/datasets/briscdataset/brisc2025/brisc2025/classification_task/train/glioma/brisc2025_train_00528_gl_co_t1.jpg,glioma,/kaggle/input/datasets/briscdataset/brisc2025/brisc2025/classification_task/train/glioma/brisc2025_train_00529_gl_co_t1.jpg,glioma
near,4,/kaggle/input/datasets/briscdataset/brisc2025/brisc2025/classification_task/train/glioma/brisc2025_train_00529_gl_co_t1.jpg,glioma,/kaggle/input/datasets/briscdataset/brisc2025/brisc2025/classification_task/train/glioma/brisc2025_train_00530_gl_co_t1.jpg,glioma
near,6,/kaggle/input/datasets/briscdataset/brisc2025/brisc2025/classification_task/train/glioma/brisc2025_train_00530_gl_co_t1.jpg,glioma,/kaggle/input/datasets/briscdataset/brisc2025/brisc2025/classification_task/train/glioma/brisc2025_train_00531_gl_co_t1.jpg,glioma
near,5,/kaggle/input/datasets/briscdataset/brisc2025/brisc2025/classification_task/train/glioma/brisc2025_train_00530_gl_co_t1.jpg,glioma,/kaggle/input/datasets/briscdataset/brisc2025/brisc2025/classification_task/train/glioma/brisc2025_train_00532_gl_co_t1.jpg,glioma
near,3,/kaggle/input/datasets/briscdataset/brisc2025/brisc2025/classification_task/train/glioma/brisc2025_train_00531_gl_co_t1.jpg,glioma,/kaggle/input/datasets/briscdataset/brisc2025/brisc2025/classification_task/train/glioma/brisc2025_train_00532_gl_co_t1.jpg,glioma
near,5,/kaggle/input/datasets/briscdataset/brisc2025/brisc2025/classification_task/train/glioma/brisc2025_train_00535_gl_co_t1.jpg,glioma,/kaggle/input/datasets/briscdataset/brisc2025/brisc2025/classification_task/test/glioma/brisc2025_test_00126_gl_co_t1.jpg,glioma
near,4,/kaggle/input/datasets/briscdataset/brisc2025/brisc2025/classification_task/train/glioma/brisc2025_train_00536_gl_co_t1.jpg,glioma,/kaggle/input/datasets/briscdataset/brisc2025/brisc2025/classification_task/train/glioma/brisc2025_train_00537_gl_co_t1.jpg,glioma
near,6,/kaggle/input/datasets/briscdataset/brisc2025/brisc2025/classification_task/train/glioma/brisc2025_train_00540_gl_co_t1.jpg,glioma,/kaggle/input/datasets/briscdataset/brisc2025/brisc2025/classification_task/train/glioma/brisc2025_train_00541_gl_co_t1.jpg,glioma
near,6,/kaggle/input/datasets/briscdataset/brisc2025/brisc2025/classification_task/train/glioma/brisc2025_train_00550_gl_co_t1.jpg,glioma,/kaggle/input/datasets/briscdataset/brisc2025/brisc2025/classification_task/train/glioma/brisc2025_train_00551_gl_co_t1.jpg,glioma
near,5,/kaggle/input/datasets/briscdataset/brisc2025/brisc2025/classification_task/train/glioma/brisc2025_train_00552_gl_co_t1.jpg,glioma,/kaggle/input/datasets/briscdataset/brisc2025/brisc2025/classification_task/train/glioma/brisc2025_train_00553_gl_co_t1.jpg,glioma
near,5,/kaggle/input/datasets/briscdataset/brisc2025/brisc2025/classification_task/train/glioma/brisc2025_train_00553_gl_co_t1.jpg,glioma,/kaggle/input/datasets/briscdataset/brisc2025/brisc2025/classification_task/test/glioma/brisc2025_test_00129_gl_co_t1.jpg,glioma
near,5,/kaggle/input/datasets/briscdataset/brisc2025/brisc2025/classification_task/train/glioma/brisc2025_train_00557_gl_co_t1.jpg,glioma,/kaggle/input/datasets/briscdataset/brisc2025/brisc2025/classification_task/train/glioma/brisc2025_train_00558_gl_co_t1.jpg,glioma
near,6,/kaggle/input/datasets/briscdataset/brisc2025/brisc2025/classification_task/train/glioma/brisc2025_train_00558_gl_co_t1.jpg,glioma,/kaggle/input/datasets/briscdataset/brisc2025/brisc2025/classification_task/train/glioma/brisc2025_train_00559_gl_co_t1.jpg,glioma
near,5,/kaggle/input/datasets/briscdataset/brisc2025/brisc2025/classification_task/train/glioma/brisc2025_train_00561_gl_co_t1.jpg,glioma,/kaggle/input/datasets/briscdataset/brisc2025/brisc2025/classification_task/train/glioma/brisc2025_train_00562_gl_co_t1.jpg,glioma
near,6,/kaggle/input/datasets/briscdataset/brisc2025/brisc2025/classification_task/train/glioma/brisc2025_train_00564_gl_co_t1.jpg,glioma,/kaggle/input/datasets/briscdataset/brisc2025/brisc2025/classification_task/train/glioma/brisc2025_train_00565_gl_co_t1.jpg,glioma
near,6,/kaggle/input/datasets/briscdataset/brisc2025/brisc2025/classification_task/train/glioma/brisc2025_train_00565_gl_co_t1.jpg,glioma,/kaggle/input/datasets/briscdataset/brisc2025/brisc2025/classification_task/train/glioma/brisc2025_train_00566_gl_co_t1.jpg,glioma
near,6,/kaggle/input/datasets/briscdataset/brisc2025/brisc2025/classification_task/train/glioma/brisc2025_train_00568_gl_co_t1.jpg,glioma,/kaggle/input/datasets/briscdataset/brisc2025/brisc2025/classification_task/train/glioma/brisc2025_train_00570_gl_co_t1.jpg,glioma
near,5,/kaggle/input/datasets/briscdataset/brisc2025/brisc2025/classification_task/train/glioma/brisc2025_train_00569_gl_co_t1.jpg,glioma,/kaggle/input/datasets/briscdataset/brisc2025/brisc2025/classification_task/train/glioma/brisc2025_train_00570_gl_co_t1.jpg,glioma
near,6,/kaggle/input/datasets/briscdataset/brisc2025/brisc2025/classification_task/train/glioma/brisc2025_train_00575_gl_co_t1.jpg,glioma,/kaggle/input/datasets/briscdataset/brisc2025/brisc2025/classification_task/test/glioma/brisc2025_test_00131_gl_co_t1.jpg,glioma
near,6,/kaggle/input/datasets/briscdataset/brisc2025/brisc2025/classification_task/train/glioma/brisc2025_train_00577_gl_co_t1.jpg,glioma,/kaggle/input/datasets/briscdataset/brisc2025/brisc2025/classification_task/train/glioma/brisc2025_train_00578_gl_co_t1.jpg,glioma
near,6,/kaggle/input/datasets/briscdataset/brisc2025/brisc2025/classification_task/train/glioma/brisc2025_train_00594_gl_co_t1.jpg,glioma,/kaggle/input/datasets/briscdataset/brisc2025/brisc2025/classification_task/train/glioma/brisc2025_train_00595_gl_co_t1.jpg,glioma
near,6,/kaggle/input/datasets/briscdataset/brisc2025/brisc2025/classification_task/train/glioma/brisc2025_train_00605_gl_co_t1.jpg,glioma,/kaggle/input/datasets/briscdataset/brisc2025/brisc2025/classification_task/train/glioma/brisc2025_train_00606_gl_co_t1.jpg,glioma
near,6,/kaggle/input/datasets/briscdataset/brisc2025/brisc2025/classification_task/train/glioma/brisc2025_train_00608_gl_co_t1.jpg,glioma,/kaggle/input/datasets/briscdataset/brisc2025/brisc2025/classification_task/train/glioma/brisc2025_train_00610_gl_co_t1.jpg,glioma
near,5,/kaggle/input/datasets/briscdataset/brisc2025/brisc2025/classification_task/train/glioma/brisc2025_train_00608_gl_co_t1.jpg,glioma,/kaggle/input/datasets/briscdataset/brisc2025/brisc2025/classification_task/train/glioma/brisc2025_train_00673_gl_co_t1.jpg,glioma
near,6,/kaggle/input/datasets/briscdataset/brisc2025/brisc2025/classification_task/train/glioma/brisc2025_train_00608_gl_co_t1.jpg,glioma,/kaggle/input/datasets/briscdataset/brisc2025/brisc2025/classification_task/train/glioma/brisc2025_train_00756_gl_co_t1.jpg,glioma
near,4,/kaggle/input/datasets/briscdataset/brisc2025/brisc2025/classification_task/train/glioma/brisc2025_train_00608_gl_co_t1.jpg,glioma,/kaggle/input/datasets/briscdataset/brisc2025/brisc2025/classification_task/test/glioma/brisc2025_test_00139_gl_co_t1.jpg,glioma
near,6,/kaggle/input/datasets/briscdataset/brisc2025/brisc2025/classification_task/train/glioma/brisc2025_train_00608_gl_co_t1.jpg,glioma,/kaggle/input/datasets/briscdataset/brisc2025/brisc2025/classification_task/test/glioma/brisc2025_test_00142_gl_co_t1.jpg,glioma
near,5,/kaggle/input/datasets/briscdataset/brisc2025/brisc2025/classification_task/train/glioma/brisc2025_train_00609_gl_co_t1.jpg,glioma,/kaggle/input/datasets/briscdataset/brisc2025/brisc2025/classification_task/train/glioma/brisc2025_train_00610_gl_co_t1.jpg,glioma
near,6,/kaggle/input/datasets/briscdataset/brisc2025/brisc2025/classification_task/train/glioma/brisc2025_train_00609_gl_co_t1.jpg,glioma,/kaggle/input/datasets/briscdataset/brisc2025/brisc2025/classification_task/train/glioma/brisc2025_train_00673_gl_co_t1.jpg,glioma
near,5,/kaggle/input/datasets/briscdataset/brisc2025/brisc2025/classification_task/train/glioma/brisc2025_train_00609_gl_co_t1.jpg,glioma,/kaggle/input/datasets/briscdataset/brisc2025/brisc2025/classification_task/train/meningioma/brisc2025_train_01870_me_co_t1.jpg,meningioma
near,6,/kaggle/input/datasets/briscdataset/brisc2025/brisc2025/classification_task/train/glioma/brisc2025_train_00609_gl_co_t1.jpg,glioma,/kaggle/input/datasets/briscdataset/brisc2025/brisc2025/classification_task/train/meningioma/brisc2025_train_01871_me_co_t1.jpg,meningioma
near,6,/kaggle/input/datasets/briscdataset/brisc2025/brisc2025/classification_task/train/glioma/brisc2025_train_00610_gl_co_t1.jpg,glioma,/kaggle/input/datasets/briscdataset/brisc2025/brisc2025/classification_task/train/glioma/brisc2025_train_00743_gl_co_t1.jpg,glioma
near,2,/kaggle/input/datasets/briscdataset/brisc2025/brisc2025/classification_task/train/glioma/brisc2025_train_00610_gl_co_t1.jpg,glioma,/kaggle/input/datasets/briscdataset/brisc2025/brisc2025/classification_task/train/glioma/brisc2025_train_00744_gl_co_t1.jpg,glioma
near,6,/kaggle/input/datasets/briscdataset/brisc2025/brisc2025/classification_task/train/glioma/brisc2025_train_00610_gl_co_t1.jpg,glioma,/kaggle/input/datasets/briscdataset/brisc2025/brisc2025/classification_task/test/glioma/brisc2025_test_00139_gl_co_t1.jpg,glioma
near,6,/kaggle/input/datasets/briscdataset/brisc2025/brisc2025/classification_task/train/glioma/brisc2025_train_00611_gl_co_t1.jpg,glioma,/kaggle/input/datasets/briscdataset/brisc2025/brisc2025/classification_task/train/glioma/brisc2025_train_00612_gl_co_t1.jpg,glioma
near,4,/kaggle/input/datasets/briscdataset/brisc2025/brisc2025/classification_task/train/glioma/brisc2025_train_00615_gl_co_t1.jpg,glioma,/kaggle/input/datasets/briscdataset/brisc2025/brisc2025/classification_task/train/glioma/brisc2025_train_00616_gl_co_t1.jpg,glioma
near,5,/kaggle/input/datasets/briscdataset/brisc2025/brisc2025/classification_task/train/glioma/brisc2025_train_00617_gl_co_t1.jpg,glioma,/kaggle/input/datasets/briscdataset/brisc2025/brisc2025/classification_task/train/glioma/brisc2025_train_00618_gl_co_t1.jpg,glioma
near,6,/kaggle/input/datasets/briscdataset/brisc2025/brisc2025/classification_task/train/glioma/brisc2025_train_00621_gl_co_t1.jpg,glioma,/kaggle/input/datasets/briscdataset/brisc2025/brisc2025/classification_task/train/glioma/brisc2025_train_00622_gl_co_t1.jpg,glioma
near,6,/kaggle/input/datasets/briscdataset/brisc2025/brisc2025/classification_task/train/glioma/brisc2025_train_00622_gl_co_t1.jpg,glioma,/kaggle/input/datasets/briscdataset/brisc2025/brisc2025/classification_task/train/glioma/brisc2025_train_00623_gl_co_t1.jpg,glioma
near,3,/kaggle/input/datasets/briscdataset/brisc2025/brisc2025/classification_task/train/glioma/brisc2025_train_00629_gl_co_t1.jpg,glioma,/kaggle/input/datasets/briscdataset/brisc2025/brisc2025/classification_task/train/glioma/brisc2025_train_00630_gl_co_t1.jpg,glioma
near,2,/kaggle/input/datasets/briscdataset/brisc2025/brisc2025/classification_task/train/glioma/brisc2025_train_00641_gl_co_t1.jpg,glioma,/kaggle/input/datasets/briscdataset/brisc2025/brisc2025/classification_task/train/glioma/brisc2025_train_00642_gl_co_t1.jpg,glioma
near,6,/kaggle/input/datasets/briscdataset/brisc2025/brisc2025/classification_task/train/glioma/brisc2025_train_00641_gl_co_t1.jpg,glioma,/kaggle/input/datasets/briscdataset/brisc2025/brisc2025/classification_task/train/meningioma/brisc2025_train_01959_me_co_t1.jpg,meningioma
near,6,/kaggle/input/datasets/briscdataset/brisc2025/brisc2025/classification_task/train/glioma/brisc2025_train_00642_gl_co_t1.jpg,glioma,/kaggle/input/datasets/briscdataset/brisc2025/brisc2025/classification_task/train/meningioma/brisc2025_train_01959_me_co_t1.jpg,meningioma
near,5,/kaggle/input/datasets/briscdataset/brisc2025/brisc2025/classification_task/train/glioma/brisc2025_train_00642_gl_co_t1.jpg,glioma,/kaggle/input/datasets/briscdataset/brisc2025/brisc2025/classification_task/test/glioma/brisc2025_test_00143_gl_co_t1.jpg,glioma
near,5,/kaggle/input/datasets/briscdataset/brisc2025/brisc2025/classification_task/train/glioma/brisc2025_train_00644_gl_co_t1.jpg,glioma,/kaggle/input/datasets/briscdataset/brisc2025/brisc2025/classification_task/test/glioma/brisc2025_test_00137_gl_co_t1.jpg,glioma
near,6,/kaggle/input/datasets/briscdataset/brisc2025/brisc2025/classification_task/train/glioma/brisc2025_train_00646_gl_co_t1.jpg,glioma,/kaggle/input/datasets/briscdataset/brisc2025/brisc2025/classification_task/train/no_tumor/brisc2025_train_02723_no_ax_t1.jpg,no_tumor
near,6,/kaggle/input/datasets/briscdataset/brisc2025/brisc2025/classification_task/train/glioma/brisc2025_train_00648_gl_co_t1.jpg,glioma,/kaggle/input/datasets/briscdataset/brisc2025/brisc2025/classification_task/train/glioma/brisc2025_train_00649_gl_co_t1.jpg,glioma
near,2,/kaggle/input/datasets/briscdataset/brisc2025/brisc2025/classification_task/train/glioma/brisc2025_train_00648_gl_co_t1.jpg,glioma,/kaggle/input/datasets/briscdataset/brisc2025/brisc2025/classification_task/test/glioma/brisc2025_test_00138_gl_co_t1.jpg,glioma
near,6,/kaggle/input/datasets/briscdataset/brisc2025/brisc2025/classification_task/train/glioma/brisc2025_train_00649_gl_co_t1.jpg,glioma,/kaggle/input/datasets/briscdataset/brisc2025/brisc2025/classification_task/train/glioma/brisc2025_train_00650_gl_co_t1.jpg,glioma
near,6,/kaggle/input/datasets/briscdataset/brisc2025/brisc2025/classification_task/train/glioma/brisc2025_train_00649_gl_co_t1.jpg,glioma,/kaggle/input/datasets/briscdataset/brisc2025/brisc2025/classification_task/test/glioma/brisc2025_test_00138_gl_co_t1.jpg,glioma
near,4,/kaggle/input/datasets/briscdataset/brisc2025/brisc2025/classification_task/train/glioma/brisc2025_train_00653_gl_co_t1.jpg,glioma,/kaggle/input/datasets/briscdataset/brisc2025/brisc2025/classification_task/train/glioma/brisc2025_train_00654_gl_co_t1.jpg,glioma
near,5,/kaggle/input/datasets/briscdataset/brisc2025/brisc2025/classification_task/train/glioma/brisc2025_train_00653_gl_co_t1.jpg,glioma,/kaggle/input/datasets/briscdataset/brisc2025/brisc2025/classification_task/train/glioma/brisc2025_train_00655_gl_co_t1.jpg,glioma
near,5,/kaggle/input/datasets/briscdataset/brisc2025/brisc2025/classification_task/train/glioma/brisc2025_train_00655_gl_co_t1.jpg,glioma,/kaggle/input/datasets/briscdataset/brisc2025/brisc2025/classification_task/train/glioma/brisc2025_train_00656_gl_co_t1.jpg,glioma
near,4,/kaggle/input/datasets/briscdataset/brisc2025/brisc2025/classification_task/train/glioma/brisc2025_train_00659_gl_co_t1.jpg,glioma,/kaggle/input/datasets/briscdataset/brisc2025/brisc2025/classification_task/train/glioma/brisc2025_train_00660_gl_co_t1.jpg,glioma
near,6,/kaggle/input/datasets/briscdataset/brisc2025/brisc2025/classification_task/train/glioma/brisc2025_train_00659_gl_co_t1.jpg,glioma,/kaggle/input/datasets/briscdataset/brisc2025/brisc2025/classification_task/train/meningioma/brisc2025_train_02403_me_sa_t1.jpg,meningioma
near,4,/kaggle/input/datasets/briscdataset/brisc2025/brisc2025/classification_task/train/glioma/brisc2025_train_00660_gl_co_t1.jpg,glioma,/kaggle/input/datasets/briscdataset/brisc2025/brisc2025/classification_task/train/glioma/brisc2025_train_00661_gl_co_t1.jpg,glioma
near,6,/kaggle/input/datasets/briscdataset/brisc2025/brisc2025/classification_task/train/glioma/brisc2025_train_00664_gl_co_t1.jpg,glioma,/kaggle/input/datasets/briscdataset/brisc2025/brisc2025/classification_task/test/meningioma/brisc2025_test_00372_me_ax_t1.jpg,meningioma
near,6,/kaggle/input/datasets/briscdataset/brisc2025/brisc2025/classification_task/train/glioma/brisc2025_train_00664_gl_co_t1.jpg,glioma,/kaggle/input/datasets/briscdataset/brisc2025/brisc2025/classification_task/test/meningioma/brisc2025_test_00384_me_ax_t1.jpg,meningioma
near,5,/kaggle/input/datasets/briscdataset/brisc2025/brisc2025/classification_task/train/glioma/brisc2025_train_00665_gl_co_t1.jpg,glioma,/kaggle/input/datasets/briscdataset/brisc2025/brisc2025/classification_task/train/meningioma/brisc2025_train_01545_me_ax_t1.jpg,meningioma
near,3,/kaggle/input/datasets/briscdataset/brisc2025/brisc2025/classification_task/train/glioma/brisc2025_train_00666_gl_co_t1.jpg,glioma,/kaggle/input/datasets/briscdataset/brisc2025/brisc2025/classification_task/train/glioma/brisc2025_train_00667_gl_co_t1.jpg,glioma
near,4,/kaggle/input/datasets/briscdataset/brisc2025/brisc2025/classification_task/train/glioma/brisc2025_train_00668_gl_co_t1.jpg,glioma,/kaggle/input/datasets/briscdataset/brisc2025/brisc2025/classification_task/train/glioma/brisc2025_train_00669_gl_co_t1.jpg,glioma
near,4,/kaggle/input/datasets/briscdataset/brisc2025/brisc2025/classification_task/train/glioma/brisc2025_train_00668_gl_co_t1.jpg,glioma,/kaggle/input/datasets/briscdataset/brisc2025/brisc2025/classification_task/train/glioma/brisc2025_train_00670_gl_co_t1.jpg,glioma
near,2,/kaggle/input/datasets/briscdataset/brisc2025/brisc2025/classification_task/train/glioma/brisc2025_train_00669_gl_co_t1.jpg,glioma,/kaggle/input/datasets/briscdataset/brisc2025/brisc2025/classification_task/train/glioma/brisc2025_train_00670_gl_co_t1.jpg,glioma
near,6,/kaggle/input/datasets/briscdataset/brisc2025/brisc2025/classification_task/train/glioma/brisc2025_train_00671_gl_co_t1.jpg,glioma,/kaggle/input/datasets/briscdataset/brisc2025/brisc2025/classification_task/train/glioma/brisc2025_train_00672_gl_co_t1.jpg,glioma
near,6,/kaggle/input/datasets/briscdataset/brisc2025/brisc2025/classification_task/train/glioma/brisc2025_train_00673_gl_co_t1.jpg,glioma,/kaggle/input/datasets/briscdataset/brisc2025/brisc2025/classification_task/train/meningioma/brisc2025_train_01871_me_co_t1.jpg,meningioma
near,3,/kaggle/input/datasets/briscdataset/brisc2025/brisc2025/classification_task/train/glioma/brisc2025_train_00673_gl_co_t1.jpg,glioma,/kaggle/input/datasets/briscdataset/brisc2025/brisc2025/classification_task/test/glioma/brisc2025_test_00139_gl_co_t1.jpg,glioma
near,6,/kaggle/input/datasets/briscdataset/brisc2025/brisc2025/classification_task/train/glioma/brisc2025_train_00675_gl_co_t1.jpg,glioma,/kaggle/input/datasets/briscdataset/brisc2025/brisc2025/classification_task/train/glioma/brisc2025_train_00676_gl_co_t1.jpg,glioma
near,6,/kaggle/input/datasets/briscdataset/brisc2025/brisc2025/classification_task/train/glioma/brisc2025_train_00675_gl_co_t1.jpg,glioma,/kaggle/input/datasets/briscdataset/brisc2025/brisc2025/classification_task/train/glioma/brisc2025_train_00677_gl_co_t1.jpg,glioma
near,6,/kaggle/input/datasets/briscdataset/brisc2025/brisc2025/classification_task/train/glioma/brisc2025_train_00688_gl_co_t1.jpg,glioma,/kaggle/input/datasets/briscdataset/brisc2025/brisc2025/classification_task/train/glioma/brisc2025_train_00689_gl_co_t1.jpg,glioma
near,4,/kaggle/input/datasets/briscdataset/brisc2025/brisc2025/classification_task/train/glioma/brisc2025_train_00691_gl_co_t1.jpg,glioma,/kaggle/input/datasets/briscdataset/brisc2025/brisc2025/classification_task/train/glioma/brisc2025_train_00692_gl_co_t1.jpg,glioma
near,5,/kaggle/input/datasets/briscdataset/brisc2025/brisc2025/classification_task/train/glioma/brisc2025_train_00692_gl_co_t1.jpg,glioma,/kaggle/input/datasets/briscdataset/brisc2025/brisc2025/classification_task/train/glioma/brisc2025_train_00693_gl_co_t1.jpg,glioma
near,6,/kaggle/input/datasets/briscdataset/brisc2025/brisc2025/classification_task/train/glioma/brisc2025_train_00694_gl_co_t1.jpg,glioma,/kaggle/input/datasets/briscdataset/brisc2025/brisc2025/classification_task/test/glioma/brisc2025_test_00140_gl_co_t1.jpg,glioma
near,6,/kaggle/input/datasets/briscdataset/brisc2025/brisc2025/classification_task/train/glioma/brisc2025_train_00699_gl_co_t1.jpg,glioma,/kaggle/input/datasets/briscdataset/brisc2025/brisc2025/classification_task/train/glioma/brisc2025_train_01105_gl_sa_t1.jpg,glioma
near,6,/kaggle/input/datasets/briscdataset/brisc2025/brisc2025/classification_task/train/glioma/brisc2025_train_00700_gl_co_t1.jpg,glioma,/kaggle/input/datasets/briscdataset/brisc2025/brisc2025/classification_task/train/glioma/brisc2025_train_00701_gl_co_t1.jpg,glioma
near,2,/kaggle/input/datasets/briscdataset/brisc2025/brisc2025/classification_task/train/glioma/brisc2025_train_00717_gl_co_t1.jpg,glioma,/kaggle/input/datasets/briscdataset/brisc2025/brisc2025/classification_task/train/glioma/brisc2025_train_00718_gl_co_t1.jpg,glioma
near,6,/kaggle/input/datasets/briscdataset/brisc2025/brisc2025/classification_task/train/glioma/brisc2025_train_00718_gl_co_t1.jpg,glioma,/kaggle/input/datasets/briscdataset/brisc2025/brisc2025/classification_task/train/glioma/brisc2025_train_00719_gl_co_t1.jpg,glioma
near,6,/kaggle/input/datasets/briscdataset/brisc2025/brisc2025/classification_task/train/glioma/brisc2025_train_00725_gl_co_t1.jpg,glioma,/kaggle/input/datasets/briscdataset/brisc2025/brisc2025/classification_task/train/glioma/brisc2025_train_00726_gl_co_t1.jpg,glioma
near,6,/kaggle/input/datasets/briscdataset/brisc2025/brisc2025/classification_task/train/glioma/brisc2025_train_00731_gl_co_t1.jpg,glioma,/kaggle/input/datasets/briscdataset/brisc2025/brisc2025/classification_task/train/glioma/brisc2025_train_00732_gl_co_t1.jpg,glioma
near,6,/kaggle/input/datasets/briscdataset/brisc2025/brisc2025/classification_task/train/glioma/brisc2025_train_00732_gl_co_t1.jpg,glioma,/kaggle/input/datasets/briscdataset/brisc2025/brisc2025/classification_task/train/glioma/brisc2025_train_00734_gl_co_t1.jpg,glioma
near,6,/kaggle/input/datasets/briscdataset/brisc2025/brisc2025/classification_task/train/glioma/brisc2025_train_00741_gl_co_t1.jpg,glioma,/kaggle/input/datasets/briscdataset/brisc2025/brisc2025/classification_task/train/glioma/brisc2025_train_00742_gl_co_t1.jpg,glioma
near,6,/kaggle/input/datasets/briscdataset/brisc2025/brisc2025/classification_task/train/glioma/brisc2025_train_00746_gl_co_t1.jpg,glioma,/kaggle/input/datasets/briscdataset/brisc2025/brisc2025/classification_task/train/glioma/brisc2025_train_00747_gl_co_t1.jpg,glioma
near,5,/kaggle/input/datasets/briscdataset/brisc2025/brisc2025/classification_task/train/glioma/brisc2025_train_00747_gl_co_t1.jpg,glioma,/kaggle/input/datasets/briscdataset/brisc2025/brisc2025/classification_task/train/meningioma/brisc2025_train_01589_me_co_t1.jpg,meningioma
near,5,/kaggle/input/datasets/briscdataset/brisc2025/brisc2025/classification_task/train/glioma/brisc2025_train_00747_gl_co_t1.jpg,glioma,/kaggle/input/datasets/briscdataset/brisc2025/brisc2025/classification_task/train/meningioma/brisc2025_train_01590_me_co_t1.jpg,meningioma
near,2,/kaggle/input/datasets/briscdataset/brisc2025/brisc2025/classification_task/train/glioma/brisc2025_train_00758_gl_co_t1.jpg,glioma,/kaggle/input/datasets/briscdataset/brisc2025/brisc2025/classification_task/train/glioma/brisc2025_train_00759_gl_co_t1.jpg,glioma
near,5,/kaggle/input/datasets/briscdataset/brisc2025/brisc2025/classification_task/train/glioma/brisc2025_train_00759_gl_co_t1.jpg,glioma,/kaggle/input/datasets/briscdataset/brisc2025/brisc2025/classification_task/test/glioma/brisc2025_test_00143_gl_co_t1.jpg,glioma
near,6,/kaggle/input/datasets/briscdataset/brisc2025/brisc2025/classification_task/train/glioma/brisc2025_train_00760_gl_co_t1.jpg,glioma,/kaggle/input/datasets/briscdataset/brisc2025/brisc2025/classification_task/test/glioma/brisc2025_test_00143_gl_co_t1.jpg,glioma
near,6,/kaggle/input/datasets/briscdataset/brisc2025/brisc2025/classification_task/train/glioma/brisc2025_train_00765_gl_co_t1.jpg,glioma,/kaggle/input/datasets/briscdataset/brisc2025/brisc2025/classification_task/train/glioma/brisc2025_train_00766_gl_co_t1.jpg,glioma
near,5,/kaggle/input/datasets/briscdataset/brisc2025/brisc2025/classification_task/train/glioma/brisc2025_train_00768_gl_co_t1.jpg,glioma,/kaggle/input/datasets/briscdataset/brisc2025/brisc2025/classification_task/train/glioma/brisc2025_train_00769_gl_co_t1.jpg,glioma
near,4,/kaggle/input/datasets/briscdataset/brisc2025/brisc2025/classification_task/train/glioma/brisc2025_train_00770_gl_co_t1.jpg,glioma,/kaggle/input/datasets/briscdataset/brisc2025/brisc2025/classification_task/train/glioma/brisc2025_train_00771_gl_co_t1.jpg,glioma
near,6,/kaggle/input/datasets/briscdataset/brisc2025/brisc2025/classification_task/train/glioma/brisc2025_train_00772_gl_co_t1.jpg,glioma,/kaggle/input/datasets/briscdataset/brisc2025/brisc2025/classification_task/train/glioma/brisc2025_train_00773_gl_co_t1.jpg,glioma
near,3,/kaggle/input/datasets/briscdataset/brisc2025/brisc2025/classification_task/train/glioma/brisc2025_train_00778_gl_co_t1.jpg,glioma,/kaggle/input/datasets/briscdataset/brisc2025/brisc2025/classification_task/train/glioma/brisc2025_train_00779_gl_co_t1.jpg,glioma
near,4,/kaggle/input/datasets/briscdataset/brisc2025/brisc2025/classification_task/train/glioma/brisc2025_train_00784_gl_co_t1.jpg,glioma,/kaggle/input/datasets/briscdataset/brisc2025/brisc2025/classification_task/train/glioma/brisc2025_train_00785_gl_co_t1.jpg,glioma
near,6,/kaggle/input/datasets/briscdataset/brisc2025/brisc2025/classification_task/train/glioma/brisc2025_train_00784_gl_co_t1.jpg,glioma,/kaggle/input/datasets/briscdataset/brisc2025/brisc2025/classification_task/train/glioma/brisc2025_train_00786_gl_co_t1.jpg,glioma
near,6,/kaggle/input/datasets/briscdataset/brisc2025/brisc2025/classification_task/train/glioma/brisc2025_train_00785_gl_co_t1.jpg,glioma,/kaggle/input/datasets/briscdataset/brisc2025/brisc2025/classification_task/train/glioma/brisc2025_train_00786_gl_co_t1.jpg,glioma
near,2,/kaggle/input/datasets/briscdataset/brisc2025/brisc2025/classification_task/train/glioma/brisc2025_train_00795_gl_co_t1.jpg,glioma,/kaggle/input/datasets/briscdataset/brisc2025/brisc2025/classification_task/train/glioma/brisc2025_train_00796_gl_co_t1.jpg,glioma
near,5,/kaggle/input/datasets/briscdataset/brisc2025/brisc2025/classification_task/train/glioma/brisc2025_train_00796_gl_co_t1.jpg,glioma,/kaggle/input/datasets/briscdataset/brisc2025/brisc2025/classification_task/test/glioma/brisc2025_test_00162_gl_co_t1.jpg,glioma
near,4,/kaggle/input/datasets/briscdataset/brisc2025/brisc2025/classification_task/train/glioma/brisc2025_train_00797_gl_co_t1.jpg,glioma,/kaggle/input/datasets/briscdataset/brisc2025/brisc2025/classification_task/train/glioma/brisc2025_train_00798_gl_co_t1.jpg,glioma
near,4,/kaggle/input/datasets/briscdataset/brisc2025/brisc2025/classification_task/train/glioma/brisc2025_train_00804_gl_co_t1.jpg,glioma,/kaggle/input/datasets/briscdataset/brisc2025/brisc2025/classification_task/test/glioma/brisc2025_test_00155_gl_co_t1.jpg,glioma
near,5,/kaggle/input/datasets/briscdataset/brisc2025/brisc2025/classification_task/train/glioma/brisc2025_train_00810_gl_co_t1.jpg,glioma,/kaggle/input/datasets/briscdataset/brisc2025/brisc2025/classification_task/train/meningioma/brisc2025_train_01757_me_co_t1.jpg,meningioma
near,4,/kaggle/input/datasets/briscdataset/brisc2025/brisc2025/classification_task/train/glioma/brisc2025_train_00811_gl_co_t1.jpg,glioma,/kaggle/input/datasets/briscdataset/brisc2025/brisc2025/classification_task/train/glioma/brisc2025_train_00812_gl_co_t1.jpg,glioma
near,6,/kaggle/input/datasets/briscdataset/brisc2025/brisc2025/classification_task/train/glioma/brisc2025_train_00813_gl_co_t1.jpg,glioma,/kaggle/input/datasets/briscdataset/brisc2025/brisc2025/classification_task/test/glioma/brisc2025_test_00158_gl_co_t1.jpg,glioma
near,6,/kaggle/input/datasets/briscdataset/brisc2025/brisc2025/classification_task/train/glioma/brisc2025_train_00817_gl_co_t1.jpg,glioma,/kaggle/input/datasets/briscdataset/brisc2025/brisc2025/classification_task/test/glioma/brisc2025_test_00161_gl_co_t1.jpg,glioma
near,6,/kaggle/input/datasets/briscdataset/brisc2025/brisc2025/classification_task/train/glioma/brisc2025_train_00820_gl_co_t1.jpg,glioma,/kaggle/input/datasets/briscdataset/brisc2025/brisc2025/classification_task/test/meningioma/brisc2025_test_00453_me_co_t1.jpg,meningioma
near,2,/kaggle/input/datasets/briscdataset/brisc2025/brisc2025/classification_task/train/glioma/brisc2025_train_00823_gl_co_t1.jpg,glioma,/kaggle/input/datasets/briscdataset/brisc2025/brisc2025/classification_task/test/glioma/brisc2025_test_00165_gl_co_t1.jpg,glioma
near,6,/kaggle/input/datasets/briscdataset/brisc2025/brisc2025/classification_task/train/glioma/brisc2025_train_00841_gl_sa_t1.jpg,glioma,/kaggle/input/datasets/briscdataset/brisc2025/brisc2025/classification_task/train/glioma/brisc2025_train_00842_gl_sa_t1.jpg,glioma
near,6,/kaggle/input/datasets/briscdataset/brisc2025/brisc2025/classification_task/train/glioma/brisc2025_train_00842_gl_sa_t1.jpg,glioma,/kaggle/input/datasets/briscdataset/brisc2025/brisc2025/classification_task/train/glioma/brisc2025_train_00918_gl_sa_t1.jpg,glioma
near,6,/kaggle/input/datasets/briscdataset/brisc2025/brisc2025/classification_task/train/glioma/brisc2025_train_00845_gl_sa_t1.jpg,glioma,/kaggle/input/datasets/briscdataset/brisc2025/brisc2025/classification_task/train/glioma/brisc2025_train_01138_gl_sa_t1.jpg,glioma
near,6,/kaggle/input/datasets/briscdataset/brisc2025/brisc2025/classification_task/train/glioma/brisc2025_train_00847_gl_sa_t1.jpg,glioma,/kaggle/input/datasets/briscdataset/brisc2025/brisc2025/classification_task/train/glioma/brisc2025_train_00848_gl_sa_t1.jpg,glioma
near,5,/kaggle/input/datasets/briscdataset/brisc2025/brisc2025/classification_task/train/glioma/brisc2025_train_00850_gl_sa_t1.jpg,glioma,/kaggle/input/datasets/briscdataset/brisc2025/brisc2025/classification_task/train/glioma/brisc2025_train_00920_gl_sa_t1.jpg,glioma
near,6,/kaggle/input/datasets/briscdataset/brisc2025/brisc2025/classification_task/train/glioma/brisc2025_train_00850_gl_sa_t1.jpg,glioma,/kaggle/input/datasets/briscdataset/brisc2025/brisc2025/classification_task/train/glioma/brisc2025_train_00956_gl_sa_t1.jpg,glioma
near,6,/kaggle/input/datasets/briscdataset/brisc2025/brisc2025/classification_task/train/glioma/brisc2025_train_00850_gl_sa_t1.jpg,glioma,/kaggle/input/datasets/briscdataset/brisc2025/brisc2025/classification_task/train/glioma/brisc2025_train_00960_gl_sa_t1.jpg,glioma
near,6,/kaggle/input/datasets/briscdataset/brisc2025/brisc2025/classification_task/train/glioma/brisc2025_train_00850_gl_sa_t1.jpg,glioma,/kaggle/input/datasets/briscdataset/brisc2025/brisc2025/classification_task/train/glioma/brisc2025_train_00961_gl_sa_t1.jpg,glioma
near,4,/kaggle/input/datasets/briscdataset/brisc2025/brisc2025/classification_task/train/glioma/brisc2025_train_00850_gl_sa_t1.jpg,glioma,/kaggle/input/datasets/briscdataset/brisc2025/brisc2025/classification_task/train/meningioma/brisc2025_train_02338_me_sa_t1.jpg,meningioma
near,4,/kaggle/input/datasets/briscdataset/brisc2025/brisc2025/classification_task/train/glioma/brisc2025_train_00850_gl_sa_t1.jpg,glioma,/kaggle/input/datasets/briscdataset/brisc2025/brisc2025/classification_task/test/glioma/brisc2025_test_00168_gl_sa_t1.jpg,glioma
near,6,/kaggle/input/datasets/briscdataset/brisc2025/brisc2025/classification_task/train/glioma/brisc2025_train_00851_gl_sa_t1.jpg,glioma,/kaggle/input/datasets/briscdataset/brisc2025/brisc2025/classification_task/train/glioma/brisc2025_train_00869_gl_sa_t1.jpg,glioma
near,4,/kaggle/input/datasets/briscdataset/brisc2025/brisc2025/classification_task/train/glioma/brisc2025_train_00852_gl_sa_t1.jpg,glioma,/kaggle/input/datasets/briscdataset/brisc2025/brisc2025/classification_task/train/glioma/brisc2025_train_00853_gl_sa_t1.jpg,glioma
near,6,/kaggle/input/datasets/briscdataset/brisc2025/brisc2025/classification_task/train/glioma/brisc2025_train_00856_gl_sa_t1.jpg,glioma,/kaggle/input/datasets/briscdataset/brisc2025/brisc2025/classification_task/train/meningioma/brisc2025_train_02400_me_sa_t1.jpg,meningioma
near,6,/kaggle/input/datasets/briscdataset/brisc2025/brisc2025/classification_task/train/glioma/brisc2025_train_00856_gl_sa_t1.jpg,glioma,/kaggle/input/datasets/briscdataset/brisc2025/brisc2025/classification_task/test/glioma/brisc2025_test_00186_gl_sa_t1.jpg,glioma
near,6,/kaggle/input/datasets/briscdataset/brisc2025/brisc2025/classification_task/train/glioma/brisc2025_train_00857_gl_sa_t1.jpg,glioma,/kaggle/input/datasets/briscdataset/brisc2025/brisc2025/classification_task/train/glioma/brisc2025_train_00858_gl_sa_t1.jpg,glioma
near,6,/kaggle/input/datasets/briscdataset/brisc2025/brisc2025/classification_task/train/glioma/brisc2025_train_00857_gl_sa_t1.jpg,glioma,/kaggle/input/datasets/briscdataset/brisc2025/brisc2025/classification_task/train/glioma/brisc2025_train_00909_gl_sa_t1.jpg,glioma
near,5,/kaggle/input/datasets/briscdataset/brisc2025/brisc2025/classification_task/train/glioma/brisc2025_train_00857_gl_sa_t1.jpg,glioma,/kaggle/input/datasets/briscdataset/brisc2025/brisc2025/classification_task/train/glioma/brisc2025_train_00910_gl_sa_t1.jpg,glioma
near,6,/kaggle/input/datasets/briscdataset/brisc2025/brisc2025/classification_task/train/glioma/brisc2025_train_00857_gl_sa_t1.jpg,glioma,/kaggle/input/datasets/briscdataset/brisc2025/brisc2025/classification_task/train/glioma/brisc2025_train_00941_gl_sa_t1.jpg,glioma
near,6,/kaggle/input/datasets/briscdataset/brisc2025/brisc2025/classification_task/train/glioma/brisc2025_train_00857_gl_sa_t1.jpg,glioma,/kaggle/input/datasets/briscdataset/brisc2025/brisc2025/classification_task/train/glioma/brisc2025_train_00961_gl_sa_t1.jpg,glioma
near,4,/kaggle/input/datasets/briscdataset/brisc2025/brisc2025/classification_task/train/glioma/brisc2025_train_00857_gl_sa_t1.jpg,glioma,/kaggle/input/datasets/briscdataset/brisc2025/brisc2025/classification_task/train/glioma/brisc2025_train_01059_gl_sa_t1.jpg,glioma
near,6,/kaggle/input/datasets/briscdataset/brisc2025/brisc2025/classification_task/train/glioma/brisc2025_train_00857_gl_sa_t1.jpg,glioma,/kaggle/input/datasets/briscdataset/brisc2025/brisc2025/classification_task/train/glioma/brisc2025_train_01093_gl_sa_t1.jpg,glioma
near,6,/kaggle/input/datasets/briscdataset/brisc2025/brisc2025/classification_task/train/glioma/brisc2025_train_00857_gl_sa_t1.jpg,glioma,/kaggle/input/datasets/briscdataset/brisc2025/brisc2025/classification_task/test/glioma/brisc2025_test_00224_gl_sa_t1.jpg,glioma
near,6,/kaggle/input/datasets/briscdataset/brisc2025/brisc2025/classification_task/train/glioma/brisc2025_train_00858_gl_sa_t1.jpg,glioma,/kaggle/input/datasets/briscdataset/brisc2025/brisc2025/classification_task/train/glioma/brisc2025_train_00960_gl_sa_t1.jpg,glioma
near,6,/kaggle/input/datasets/briscdataset/brisc2025/brisc2025/classification_task/train/glioma/brisc2025_train_00858_gl_sa_t1.jpg,glioma,/kaggle/input/datasets/briscdataset/brisc2025/brisc2025/classification_task/train/glioma/brisc2025_train_00961_gl_sa_t1.jpg,glioma
near,4,/kaggle/input/datasets/briscdataset/brisc2025/brisc2025/classification_task/train/glioma/brisc2025_train_00858_gl_sa_t1.jpg,glioma,/kaggle/input/datasets/briscdataset/brisc2025/brisc2025/classification_task/train/glioma/brisc2025_train_01059_gl_sa_t1.jpg,glioma
near,6,/kaggle/input/datasets/briscdataset/brisc2025/brisc2025/classification_task/train/glioma/brisc2025_train_00860_gl_sa_t1.jpg,glioma,/kaggle/input/datasets/briscdataset/brisc2025/brisc2025/classification_task/test/glioma/brisc2025_test_00174_gl_sa_t1.jpg,glioma
near,6,/kaggle/input/datasets/briscdataset/brisc2025/brisc2025/classification_task/train/glioma/brisc2025_train_00862_gl_sa_t1.jpg,glioma,/kaggle/input/datasets/briscdataset/brisc2025/brisc2025/classification_task/train/glioma/brisc2025_train_00887_gl_sa_t1.jpg,glioma
near,6,/kaggle/input/datasets/briscdataset/brisc2025/brisc2025/classification_task/train/glioma/brisc2025_train_00863_gl_sa_t1.jpg,glioma,/kaggle/input/datasets/briscdataset/brisc2025/brisc2025/classification_task/train/glioma/brisc2025_train_00864_gl_sa_t1.jpg,glioma
near,6,/kaggle/input/datasets/briscdataset/brisc2025/brisc2025/classification_task/train/glioma/brisc2025_train_00863_gl_sa_t1.jpg,glioma,/kaggle/input/datasets/briscdataset/brisc2025/brisc2025/classification_task/train/glioma/brisc2025_train_00866_gl_sa_t1.jpg,glioma
near,5,/kaggle/input/datasets/briscdataset/brisc2025/brisc2025/classification_task/train/glioma/brisc2025_train_00864_gl_sa_t1.jpg,glioma,/kaggle/input/datasets/briscdataset/brisc2025/brisc2025/classification_task/train/glioma/brisc2025_train_00865_gl_sa_t1.jpg,glioma
near,6,/kaggle/input/datasets/briscdataset/brisc2025/brisc2025/classification_task/train/glioma/brisc2025_train_00864_gl_sa_t1.jpg,glioma,/kaggle/input/datasets/briscdataset/brisc2025/brisc2025/classification_task/test/pituitary/brisc2025_test_00998_pi_sa_t1.jpg,pituitary
near,6,/kaggle/input/datasets/briscdataset/brisc2025/brisc2025/classification_task/train/glioma/brisc2025_train_00868_gl_sa_t1.jpg,glioma,/kaggle/input/datasets/briscdataset/brisc2025/brisc2025/classification_task/test/meningioma/brisc2025_test_00546_me_sa_t1.jpg,meningioma
near,6,/kaggle/input/datasets/briscdataset/brisc2025/brisc2025/classification_task/train/glioma/brisc2025_train_00870_gl_sa_t1.jpg,glioma,/kaggle/input/datasets/briscdataset/brisc2025/brisc2025/classification_task/train/glioma/brisc2025_train_00921_gl_sa_t1.jpg,glioma
near,6,/kaggle/input/datasets/briscdataset/brisc2025/brisc2025/classification_task/train/glioma/brisc2025_train_00871_gl_sa_t1.jpg,glioma,/kaggle/input/datasets/briscdataset/brisc2025/brisc2025/classification_task/train/glioma/brisc2025_train_00874_gl_sa_t1.jpg,glioma
near,5,/kaggle/input/datasets/briscdataset/brisc2025/brisc2025/classification_task/train/glioma/brisc2025_train_00872_gl_sa_t1.jpg,glioma,/kaggle/input/datasets/briscdataset/brisc2025/brisc2025/classification_task/train/glioma/brisc2025_train_00873_gl_sa_t1.jpg,glioma
near,6,/kaggle/input/datasets/briscdataset/brisc2025/brisc2025/classification_task/train/glioma/brisc2025_train_00873_gl_sa_t1.jpg,glioma,/kaggle/input/datasets/briscdataset/brisc2025/brisc2025/classification_task/train/glioma/brisc2025_train_00874_gl_sa_t1.jpg,glioma
near,6,/kaggle/input/datasets/briscdataset/brisc2025/brisc2025/classification_task/train/glioma/brisc2025_train_00873_gl_sa_t1.jpg,glioma,/kaggle/input/datasets/briscdataset/brisc2025/brisc2025/classification_task/test/glioma/brisc2025_test_00177_gl_sa_t1.jpg,glioma
near,6,/kaggle/input/datasets/briscdataset/brisc2025/brisc2025/classification_task/train/glioma/brisc2025_train_00874_gl_sa_t1.jpg,glioma,/kaggle/input/datasets/briscdataset/brisc2025/brisc2025/classification_task/test/glioma/brisc2025_test_00177_gl_sa_t1.jpg,glioma
near,5,/kaggle/input/datasets/briscdataset/brisc2025/brisc2025/classification_task/train/glioma/brisc2025_train_00875_gl_sa_t1.jpg,glioma,/kaggle/input/datasets/briscdataset/brisc2025/brisc2025/classification_task/test/glioma/brisc2025_test_00197_gl_sa_t1.jpg,glioma
near,6,/kaggle/input/datasets/briscdataset/brisc2025/brisc2025/classification_task/train/glioma/brisc2025_train_00875_gl_sa_t1.jpg,glioma,/kaggle/input/datasets/briscdataset/brisc2025/brisc2025/classification_task/test/meningioma/brisc2025_test_00536_me_sa_t1.jpg,meningioma
near,5,/kaggle/input/datasets/briscdataset/brisc2025/brisc2025/classification_task/train/glioma/brisc2025_train_00877_gl_sa_t1.jpg,glioma,/kaggle/input/datasets/briscdataset/brisc2025/brisc2025/classification_task/train/glioma/brisc2025_train_00880_gl_sa_t1.jpg,glioma
near,6,/kaggle/input/datasets/briscdataset/brisc2025/brisc2025/classification_task/train/glioma/brisc2025_train_00884_gl_sa_t1.jpg,glioma,/kaggle/input/datasets/briscdataset/brisc2025/brisc2025/classification_task/train/glioma/brisc2025_train_00885_gl_sa_t1.jpg,glioma
near,4,/kaggle/input/datasets/briscdataset/brisc2025/brisc2025/classification_task/train/glioma/brisc2025_train_00885_gl_sa_t1.jpg,glioma,/kaggle/input/datasets/briscdataset/brisc2025/brisc2025/classification_task/train/glioma/brisc2025_train_00886_gl_sa_t1.jpg,glioma
near,5,/kaggle/input/datasets/briscdataset/brisc2025/brisc2025/classification_task/train/glioma/brisc2025_train_00885_gl_sa_t1.jpg,glioma,/kaggle/input/datasets/briscdataset/brisc2025/brisc2025/classification_task/train/glioma/brisc2025_train_00890_gl_sa_t1.jpg,glioma
near,6,/kaggle/input/datasets/briscdataset/brisc2025/brisc2025/classification_task/train/glioma/brisc2025_train_00885_gl_sa_t1.jpg,glioma,/kaggle/input/datasets/briscdataset/brisc2025/brisc2025/classification_task/train/glioma/brisc2025_train_00979_gl_sa_t1.jpg,glioma
near,4,/kaggle/input/datasets/briscdataset/brisc2025/brisc2025/classification_task/train/glioma/brisc2025_train_00885_gl_sa_t1.jpg,glioma,/kaggle/input/datasets/briscdataset/brisc2025/brisc2025/classification_task/train/glioma/brisc2025_train_00980_gl_sa_t1.jpg,glioma
near,6,/kaggle/input/datasets/briscdataset/brisc2025/brisc2025/classification_task/train/glioma/brisc2025_train_00886_gl_sa_t1.jpg,glioma,/kaggle/input/datasets/briscdataset/brisc2025/brisc2025/classification_task/train/glioma/brisc2025_train_00887_gl_sa_t1.jpg,glioma
near,6,/kaggle/input/datasets/briscdataset/brisc2025/brisc2025/classification_task/train/glioma/brisc2025_train_00895_gl_sa_t1.jpg,glioma,/kaggle/input/datasets/briscdataset/brisc2025/brisc2025/classification_task/train/meningioma/brisc2025_train_02469_me_sa_t1.jpg,meningioma
near,6,/kaggle/input/datasets/briscdataset/brisc2025/brisc2025/classification_task/train/glioma/brisc2025_train_00901_gl_sa_t1.jpg,glioma,/kaggle/input/datasets/briscdataset/brisc2025/brisc2025/classification_task/train/glioma/brisc2025_train_00973_gl_sa_t1.jpg,glioma
near,5,/kaggle/input/datasets/briscdataset/brisc2025/brisc2025/classification_task/train/glioma/brisc2025_train_00902_gl_sa_t1.jpg,glioma,/kaggle/input/datasets/briscdataset/brisc2025/brisc2025/classification_task/train/glioma/brisc2025_train_01108_gl_sa_t1.jpg,glioma
near,6,/kaggle/input/datasets/briscdataset/brisc2025/brisc2025/classification_task/train/glioma/brisc2025_train_00902_gl_sa_t1.jpg,glioma,/kaggle/input/datasets/briscdataset/brisc2025/brisc2025/classification_task/train/meningioma/brisc2025_train_02424_me_sa_t1.jpg,meningioma
near,5,/kaggle/input/datasets/briscdataset/brisc2025/brisc2025/classification_task/train/glioma/brisc2025_train_00903_gl_sa_t1.jpg,glioma,/kaggle/input/datasets/briscdataset/brisc2025/brisc2025/classification_task/test/glioma/brisc2025_test_00207_gl_sa_t1.jpg,glioma
near,4,/kaggle/input/datasets/briscdataset/brisc2025/brisc2025/classification_task/train/glioma/brisc2025_train_00904_gl_sa_t1.jpg,glioma,/kaggle/input/datasets/briscdataset/brisc2025/brisc2025/classification_task/train/glioma/brisc2025_train_00905_gl_sa_t1.jpg,glioma
near,6,/kaggle/input/datasets/briscdataset/brisc2025/brisc2025/classification_task/train/glioma/brisc2025_train_00904_gl_sa_t1.jpg,glioma,/kaggle/input/datasets/briscdataset/brisc2025/brisc2025/classification_task/train/glioma/brisc2025_train_00907_gl_sa_t1.jpg,glioma
near,4,/kaggle/input/datasets/briscdataset/brisc2025/brisc2025/classification_task/train/glioma/brisc2025_train_00904_gl_sa_t1.jpg,glioma,/kaggle/input/datasets/briscdataset/brisc2025/brisc2025/classification_task/train/glioma/brisc2025_train_01110_gl_sa_t1.jpg,glioma
near,3,/kaggle/input/datasets/briscdataset/brisc2025/brisc2025/classification_task/train/glioma/brisc2025_train_00905_gl_sa_t1.jpg,glioma,/kaggle/input/datasets/briscdataset/brisc2025/brisc2025/classification_task/train/glioma/brisc2025_train_00906_gl_sa_t1.jpg,glioma
near,6,/kaggle/input/datasets/briscdataset/brisc2025/brisc2025/classification_task/train/glioma/brisc2025_train_00905_gl_sa_t1.jpg,glioma,/kaggle/input/datasets/briscdataset/brisc2025/brisc2025/classification_task/train/glioma/brisc2025_train_01110_gl_sa_t1.jpg,glioma
near,6,/kaggle/input/datasets/briscdataset/brisc2025/brisc2025/classification_task/train/glioma/brisc2025_train_00905_gl_sa_t1.jpg,glioma,/kaggle/input/datasets/briscdataset/brisc2025/brisc2025/classification_task/train/meningioma/brisc2025_train_01711_me_co_t1.jpg,meningioma
near,5,/kaggle/input/datasets/briscdataset/brisc2025/brisc2025/classification_task/train/glioma/brisc2025_train_00907_gl_sa_t1.jpg,glioma,/kaggle/input/datasets/briscdataset/brisc2025/brisc2025/classification_task/train/glioma/brisc2025_train_00908_gl_sa_t1.jpg,glioma
near,4,/kaggle/input/datasets/briscdataset/brisc2025/brisc2025/classification_task/train/glioma/brisc2025_train_00909_gl_sa_t1.jpg,glioma,/kaggle/input/datasets/briscdataset/brisc2025/brisc2025/classification_task/train/glioma/brisc2025_train_00961_gl_sa_t1.jpg,glioma
near,6,/kaggle/input/datasets/briscdataset/brisc2025/brisc2025/classification_task/train/glioma/brisc2025_train_00909_gl_sa_t1.jpg,glioma,/kaggle/input/datasets/briscdataset/brisc2025/brisc2025/classification_task/test/glioma/brisc2025_test_00173_gl_sa_t1.jpg,glioma
near,6,/kaggle/input/datasets/briscdataset/brisc2025/brisc2025/classification_task/train/glioma/brisc2025_train_00910_gl_sa_t1.jpg,glioma,/kaggle/input/datasets/briscdataset/brisc2025/brisc2025/classification_task/test/glioma/brisc2025_test_00238_gl_sa_t1.jpg,glioma
near,6,/kaggle/input/datasets/briscdataset/brisc2025/brisc2025/classification_task/train/glioma/brisc2025_train_00911_gl_sa_t1.jpg,glioma,/kaggle/input/datasets/briscdataset/brisc2025/brisc2025/classification_task/train/meningioma/brisc2025_train_02300_me_sa_t1.jpg,meningioma
near,6,/kaggle/input/datasets/briscdataset/brisc2025/brisc2025/classification_task/train/glioma/brisc2025_train_00912_gl_sa_t1.jpg,glioma,/kaggle/input/datasets/briscdataset/brisc2025/brisc2025/classification_task/test/glioma/brisc2025_test_00167_gl_sa_t1.jpg,glioma
near,3,/kaggle/input/datasets/briscdataset/brisc2025/brisc2025/classification_task/train/glioma/brisc2025_train_00916_gl_sa_t1.jpg,glioma,/kaggle/input/datasets/briscdataset/brisc2025/brisc2025/classification_task/train/glioma/brisc2025_train_00917_gl_sa_t1.jpg,glioma
near,6,/kaggle/input/datasets/briscdataset/brisc2025/brisc2025/classification_task/train/glioma/brisc2025_train_00916_gl_sa_t1.jpg,glioma,/kaggle/input/datasets/briscdataset/brisc2025/brisc2025/classification_task/test/glioma/brisc2025_test_00181_gl_sa_t1.jpg,glioma
near,3,/kaggle/input/datasets/briscdataset/brisc2025/brisc2025/classification_task/train/glioma/brisc2025_train_00920_gl_sa_t1.jpg,glioma,/kaggle/input/datasets/briscdataset/brisc2025/brisc2025/classification_task/train/glioma/brisc2025_train_00956_gl_sa_t1.jpg,glioma
near,3,/kaggle/input/datasets/briscdataset/brisc2025/brisc2025/classification_task/train/glioma/brisc2025_train_00920_gl_sa_t1.jpg,glioma,/kaggle/input/datasets/briscdataset/brisc2025/brisc2025/classification_task/test/glioma/brisc2025_test_00175_gl_sa_t1.jpg,glioma
near,5,/kaggle/input/datasets/briscdataset/brisc2025/brisc2025/classification_task/train/glioma/brisc2025_train_00921_gl_sa_t1.jpg,glioma,/kaggle/input/datasets/briscdataset/brisc2025/brisc2025/classification_task/train/meningioma/brisc2025_train_02280_me_sa_t1.jpg,meningioma
near,6,/kaggle/input/datasets/briscdataset/brisc2025/brisc2025/classification_task/train/glioma/brisc2025_train_00921_gl_sa_t1.jpg,glioma,/kaggle/input/datasets/briscdataset/brisc2025/brisc2025/classification_task/train/meningioma/brisc2025_train_02285_me_sa_t1.jpg,meningioma
near,6,/kaggle/input/datasets/briscdataset/brisc2025/brisc2025/classification_task/train/glioma/brisc2025_train_00921_gl_sa_t1.jpg,glioma,/kaggle/input/datasets/briscdataset/brisc2025/brisc2025/classification_task/train/meningioma/brisc2025_train_02366_me_sa_t1.jpg,meningioma
near,5,/kaggle/input/datasets/briscdataset/brisc2025/brisc2025/classification_task/train/glioma/brisc2025_train_00921_gl_sa_t1.jpg,glioma,/kaggle/input/datasets/briscdataset/brisc2025/brisc2025/classification_task/test/glioma/brisc2025_test_00168_gl_sa_t1.jpg,glioma
near,4,/kaggle/input/datasets/briscdataset/brisc2025/brisc2025/classification_task/train/glioma/brisc2025_train_00921_gl_sa_t1.jpg,glioma,/kaggle/input/datasets/briscdataset/brisc2025/brisc2025/classification_task/test/glioma/brisc2025_test_00189_gl_sa_t1.jpg,glioma
near,4,/kaggle/input/datasets/briscdataset/brisc2025/brisc2025/classification_task/train/glioma/brisc2025_train_00921_gl_sa_t1.jpg,glioma,/kaggle/input/datasets/briscdataset/brisc2025/brisc2025/classification_task/test/meningioma/brisc2025_test_00499_me_sa_t1.jpg,meningioma
near,6,/kaggle/input/datasets/briscdataset/brisc2025/brisc2025/classification_task/train/glioma/brisc2025_train_00922_gl_sa_t1.jpg,glioma,/kaggle/input/datasets/briscdataset/brisc2025/brisc2025/classification_task/train/glioma/brisc2025_train_00945_gl_sa_t1.jpg,glioma
near,6,/kaggle/input/datasets/briscdataset/brisc2025/brisc2025/classification_task/train/glioma/brisc2025_train_00923_gl_sa_t1.jpg,glioma,/kaggle/input/datasets/briscdataset/brisc2025/brisc2025/classification_task/train/glioma/brisc2025_train_00945_gl_sa_t1.jpg,glioma
near,6,/kaggle/input/datasets/briscdataset/brisc2025/brisc2025/classification_task/train/glioma/brisc2025_train_00925_gl_sa_t1.jpg,glioma,/kaggle/input/datasets/briscdataset/brisc2025/brisc2025/classification_task/train/glioma/brisc2025_train_01008_gl_sa_t1.jpg,glioma
near,4,/kaggle/input/datasets/briscdataset/brisc2025/brisc2025/classification_task/train/glioma/brisc2025_train_00928_gl_sa_t1.jpg,glioma,/kaggle/input/datasets/briscdataset/brisc2025/brisc2025/classification_task/test/glioma/brisc2025_test_00183_gl_sa_t1.jpg,glioma
near,6,/kaggle/input/datasets/briscdataset/brisc2025/brisc2025/classification_task/train/glioma/brisc2025_train_00929_gl_sa_t1.jpg,glioma,/kaggle/input/datasets/briscdataset/brisc2025/brisc2025/classification_task/train/glioma/brisc2025_train_00930_gl_sa_t1.jpg,glioma
near,6,/kaggle/input/datasets/briscdataset/brisc2025/brisc2025/classification_task/train/glioma/brisc2025_train_00929_gl_sa_t1.jpg,glioma,/kaggle/input/datasets/briscdataset/brisc2025/brisc2025/classification_task/train/glioma/brisc2025_train_00931_gl_sa_t1.jpg,glioma
near,5,/kaggle/input/datasets/briscdataset/brisc2025/brisc2025/classification_task/train/glioma/brisc2025_train_00929_gl_sa_t1.jpg,glioma,/kaggle/input/datasets/briscdataset/brisc2025/brisc2025/classification_task/test/glioma/brisc2025_test_00184_gl_sa_t1.jpg,glioma
near,4,/kaggle/input/datasets/briscdataset/brisc2025/brisc2025/classification_task/train/glioma/brisc2025_train_00930_gl_sa_t1.jpg,glioma,/kaggle/input/datasets/briscdataset/brisc2025/brisc2025/classification_task/train/glioma/brisc2025_train_00931_gl_sa_t1.jpg,glioma
near,6,/kaggle/input/datasets/briscdataset/brisc2025/brisc2025/classification_task/train/glioma/brisc2025_train_00930_gl_sa_t1.jpg,glioma,/kaggle/input/datasets/briscdataset/brisc2025/brisc2025/classification_task/train/meningioma/brisc2025_train_02340_me_sa_t1.jpg,meningioma
near,2,/kaggle/input/datasets/briscdataset/brisc2025/brisc2025/classification_task/train/glioma/brisc2025_train_00932_gl_sa_t1.jpg,glioma,/kaggle/input/datasets/briscdataset/brisc2025/brisc2025/classification_task/train/glioma/brisc2025_train_00933_gl_sa_t1.jpg,glioma
near,6,/kaggle/input/datasets/briscdataset/brisc2025/brisc2025/classification_task/train/glioma/brisc2025_train_00932_gl_sa_t1.jpg,glioma,/kaggle/input/datasets/briscdataset/brisc2025/brisc2025/classification_task/train/glioma/brisc2025_train_00958_gl_sa_t1.jpg,glioma
near,6,/kaggle/input/datasets/briscdataset/brisc2025/brisc2025/classification_task/train/glioma/brisc2025_train_00932_gl_sa_t1.jpg,glioma,/kaggle/input/datasets/briscdataset/brisc2025/brisc2025/classification_task/train/glioma/brisc2025_train_01068_gl_sa_t1.jpg,glioma
near,6,/kaggle/input/datasets/briscdataset/brisc2025/brisc2025/classification_task/train/glioma/brisc2025_train_00933_gl_sa_t1.jpg,glioma,/kaggle/input/datasets/briscdataset/brisc2025/brisc2025/classification_task/train/glioma/brisc2025_train_01068_gl_sa_t1.jpg,glioma
near,5,/kaggle/input/datasets/briscdataset/brisc2025/brisc2025/classification_task/train/glioma/brisc2025_train_00934_gl_sa_t1.jpg,glioma,/kaggle/input/datasets/briscdataset/brisc2025/brisc2025/classification_task/train/glioma/brisc2025_train_01060_gl_sa_t1.jpg,glioma
near,6,/kaggle/input/datasets/briscdataset/brisc2025/brisc2025/classification_task/train/glioma/brisc2025_train_00935_gl_sa_t1.jpg,glioma,/kaggle/input/datasets/briscdataset/brisc2025/brisc2025/classification_task/train/glioma/brisc2025_train_00936_gl_sa_t1.jpg,glioma
near,5,/kaggle/input/datasets/briscdataset/brisc2025/brisc2025/classification_task/train/glioma/brisc2025_train_00939_gl_sa_t1.jpg,glioma,/kaggle/input/datasets/briscdataset/brisc2025/brisc2025/classification_task/train/glioma/brisc2025_train_00940_gl_sa_t1.jpg,glioma
near,5,/kaggle/input/datasets/briscdataset/brisc2025/brisc2025/classification_task/train/glioma/brisc2025_train_00941_gl_sa_t1.jpg,glioma,/kaggle/input/datasets/briscdataset/brisc2025/brisc2025/classification_task/train/glioma/brisc2025_train_00942_gl_sa_t1.jpg,glioma
near,6,/kaggle/input/datasets/briscdataset/brisc2025/brisc2025/classification_task/train/glioma/brisc2025_train_00941_gl_sa_t1.jpg,glioma,/kaggle/input/datasets/briscdataset/brisc2025/brisc2025/classification_task/train/glioma/brisc2025_train_01059_gl_sa_t1.jpg,glioma
near,4,/kaggle/input/datasets/briscdataset/brisc2025/brisc2025/classification_task/train/glioma/brisc2025_train_00941_gl_sa_t1.jpg,glioma,/kaggle/input/datasets/briscdataset/brisc2025/brisc2025/classification_task/train/meningioma/brisc2025_train_02399_me_sa_t1.jpg,meningioma
near,3,/kaggle/input/datasets/briscdataset/brisc2025/brisc2025/classification_task/train/glioma/brisc2025_train_00941_gl_sa_t1.jpg,glioma,/kaggle/input/datasets/briscdataset/brisc2025/brisc2025/classification_task/train/meningioma/brisc2025_train_02400_me_sa_t1.jpg,meningioma
near,3,/kaggle/input/datasets/briscdataset/brisc2025/brisc2025/classification_task/train/glioma/brisc2025_train_00941_gl_sa_t1.jpg,glioma,/kaggle/input/datasets/briscdataset/brisc2025/brisc2025/classification_task/test/glioma/brisc2025_test_00186_gl_sa_t1.jpg,glioma
near,5,/kaggle/input/datasets/briscdataset/brisc2025/brisc2025/classification_task/train/glioma/brisc2025_train_00942_gl_sa_t1.jpg,glioma,/kaggle/input/datasets/briscdataset/brisc2025/brisc2025/classification_task/train/glioma/brisc2025_train_01059_gl_sa_t1.jpg,glioma
near,6,/kaggle/input/datasets/briscdataset/brisc2025/brisc2025/classification_task/train/glioma/brisc2025_train_00942_gl_sa_t1.jpg,glioma,/kaggle/input/datasets/briscdataset/brisc2025/brisc2025/classification_task/train/meningioma/brisc2025_train_02400_me_sa_t1.jpg,meningioma
near,6,/kaggle/input/datasets/briscdataset/brisc2025/brisc2025/classification_task/train/glioma/brisc2025_train_00942_gl_sa_t1.jpg,glioma,/kaggle/input/datasets/briscdataset/brisc2025/brisc2025/classification_task/test/glioma/brisc2025_test_00186_gl_sa_t1.jpg,glioma
near,3,/kaggle/input/datasets/briscdataset/brisc2025/brisc2025/classification_task/train/glioma/brisc2025_train_00946_gl_sa_t1.jpg,glioma,/kaggle/input/datasets/briscdataset/brisc2025/brisc2025/classification_task/train/glioma/brisc2025_train_00947_gl_sa_t1.jpg,glioma
near,6,/kaggle/input/datasets/briscdataset/brisc2025/brisc2025/classification_task/train/glioma/brisc2025_train_00946_gl_sa_t1.jpg,glioma,/kaggle/input/datasets/briscdataset/brisc2025/brisc2025/classification_task/test/glioma/brisc2025_test_00190_gl_sa_t1.jpg,glioma
near,5,/kaggle/input/datasets/briscdataset/brisc2025/brisc2025/classification_task/train/glioma/brisc2025_train_00955_gl_sa_t1.jpg,glioma,/kaggle/input/datasets/briscdataset/brisc2025/brisc2025/classification_task/test/glioma/brisc2025_test_00207_gl_sa_t1.jpg,glioma
near,6,/kaggle/input/datasets/briscdataset/brisc2025/brisc2025/classification_task/train/glioma/brisc2025_train_00956_gl_sa_t1.jpg,glioma,/kaggle/input/datasets/briscdataset/brisc2025/brisc2025/classification_task/test/glioma/brisc2025_test_00168_gl_sa_t1.jpg,glioma
near,6,/kaggle/input/datasets/briscdataset/brisc2025/brisc2025/classification_task/train/glioma/brisc2025_train_00956_gl_sa_t1.jpg,glioma,/kaggle/input/datasets/briscdataset/brisc2025/brisc2025/classification_task/test/glioma/brisc2025_test_00175_gl_sa_t1.jpg,glioma
near,6,/kaggle/input/datasets/briscdataset/brisc2025/brisc2025/classification_task/train/glioma/brisc2025_train_00957_gl_sa_t1.jpg,glioma,/kaggle/input/datasets/briscdataset/brisc2025/brisc2025/classification_task/train/glioma/brisc2025_train_00979_gl_sa_t1.jpg,glioma
near,4,/kaggle/input/datasets/briscdataset/brisc2025/brisc2025/classification_task/train/glioma/brisc2025_train_00957_gl_sa_t1.jpg,glioma,/kaggle/input/datasets/briscdataset/brisc2025/brisc2025/classification_task/train/glioma/brisc2025_train_00980_gl_sa_t1.jpg,glioma
near,6,/kaggle/input/datasets/briscdataset/brisc2025/brisc2025/classification_task/train/glioma/brisc2025_train_00957_gl_sa_t1.jpg,glioma,/kaggle/input/datasets/briscdataset/brisc2025/brisc2025/classification_task/train/glioma/brisc2025_train_01119_gl_sa_t1.jpg,glioma
near,5,/kaggle/input/datasets/briscdataset/brisc2025/brisc2025/classification_task/train/glioma/brisc2025_train_00957_gl_sa_t1.jpg,glioma,/kaggle/input/datasets/briscdataset/brisc2025/brisc2025/classification_task/test/glioma/brisc2025_test_00197_gl_sa_t1.jpg,glioma
near,6,/kaggle/input/datasets/briscdataset/brisc2025/brisc2025/classification_task/train/glioma/brisc2025_train_00958_gl_sa_t1.jpg,glioma,/kaggle/input/datasets/briscdataset/brisc2025/brisc2025/classification_task/train/meningioma/brisc2025_train_02299_me_sa_t1.jpg,meningioma
near,5,/kaggle/input/datasets/briscdataset/brisc2025/brisc2025/classification_task/train/glioma/brisc2025_train_00958_gl_sa_t1.jpg,glioma,/kaggle/input/datasets/briscdataset/brisc2025/brisc2025/classification_task/test/glioma/brisc2025_test_00173_gl_sa_t1.jpg,glioma
near,4,/kaggle/input/datasets/briscdataset/brisc2025/brisc2025/classification_task/train/glioma/brisc2025_train_00960_gl_sa_t1.jpg,glioma,/kaggle/input/datasets/briscdataset/brisc2025/brisc2025/classification_task/train/glioma/brisc2025_train_00961_gl_sa_t1.jpg,glioma
near,6,/kaggle/input/datasets/briscdataset/brisc2025/brisc2025/classification_task/train/glioma/brisc2025_train_00961_gl_sa_t1.jpg,glioma,/kaggle/input/datasets/briscdataset/brisc2025/brisc2025/classification_task/train/glioma/brisc2025_train_01059_gl_sa_t1.jpg,glioma
near,6,/kaggle/input/datasets/briscdataset/brisc2025/brisc2025/classification_task/train/glioma/brisc2025_train_00961_gl_sa_t1.jpg,glioma,/kaggle/input/datasets/briscdataset/brisc2025/brisc2025/classification_task/test/glioma/brisc2025_test_00224_gl_sa_t1.jpg,glioma
near,6,/kaggle/input/datasets/briscdataset/brisc2025/brisc2025/classification_task/train/glioma/brisc2025_train_00963_gl_sa_t1.jpg,glioma,/kaggle/input/datasets/briscdataset/brisc2025/brisc2025/classification_task/test/glioma/brisc2025_test_00213_gl_sa_t1.jpg,glioma
near,4,/kaggle/input/datasets/briscdataset/brisc2025/brisc2025/classification_task/train/glioma/brisc2025_train_00966_gl_sa_t1.jpg,glioma,/kaggle/input/datasets/briscdataset/brisc2025/brisc2025/classification_task/test/glioma/brisc2025_test_00195_gl_sa_t1.jpg,glioma
near,6,/kaggle/input/datasets/briscdataset/brisc2025/brisc2025/classification_task/train/glioma/brisc2025_train_00970_gl_sa_t1.jpg,glioma,/kaggle/input/datasets/briscdataset/brisc2025/brisc2025/classification_task/train/glioma/brisc2025_train_00971_gl_sa_t1.jpg,glioma
near,4,/kaggle/input/datasets/briscdataset/brisc2025/brisc2025/classification_task/train/glioma/brisc2025_train_00977_gl_sa_t1.jpg,glioma,/kaggle/input/datasets/briscdataset/brisc2025/brisc2025/classification_task/train/glioma/brisc2025_train_00978_gl_sa_t1.jpg,glioma
near,4,/kaggle/input/datasets/briscdataset/brisc2025/brisc2025/classification_task/train/glioma/brisc2025_train_00979_gl_sa_t1.jpg,glioma,/kaggle/input/datasets/briscdataset/brisc2025/brisc2025/classification_task/train/glioma/brisc2025_train_00980_gl_sa_t1.jpg,glioma
near,5,/kaggle/input/datasets/briscdataset/brisc2025/brisc2025/classification_task/train/glioma/brisc2025_train_00980_gl_sa_t1.jpg,glioma,/kaggle/input/datasets/briscdataset/brisc2025/brisc2025/classification_task/test/glioma/brisc2025_test_00197_gl_sa_t1.jpg,glioma
near,2,/kaggle/input/datasets/briscdataset/brisc2025/brisc2025/classification_task/train/glioma/brisc2025_train_00982_gl_sa_t1.jpg,glioma,/kaggle/input/datasets/briscdataset/brisc2025/brisc2025/classification_task/test/glioma/brisc2025_test_00198_gl_sa_t1.jpg,glioma
near,3,/kaggle/input/datasets/briscdataset/brisc2025/brisc2025/classification_task/train/glioma/brisc2025_train_00983_gl_sa_t1.jpg,glioma,/kaggle/input/datasets/briscdataset/brisc2025/brisc2025/classification_task/train/glioma/brisc2025_train_00984_gl_sa_t1.jpg,glioma
near,5,/kaggle/input/datasets/briscdataset/brisc2025/brisc2025/classification_task/train/glioma/brisc2025_train_00984_gl_sa_t1.jpg,glioma,/kaggle/input/datasets/briscdataset/brisc2025/brisc2025/classification_task/train/glioma/brisc2025_train_00985_gl_sa_t1.jpg,glioma
near,4,/kaggle/input/datasets/briscdataset/brisc2025/brisc2025/classification_task/train/glioma/brisc2025_train_00985_gl_sa_t1.jpg,glioma,/kaggle/input/datasets/briscdataset/brisc2025/brisc2025/classification_task/test/glioma/brisc2025_test_00200_gl_sa_t1.jpg,glioma
near,6,/kaggle/input/datasets/briscdataset/brisc2025/brisc2025/classification_task/train/glioma/brisc2025_train_00987_gl_sa_t1.jpg,glioma,/kaggle/input/datasets/briscdataset/brisc2025/brisc2025/classification_task/train/glioma/brisc2025_train_00988_gl_sa_t1.jpg,glioma
near,6,/kaggle/input/datasets/briscdataset/brisc2025/brisc2025/classification_task/train/glioma/brisc2025_train_00990_gl_sa_t1.jpg,glioma,/kaggle/input/datasets/briscdataset/brisc2025/brisc2025/classification_task/train/glioma/brisc2025_train_00991_gl_sa_t1.jpg,glioma
near,4,/kaggle/input/datasets/briscdataset/brisc2025/brisc2025/classification_task/train/glioma/brisc2025_train_00992_gl_sa_t1.jpg,glioma,/kaggle/input/datasets/briscdataset/brisc2025/brisc2025/classification_task/train/glioma/brisc2025_train_00994_gl_sa_t1.jpg,glioma
near,6,/kaggle/input/datasets/briscdataset/brisc2025/brisc2025/classification_task/train/glioma/brisc2025_train_00992_gl_sa_t1.jpg,glioma,/kaggle/input/datasets/briscdataset/brisc2025/brisc2025/classification_task/test/glioma/brisc2025_test_00203_gl_sa_t1.jpg,glioma
near,4,/kaggle/input/datasets/briscdataset/brisc2025/brisc2025/classification_task/train/glioma/brisc2025_train_00993_gl_sa_t1.jpg,glioma,/kaggle/input/datasets/briscdataset/brisc2025/brisc2025/classification_task/train/glioma/brisc2025_train_00994_gl_sa_t1.jpg,glioma
near,6,/kaggle/input/datasets/briscdataset/brisc2025/brisc2025/classification_task/train/glioma/brisc2025_train_00993_gl_sa_t1.jpg,glioma,/kaggle/input/datasets/briscdataset/brisc2025/brisc2025/classification_task/test/glioma/brisc2025_test_00203_gl_sa_t1.jpg,glioma
near,6,/kaggle/input/datasets/briscdataset/brisc2025/brisc2025/classification_task/train/glioma/brisc2025_train_00998_gl_sa_t1.jpg,glioma,/kaggle/input/datasets/briscdataset/brisc2025/brisc2025/classification_task/train/glioma/brisc2025_train_00999_gl_sa_t1.jpg,glioma
near,5,/kaggle/input/datasets/briscdataset/brisc2025/brisc2025/classification_task/train/glioma/brisc2025_train_01004_gl_sa_t1.jpg,glioma,/kaggle/input/datasets/briscdataset/brisc2025/brisc2025/classification_task/test/glioma/brisc2025_test_00173_gl_sa_t1.jpg,glioma
near,6,/kaggle/input/datasets/briscdataset/brisc2025/brisc2025/classification_task/train/glioma/brisc2025_train_01004_gl_sa_t1.jpg,glioma,/kaggle/input/datasets/briscdataset/brisc2025/brisc2025/classification_task/test/glioma/brisc2025_test_00207_gl_sa_t1.jpg,glioma
near,4,/kaggle/input/datasets/briscdataset/brisc2025/brisc2025/classification_task/train/glioma/brisc2025_train_01005_gl_sa_t1.jpg,glioma,/kaggle/input/datasets/briscdataset/brisc2025/brisc2025/classification_task/train/glioma/brisc2025_train_01006_gl_sa_t1.jpg,glioma
near,6,/kaggle/input/datasets/briscdataset/brisc2025/brisc2025/classification_task/train/glioma/brisc2025_train_01005_gl_sa_t1.jpg,glioma,/kaggle/input/datasets/briscdataset/brisc2025/brisc2025/classification_task/test/glioma/brisc2025_test_00208_gl_sa_t1.jpg,glioma
near,4,/kaggle/input/datasets/briscdataset/brisc2025/brisc2025/classification_task/train/glioma/brisc2025_train_01007_gl_sa_t1.jpg,glioma,/kaggle/input/datasets/briscdataset/brisc2025/brisc2025/classification_task/train/glioma/brisc2025_train_01008_gl_sa_t1.jpg,glioma
near,5,/kaggle/input/datasets/briscdataset/brisc2025/brisc2025/classification_task/train/glioma/brisc2025_train_01008_gl_sa_t1.jpg,glioma,/kaggle/input/datasets/briscdataset/brisc2025/brisc2025/classification_task/train/meningioma/brisc2025_train_01957_me_co_t1.jpg,meningioma
near,6,/kaggle/input/datasets/briscdataset/brisc2025/brisc2025/classification_task/train/glioma/brisc2025_train_01011_gl_sa_t1.jpg,glioma,/kaggle/input/datasets/briscdataset/brisc2025/brisc2025/classification_task/train/pituitary/brisc2025_train_04794_pi_sa_t1.jpg,pituitary
near,6,/kaggle/input/datasets/briscdataset/brisc2025/brisc2025/classification_task/train/glioma/brisc2025_train_01011_gl_sa_t1.jpg,glioma,/kaggle/input/datasets/briscdataset/brisc2025/brisc2025/classification_task/test/pituitary/brisc2025_test_00985_pi_sa_t1.jpg,pituitary
near,6,/kaggle/input/datasets/briscdataset/brisc2025/brisc2025/classification_task/train/glioma/brisc2025_train_01013_gl_sa_t1.jpg,glioma,/kaggle/input/datasets/briscdataset/brisc2025/brisc2025/classification_task/train/glioma/brisc2025_train_01014_gl_sa_t1.jpg,glioma
near,6,/kaggle/input/datasets/briscdataset/brisc2025/brisc2025/classification_task/train/glioma/brisc2025_train_01013_gl_sa_t1.jpg,glioma,/kaggle/input/datasets/briscdataset/brisc2025/brisc2025/classification_task/test/glioma/brisc2025_test_00211_gl_sa_t1.jpg,glioma
near,4,/kaggle/input/datasets/briscdataset/brisc2025/brisc2025/classification_task/train/glioma/brisc2025_train_01014_gl_sa_t1.jpg,glioma,/kaggle/input/datasets/briscdataset/brisc2025/brisc2025/classification_task/test/glioma/brisc2025_test_00211_gl_sa_t1.jpg,glioma
near,6,/kaggle/input/datasets/briscdataset/brisc2025/brisc2025/classification_task/train/glioma/brisc2025_train_01017_gl_sa_t1.jpg,glioma,/kaggle/input/datasets/briscdataset/brisc2025/brisc2025/classification_task/train/glioma/brisc2025_train_01018_gl_sa_t1.jpg,glioma
near,6,/kaggle/input/datasets/briscdataset/brisc2025/brisc2025/classification_task/train/glioma/brisc2025_train_01018_gl_sa_t1.jpg,glioma,/kaggle/input/datasets/briscdataset/brisc2025/brisc2025/classification_task/train/glioma/brisc2025_train_01019_gl_sa_t1.jpg,glioma
near,4,/kaggle/input/datasets/briscdataset/brisc2025/brisc2025/classification_task/train/glioma/brisc2025_train_01020_gl_sa_t1.jpg,glioma,/kaggle/input/datasets/briscdataset/brisc2025/brisc2025/classification_task/train/glioma/brisc2025_train_01021_gl_sa_t1.jpg,glioma
near,4,/kaggle/input/datasets/briscdataset/brisc2025/brisc2025/classification_task/train/glioma/brisc2025_train_01020_gl_sa_t1.jpg,glioma,/kaggle/input/datasets/briscdataset/brisc2025/brisc2025/classification_task/train/glioma/brisc2025_train_01022_gl_sa_t1.jpg,glioma
near,4,/kaggle/input/datasets/briscdataset/brisc2025/brisc2025/classification_task/train/glioma/brisc2025_train_01020_gl_sa_t1.jpg,glioma,/kaggle/input/datasets/briscdataset/brisc2025/brisc2025/classification_task/train/glioma/brisc2025_train_01023_gl_sa_t1.jpg,glioma
near,6,/kaggle/input/datasets/briscdataset/brisc2025/brisc2025/classification_task/train/glioma/brisc2025_train_01021_gl_sa_t1.jpg,glioma,/kaggle/input/datasets/briscdataset/brisc2025/brisc2025/classification_task/train/glioma/brisc2025_train_01022_gl_sa_t1.jpg,glioma
near,4,/kaggle/input/datasets/briscdataset/brisc2025/brisc2025/classification_task/train/glioma/brisc2025_train_01022_gl_sa_t1.jpg,glioma,/kaggle/input/datasets/briscdataset/brisc2025/brisc2025/classification_task/train/glioma/brisc2025_train_01023_gl_sa_t1.jpg,glioma
near,4,/kaggle/input/datasets/briscdataset/brisc2025/brisc2025/classification_task/train/glioma/brisc2025_train_01026_gl_sa_t1.jpg,glioma,/kaggle/input/datasets/briscdataset/brisc2025/brisc2025/classification_task/test/glioma/brisc2025_test_00216_gl_sa_t1.jpg,glioma
near,6,/kaggle/input/datasets/briscdataset/brisc2025/brisc2025/classification_task/train/glioma/brisc2025_train_01029_gl_sa_t1.jpg,glioma,/kaggle/input/datasets/briscdataset/brisc2025/brisc2025/classification_task/test/glioma/brisc2025_test_00197_gl_sa_t1.jpg,glioma
near,6,/kaggle/input/datasets/briscdataset/brisc2025/brisc2025/classification_task/train/glioma/brisc2025_train_01038_gl_sa_t1.jpg,glioma,/kaggle/input/datasets/briscdataset/brisc2025/brisc2025/classification_task/train/glioma/brisc2025_train_01101_gl_sa_t1.jpg,glioma
near,6,/kaggle/input/datasets/briscdataset/brisc2025/brisc2025/classification_task/train/glioma/brisc2025_train_01041_gl_sa_t1.jpg,glioma,/kaggle/input/datasets/briscdataset/brisc2025/brisc2025/classification_task/train/glioma/brisc2025_train_01042_gl_sa_t1.jpg,glioma
near,6,/kaggle/input/datasets/briscdataset/brisc2025/brisc2025/classification_task/train/glioma/brisc2025_train_01042_gl_sa_t1.jpg,glioma,/kaggle/input/datasets/briscdataset/brisc2025/brisc2025/classification_task/train/glioma/brisc2025_train_01043_gl_sa_t1.jpg,glioma
near,6,/kaggle/input/datasets/briscdataset/brisc2025/brisc2025/classification_task/train/glioma/brisc2025_train_01043_gl_sa_t1.jpg,glioma,/kaggle/input/datasets/briscdataset/brisc2025/brisc2025/classification_task/train/pituitary/brisc2025_train_04985_pi_sa_t1.jpg,pituitary
near,6,/kaggle/input/datasets/briscdataset/brisc2025/brisc2025/classification_task/train/glioma/brisc2025_train_01046_gl_sa_t1.jpg,glioma,/kaggle/input/datasets/briscdataset/brisc2025/brisc2025/classification_task/test/glioma/brisc2025_test_00220_gl_sa_t1.jpg,glioma
near,4,/kaggle/input/datasets/briscdataset/brisc2025/brisc2025/classification_task/train/glioma/brisc2025_train_01047_gl_sa_t1.jpg,glioma,/kaggle/input/datasets/briscdataset/brisc2025/brisc2025/classification_task/train/glioma/brisc2025_train_01048_gl_sa_t1.jpg,glioma
near,4,/kaggle/input/datasets/briscdataset/brisc2025/brisc2025/classification_task/train/glioma/brisc2025_train_01051_gl_sa_t1.jpg,glioma,/kaggle/input/datasets/briscdataset/brisc2025/brisc2025/classification_task/train/pituitary/brisc2025_train_04955_pi_sa_t1.jpg,pituitary
near,5,/kaggle/input/datasets/briscdataset/brisc2025/brisc2025/classification_task/train/glioma/brisc2025_train_01051_gl_sa_t1.jpg,glioma,/kaggle/input/datasets/briscdataset/brisc2025/brisc2025/classification_task/test/pituitary/brisc2025_test_00996_pi_sa_t1.jpg,pituitary
near,6,/kaggle/input/datasets/briscdataset/brisc2025/brisc2025/classification_task/train/glioma/brisc2025_train_01056_gl_sa_t1.jpg,glioma,/kaggle/input/datasets/briscdataset/brisc2025/brisc2025/classification_task/test/glioma/brisc2025_test_00223_gl_sa_t1.jpg,glioma
near,6,/kaggle/input/datasets/briscdataset/brisc2025/brisc2025/classification_task/train/glioma/brisc2025_train_01057_gl_sa_t1.jpg,glioma,/kaggle/input/datasets/briscdataset/brisc2025/brisc2025/classification_task/train/glioma/brisc2025_train_01058_gl_sa_t1.jpg,glioma
near,6,/kaggle/input/datasets/briscdataset/brisc2025/brisc2025/classification_task/train/glioma/brisc2025_train_01059_gl_sa_t1.jpg,glioma,/kaggle/input/datasets/briscdataset/brisc2025/brisc2025/classification_task/train/glioma/brisc2025_train_01093_gl_sa_t1.jpg,glioma
near,6,/kaggle/input/datasets/briscdataset/brisc2025/brisc2025/classification_task/train/glioma/brisc2025_train_01059_gl_sa_t1.jpg,glioma,/kaggle/input/datasets/briscdataset/brisc2025/brisc2025/classification_task/train/meningioma/brisc2025_train_02328_me_sa_t1.jpg,meningioma
near,6,/kaggle/input/datasets/briscdataset/brisc2025/brisc2025/classification_task/train/glioma/brisc2025_train_01059_gl_sa_t1.jpg,glioma,/kaggle/input/datasets/briscdataset/brisc2025/brisc2025/classification_task/train/meningioma/brisc2025_train_02424_me_sa_t1.jpg,meningioma
near,5,/kaggle/input/datasets/briscdataset/brisc2025/brisc2025/classification_task/train/glioma/brisc2025_train_01059_gl_sa_t1.jpg,glioma,/kaggle/input/datasets/briscdataset/brisc2025/brisc2025/classification_task/test/glioma/brisc2025_test_00207_gl_sa_t1.jpg,glioma
near,4,/kaggle/input/datasets/briscdataset/brisc2025/brisc2025/classification_task/train/glioma/brisc2025_train_01059_gl_sa_t1.jpg,glioma,/kaggle/input/datasets/briscdataset/brisc2025/brisc2025/classification_task/test/glioma/brisc2025_test_00224_gl_sa_t1.jpg,glioma
near,6,/kaggle/input/datasets/briscdataset/brisc2025/brisc2025/classification_task/train/glioma/brisc2025_train_01060_gl_sa_t1.jpg,glioma,/kaggle/input/datasets/briscdataset/brisc2025/brisc2025/classification_task/train/meningioma/brisc2025_train_02385_me_sa_t1.jpg,meningioma
near,6,/kaggle/input/datasets/briscdataset/brisc2025/brisc2025/classification_task/train/glioma/brisc2025_train_01060_gl_sa_t1.jpg,glioma,/kaggle/input/datasets/briscdataset/brisc2025/brisc2025/classification_task/test/meningioma/brisc2025_test_00495_me_sa_t1.jpg,meningioma
near,5,/kaggle/input/datasets/briscdataset/brisc2025/brisc2025/classification_task/train/glioma/brisc2025_train_01063_gl_sa_t1.jpg,glioma,/kaggle/input/datasets/briscdataset/brisc2025/brisc2025/classification_task/train/glioma/brisc2025_train_01064_gl_sa_t1.jpg,glioma
near,6,/kaggle/input/datasets/briscdataset/brisc2025/brisc2025/classification_task/train/glioma/brisc2025_train_01067_gl_sa_t1.jpg,glioma,/kaggle/input/datasets/briscdataset/brisc2025/brisc2025/classification_task/train/glioma/brisc2025_train_01068_gl_sa_t1.jpg,glioma
near,6,/kaggle/input/datasets/briscdataset/brisc2025/brisc2025/classification_task/train/glioma/brisc2025_train_01067_gl_sa_t1.jpg,glioma,/kaggle/input/datasets/briscdataset/brisc2025/brisc2025/classification_task/train/meningioma/brisc2025_train_02273_me_sa_t1.jpg,meningioma
near,6,/kaggle/input/datasets/briscdataset/brisc2025/brisc2025/classification_task/train/glioma/brisc2025_train_01067_gl_sa_t1.jpg,glioma,/kaggle/input/datasets/briscdataset/brisc2025/brisc2025/classification_task/train/meningioma/brisc2025_train_02299_me_sa_t1.jpg,meningioma
near,4,/kaggle/input/datasets/briscdataset/brisc2025/brisc2025/classification_task/train/glioma/brisc2025_train_01067_gl_sa_t1.jpg,glioma,/kaggle/input/datasets/briscdataset/brisc2025/brisc2025/classification_task/train/meningioma/brisc2025_train_02469_me_sa_t1.jpg,meningioma
near,6,/kaggle/input/datasets/briscdataset/brisc2025/brisc2025/classification_task/train/glioma/brisc2025_train_01067_gl_sa_t1.jpg,glioma,/kaggle/input/datasets/briscdataset/brisc2025/brisc2025/classification_task/test/glioma/brisc2025_test_00187_gl_sa_t1.jpg,glioma
near,4,/kaggle/input/datasets/briscdataset/brisc2025/brisc2025/classification_task/train/glioma/brisc2025_train_01068_gl_sa_t1.jpg,glioma,/kaggle/input/datasets/briscdataset/brisc2025/brisc2025/classification_task/train/glioma/brisc2025_train_01069_gl_sa_t1.jpg,glioma
near,6,/kaggle/input/datasets/briscdataset/brisc2025/brisc2025/classification_task/train/glioma/brisc2025_train_01068_gl_sa_t1.jpg,glioma,/kaggle/input/datasets/briscdataset/brisc2025/brisc2025/classification_task/train/meningioma/brisc2025_train_02298_me_sa_t1.jpg,meningioma
near,6,/kaggle/input/datasets/briscdataset/brisc2025/brisc2025/classification_task/train/glioma/brisc2025_train_01068_gl_sa_t1.jpg,glioma,/kaggle/input/datasets/briscdataset/brisc2025/brisc2025/classification_task/train/meningioma/brisc2025_train_02469_me_sa_t1.jpg,meningioma
near,6,/kaggle/input/datasets/briscdataset/brisc2025/brisc2025/classification_task/train/glioma/brisc2025_train_01069_gl_sa_t1.jpg,glioma,/kaggle/input/datasets/briscdataset/brisc2025/brisc2025/classification_task/train/meningioma/brisc2025_train_02273_me_sa_t1.jpg,meningioma
near,6,/kaggle/input/datasets/briscdataset/brisc2025/brisc2025/classification_task/train/glioma/brisc2025_train_01070_gl_sa_t1.jpg,glioma,/kaggle/input/datasets/briscdataset/brisc2025/brisc2025/classification_task/train/meningioma/brisc2025_train_02299_me_sa_t1.jpg,meningioma
near,5,/kaggle/input/datasets/briscdataset/brisc2025/brisc2025/classification_task/train/glioma/brisc2025_train_01073_gl_sa_t1.jpg,glioma,/kaggle/input/datasets/briscdataset/brisc2025/brisc2025/classification_task/train/glioma/brisc2025_train_01074_gl_sa_t1.jpg,glioma
near,5,/kaggle/input/datasets/briscdataset/brisc2025/brisc2025/classification_task/train/glioma/brisc2025_train_01078_gl_sa_t1.jpg,glioma,/kaggle/input/datasets/briscdataset/brisc2025/brisc2025/classification_task/test/glioma/brisc2025_test_00225_gl_sa_t1.jpg,glioma
near,2,/kaggle/input/datasets/briscdataset/brisc2025/brisc2025/classification_task/train/glioma/brisc2025_train_01079_gl_sa_t1.jpg,glioma,/kaggle/input/datasets/briscdataset/brisc2025/brisc2025/classification_task/test/glioma/brisc2025_test_00226_gl_sa_t1.jpg,glioma
near,5,/kaggle/input/datasets/briscdataset/brisc2025/brisc2025/classification_task/train/glioma/brisc2025_train_01079_gl_sa_t1.jpg,glioma,/kaggle/input/datasets/briscdataset/brisc2025/brisc2025/classification_task/test/glioma/brisc2025_test_00232_gl_sa_t1.jpg,glioma
near,6,/kaggle/input/datasets/briscdataset/brisc2025/brisc2025/classification_task/train/glioma/brisc2025_train_01080_gl_sa_t1.jpg,glioma,/kaggle/input/datasets/briscdataset/brisc2025/brisc2025/classification_task/test/glioma/brisc2025_test_00226_gl_sa_t1.jpg,glioma
near,6,/kaggle/input/datasets/briscdataset/brisc2025/brisc2025/classification_task/train/glioma/brisc2025_train_01083_gl_sa_t1.jpg,glioma,/kaggle/input/datasets/briscdataset/brisc2025/brisc2025/classification_task/train/glioma/brisc2025_train_01084_gl_sa_t1.jpg,glioma
near,6,/kaggle/input/datasets/briscdataset/brisc2025/brisc2025/classification_task/train/glioma/brisc2025_train_01083_gl_sa_t1.jpg,glioma,/kaggle/input/datasets/briscdataset/brisc2025/brisc2025/classification_task/train/pituitary/brisc2025_train_04838_pi_sa_t1.jpg,pituitary
near,6,/kaggle/input/datasets/briscdataset/brisc2025/brisc2025/classification_task/train/glioma/brisc2025_train_01083_gl_sa_t1.jpg,glioma,/kaggle/input/datasets/briscdataset/brisc2025/brisc2025/classification_task/train/pituitary/brisc2025_train_04839_pi_sa_t1.jpg,pituitary
near,6,/kaggle/input/datasets/briscdataset/brisc2025/brisc2025/classification_task/train/glioma/brisc2025_train_01087_gl_sa_t1.jpg,glioma,/kaggle/input/datasets/briscdataset/brisc2025/brisc2025/classification_task/test/glioma/brisc2025_test_00231_gl_sa_t1.jpg,glioma
near,6,/kaggle/input/datasets/briscdataset/brisc2025/brisc2025/classification_task/train/glioma/brisc2025_train_01088_gl_sa_t1.jpg,glioma,/kaggle/input/datasets/briscdataset/brisc2025/brisc2025/classification_task/train/meningioma/brisc2025_train_02393_me_sa_t1.jpg,meningioma
near,6,/kaggle/input/datasets/briscdataset/brisc2025/brisc2025/classification_task/train/glioma/brisc2025_train_01089_gl_sa_t1.jpg,glioma,/kaggle/input/datasets/briscdataset/brisc2025/brisc2025/classification_task/test/glioma/brisc2025_test_00234_gl_sa_t1.jpg,glioma
near,6,/kaggle/input/datasets/briscdataset/brisc2025/brisc2025/classification_task/train/glioma/brisc2025_train_01090_gl_sa_t1.jpg,glioma,/kaggle/input/datasets/briscdataset/brisc2025/brisc2025/classification_task/train/meningioma/brisc2025_train_02280_me_sa_t1.jpg,meningioma
near,5,/kaggle/input/datasets/briscdataset/brisc2025/brisc2025/classification_task/train/glioma/brisc2025_train_01090_gl_sa_t1.jpg,glioma,/kaggle/input/datasets/briscdataset/brisc2025/brisc2025/classification_task/train/meningioma/brisc2025_train_02285_me_sa_t1.jpg,meningioma
near,6,/kaggle/input/datasets/briscdataset/brisc2025/brisc2025/classification_task/train/glioma/brisc2025_train_01093_gl_sa_t1.jpg,glioma,/kaggle/input/datasets/briscdataset/brisc2025/brisc2025/classification_task/test/glioma/brisc2025_test_00224_gl_sa_t1.jpg,glioma
near,3,/kaggle/input/datasets/briscdataset/brisc2025/brisc2025/classification_task/train/glioma/brisc2025_train_01096_gl_sa_t1.jpg,glioma,/kaggle/input/datasets/briscdataset/brisc2025/brisc2025/classification_task/test/glioma/brisc2025_test_00235_gl_sa_t1.jpg,glioma
near,6,/kaggle/input/datasets/briscdataset/brisc2025/brisc2025/classification_task/train/glioma/brisc2025_train_01105_gl_sa_t1.jpg,glioma,/kaggle/input/datasets/briscdataset/brisc2025/brisc2025/classification_task/test/glioma/brisc2025_test_00237_gl_sa_t1.jpg,glioma
near,4,/kaggle/input/datasets/briscdataset/brisc2025/brisc2025/classification_task/train/glioma/brisc2025_train_01107_gl_sa_t1.jpg,glioma,/kaggle/input/datasets/briscdataset/brisc2025/brisc2025/classification_task/train/glioma/brisc2025_train_01108_gl_sa_t1.jpg,glioma
near,6,/kaggle/input/datasets/briscdataset/brisc2025/brisc2025/classification_task/train/glioma/brisc2025_train_01107_gl_sa_t1.jpg,glioma,/kaggle/input/datasets/briscdataset/brisc2025/brisc2025/classification_task/train/glioma/brisc2025_train_01109_gl_sa_t1.jpg,glioma
near,4,/kaggle/input/datasets/briscdataset/brisc2025/brisc2025/classification_task/train/glioma/brisc2025_train_01107_gl_sa_t1.jpg,glioma,/kaggle/input/datasets/briscdataset/brisc2025/brisc2025/classification_task/test/glioma/brisc2025_test_00238_gl_sa_t1.jpg,glioma
near,6,/kaggle/input/datasets/briscdataset/brisc2025/brisc2025/classification_task/train/glioma/brisc2025_train_01108_gl_sa_t1.jpg,glioma,/kaggle/input/datasets/briscdataset/brisc2025/brisc2025/classification_task/train/glioma/brisc2025_train_01109_gl_sa_t1.jpg,glioma
near,6,/kaggle/input/datasets/briscdataset/brisc2025/brisc2025/classification_task/train/glioma/brisc2025_train_01112_gl_sa_t1.jpg,glioma,/kaggle/input/datasets/briscdataset/brisc2025/brisc2025/classification_task/train/glioma/brisc2025_train_01113_gl_sa_t1.jpg,glioma
near,6,/kaggle/input/datasets/briscdataset/brisc2025/brisc2025/classification_task/train/glioma/brisc2025_train_01114_gl_sa_t1.jpg,glioma,/kaggle/input/datasets/briscdataset/brisc2025/brisc2025/classification_task/test/glioma/brisc2025_test_00161_gl_co_t1.jpg,glioma
near,4,/kaggle/input/datasets/briscdataset/brisc2025/brisc2025/classification_task/train/glioma/brisc2025_train_01114_gl_sa_t1.jpg,glioma,/kaggle/input/datasets/briscdataset/brisc2025/brisc2025/classification_task/test/glioma/brisc2025_test_00239_gl_sa_t1.jpg,glioma
near,3,/kaggle/input/datasets/briscdataset/brisc2025/brisc2025/classification_task/train/glioma/brisc2025_train_01115_gl_sa_t1.jpg,glioma,/kaggle/input/datasets/briscdataset/brisc2025/brisc2025/classification_task/test/glioma/brisc2025_test_00240_gl_sa_t1.jpg,glioma
near,4,/kaggle/input/datasets/briscdataset/brisc2025/brisc2025/classification_task/train/glioma/brisc2025_train_01118_gl_sa_t1.jpg,glioma,/kaggle/input/datasets/briscdataset/brisc2025/brisc2025/classification_task/test/glioma/brisc2025_test_00241_gl_sa_t1.jpg,glioma
near,5,/kaggle/input/datasets/briscdataset/brisc2025/brisc2025/classification_task/train/glioma/brisc2025_train_01119_gl_sa_t1.jpg,glioma,/kaggle/input/datasets/briscdataset/brisc2025/brisc2025/classification_task/test/glioma/brisc2025_test_00243_gl_sa_t1.jpg,glioma
near,5,/kaggle/input/datasets/briscdataset/brisc2025/brisc2025/classification_task/train/glioma/brisc2025_train_01122_gl_sa_t1.jpg,glioma,/kaggle/input/datasets/briscdataset/brisc2025/brisc2025/classification_task/test/glioma/brisc2025_test_00184_gl_sa_t1.jpg,glioma
near,4,/kaggle/input/datasets/briscdataset/brisc2025/brisc2025/classification_task/train/glioma/brisc2025_train_01124_gl_sa_t1.jpg,glioma,/kaggle/input/datasets/briscdataset/brisc2025/brisc2025/classification_task/train/meningioma/brisc2025_train_02324_me_sa_t1.jpg,meningioma
near,6,/kaggle/input/datasets/briscdataset/brisc2025/brisc2025/classification_task/train/glioma/brisc2025_train_01124_gl_sa_t1.jpg,glioma,/kaggle/input/datasets/briscdataset/brisc2025/brisc2025/classification_task/test/glioma/brisc2025_test_00244_gl_sa_t1.jpg,glioma
near,6,/kaggle/input/datasets/briscdataset/brisc2025/brisc2025/classification_task/train/glioma/brisc2025_train_01125_gl_sa_t1.jpg,glioma,/kaggle/input/datasets/briscdataset/brisc2025/brisc2025/classification_task/test/glioma/brisc2025_test_00245_gl_sa_t1.jpg,glioma
near,4,/kaggle/input/datasets/briscdataset/brisc2025/brisc2025/classification_task/train/glioma/brisc2025_train_01125_gl_sa_t1.jpg,glioma,/kaggle/input/datasets/briscdataset/brisc2025/brisc2025/classification_task/test/glioma/brisc2025_test_00246_gl_sa_t1.jpg,glioma
near,6,/kaggle/input/datasets/briscdataset/brisc2025/brisc2025/classification_task/train/glioma/brisc2025_train_01126_gl_sa_t1.jpg,glioma,/kaggle/input/datasets/briscdataset/brisc2025/brisc2025/classification_task/test/glioma/brisc2025_test_00209_gl_sa_t1.jpg,glioma
near,6,/kaggle/input/datasets/briscdataset/brisc2025/brisc2025/classification_task/train/glioma/brisc2025_train_01127_gl_sa_t1.jpg,glioma,/kaggle/input/datasets/briscdataset/brisc2025/brisc2025/classification_task/train/meningioma/brisc2025_train_01822_me_co_t1.jpg,meningioma
near,4,/kaggle/input/datasets/briscdataset/brisc2025/brisc2025/classification_task/train/glioma/brisc2025_train_01129_gl_sa_t1.jpg,glioma,/kaggle/input/datasets/briscdataset/brisc2025/brisc2025/classification_task/test/glioma/brisc2025_test_00248_gl_sa_t1.jpg,glioma
near,5,/kaggle/input/datasets/briscdataset/brisc2025/brisc2025/classification_task/train/glioma/brisc2025_train_01130_gl_sa_t1.jpg,glioma,/kaggle/input/datasets/briscdataset/brisc2025/brisc2025/classification_task/test/glioma/brisc2025_test_00248_gl_sa_t1.jpg,glioma
near,6,/kaggle/input/datasets/briscdataset/brisc2025/brisc2025/classification_task/train/glioma/brisc2025_train_01136_gl_sa_t1.jpg,glioma,/kaggle/input/datasets/briscdataset/brisc2025/brisc2025/classification_task/train/glioma/brisc2025_train_01137_gl_sa_t1.jpg,glioma
near,6,/kaggle/input/datasets/briscdataset/brisc2025/brisc2025/classification_task/train/glioma/brisc2025_train_01138_gl_sa_t1.jpg,glioma,/kaggle/input/datasets/briscdataset/brisc2025/brisc2025/classification_task/test/meningioma/brisc2025_test_00422_me_co_t1.jpg,meningioma
near,6,/kaggle/input/datasets/briscdataset/brisc2025/brisc2025/classification_task/train/glioma/brisc2025_train_01139_gl_sa_t1.jpg,glioma,/kaggle/input/datasets/briscdataset/brisc2025/brisc2025/classification_task/train/meningioma/brisc2025_train_01824_me_co_t1.jpg,meningioma
near,4,/kaggle/input/datasets/briscdataset/brisc2025/brisc2025/classification_task/train/glioma/brisc2025_train_01139_gl_sa_t1.jpg,glioma,/kaggle/input/datasets/briscdataset/brisc2025/brisc2025/classification_task/test/meningioma/brisc2025_test_00422_me_co_t1.jpg,meningioma
near,4,/kaggle/input/datasets/briscdataset/brisc2025/brisc2025/classification_task/train/glioma/brisc2025_train_01140_gl_sa_t1.jpg,glioma,/kaggle/input/datasets/briscdataset/brisc2025/brisc2025/classification_task/test/glioma/brisc2025_test_00251_gl_sa_t1.jpg,glioma
near,4,/kaggle/input/datasets/briscdataset/brisc2025/brisc2025/classification_task/train/glioma/brisc2025_train_01142_gl_sa_t1.jpg,glioma,/kaggle/input/datasets/briscdataset/brisc2025/brisc2025/classification_task/test/glioma/brisc2025_test_00252_gl_sa_t1.jpg,glioma
near,6,/kaggle/input/datasets/briscdataset/brisc2025/brisc2025/classification_task/train/glioma/brisc2025_train_01145_gl_sa_t1.jpg,glioma,/kaggle/input/datasets/briscdataset/brisc2025/brisc2025/classification_task/train/glioma/brisc2025_train_01146_gl_sa_t1.jpg,glioma
near,6,/kaggle/input/datasets/briscdataset/brisc2025/brisc2025/classification_task/train/glioma/brisc2025_train_01145_gl_sa_t1.jpg,glioma,/kaggle/input/datasets/briscdataset/brisc2025/brisc2025/classification_task/test/glioma/brisc2025_test_00253_gl_sa_t1.jpg,glioma
near,6,/kaggle/input/datasets/briscdataset/brisc2025/brisc2025/classification_task/train/glioma/brisc2025_train_01146_gl_sa_t1.jpg,glioma,/kaggle/input/datasets/briscdataset/brisc2025/brisc2025/classification_task/train/glioma/brisc2025_train_01147_gl_sa_t1.jpg,glioma
near,5,/kaggle/input/datasets/briscdataset/brisc2025/brisc2025/classification_task/train/meningioma/brisc2025_train_01148_me_ax_t1.jpg,meningioma,/kaggle/input/datasets/briscdataset/brisc2025/brisc2025/classification_task/train/meningioma/brisc2025_train_01245_me_ax_t1.jpg,meningioma
near,6,/kaggle/input/datasets/briscdataset/brisc2025/brisc2025/classification_task/train/meningioma/brisc2025_train_01150_me_ax_t1.jpg,meningioma,/kaggle/input/datasets/briscdataset/brisc2025/brisc2025/classification_task/train/meningioma/brisc2025_train_01151_me_ax_t1.jpg,meningioma
near,3,/kaggle/input/datasets/briscdataset/brisc2025/brisc2025/classification_task/train/meningioma/brisc2025_train_01155_me_ax_t1.jpg,meningioma,/kaggle/input/datasets/briscdataset/brisc2025/brisc2025/classification_task/test/meningioma/brisc2025_test_00326_me_ax_t1.jpg,meningioma
near,2,/kaggle/input/datasets/briscdataset/brisc2025/brisc2025/classification_task/train/meningioma/brisc2025_train_01156_me_ax_t1.jpg,meningioma,/kaggle/input/datasets/briscdataset/brisc2025/brisc2025/classification_task/train/meningioma/brisc2025_train_01157_me_ax_t1.jpg,meningioma
near,6,/kaggle/input/datasets/briscdataset/brisc2025/brisc2025/classification_task/train/meningioma/brisc2025_train_01158_me_ax_t1.jpg,meningioma,/kaggle/input/datasets/briscdataset/brisc2025/brisc2025/classification_task/test/no_tumor/brisc2025_test_00586_no_ax_t1.jpg,no_tumor
near,4,/kaggle/input/datasets/briscdataset/brisc2025/brisc2025/classification_task/train/meningioma/brisc2025_train_01162_me_ax_t1.jpg,meningioma,/kaggle/input/datasets/briscdataset/brisc2025/brisc2025/classification_task/train/meningioma/brisc2025_train_01163_me_ax_t1.jpg,meningioma
near,6,/kaggle/input/datasets/briscdataset/brisc2025/brisc2025/classification_task/train/meningioma/brisc2025_train_01162_me_ax_t1.jpg,meningioma,/kaggle/input/datasets/briscdataset/brisc2025/brisc2025/classification_task/train/meningioma/brisc2025_train_01433_me_ax_t1.jpg,meningioma
near,5,/kaggle/input/datasets/briscdataset/brisc2025/brisc2025/classification_task/train/meningioma/brisc2025_train_01163_me_ax_t1.jpg,meningioma,/kaggle/input/datasets/briscdataset/brisc2025/brisc2025/classification_task/train/meningioma/brisc2025_train_01164_me_ax_t1.jpg,meningioma
near,6,/kaggle/input/datasets/briscdataset/brisc2025/brisc2025/classification_task/train/meningioma/brisc2025_train_01163_me_ax_t1.jpg,meningioma,/kaggle/input/datasets/briscdataset/brisc2025/brisc2025/classification_task/train/meningioma/brisc2025_train_01433_me_ax_t1.jpg,meningioma
near,4,/kaggle/input/datasets/briscdataset/brisc2025/brisc2025/classification_task/train/meningioma/brisc2025_train_01163_me_ax_t1.jpg,meningioma,/kaggle/input/datasets/briscdataset/brisc2025/brisc2025/classification_task/test/meningioma/brisc2025_test_00328_me_ax_t1.jpg,meningioma
near,5,/kaggle/input/datasets/briscdataset/brisc2025/brisc2025/classification_task/train/meningioma/brisc2025_train_01170_me_ax_t1.jpg,meningioma,/kaggle/input/datasets/briscdataset/brisc2025/brisc2025/classification_task/test/meningioma/brisc2025_test_00331_me_ax_t1.jpg,meningioma
near,5,/kaggle/input/datasets/briscdataset/brisc2025/brisc2025/classification_task/train/meningioma/brisc2025_train_01171_me_ax_t1.jpg,meningioma,/kaggle/input/datasets/briscdataset/brisc2025/brisc2025/classification_task/train/meningioma/brisc2025_train_01172_me_ax_t1.jpg,meningioma
near,6,/kaggle/input/datasets/briscdataset/brisc2025/brisc2025/classification_task/train/meningioma/brisc2025_train_01174_me_ax_t1.jpg,meningioma,/kaggle/input/datasets/briscdataset/brisc2025/brisc2025/classification_task/train/meningioma/brisc2025_train_01175_me_ax_t1.jpg,meningioma
near,6,/kaggle/input/datasets/briscdataset/brisc2025/brisc2025/classification_task/train/meningioma/brisc2025_train_01174_me_ax_t1.jpg,meningioma,/kaggle/input/datasets/briscdataset/brisc2025/brisc2025/classification_task/train/meningioma/brisc2025_train_01223_me_ax_t1.jpg,meningioma
near,6,/kaggle/input/datasets/briscdataset/brisc2025/brisc2025/classification_task/train/meningioma/brisc2025_train_01174_me_ax_t1.jpg,meningioma,/kaggle/input/datasets/briscdataset/brisc2025/brisc2025/classification_task/train/meningioma/brisc2025_train_01225_me_ax_t1.jpg,meningioma
near,4,/kaggle/input/datasets/briscdataset/brisc2025/brisc2025/classification_task/train/meningioma/brisc2025_train_01174_me_ax_t1.jpg,meningioma,/kaggle/input/datasets/briscdataset/brisc2025/brisc2025/classification_task/test/meningioma/brisc2025_test_00339_me_ax_t1.jpg,meningioma
near,5,/kaggle/input/datasets/briscdataset/brisc2025/brisc2025/classification_task/train/meningioma/brisc2025_train_01180_me_ax_t1.jpg,meningioma,/kaggle/input/datasets/briscdataset/brisc2025/brisc2025/classification_task/train/meningioma/brisc2025_train_01181_me_ax_t1.jpg,meningioma
near,5,/kaggle/input/datasets/briscdataset/brisc2025/brisc2025/classification_task/train/meningioma/brisc2025_train_01180_me_ax_t1.jpg,meningioma,/kaggle/input/datasets/briscdataset/brisc2025/brisc2025/classification_task/train/meningioma/brisc2025_train_01422_me_ax_t1.jpg,meningioma
near,5,/kaggle/input/datasets/briscdataset/brisc2025/brisc2025/classification_task/train/meningioma/brisc2025_train_01180_me_ax_t1.jpg,meningioma,/kaggle/input/datasets/briscdataset/brisc2025/brisc2025/classification_task/train/meningioma/brisc2025_train_01423_me_ax_t1.jpg,meningioma
near,5,/kaggle/input/datasets/briscdataset/brisc2025/brisc2025/classification_task/train/meningioma/brisc2025_train_01180_me_ax_t1.jpg,meningioma,/kaggle/input/datasets/briscdataset/brisc2025/brisc2025/classification_task/test/meningioma/brisc2025_test_00334_me_ax_t1.jpg,meningioma
near,3,/kaggle/input/datasets/briscdataset/brisc2025/brisc2025/classification_task/train/meningioma/brisc2025_train_01183_me_ax_t1.jpg,meningioma,/kaggle/input/datasets/briscdataset/brisc2025/brisc2025/classification_task/train/meningioma/brisc2025_train_01184_me_ax_t1.jpg,meningioma
near,4,/kaggle/input/datasets/briscdataset/brisc2025/brisc2025/classification_task/train/meningioma/brisc2025_train_01184_me_ax_t1.jpg,meningioma,/kaggle/input/datasets/briscdataset/brisc2025/brisc2025/classification_task/train/meningioma/brisc2025_train_01185_me_ax_t1.jpg,meningioma
near,6,/kaggle/input/datasets/briscdataset/brisc2025/brisc2025/classification_task/train/meningioma/brisc2025_train_01184_me_ax_t1.jpg,meningioma,/kaggle/input/datasets/briscdataset/brisc2025/brisc2025/classification_task/train/meningioma/brisc2025_train_01186_me_ax_t1.jpg,meningioma
near,4,/kaggle/input/datasets/briscdataset/brisc2025/brisc2025/classification_task/train/meningioma/brisc2025_train_01184_me_ax_t1.jpg,meningioma,/kaggle/input/datasets/briscdataset/brisc2025/brisc2025/classification_task/test/meningioma/brisc2025_test_00336_me_ax_t1.jpg,meningioma
near,4,/kaggle/input/datasets/briscdataset/brisc2025/brisc2025/classification_task/train/meningioma/brisc2025_train_01185_me_ax_t1.jpg,meningioma,/kaggle/input/datasets/briscdataset/brisc2025/brisc2025/classification_task/train/meningioma/brisc2025_train_01186_me_ax_t1.jpg,meningioma
near,2,/kaggle/input/datasets/briscdataset/brisc2025/brisc2025/classification_task/train/meningioma/brisc2025_train_01185_me_ax_t1.jpg,meningioma,/kaggle/input/datasets/briscdataset/brisc2025/brisc2025/classification_task/test/meningioma/brisc2025_test_00336_me_ax_t1.jpg,meningioma
near,3,/kaggle/input/datasets/briscdataset/brisc2025/brisc2025/classification_task/train/meningioma/brisc2025_train_01186_me_ax_t1.jpg,meningioma,/kaggle/input/datasets/briscdataset/brisc2025/brisc2025/classification_task/train/meningioma/brisc2025_train_01187_me_ax_t1.jpg,meningioma
near,2,/kaggle/input/datasets/briscdataset/brisc2025/brisc2025/classification_task/train/meningioma/brisc2025_train_01186_me_ax_t1.jpg,meningioma,/kaggle/input/datasets/briscdataset/brisc2025/brisc2025/classification_task/test/meningioma/brisc2025_test_00336_me_ax_t1.jpg,meningioma
near,5,/kaggle/input/datasets/briscdataset/brisc2025/brisc2025/classification_task/train/meningioma/brisc2025_train_01187_me_ax_t1.jpg,meningioma,/kaggle/input/datasets/briscdataset/brisc2025/brisc2025/classification_task/test/meningioma/brisc2025_test_00336_me_ax_t1.jpg,meningioma
near,5,/kaggle/input/datasets/briscdataset/brisc2025/brisc2025/classification_task/train/meningioma/brisc2025_train_01189_me_ax_t1.jpg,meningioma,/kaggle/input/datasets/briscdataset/brisc2025/brisc2025/classification_task/train/meningioma/brisc2025_train_01190_me_ax_t1.jpg,meningioma
near,6,/kaggle/input/datasets/briscdataset/brisc2025/brisc2025/classification_task/train/meningioma/brisc2025_train_01189_me_ax_t1.jpg,meningioma,/kaggle/input/datasets/briscdataset/brisc2025/brisc2025/classification_task/test/meningioma/brisc2025_test_00337_me_ax_t1.jpg,meningioma
near,6,/kaggle/input/datasets/briscdataset/brisc2025/brisc2025/classification_task/train/meningioma/brisc2025_train_01191_me_ax_t1.jpg,meningioma,/kaggle/input/datasets/briscdataset/brisc2025/brisc2025/classification_task/train/meningioma/brisc2025_train_01196_me_ax_t1.jpg,meningioma
near,6,/kaggle/input/datasets/briscdataset/brisc2025/brisc2025/classification_task/train/meningioma/brisc2025_train_01192_me_ax_t1.jpg,meningioma,/kaggle/input/datasets/briscdataset/brisc2025/brisc2025/classification_task/train/meningioma/brisc2025_train_01196_me_ax_t1.jpg,meningioma
near,6,/kaggle/input/datasets/briscdataset/brisc2025/brisc2025/classification_task/train/meningioma/brisc2025_train_01192_me_ax_t1.jpg,meningioma,/kaggle/input/datasets/briscdataset/brisc2025/brisc2025/classification_task/train/meningioma/brisc2025_train_01197_me_ax_t1.jpg,meningioma
near,5,/kaggle/input/datasets/briscdataset/brisc2025/brisc2025/classification_task/train/meningioma/brisc2025_train_01192_me_ax_t1.jpg,meningioma,/kaggle/input/datasets/briscdataset/brisc2025/brisc2025/classification_task/test/meningioma/brisc2025_test_00338_me_ax_t1.jpg,meningioma
near,4,/kaggle/input/datasets/briscdataset/brisc2025/brisc2025/classification_task/train/meningioma/brisc2025_train_01195_me_ax_t1.jpg,meningioma,/kaggle/input/datasets/briscdataset/brisc2025/brisc2025/classification_task/train/meningioma/brisc2025_train_01196_me_ax_t1.jpg,meningioma
near,6,/kaggle/input/datasets/briscdataset/brisc2025/brisc2025/classification_task/train/meningioma/brisc2025_train_01195_me_ax_t1.jpg,meningioma,/kaggle/input/datasets/briscdataset/brisc2025/brisc2025/classification_task/train/meningioma/brisc2025_train_01197_me_ax_t1.jpg,meningioma
near,6,/kaggle/input/datasets/briscdataset/brisc2025/brisc2025/classification_task/train/meningioma/brisc2025_train_01195_me_ax_t1.jpg,meningioma,/kaggle/input/datasets/briscdataset/brisc2025/brisc2025/classification_task/train/meningioma/brisc2025_train_01320_me_ax_t1.jpg,meningioma
near,4,/kaggle/input/datasets/briscdataset/brisc2025/brisc2025/classification_task/train/meningioma/brisc2025_train_01196_me_ax_t1.jpg,meningioma,/kaggle/input/datasets/briscdataset/brisc2025/brisc2025/classification_task/train/meningioma/brisc2025_train_01197_me_ax_t1.jpg,meningioma
near,4,/kaggle/input/datasets/briscdataset/brisc2025/brisc2025/classification_task/train/meningioma/brisc2025_train_01200_me_ax_t1.jpg,meningioma,/kaggle/input/datasets/briscdataset/brisc2025/brisc2025/classification_task/train/meningioma/brisc2025_train_01201_me_ax_t1.jpg,meningioma
near,4,/kaggle/input/datasets/briscdataset/brisc2025/brisc2025/classification_task/train/meningioma/brisc2025_train_01200_me_ax_t1.jpg,meningioma,/kaggle/input/datasets/briscdataset/brisc2025/brisc2025/classification_task/test/meningioma/brisc2025_test_00341_me_ax_t1.jpg,meningioma
near,2,/kaggle/input/datasets/briscdataset/brisc2025/brisc2025/classification_task/train/meningioma/brisc2025_train_01201_me_ax_t1.jpg,meningioma,/kaggle/input/datasets/briscdataset/brisc2025/brisc2025/classification_task/test/meningioma/brisc2025_test_00341_me_ax_t1.jpg,meningioma
near,2,/kaggle/input/datasets/briscdataset/brisc2025/brisc2025/classification_task/train/meningioma/brisc2025_train_01203_me_ax_t1.jpg,meningioma,/kaggle/input/datasets/briscdataset/brisc2025/brisc2025/classification_task/test/meningioma/brisc2025_test_00342_me_ax_t1.jpg,meningioma
near,6,/kaggle/input/datasets/briscdataset/brisc2025/brisc2025/classification_task/train/meningioma/brisc2025_train_01203_me_ax_t1.jpg,meningioma,/kaggle/input/datasets/briscdataset/brisc2025/brisc2025/classification_task/test/meningioma/brisc2025_test_00459_me_co_t1.jpg,meningioma
near,6,/kaggle/input/datasets/briscdataset/brisc2025/brisc2025/classification_task/train/meningioma/brisc2025_train_01205_me_ax_t1.jpg,meningioma,/kaggle/input/datasets/briscdataset/brisc2025/brisc2025/classification_task/train/meningioma/brisc2025_train_01206_me_ax_t1.jpg,meningioma
near,6,/kaggle/input/datasets/briscdataset/brisc2025/brisc2025/classification_task/train/meningioma/brisc2025_train_01207_me_ax_t1.jpg,meningioma,/kaggle/input/datasets/briscdataset/brisc2025/brisc2025/classification_task/train/meningioma/brisc2025_train_01422_me_ax_t1.jpg,meningioma
near,4,/kaggle/input/datasets/briscdataset/brisc2025/brisc2025/classification_task/train/meningioma/brisc2025_train_01207_me_ax_t1.jpg,meningioma,/kaggle/input/datasets/briscdataset/brisc2025/brisc2025/classification_task/test/meningioma/brisc2025_test_00343_me_ax_t1.jpg,meningioma
near,6,/kaggle/input/datasets/briscdataset/brisc2025/brisc2025/classification_task/train/meningioma/brisc2025_train_01209_me_ax_t1.jpg,meningioma,/kaggle/input/datasets/briscdataset/brisc2025/brisc2025/classification_task/train/meningioma/brisc2025_train_01210_me_ax_t1.jpg,meningioma
near,6,/kaggle/input/datasets/briscdataset/brisc2025/brisc2025/classification_task/train/meningioma/brisc2025_train_01209_me_ax_t1.jpg,meningioma,/kaggle/input/datasets/briscdataset/brisc2025/brisc2025/classification_task/test/meningioma/brisc2025_test_00344_me_ax_t1.jpg,meningioma
near,5,/kaggle/input/datasets/briscdataset/brisc2025/brisc2025/classification_task/train/meningioma/brisc2025_train_01211_me_ax_t1.jpg,meningioma,/kaggle/input/datasets/briscdataset/brisc2025/brisc2025/classification_task/test/meningioma/brisc2025_test_00339_me_ax_t1.jpg,meningioma
near,6,/kaggle/input/datasets/briscdataset/brisc2025/brisc2025/classification_task/train/meningioma/brisc2025_train_01215_me_ax_t1.jpg,meningioma,/kaggle/input/datasets/briscdataset/brisc2025/brisc2025/classification_task/test/meningioma/brisc2025_test_00346_me_ax_t1.jpg,meningioma
near,6,/kaggle/input/datasets/briscdataset/brisc2025/brisc2025/classification_task/train/meningioma/brisc2025_train_01218_me_ax_t1.jpg,meningioma,/kaggle/input/datasets/briscdataset/brisc2025/brisc2025/classification_task/test/meningioma/brisc2025_test_00347_me_ax_t1.jpg,meningioma
near,5,/kaggle/input/datasets/briscdataset/brisc2025/brisc2025/classification_task/train/meningioma/brisc2025_train_01219_me_ax_t1.jpg,meningioma,/kaggle/input/datasets/briscdataset/brisc2025/brisc2025/classification_task/train/meningioma/brisc2025_train_01220_me_ax_t1.jpg,meningioma
near,3,/kaggle/input/datasets/briscdataset/brisc2025/brisc2025/classification_task/train/meningioma/brisc2025_train_01219_me_ax_t1.jpg,meningioma,/kaggle/input/datasets/briscdataset/brisc2025/brisc2025/classification_task/test/meningioma/brisc2025_test_00347_me_ax_t1.jpg,meningioma
near,6,/kaggle/input/datasets/briscdataset/brisc2025/brisc2025/classification_task/train/meningioma/brisc2025_train_01220_me_ax_t1.jpg,meningioma,/kaggle/input/datasets/briscdataset/brisc2025/brisc2025/classification_task/train/meningioma/brisc2025_train_01221_me_ax_t1.jpg,meningioma
near,6,/kaggle/input/datasets/briscdataset/brisc2025/brisc2025/classification_task/train/meningioma/brisc2025_train_01223_me_ax_t1.jpg,meningioma,/kaggle/input/datasets/briscdataset/brisc2025/brisc2025/classification_task/train/meningioma/brisc2025_train_01225_me_ax_t1.jpg,meningioma
near,4,/kaggle/input/datasets/briscdataset/brisc2025/brisc2025/classification_task/train/meningioma/brisc2025_train_01228_me_ax_t1.jpg,meningioma,/kaggle/input/datasets/briscdataset/brisc2025/brisc2025/classification_task/train/meningioma/brisc2025_train_01229_me_ax_t1.jpg,meningioma
near,6,/kaggle/input/datasets/briscdataset/brisc2025/brisc2025/classification_task/train/meningioma/brisc2025_train_01230_me_ax_t1.jpg,meningioma,/kaggle/input/datasets/briscdataset/brisc2025/brisc2025/classification_task/train/meningioma/brisc2025_train_01231_me_ax_t1.jpg,meningioma
near,5,/kaggle/input/datasets/briscdataset/brisc2025/brisc2025/classification_task/train/meningioma/brisc2025_train_01230_me_ax_t1.jpg,meningioma,/kaggle/input/datasets/briscdataset/brisc2025/brisc2025/classification_task/test/glioma/brisc2025_test_00058_gl_ax_t1.jpg,glioma
near,5,/kaggle/input/datasets/briscdataset/brisc2025/brisc2025/classification_task/train/meningioma/brisc2025_train_01231_me_ax_t1.jpg,meningioma,/kaggle/input/datasets/briscdataset/brisc2025/brisc2025/classification_task/train/meningioma/brisc2025_train_01235_me_ax_t1.jpg,meningioma
near,6,/kaggle/input/datasets/briscdataset/brisc2025/brisc2025/classification_task/train/meningioma/brisc2025_train_01231_me_ax_t1.jpg,meningioma,/kaggle/input/datasets/briscdataset/brisc2025/brisc2025/classification_task/train/meningioma/brisc2025_train_01521_me_ax_t1.jpg,meningioma
near,1,/kaggle/input/datasets/briscdataset/brisc2025/brisc2025/classification_task/train/meningioma/brisc2025_train_01232_me_ax_t1.jpg,meningioma,/kaggle/input/datasets/briscdataset/brisc2025/brisc2025/classification_task/train/meningioma/brisc2025_train_01233_me_ax_t1.jpg,meningioma
near,6,/kaggle/input/datasets/briscdataset/brisc2025/brisc2025/classification_task/train/meningioma/brisc2025_train_01232_me_ax_t1.jpg,meningioma,/kaggle/input/datasets/briscdataset/brisc2025/brisc2025/classification_task/train/meningioma/brisc2025_train_01234_me_ax_t1.jpg,meningioma
near,6,/kaggle/input/datasets/briscdataset/brisc2025/brisc2025/classification_task/train/meningioma/brisc2025_train_01232_me_ax_t1.jpg,meningioma,/kaggle/input/datasets/briscdataset/brisc2025/brisc2025/classification_task/train/meningioma/brisc2025_train_01376_me_ax_t1.jpg,meningioma
near,3,/kaggle/input/datasets/briscdataset/brisc2025/brisc2025/classification_task/train/meningioma/brisc2025_train_01232_me_ax_t1.jpg,meningioma,/kaggle/input/datasets/briscdataset/brisc2025/brisc2025/classification_task/train/meningioma/brisc2025_train_01377_me_ax_t1.jpg,meningioma
near,5,/kaggle/input/datasets/briscdataset/brisc2025/brisc2025/classification_task/train/meningioma/brisc2025_train_01233_me_ax_t1.jpg,meningioma,/kaggle/input/datasets/briscdataset/brisc2025/brisc2025/classification_task/train/meningioma/brisc2025_train_01234_me_ax_t1.jpg,meningioma
near,4,/kaggle/input/datasets/briscdataset/brisc2025/brisc2025/classification_task/train/meningioma/brisc2025_train_01233_me_ax_t1.jpg,meningioma,/kaggle/input/datasets/briscdataset/brisc2025/brisc2025/classification_task/train/meningioma/brisc2025_train_01377_me_ax_t1.jpg,meningioma
near,6,/kaggle/input/datasets/briscdataset/brisc2025/brisc2025/classification_task/train/meningioma/brisc2025_train_01234_me_ax_t1.jpg,meningioma,/kaggle/input/datasets/briscdataset/brisc2025/brisc2025/classification_task/train/meningioma/brisc2025_train_01236_me_ax_t1.jpg,meningioma
near,5,/kaggle/input/datasets/briscdataset/brisc2025/brisc2025/classification_task/train/meningioma/brisc2025_train_01235_me_ax_t1.jpg,meningioma,/kaggle/input/datasets/briscdataset/brisc2025/brisc2025/classification_task/train/meningioma/brisc2025_train_01521_me_ax_t1.jpg,meningioma
near,3,/kaggle/input/datasets/briscdataset/brisc2025/brisc2025/classification_task/train/meningioma/brisc2025_train_01250_me_ax_t1.jpg,meningioma,/kaggle/input/datasets/briscdataset/brisc2025/brisc2025/classification_task/train/meningioma/brisc2025_train_01294_me_ax_t1.jpg,meningioma
near,3,/kaggle/input/datasets/briscdataset/brisc2025/brisc2025/classification_task/train/meningioma/brisc2025_train_01250_me_ax_t1.jpg,meningioma,/kaggle/input/datasets/briscdataset/brisc2025/brisc2025/classification_task/test/meningioma/brisc2025_test_00305_me_ax_t1.jpg,meningioma
near,6,/kaggle/input/datasets/briscdataset/brisc2025/brisc2025/classification_task/train/meningioma/brisc2025_train_01257_me_ax_t1.jpg,meningioma,/kaggle/input/datasets/briscdataset/brisc2025/brisc2025/classification_task/test/meningioma/brisc2025_test_00296_me_ax_t1.jpg,meningioma
near,4,/kaggle/input/datasets/briscdataset/brisc2025/brisc2025/classification_task/train/meningioma/brisc2025_train_01276_me_ax_t1.jpg,meningioma,/kaggle/input/datasets/briscdataset/brisc2025/brisc2025/classification_task/train/meningioma/brisc2025_train_01280_me_ax_t1.jpg,meningioma
near,4,/kaggle/input/datasets/briscdataset/brisc2025/brisc2025/classification_task/train/meningioma/brisc2025_train_01277_me_ax_t1.jpg,meningioma,/kaggle/input/datasets/briscdataset/brisc2025/brisc2025/classification_task/train/meningioma/brisc2025_train_01280_me_ax_t1.jpg,meningioma
near,3,/kaggle/input/datasets/briscdataset/brisc2025/brisc2025/classification_task/train/meningioma/brisc2025_train_01294_me_ax_t1.jpg,meningioma,/kaggle/input/datasets/briscdataset/brisc2025/brisc2025/classification_task/test/meningioma/brisc2025_test_00265_me_ax_t1.jpg,meningioma
near,6,/kaggle/input/datasets/briscdataset/brisc2025/brisc2025/classification_task/train/meningioma/brisc2025_train_01296_me_ax_t1.jpg,meningioma,/kaggle/input/datasets/briscdataset/brisc2025/brisc2025/classification_task/train/meningioma/brisc2025_train_01387_me_ax_t1.jpg,meningioma
near,5,/kaggle/input/datasets/briscdataset/brisc2025/brisc2025/classification_task/train/meningioma/brisc2025_train_01300_me_ax_t1.jpg,meningioma,/kaggle/input/datasets/briscdataset/brisc2025/brisc2025/classification_task/train/meningioma/brisc2025_train_01410_me_ax_t1.jpg,meningioma
near,2,/kaggle/input/datasets/briscdataset/brisc2025/brisc2025/classification_task/train/meningioma/brisc2025_train_01303_me_ax_t1.jpg,meningioma,/kaggle/input/datasets/briscdataset/brisc2025/brisc2025/classification_task/train/meningioma/brisc2025_train_01384_me_ax_t1.jpg,meningioma
near,2,/kaggle/input/datasets/briscdataset/brisc2025/brisc2025/classification_task/train/meningioma/brisc2025_train_01303_me_ax_t1.jpg,meningioma,/kaggle/input/datasets/briscdataset/brisc2025/brisc2025/classification_task/test/meningioma/brisc2025_test_00261_me_ax_t1.jpg,meningioma
near,1,/kaggle/input/datasets/briscdataset/brisc2025/brisc2025/classification_task/train/meningioma/brisc2025_train_01306_me_ax_t1.jpg,meningioma,/kaggle/input/datasets/briscdataset/brisc2025/brisc2025/classification_task/train/meningioma/brisc2025_train_01307_me_ax_t1.jpg,meningioma
near,3,/kaggle/input/datasets/briscdataset/brisc2025/brisc2025/classification_task/train/meningioma/brisc2025_train_01306_me_ax_t1.jpg,meningioma,/kaggle/input/datasets/briscdataset/brisc2025/brisc2025/classification_task/train/meningioma/brisc2025_train_01308_me_ax_t1.jpg,meningioma
near,6,/kaggle/input/datasets/briscdataset/brisc2025/brisc2025/classification_task/train/meningioma/brisc2025_train_01306_me_ax_t1.jpg,meningioma,/kaggle/input/datasets/briscdataset/brisc2025/brisc2025/classification_task/test/meningioma/brisc2025_test_00353_me_ax_t1.jpg,meningioma
near,2,/kaggle/input/datasets/briscdataset/brisc2025/brisc2025/classification_task/train/meningioma/brisc2025_train_01307_me_ax_t1.jpg,meningioma,/kaggle/input/datasets/briscdataset/brisc2025/brisc2025/classification_task/train/meningioma/brisc2025_train_01308_me_ax_t1.jpg,meningioma
near,6,/kaggle/input/datasets/briscdataset/brisc2025/brisc2025/classification_task/train/meningioma/brisc2025_train_01311_me_ax_t1.jpg,meningioma,/kaggle/input/datasets/briscdataset/brisc2025/brisc2025/classification_task/train/meningioma/brisc2025_train_01314_me_ax_t1.jpg,meningioma
near,3,/kaggle/input/datasets/briscdataset/brisc2025/brisc2025/classification_task/train/meningioma/brisc2025_train_01312_me_ax_t1.jpg,meningioma,/kaggle/input/datasets/briscdataset/brisc2025/brisc2025/classification_task/train/meningioma/brisc2025_train_01314_me_ax_t1.jpg,meningioma
near,4,/kaggle/input/datasets/briscdataset/brisc2025/brisc2025/classification_task/train/meningioma/brisc2025_train_01315_me_ax_t1.jpg,meningioma,/kaggle/input/datasets/briscdataset/brisc2025/brisc2025/classification_task/train/meningioma/brisc2025_train_01316_me_ax_t1.jpg,meningioma
near,2,/kaggle/input/datasets/briscdataset/brisc2025/brisc2025/classification_task/train/meningioma/brisc2025_train_01315_me_ax_t1.jpg,meningioma,/kaggle/input/datasets/briscdataset/brisc2025/brisc2025/classification_task/train/meningioma/brisc2025_train_01317_me_ax_t1.jpg,meningioma
near,6,/kaggle/input/datasets/briscdataset/brisc2025/brisc2025/classification_task/train/meningioma/brisc2025_train_01315_me_ax_t1.jpg,meningioma,/kaggle/input/datasets/briscdataset/brisc2025/brisc2025/classification_task/test/meningioma/brisc2025_test_00376_me_ax_t1.jpg,meningioma
near,2,/kaggle/input/datasets/briscdataset/brisc2025/brisc2025/classification_task/train/meningioma/brisc2025_train_01316_me_ax_t1.jpg,meningioma,/kaggle/input/datasets/briscdataset/brisc2025/brisc2025/classification_task/train/meningioma/brisc2025_train_01317_me_ax_t1.jpg,meningioma
near,6,/kaggle/input/datasets/briscdataset/brisc2025/brisc2025/classification_task/train/meningioma/brisc2025_train_01321_me_ax_t1.jpg,meningioma,/kaggle/input/datasets/briscdataset/brisc2025/brisc2025/classification_task/train/no_tumor/brisc2025_train_02710_no_ax_t1.jpg,no_tumor
near,3,/kaggle/input/datasets/briscdataset/brisc2025/brisc2025/classification_task/train/meningioma/brisc2025_train_01322_me_ax_t1.jpg,meningioma,/kaggle/input/datasets/briscdataset/brisc2025/brisc2025/classification_task/train/meningioma/brisc2025_train_01323_me_ax_t1.jpg,meningioma
near,5,/kaggle/input/datasets/briscdataset/brisc2025/brisc2025/classification_task/train/meningioma/brisc2025_train_01325_me_ax_t1.jpg,meningioma,/kaggle/input/datasets/briscdataset/brisc2025/brisc2025/classification_task/train/meningioma/brisc2025_train_01326_me_ax_t1.jpg,meningioma
near,5,/kaggle/input/datasets/briscdataset/brisc2025/brisc2025/classification_task/train/meningioma/brisc2025_train_01329_me_ax_t1.jpg,meningioma,/kaggle/input/datasets/briscdataset/brisc2025/brisc2025/classification_task/train/meningioma/brisc2025_train_01330_me_ax_t1.jpg,meningioma
near,6,/kaggle/input/datasets/briscdataset/brisc2025/brisc2025/classification_task/train/meningioma/brisc2025_train_01332_me_ax_t1.jpg,meningioma,/kaggle/input/datasets/briscdataset/brisc2025/brisc2025/classification_task/train/pituitary/brisc2025_train_03557_pi_ax_t1.jpg,pituitary
near,4,/kaggle/input/datasets/briscdataset/brisc2025/brisc2025/classification_task/train/meningioma/brisc2025_train_01332_me_ax_t1.jpg,meningioma,/kaggle/input/datasets/briscdataset/brisc2025/brisc2025/classification_task/train/pituitary/brisc2025_train_03617_pi_ax_t1.jpg,pituitary
near,4,/kaggle/input/datasets/briscdataset/brisc2025/brisc2025/classification_task/train/meningioma/brisc2025_train_01333_me_ax_t1.jpg,meningioma,/kaggle/input/datasets/briscdataset/brisc2025/brisc2025/classification_task/train/meningioma/brisc2025_train_01334_me_ax_t1.jpg,meningioma
near,2,/kaggle/input/datasets/briscdataset/brisc2025/brisc2025/classification_task/train/meningioma/brisc2025_train_01339_me_ax_t1.jpg,meningioma,/kaggle/input/datasets/briscdataset/brisc2025/brisc2025/classification_task/train/meningioma/brisc2025_train_01340_me_ax_t1.jpg,meningioma
near,6,/kaggle/input/datasets/briscdataset/brisc2025/brisc2025/classification_task/train/meningioma/brisc2025_train_01339_me_ax_t1.jpg,meningioma,/kaggle/input/datasets/briscdataset/brisc2025/brisc2025/classification_task/train/meningioma/brisc2025_train_01341_me_ax_t1.jpg,meningioma
near,4,/kaggle/input/datasets/briscdataset/brisc2025/brisc2025/classification_task/train/meningioma/brisc2025_train_01340_me_ax_t1.jpg,meningioma,/kaggle/input/datasets/briscdataset/brisc2025/brisc2025/classification_task/train/meningioma/brisc2025_train_01341_me_ax_t1.jpg,meningioma
near,4,/kaggle/input/datasets/briscdataset/brisc2025/brisc2025/classification_task/train/meningioma/brisc2025_train_01341_me_ax_t1.jpg,meningioma,/kaggle/input/datasets/briscdataset/brisc2025/brisc2025/classification_task/train/meningioma/brisc2025_train_01342_me_ax_t1.jpg,meningioma
near,3,/kaggle/input/datasets/briscdataset/brisc2025/brisc2025/classification_task/train/meningioma/brisc2025_train_01344_me_ax_t1.jpg,meningioma,/kaggle/input/datasets/briscdataset/brisc2025/brisc2025/classification_task/train/meningioma/brisc2025_train_01345_me_ax_t1.jpg,meningioma
near,5,/kaggle/input/datasets/briscdataset/brisc2025/brisc2025/classification_task/train/meningioma/brisc2025_train_01344_me_ax_t1.jpg,meningioma,/kaggle/input/datasets/briscdataset/brisc2025/brisc2025/classification_task/train/meningioma/brisc2025_train_01346_me_ax_t1.jpg,meningioma
near,6,/kaggle/input/datasets/briscdataset/brisc2025/brisc2025/classification_task/train/meningioma/brisc2025_train_01344_me_ax_t1.jpg,meningioma,/kaggle/input/datasets/briscdataset/brisc2025/brisc2025/classification_task/train/meningioma/brisc2025_train_01347_me_ax_t1.jpg,meningioma
near,6,/kaggle/input/datasets/briscdataset/brisc2025/brisc2025/classification_task/train/meningioma/brisc2025_train_01345_me_ax_t1.jpg,meningioma,/kaggle/input/datasets/briscdataset/brisc2025/brisc2025/classification_task/train/meningioma/brisc2025_train_01346_me_ax_t1.jpg,meningioma
near,1,/kaggle/input/datasets/briscdataset/brisc2025/brisc2025/classification_task/train/meningioma/brisc2025_train_01346_me_ax_t1.jpg,meningioma,/kaggle/input/datasets/briscdataset/brisc2025/brisc2025/classification_task/train/meningioma/brisc2025_train_01347_me_ax_t1.jpg,meningioma
near,3,/kaggle/input/datasets/briscdataset/brisc2025/brisc2025/classification_task/train/meningioma/brisc2025_train_01346_me_ax_t1.jpg,meningioma,/kaggle/input/datasets/briscdataset/brisc2025/brisc2025/classification_task/train/meningioma/brisc2025_train_01348_me_ax_t1.jpg,meningioma
near,5,/kaggle/input/datasets/briscdataset/brisc2025/brisc2025/classification_task/train/meningioma/brisc2025_train_01346_me_ax_t1.jpg,meningioma,/kaggle/input/datasets/briscdataset/brisc2025/brisc2025/classification_task/train/meningioma/brisc2025_train_02239_me_sa_t1.jpg,meningioma
near,2,/kaggle/input/datasets/briscdataset/brisc2025/brisc2025/classification_task/train/meningioma/brisc2025_train_01347_me_ax_t1.jpg,meningioma,/kaggle/input/datasets/briscdataset/brisc2025/brisc2025/classification_task/train/meningioma/brisc2025_train_01348_me_ax_t1.jpg,meningioma
near,6,/kaggle/input/datasets/briscdataset/brisc2025/brisc2025/classification_task/train/meningioma/brisc2025_train_01347_me_ax_t1.jpg,meningioma,/kaggle/input/datasets/briscdataset/brisc2025/brisc2025/classification_task/train/meningioma/brisc2025_train_01365_me_ax_t1.jpg,meningioma
near,6,/kaggle/input/datasets/briscdataset/brisc2025/brisc2025/classification_task/train/meningioma/brisc2025_train_01347_me_ax_t1.jpg,meningioma,/kaggle/input/datasets/briscdataset/brisc2025/brisc2025/classification_task/train/meningioma/brisc2025_train_01366_me_ax_t1.jpg,meningioma
near,6,/kaggle/input/datasets/briscdataset/brisc2025/brisc2025/classification_task/train/meningioma/brisc2025_train_01347_me_ax_t1.jpg,meningioma,/kaggle/input/datasets/briscdataset/brisc2025/brisc2025/classification_task/train/meningioma/brisc2025_train_01414_me_ax_t1.jpg,meningioma
near,6,/kaggle/input/datasets/briscdataset/brisc2025/brisc2025/classification_task/train/meningioma/brisc2025_train_01347_me_ax_t1.jpg,meningioma,/kaggle/input/datasets/briscdataset/brisc2025/brisc2025/classification_task/train/meningioma/brisc2025_train_02239_me_sa_t1.jpg,meningioma
near,6,/kaggle/input/datasets/briscdataset/brisc2025/brisc2025/classification_task/train/meningioma/brisc2025_train_01347_me_ax_t1.jpg,meningioma,/kaggle/input/datasets/briscdataset/brisc2025/brisc2025/classification_task/test/meningioma/brisc2025_test_00360_me_ax_t1.jpg,meningioma
near,4,/kaggle/input/datasets/briscdataset/brisc2025/brisc2025/classification_task/train/meningioma/brisc2025_train_01349_me_ax_t1.jpg,meningioma,/kaggle/input/datasets/briscdataset/brisc2025/brisc2025/classification_task/test/no_tumor/brisc2025_test_00586_no_ax_t1.jpg,no_tumor
near,5,/kaggle/input/datasets/briscdataset/brisc2025/brisc2025/classification_task/train/meningioma/brisc2025_train_01357_me_ax_t1.jpg,meningioma,/kaggle/input/datasets/briscdataset/brisc2025/brisc2025/classification_task/train/meningioma/brisc2025_train_01358_me_ax_t1.jpg,meningioma
near,5,/kaggle/input/datasets/briscdataset/brisc2025/brisc2025/classification_task/train/meningioma/brisc2025_train_01361_me_ax_t1.jpg,meningioma,/kaggle/input/datasets/briscdataset/brisc2025/brisc2025/classification_task/train/meningioma/brisc2025_train_01362_me_ax_t1.jpg,meningioma
near,6,/kaggle/input/datasets/briscdataset/brisc2025/brisc2025/classification_task/train/meningioma/brisc2025_train_01361_me_ax_t1.jpg,meningioma,/kaggle/input/datasets/briscdataset/brisc2025/brisc2025/classification_task/train/meningioma/brisc2025_train_01363_me_ax_t1.jpg,meningioma
near,6,/kaggle/input/datasets/briscdataset/brisc2025/brisc2025/classification_task/train/meningioma/brisc2025_train_01365_me_ax_t1.jpg,meningioma,/kaggle/input/datasets/briscdataset/brisc2025/brisc2025/classification_task/train/meningioma/brisc2025_train_01366_me_ax_t1.jpg,meningioma
near,6,/kaggle/input/datasets/briscdataset/brisc2025/brisc2025/classification_task/train/meningioma/brisc2025_train_01366_me_ax_t1.jpg,meningioma,/kaggle/input/datasets/briscdataset/brisc2025/brisc2025/classification_task/train/meningioma/brisc2025_train_02239_me_sa_t1.jpg,meningioma
near,5,/kaggle/input/datasets/briscdataset/brisc2025/brisc2025/classification_task/train/meningioma/brisc2025_train_01368_me_ax_t1.jpg,meningioma,/kaggle/input/datasets/briscdataset/brisc2025/brisc2025/classification_task/train/meningioma/brisc2025_train_01369_me_ax_t1.jpg,meningioma
near,6,/kaggle/input/datasets/briscdataset/brisc2025/brisc2025/classification_task/train/meningioma/brisc2025_train_01371_me_ax_t1.jpg,meningioma,/kaggle/input/datasets/briscdataset/brisc2025/brisc2025/classification_task/train/meningioma/brisc2025_train_01372_me_ax_t1.jpg,meningioma
near,5,/kaggle/input/datasets/briscdataset/brisc2025/brisc2025/classification_task/train/meningioma/brisc2025_train_01372_me_ax_t1.jpg,meningioma,/kaggle/input/datasets/briscdataset/brisc2025/brisc2025/classification_task/train/meningioma/brisc2025_train_01373_me_ax_t1.jpg,meningioma
near,6,/kaggle/input/datasets/briscdataset/brisc2025/brisc2025/classification_task/train/meningioma/brisc2025_train_01372_me_ax_t1.jpg,meningioma,/kaggle/input/datasets/briscdataset/brisc2025/brisc2025/classification_task/train/no_tumor/brisc2025_train_02599_no_ax_t1.jpg,no_tumor
near,6,/kaggle/input/datasets/briscdataset/brisc2025/brisc2025/classification_task/train/meningioma/brisc2025_train_01373_me_ax_t1.jpg,meningioma,/kaggle/input/datasets/briscdataset/brisc2025/brisc2025/classification_task/train/meningioma/brisc2025_train_01374_me_ax_t1.jpg,meningioma
near,5,/kaggle/input/datasets/briscdataset/brisc2025/brisc2025/classification_task/train/meningioma/brisc2025_train_01375_me_ax_t1.jpg,meningioma,/kaggle/input/datasets/briscdataset/brisc2025/brisc2025/classification_task/train/meningioma/brisc2025_train_01376_me_ax_t1.jpg,meningioma
near,4,/kaggle/input/datasets/briscdataset/brisc2025/brisc2025/classification_task/train/meningioma/brisc2025_train_01378_me_ax_t1.jpg,meningioma,/kaggle/input/datasets/briscdataset/brisc2025/brisc2025/classification_task/test/meningioma/brisc2025_test_00277_me_ax_t1.jpg,meningioma
near,2,/kaggle/input/datasets/briscdataset/brisc2025/brisc2025/classification_task/train/meningioma/brisc2025_train_01384_me_ax_t1.jpg,meningioma,/kaggle/input/datasets/briscdataset/brisc2025/brisc2025/classification_task/test/meningioma/brisc2025_test_00314_me_ax_t1.jpg,meningioma
near,4,/kaggle/input/datasets/briscdataset/brisc2025/brisc2025/classification_task/train/meningioma/brisc2025_train_01385_me_ax_t1.jpg,meningioma,/kaggle/input/datasets/briscdataset/brisc2025/brisc2025/classification_task/test/meningioma/brisc2025_test_00277_me_ax_t1.jpg,meningioma
near,6,/kaggle/input/datasets/briscdataset/brisc2025/brisc2025/classification_task/train/meningioma/brisc2025_train_01387_me_ax_t1.jpg,meningioma,/kaggle/input/datasets/briscdataset/brisc2025/brisc2025/classification_task/test/meningioma/brisc2025_test_00307_me_ax_t1.jpg,meningioma
near,4,/kaggle/input/datasets/briscdataset/brisc2025/brisc2025/classification_task/train/meningioma/brisc2025_train_01406_me_ax_t1.jpg,meningioma,/kaggle/input/datasets/briscdataset/brisc2025/brisc2025/classification_task/train/meningioma/brisc2025_train_01565_me_ax_t1.jpg,meningioma
near,4,/kaggle/input/datasets/briscdataset/brisc2025/brisc2025/classification_task/train/meningioma/brisc2025_train_01408_me_ax_t1.jpg,meningioma,/kaggle/input/datasets/briscdataset/brisc2025/brisc2025/classification_task/train/meningioma/brisc2025_train_01409_me_ax_t1.jpg,meningioma
near,5,/kaggle/input/datasets/briscdataset/brisc2025/brisc2025/classification_task/train/meningioma/brisc2025_train_01410_me_ax_t1.jpg,meningioma,/kaggle/input/datasets/briscdataset/brisc2025/brisc2025/classification_task/test/meningioma/brisc2025_test_00311_me_ax_t1.jpg,meningioma
near,2,/kaggle/input/datasets/briscdataset/brisc2025/brisc2025/classification_task/train/meningioma/brisc2025_train_01410_me_ax_t1.jpg,meningioma,/kaggle/input/datasets/briscdataset/brisc2025/brisc2025/classification_task/test/meningioma/brisc2025_test_00356_me_ax_t1.jpg,meningioma
near,2,/kaggle/input/datasets/briscdataset/brisc2025/brisc2025/classification_task/train/meningioma/brisc2025_train_01413_me_ax_t1.jpg,meningioma,/kaggle/input/datasets/briscdataset/brisc2025/brisc2025/classification_task/train/meningioma/brisc2025_train_01441_me_ax_t1.jpg,meningioma
near,2,/kaggle/input/datasets/briscdataset/brisc2025/brisc2025/classification_task/train/meningioma/brisc2025_train_01414_me_ax_t1.jpg,meningioma,/kaggle/input/datasets/briscdataset/brisc2025/brisc2025/classification_task/train/meningioma/brisc2025_train_01425_me_ax_t1.jpg,meningioma
near,5,/kaggle/input/datasets/briscdataset/brisc2025/brisc2025/classification_task/train/meningioma/brisc2025_train_01414_me_ax_t1.jpg,meningioma,/kaggle/input/datasets/briscdataset/brisc2025/brisc2025/classification_task/train/meningioma/brisc2025_train_01428_me_ax_t1.jpg,meningioma
near,2,/kaggle/input/datasets/briscdataset/brisc2025/brisc2025/classification_task/train/meningioma/brisc2025_train_01414_me_ax_t1.jpg,meningioma,/kaggle/input/datasets/briscdataset/brisc2025/brisc2025/classification_task/test/meningioma/brisc2025_test_00360_me_ax_t1.jpg,meningioma
near,6,/kaggle/input/datasets/briscdataset/brisc2025/brisc2025/classification_task/train/meningioma/brisc2025_train_01416_me_ax_t1.jpg,meningioma,/kaggle/input/datasets/briscdataset/brisc2025/brisc2025/classification_task/train/meningioma/brisc2025_train_01437_me_ax_t1.jpg,meningioma
near,6,/kaggle/input/datasets/briscdataset/brisc2025/brisc2025/classification_task/train/meningioma/brisc2025_train_01416_me_ax_t1.jpg,meningioma,/kaggle/input/datasets/briscdataset/brisc2025/brisc2025/classification_task/train/meningioma/brisc2025_train_01443_me_ax_t1.jpg,meningioma
near,5,/kaggle/input/datasets/briscdataset/brisc2025/brisc2025/classification_task/train/meningioma/brisc2025_train_01420_me_ax_t1.jpg,meningioma,/kaggle/input/datasets/briscdataset/brisc2025/brisc2025/classification_task/test/glioma/brisc2025_test_00017_gl_ax_t1.jpg,glioma
near,3,/kaggle/input/datasets/briscdataset/brisc2025/brisc2025/classification_task/train/meningioma/brisc2025_train_01420_me_ax_t1.jpg,meningioma,/kaggle/input/datasets/briscdataset/brisc2025/brisc2025/classification_task/test/meningioma/brisc2025_test_00359_me_ax_t1.jpg,meningioma
near,5,/kaggle/input/datasets/briscdataset/brisc2025/brisc2025/classification_task/train/meningioma/brisc2025_train_01421_me_ax_t1.jpg,meningioma,/kaggle/input/datasets/briscdataset/brisc2025/brisc2025/classification_task/test/glioma/brisc2025_test_00017_gl_ax_t1.jpg,glioma
near,5,/kaggle/input/datasets/briscdataset/brisc2025/brisc2025/classification_task/train/meningioma/brisc2025_train_01421_me_ax_t1.jpg,meningioma,/kaggle/input/datasets/briscdataset/brisc2025/brisc2025/classification_task/test/meningioma/brisc2025_test_00359_me_ax_t1.jpg,meningioma
near,2,/kaggle/input/datasets/briscdataset/brisc2025/brisc2025/classification_task/train/meningioma/brisc2025_train_01422_me_ax_t1.jpg,meningioma,/kaggle/input/datasets/briscdataset/brisc2025/brisc2025/classification_task/train/meningioma/brisc2025_train_01423_me_ax_t1.jpg,meningioma
near,3,/kaggle/input/datasets/briscdataset/brisc2025/brisc2025/classification_task/train/meningioma/brisc2025_train_01425_me_ax_t1.jpg,meningioma,/kaggle/input/datasets/briscdataset/brisc2025/brisc2025/classification_task/train/meningioma/brisc2025_train_01428_me_ax_t1.jpg,meningioma
near,5,/kaggle/input/datasets/briscdataset/brisc2025/brisc2025/classification_task/train/meningioma/brisc2025_train_01425_me_ax_t1.jpg,meningioma,/kaggle/input/datasets/briscdataset/brisc2025/brisc2025/classification_task/train/meningioma/brisc2025_train_02138_me_sa_t1.jpg,meningioma
near,2,/kaggle/input/datasets/briscdataset/brisc2025/brisc2025/classification_task/train/meningioma/brisc2025_train_01425_me_ax_t1.jpg,meningioma,/kaggle/input/datasets/briscdataset/brisc2025/brisc2025/classification_task/test/meningioma/brisc2025_test_00360_me_ax_t1.jpg,meningioma
near,3,/kaggle/input/datasets/briscdataset/brisc2025/brisc2025/classification_task/train/meningioma/brisc2025_train_01428_me_ax_t1.jpg,meningioma,/kaggle/input/datasets/briscdataset/brisc2025/brisc2025/classification_task/test/meningioma/brisc2025_test_00360_me_ax_t1.jpg,meningioma
near,6,/kaggle/input/datasets/briscdataset/brisc2025/brisc2025/classification_task/train/meningioma/brisc2025_train_01433_me_ax_t1.jpg,meningioma,/kaggle/input/datasets/briscdataset/brisc2025/brisc2025/classification_task/test/meningioma/brisc2025_test_00328_me_ax_t1.jpg,meningioma
near,6,/kaggle/input/datasets/briscdataset/brisc2025/brisc2025/classification_task/train/meningioma/brisc2025_train_01435_me_ax_t1.jpg,meningioma,/kaggle/input/datasets/briscdataset/brisc2025/brisc2025/classification_task/train/meningioma/brisc2025_train_01933_me_co_t1.jpg,meningioma
near,5,/kaggle/input/datasets/briscdataset/brisc2025/brisc2025/classification_task/train/meningioma/brisc2025_train_01443_me_ax_t1.jpg,meningioma,/kaggle/input/datasets/briscdataset/brisc2025/brisc2025/classification_task/train/meningioma/brisc2025_train_01508_me_ax_t1.jpg,meningioma
near,6,/kaggle/input/datasets/briscdataset/brisc2025/brisc2025/classification_task/train/meningioma/brisc2025_train_01446_me_ax_t1.jpg,meningioma,/kaggle/input/datasets/briscdataset/brisc2025/brisc2025/classification_task/train/meningioma/brisc2025_train_01463_me_ax_t1.jpg,meningioma
near,6,/kaggle/input/datasets/briscdataset/brisc2025/brisc2025/classification_task/train/meningioma/brisc2025_train_01446_me_ax_t1.jpg,meningioma,/kaggle/input/datasets/briscdataset/brisc2025/brisc2025/classification_task/train/meningioma/brisc2025_train_01464_me_ax_t1.jpg,meningioma
near,5,/kaggle/input/datasets/briscdataset/brisc2025/brisc2025/classification_task/train/meningioma/brisc2025_train_01446_me_ax_t1.jpg,meningioma,/kaggle/input/datasets/briscdataset/brisc2025/brisc2025/classification_task/train/meningioma/brisc2025_train_01480_me_ax_t1.jpg,meningioma
near,5,/kaggle/input/datasets/briscdataset/brisc2025/brisc2025/classification_task/train/meningioma/brisc2025_train_01446_me_ax_t1.jpg,meningioma,/kaggle/input/datasets/briscdataset/brisc2025/brisc2025/classification_task/test/meningioma/brisc2025_test_00371_me_ax_t1.jpg,meningioma
near,3,/kaggle/input/datasets/briscdataset/brisc2025/brisc2025/classification_task/train/meningioma/brisc2025_train_01446_me_ax_t1.jpg,meningioma,/kaggle/input/datasets/briscdataset/brisc2025/brisc2025/classification_task/test/meningioma/brisc2025_test_00376_me_ax_t1.jpg,meningioma
near,4,/kaggle/input/datasets/briscdataset/brisc2025/brisc2025/classification_task/train/meningioma/brisc2025_train_01449_me_ax_t1.jpg,meningioma,/kaggle/input/datasets/briscdataset/brisc2025/brisc2025/classification_task/train/meningioma/brisc2025_train_01450_me_ax_t1.jpg,meningioma
near,2,/kaggle/input/datasets/briscdataset/brisc2025/brisc2025/classification_task/train/meningioma/brisc2025_train_01449_me_ax_t1.jpg,meningioma,/kaggle/input/datasets/briscdataset/brisc2025/brisc2025/classification_task/test/meningioma/brisc2025_test_00365_me_ax_t1.jpg,meningioma
near,6,/kaggle/input/datasets/briscdataset/brisc2025/brisc2025/classification_task/train/meningioma/brisc2025_train_01450_me_ax_t1.jpg,meningioma,/kaggle/input/datasets/briscdataset/brisc2025/brisc2025/classification_task/train/meningioma/brisc2025_train_01451_me_ax_t1.jpg,meningioma
near,4,/kaggle/input/datasets/briscdataset/brisc2025/brisc2025/classification_task/train/meningioma/brisc2025_train_01450_me_ax_t1.jpg,meningioma,/kaggle/input/datasets/briscdataset/brisc2025/brisc2025/classification_task/train/meningioma/brisc2025_train_01452_me_ax_t1.jpg,meningioma
near,6,/kaggle/input/datasets/briscdataset/brisc2025/brisc2025/classification_task/train/meningioma/brisc2025_train_01450_me_ax_t1.jpg,meningioma,/kaggle/input/datasets/briscdataset/brisc2025/brisc2025/classification_task/train/pituitary/brisc2025_train_03862_pi_ax_t1.jpg,pituitary
near,4,/kaggle/input/datasets/briscdataset/brisc2025/brisc2025/classification_task/train/meningioma/brisc2025_train_01450_me_ax_t1.jpg,meningioma,/kaggle/input/datasets/briscdataset/brisc2025/brisc2025/classification_task/test/meningioma/brisc2025_test_00365_me_ax_t1.jpg,meningioma
near,6,/kaggle/input/datasets/briscdataset/brisc2025/brisc2025/classification_task/train/meningioma/brisc2025_train_01451_me_ax_t1.jpg,meningioma,/kaggle/input/datasets/briscdataset/brisc2025/brisc2025/classification_task/test/meningioma/brisc2025_test_00365_me_ax_t1.jpg,meningioma
near,6,/kaggle/input/datasets/briscdataset/brisc2025/brisc2025/classification_task/train/meningioma/brisc2025_train_01452_me_ax_t1.jpg,meningioma,/kaggle/input/datasets/briscdataset/brisc2025/brisc2025/classification_task/test/meningioma/brisc2025_test_00367_me_ax_t1.jpg,meningioma
near,4,/kaggle/input/datasets/briscdataset/brisc2025/brisc2025/classification_task/train/meningioma/brisc2025_train_01456_me_ax_t1.jpg,meningioma,/kaggle/input/datasets/briscdataset/brisc2025/brisc2025/classification_task/train/meningioma/brisc2025_train_01458_me_ax_t1.jpg,meningioma
near,4,/kaggle/input/datasets/briscdataset/brisc2025/brisc2025/classification_task/train/meningioma/brisc2025_train_01456_me_ax_t1.jpg,meningioma,/kaggle/input/datasets/briscdataset/brisc2025/brisc2025/classification_task/test/meningioma/brisc2025_test_00368_me_ax_t1.jpg,meningioma
near,3,/kaggle/input/datasets/briscdataset/brisc2025/brisc2025/classification_task/train/meningioma/brisc2025_train_01458_me_ax_t1.jpg,meningioma,/kaggle/input/datasets/briscdataset/brisc2025/brisc2025/classification_task/train/meningioma/brisc2025_train_01459_me_ax_t1.jpg,meningioma
near,4,/kaggle/input/datasets/briscdataset/brisc2025/brisc2025/classification_task/train/meningioma/brisc2025_train_01458_me_ax_t1.jpg,meningioma,/kaggle/input/datasets/briscdataset/brisc2025/brisc2025/classification_task/train/meningioma/brisc2025_train_02286_me_sa_t1.jpg,meningioma
near,6,/kaggle/input/datasets/briscdataset/brisc2025/brisc2025/classification_task/train/meningioma/brisc2025_train_01462_me_ax_t1.jpg,meningioma,/kaggle/input/datasets/briscdataset/brisc2025/brisc2025/classification_task/train/meningioma/brisc2025_train_01463_me_ax_t1.jpg,meningioma
near,6,/kaggle/input/datasets/briscdataset/brisc2025/brisc2025/classification_task/train/meningioma/brisc2025_train_01462_me_ax_t1.jpg,meningioma,/kaggle/input/datasets/briscdataset/brisc2025/brisc2025/classification_task/train/meningioma/brisc2025_train_01464_me_ax_t1.jpg,meningioma
near,5,/kaggle/input/datasets/briscdataset/brisc2025/brisc2025/classification_task/train/meningioma/brisc2025_train_01463_me_ax_t1.jpg,meningioma,/kaggle/input/datasets/briscdataset/brisc2025/brisc2025/classification_task/train/meningioma/brisc2025_train_01480_me_ax_t1.jpg,meningioma
near,3,/kaggle/input/datasets/briscdataset/brisc2025/brisc2025/classification_task/train/meningioma/brisc2025_train_01463_me_ax_t1.jpg,meningioma,/kaggle/input/datasets/briscdataset/brisc2025/brisc2025/classification_task/test/meningioma/brisc2025_test_00370_me_ax_t1.jpg,meningioma
near,5,/kaggle/input/datasets/briscdataset/brisc2025/brisc2025/classification_task/train/meningioma/brisc2025_train_01463_me_ax_t1.jpg,meningioma,/kaggle/input/datasets/briscdataset/brisc2025/brisc2025/classification_task/test/meningioma/brisc2025_test_00371_me_ax_t1.jpg,meningioma
near,5,/kaggle/input/datasets/briscdataset/brisc2025/brisc2025/classification_task/train/meningioma/brisc2025_train_01463_me_ax_t1.jpg,meningioma,/kaggle/input/datasets/briscdataset/brisc2025/brisc2025/classification_task/test/meningioma/brisc2025_test_00376_me_ax_t1.jpg,meningioma
near,6,/kaggle/input/datasets/briscdataset/brisc2025/brisc2025/classification_task/train/meningioma/brisc2025_train_01463_me_ax_t1.jpg,meningioma,/kaggle/input/datasets/briscdataset/brisc2025/brisc2025/classification_task/test/meningioma/brisc2025_test_00546_me_sa_t1.jpg,meningioma
near,5,/kaggle/input/datasets/briscdataset/brisc2025/brisc2025/classification_task/train/meningioma/brisc2025_train_01464_me_ax_t1.jpg,meningioma,/kaggle/input/datasets/briscdataset/brisc2025/brisc2025/classification_task/train/meningioma/brisc2025_train_01480_me_ax_t1.jpg,meningioma
near,3,/kaggle/input/datasets/briscdataset/brisc2025/brisc2025/classification_task/train/meningioma/brisc2025_train_01464_me_ax_t1.jpg,meningioma,/kaggle/input/datasets/briscdataset/brisc2025/brisc2025/classification_task/test/meningioma/brisc2025_test_00370_me_ax_t1.jpg,meningioma
near,5,/kaggle/input/datasets/briscdataset/brisc2025/brisc2025/classification_task/train/meningioma/brisc2025_train_01464_me_ax_t1.jpg,meningioma,/kaggle/input/datasets/briscdataset/brisc2025/brisc2025/classification_task/test/meningioma/brisc2025_test_00371_me_ax_t1.jpg,meningioma
near,5,/kaggle/input/datasets/briscdataset/brisc2025/brisc2025/classification_task/train/meningioma/brisc2025_train_01464_me_ax_t1.jpg,meningioma,/kaggle/input/datasets/briscdataset/brisc2025/brisc2025/classification_task/test/meningioma/brisc2025_test_00376_me_ax_t1.jpg,meningioma
near,6,/kaggle/input/datasets/briscdataset/brisc2025/brisc2025/classification_task/train/meningioma/brisc2025_train_01464_me_ax_t1.jpg,meningioma,/kaggle/input/datasets/briscdataset/brisc2025/brisc2025/classification_task/test/meningioma/brisc2025_test_00546_me_sa_t1.jpg,meningioma
near,6,/kaggle/input/datasets/briscdataset/brisc2025/brisc2025/classification_task/train/meningioma/brisc2025_train_01465_me_ax_t1.jpg,meningioma,/kaggle/input/datasets/briscdataset/brisc2025/brisc2025/classification_task/test/meningioma/brisc2025_test_00371_me_ax_t1.jpg,meningioma
near,6,/kaggle/input/datasets/briscdataset/brisc2025/brisc2025/classification_task/train/meningioma/brisc2025_train_01465_me_ax_t1.jpg,meningioma,/kaggle/input/datasets/briscdataset/brisc2025/brisc2025/classification_task/test/meningioma/brisc2025_test_00376_me_ax_t1.jpg,meningioma
near,4,/kaggle/input/datasets/briscdataset/brisc2025/brisc2025/classification_task/train/meningioma/brisc2025_train_01472_me_ax_t1.jpg,meningioma,/kaggle/input/datasets/briscdataset/brisc2025/brisc2025/classification_task/train/meningioma/brisc2025_train_01473_me_ax_t1.jpg,meningioma
near,6,/kaggle/input/datasets/briscdataset/brisc2025/brisc2025/classification_task/train/meningioma/brisc2025_train_01477_me_ax_t1.jpg,meningioma,/kaggle/input/datasets/briscdataset/brisc2025/brisc2025/classification_task/train/meningioma/brisc2025_train_01478_me_ax_t1.jpg,meningioma
near,6,/kaggle/input/datasets/briscdataset/brisc2025/brisc2025/classification_task/train/meningioma/brisc2025_train_01480_me_ax_t1.jpg,meningioma,/kaggle/input/datasets/briscdataset/brisc2025/brisc2025/classification_task/test/meningioma/brisc2025_test_00371_me_ax_t1.jpg,meningioma
near,4,/kaggle/input/datasets/briscdataset/brisc2025/brisc2025/classification_task/train/meningioma/brisc2025_train_01480_me_ax_t1.jpg,meningioma,/kaggle/input/datasets/briscdataset/brisc2025/brisc2025/classification_task/test/meningioma/brisc2025_test_00376_me_ax_t1.jpg,meningioma
near,5,/kaggle/input/datasets/briscdataset/brisc2025/brisc2025/classification_task/train/meningioma/brisc2025_train_01481_me_ax_t1.jpg,meningioma,/kaggle/input/datasets/briscdataset/brisc2025/brisc2025/classification_task/train/meningioma/brisc2025_train_01482_me_ax_t1.jpg,meningioma
near,6,/kaggle/input/datasets/briscdataset/brisc2025/brisc2025/classification_task/train/meningioma/brisc2025_train_01482_me_ax_t1.jpg,meningioma,/kaggle/input/datasets/briscdataset/brisc2025/brisc2025/classification_task/train/meningioma/brisc2025_train_01483_me_ax_t1.jpg,meningioma
near,6,/kaggle/input/datasets/briscdataset/brisc2025/brisc2025/classification_task/train/meningioma/brisc2025_train_01485_me_ax_t1.jpg,meningioma,/kaggle/input/datasets/briscdataset/brisc2025/brisc2025/classification_task/test/meningioma/brisc2025_test_00377_me_ax_t1.jpg,meningioma
near,4,/kaggle/input/datasets/briscdataset/brisc2025/brisc2025/classification_task/train/meningioma/brisc2025_train_01489_me_ax_t1.jpg,meningioma,/kaggle/input/datasets/briscdataset/brisc2025/brisc2025/classification_task/train/meningioma/brisc2025_train_01490_me_ax_t1.jpg,meningioma
near,4,/kaggle/input/datasets/briscdataset/brisc2025/brisc2025/classification_task/train/meningioma/brisc2025_train_01489_me_ax_t1.jpg,meningioma,/kaggle/input/datasets/briscdataset/brisc2025/brisc2025/classification_task/train/meningioma/brisc2025_train_01491_me_ax_t1.jpg,meningioma
near,5,/kaggle/input/datasets/briscdataset/brisc2025/brisc2025/classification_task/train/meningioma/brisc2025_train_01489_me_ax_t1.jpg,meningioma,/kaggle/input/datasets/briscdataset/brisc2025/brisc2025/classification_task/test/meningioma/brisc2025_test_00379_me_ax_t1.jpg,meningioma
near,4,/kaggle/input/datasets/briscdataset/brisc2025/brisc2025/classification_task/train/meningioma/brisc2025_train_01490_me_ax_t1.jpg,meningioma,/kaggle/input/datasets/briscdataset/brisc2025/brisc2025/classification_task/train/meningioma/brisc2025_train_01491_me_ax_t1.jpg,meningioma
near,3,/kaggle/input/datasets/briscdataset/brisc2025/brisc2025/classification_task/train/meningioma/brisc2025_train_01490_me_ax_t1.jpg,meningioma,/kaggle/input/datasets/briscdataset/brisc2025/brisc2025/classification_task/test/meningioma/brisc2025_test_00379_me_ax_t1.jpg,meningioma
near,6,/kaggle/input/datasets/briscdataset/brisc2025/brisc2025/classification_task/train/meningioma/brisc2025_train_01491_me_ax_t1.jpg,meningioma,/kaggle/input/datasets/briscdataset/brisc2025/brisc2025/classification_task/train/meningioma/brisc2025_train_01492_me_ax_t1.jpg,meningioma
near,3,/kaggle/input/datasets/briscdataset/brisc2025/brisc2025/classification_task/train/meningioma/brisc2025_train_01491_me_ax_t1.jpg,meningioma,/kaggle/input/datasets/briscdataset/brisc2025/brisc2025/classification_task/test/meningioma/brisc2025_test_00379_me_ax_t1.jpg,meningioma
near,4,/kaggle/input/datasets/briscdataset/brisc2025/brisc2025/classification_task/train/meningioma/brisc2025_train_01492_me_ax_t1.jpg,meningioma,/kaggle/input/datasets/briscdataset/brisc2025/brisc2025/classification_task/train/meningioma/brisc2025_train_01493_me_ax_t1.jpg,meningioma
near,5,/kaggle/input/datasets/briscdataset/brisc2025/brisc2025/classification_task/train/meningioma/brisc2025_train_01494_me_ax_t1.jpg,meningioma,/kaggle/input/datasets/briscdataset/brisc2025/brisc2025/classification_task/train/meningioma/brisc2025_train_01502_me_ax_t1.jpg,meningioma
near,6,/kaggle/input/datasets/briscdataset/brisc2025/brisc2025/classification_task/train/meningioma/brisc2025_train_01496_me_ax_t1.jpg,meningioma,/kaggle/input/datasets/briscdataset/brisc2025/brisc2025/classification_task/test/meningioma/brisc2025_test_00381_me_ax_t1.jpg,meningioma
near,3,/kaggle/input/datasets/briscdataset/brisc2025/brisc2025/classification_task/train/meningioma/brisc2025_train_01503_me_ax_t1.jpg,meningioma,/kaggle/input/datasets/briscdataset/brisc2025/brisc2025/classification_task/train/meningioma/brisc2025_train_01504_me_ax_t1.jpg,meningioma
near,6,/kaggle/input/datasets/briscdataset/brisc2025/brisc2025/classification_task/train/meningioma/brisc2025_train_01504_me_ax_t1.jpg,meningioma,/kaggle/input/datasets/briscdataset/brisc2025/brisc2025/classification_task/test/meningioma/brisc2025_test_00383_me_ax_t1.jpg,meningioma
near,5,/kaggle/input/datasets/briscdataset/brisc2025/brisc2025/classification_task/train/meningioma/brisc2025_train_01506_me_ax_t1.jpg,meningioma,/kaggle/input/datasets/briscdataset/brisc2025/brisc2025/classification_task/train/meningioma/brisc2025_train_01507_me_ax_t1.jpg,meningioma
near,5,/kaggle/input/datasets/briscdataset/brisc2025/brisc2025/classification_task/train/meningioma/brisc2025_train_01513_me_ax_t1.jpg,meningioma,/kaggle/input/datasets/briscdataset/brisc2025/brisc2025/classification_task/train/meningioma/brisc2025_train_01514_me_ax_t1.jpg,meningioma
near,3,/kaggle/input/datasets/briscdataset/brisc2025/brisc2025/classification_task/train/meningioma/brisc2025_train_01516_me_ax_t1.jpg,meningioma,/kaggle/input/datasets/briscdataset/brisc2025/brisc2025/classification_task/train/meningioma/brisc2025_train_01517_me_ax_t1.jpg,meningioma
near,5,/kaggle/input/datasets/briscdataset/brisc2025/brisc2025/classification_task/train/meningioma/brisc2025_train_01519_me_ax_t1.jpg,meningioma,/kaggle/input/datasets/briscdataset/brisc2025/brisc2025/classification_task/train/meningioma/brisc2025_train_01521_me_ax_t1.jpg,meningioma
near,5,/kaggle/input/datasets/briscdataset/brisc2025/brisc2025/classification_task/train/meningioma/brisc2025_train_01526_me_ax_t1.jpg,meningioma,/kaggle/input/datasets/briscdataset/brisc2025/brisc2025/classification_task/train/meningioma/brisc2025_train_01527_me_ax_t1.jpg,meningioma
near,6,/kaggle/input/datasets/briscdataset/brisc2025/brisc2025/classification_task/train/meningioma/brisc2025_train_01527_me_ax_t1.jpg,meningioma,/kaggle/input/datasets/briscdataset/brisc2025/brisc2025/classification_task/train/meningioma/brisc2025_train_01528_me_ax_t1.jpg,meningioma
near,6,/kaggle/input/datasets/briscdataset/brisc2025/brisc2025/classification_task/train/meningioma/brisc2025_train_01527_me_ax_t1.jpg,meningioma,/kaggle/input/datasets/briscdataset/brisc2025/brisc2025/classification_task/train/meningioma/brisc2025_train_01529_me_ax_t1.jpg,meningioma
near,2,/kaggle/input/datasets/briscdataset/brisc2025/brisc2025/classification_task/train/meningioma/brisc2025_train_01528_me_ax_t1.jpg,meningioma,/kaggle/input/datasets/briscdataset/brisc2025/brisc2025/classification_task/train/meningioma/brisc2025_train_01529_me_ax_t1.jpg,meningioma
near,4,/kaggle/input/datasets/briscdataset/brisc2025/brisc2025/classification_task/train/meningioma/brisc2025_train_01528_me_ax_t1.jpg,meningioma,/kaggle/input/datasets/briscdataset/brisc2025/brisc2025/classification_task/train/meningioma/brisc2025_train_01530_me_ax_t1.jpg,meningioma
near,2,/kaggle/input/datasets/briscdataset/brisc2025/brisc2025/classification_task/train/meningioma/brisc2025_train_01529_me_ax_t1.jpg,meningioma,/kaggle/input/datasets/briscdataset/brisc2025/brisc2025/classification_task/train/meningioma/brisc2025_train_01530_me_ax_t1.jpg,meningioma
near,5,/kaggle/input/datasets/briscdataset/brisc2025/brisc2025/classification_task/train/meningioma/brisc2025_train_01530_me_ax_t1.jpg,meningioma,/kaggle/input/datasets/briscdataset/brisc2025/brisc2025/classification_task/train/meningioma/brisc2025_train_01531_me_ax_t1.jpg,meningioma
near,5,/kaggle/input/datasets/briscdataset/brisc2025/brisc2025/classification_task/train/meningioma/brisc2025_train_01531_me_ax_t1.jpg,meningioma,/kaggle/input/datasets/briscdataset/brisc2025/brisc2025/classification_task/train/meningioma/brisc2025_train_01533_me_ax_t1.jpg,meningioma
near,6,/kaggle/input/datasets/briscdataset/brisc2025/brisc2025/classification_task/train/meningioma/brisc2025_train_01535_me_ax_t1.jpg,meningioma,/kaggle/input/datasets/briscdataset/brisc2025/brisc2025/classification_task/train/meningioma/brisc2025_train_01537_me_ax_t1.jpg,meningioma
near,5,/kaggle/input/datasets/briscdataset/brisc2025/brisc2025/classification_task/train/meningioma/brisc2025_train_01536_me_ax_t1.jpg,meningioma,/kaggle/input/datasets/briscdataset/brisc2025/brisc2025/classification_task/train/meningioma/brisc2025_train_01547_me_ax_t1.jpg,meningioma
near,4,/kaggle/input/datasets/briscdataset/brisc2025/brisc2025/classification_task/train/meningioma/brisc2025_train_01539_me_ax_t1.jpg,meningioma,/kaggle/input/datasets/briscdataset/brisc2025/brisc2025/classification_task/train/meningioma/brisc2025_train_01540_me_ax_t1.jpg,meningioma
near,5,/kaggle/input/datasets/briscdataset/brisc2025/brisc2025/classification_task/train/meningioma/brisc2025_train_01540_me_ax_t1.jpg,meningioma,/kaggle/input/datasets/briscdataset/brisc2025/brisc2025/classification_task/train/meningioma/brisc2025_train_01546_me_ax_t1.jpg,meningioma
near,5,/kaggle/input/datasets/briscdataset/brisc2025/brisc2025/classification_task/train/meningioma/brisc2025_train_01540_me_ax_t1.jpg,meningioma,/kaggle/input/datasets/briscdataset/brisc2025/brisc2025/classification_task/test/meningioma/brisc2025_test_00384_me_ax_t1.jpg,meningioma
near,6,/kaggle/input/datasets/briscdataset/brisc2025/brisc2025/classification_task/train/meningioma/brisc2025_train_01541_me_ax_t1.jpg,meningioma,/kaggle/input/datasets/briscdataset/brisc2025/brisc2025/classification_task/test/meningioma/brisc2025_test_00372_me_ax_t1.jpg,meningioma
near,5,/kaggle/input/datasets/briscdataset/brisc2025/brisc2025/classification_task/train/meningioma/brisc2025_train_01542_me_ax_t1.jpg,meningioma,/kaggle/input/datasets/briscdataset/brisc2025/brisc2025/classification_task/test/meningioma/brisc2025_test_00372_me_ax_t1.jpg,meningioma
near,4,/kaggle/input/datasets/briscdataset/brisc2025/brisc2025/classification_task/train/meningioma/brisc2025_train_01545_me_ax_t1.jpg,meningioma,/kaggle/input/datasets/briscdataset/brisc2025/brisc2025/classification_task/train/meningioma/brisc2025_train_01546_me_ax_t1.jpg,meningioma
near,6,/kaggle/input/datasets/briscdataset/brisc2025/brisc2025/classification_task/train/meningioma/brisc2025_train_01545_me_ax_t1.jpg,meningioma,/kaggle/input/datasets/briscdataset/brisc2025/brisc2025/classification_task/train/meningioma/brisc2025_train_01695_me_co_t1.jpg,meningioma
near,6,/kaggle/input/datasets/briscdataset/brisc2025/brisc2025/classification_task/train/meningioma/brisc2025_train_01545_me_ax_t1.jpg,meningioma,/kaggle/input/datasets/briscdataset/brisc2025/brisc2025/classification_task/test/meningioma/brisc2025_test_00384_me_ax_t1.jpg,meningioma
near,2,/kaggle/input/datasets/briscdataset/brisc2025/brisc2025/classification_task/train/meningioma/brisc2025_train_01546_me_ax_t1.jpg,meningioma,/kaggle/input/datasets/briscdataset/brisc2025/brisc2025/classification_task/test/meningioma/brisc2025_test_00384_me_ax_t1.jpg,meningioma
near,5,/kaggle/input/datasets/briscdataset/brisc2025/brisc2025/classification_task/train/meningioma/brisc2025_train_01547_me_ax_t1.jpg,meningioma,/kaggle/input/datasets/briscdataset/brisc2025/brisc2025/classification_task/train/meningioma/brisc2025_train_01556_me_ax_t1.jpg,meningioma
near,6,/kaggle/input/datasets/briscdataset/brisc2025/brisc2025/classification_task/train/meningioma/brisc2025_train_01550_me_ax_t1.jpg,meningioma,/kaggle/input/datasets/briscdataset/brisc2025/brisc2025/classification_task/train/meningioma/brisc2025_train_01552_me_ax_t1.jpg,meningioma
near,1,/kaggle/input/datasets/briscdataset/brisc2025/brisc2025/classification_task/train/meningioma/brisc2025_train_01551_me_ax_t1.jpg,meningioma,/kaggle/input/datasets/briscdataset/brisc2025/brisc2025/classification_task/train/meningioma/brisc2025_train_01552_me_ax_t1.jpg,meningioma
near,4,/kaggle/input/datasets/briscdataset/brisc2025/brisc2025/classification_task/train/meningioma/brisc2025_train_01551_me_ax_t1.jpg,meningioma,/kaggle/input/datasets/briscdataset/brisc2025/brisc2025/classification_task/test/meningioma/brisc2025_test_00385_me_ax_t1.jpg,meningioma
near,5,/kaggle/input/datasets/briscdataset/brisc2025/brisc2025/classification_task/train/meningioma/brisc2025_train_01552_me_ax_t1.jpg,meningioma,/kaggle/input/datasets/briscdataset/brisc2025/brisc2025/classification_task/test/meningioma/brisc2025_test_00385_me_ax_t1.jpg,meningioma
near,4,/kaggle/input/datasets/briscdataset/brisc2025/brisc2025/classification_task/train/meningioma/brisc2025_train_01553_me_ax_t1.jpg,meningioma,/kaggle/input/datasets/briscdataset/brisc2025/brisc2025/classification_task/train/meningioma/brisc2025_train_01554_me_ax_t1.jpg,meningioma
near,6,/kaggle/input/datasets/briscdataset/brisc2025/brisc2025/classification_task/train/meningioma/brisc2025_train_01554_me_ax_t1.jpg,meningioma,/kaggle/input/datasets/briscdataset/brisc2025/brisc2025/classification_task/train/meningioma/brisc2025_train_01555_me_ax_t1.jpg,meningioma
near,5,/kaggle/input/datasets/briscdataset/brisc2025/brisc2025/classification_task/train/meningioma/brisc2025_train_01559_me_ax_t1.jpg,meningioma,/kaggle/input/datasets/briscdataset/brisc2025/brisc2025/classification_task/train/meningioma/brisc2025_train_01560_me_ax_t1.jpg,meningioma
near,4,/kaggle/input/datasets/briscdataset/brisc2025/brisc2025/classification_task/train/meningioma/brisc2025_train_01561_me_ax_t1.jpg,meningioma,/kaggle/input/datasets/briscdataset/brisc2025/brisc2025/classification_task/test/meningioma/brisc2025_test_00388_me_ax_t1.jpg,meningioma
near,2,/kaggle/input/datasets/briscdataset/brisc2025/brisc2025/classification_task/train/meningioma/brisc2025_train_01564_me_ax_t1.jpg,meningioma,/kaggle/input/datasets/briscdataset/brisc2025/brisc2025/classification_task/test/meningioma/brisc2025_test_00389_me_ax_t1.jpg,meningioma
near,3,/kaggle/input/datasets/briscdataset/brisc2025/brisc2025/classification_task/train/meningioma/brisc2025_train_01566_me_ax_t1.jpg,meningioma,/kaggle/input/datasets/briscdataset/brisc2025/brisc2025/classification_task/train/meningioma/brisc2025_train_01567_me_ax_t1.jpg,meningioma
near,3,/kaggle/input/datasets/briscdataset/brisc2025/brisc2025/classification_task/train/meningioma/brisc2025_train_01571_me_co_t1.jpg,meningioma,/kaggle/input/datasets/briscdataset/brisc2025/brisc2025/classification_task/train/meningioma/brisc2025_train_01572_me_co_t1.jpg,meningioma
near,6,/kaggle/input/datasets/briscdataset/brisc2025/brisc2025/classification_task/train/meningioma/brisc2025_train_01572_me_co_t1.jpg,meningioma,/kaggle/input/datasets/briscdataset/brisc2025/brisc2025/classification_task/train/meningioma/brisc2025_train_01757_me_co_t1.jpg,meningioma
near,6,/kaggle/input/datasets/briscdataset/brisc2025/brisc2025/classification_task/train/meningioma/brisc2025_train_01572_me_co_t1.jpg,meningioma,/kaggle/input/datasets/briscdataset/brisc2025/brisc2025/classification_task/train/meningioma/brisc2025_train_01758_me_co_t1.jpg,meningioma
near,3,/kaggle/input/datasets/briscdataset/brisc2025/brisc2025/classification_task/train/meningioma/brisc2025_train_01572_me_co_t1.jpg,meningioma,/kaggle/input/datasets/briscdataset/brisc2025/brisc2025/classification_task/train/meningioma/brisc2025_train_01997_me_sa_t1.jpg,meningioma
near,6,/kaggle/input/datasets/briscdataset/brisc2025/brisc2025/classification_task/train/meningioma/brisc2025_train_01574_me_co_t1.jpg,meningioma,/kaggle/input/datasets/briscdataset/brisc2025/brisc2025/classification_task/train/meningioma/brisc2025_train_01575_me_co_t1.jpg,meningioma
near,6,/kaggle/input/datasets/briscdataset/brisc2025/brisc2025/classification_task/train/meningioma/brisc2025_train_01574_me_co_t1.jpg,meningioma,/kaggle/input/datasets/briscdataset/brisc2025/brisc2025/classification_task/train/meningioma/brisc2025_train_01577_me_co_t1.jpg,meningioma
near,6,/kaggle/input/datasets/briscdataset/brisc2025/brisc2025/classification_task/train/meningioma/brisc2025_train_01575_me_co_t1.jpg,meningioma,/kaggle/input/datasets/briscdataset/brisc2025/brisc2025/classification_task/train/meningioma/brisc2025_train_01576_me_co_t1.jpg,meningioma
near,6,/kaggle/input/datasets/briscdataset/brisc2025/brisc2025/classification_task/train/meningioma/brisc2025_train_01575_me_co_t1.jpg,meningioma,/kaggle/input/datasets/briscdataset/brisc2025/brisc2025/classification_task/train/meningioma/brisc2025_train_01577_me_co_t1.jpg,meningioma
near,6,/kaggle/input/datasets/briscdataset/brisc2025/brisc2025/classification_task/train/meningioma/brisc2025_train_01576_me_co_t1.jpg,meningioma,/kaggle/input/datasets/briscdataset/brisc2025/brisc2025/classification_task/train/meningioma/brisc2025_train_01577_me_co_t1.jpg,meningioma
near,6,/kaggle/input/datasets/briscdataset/brisc2025/brisc2025/classification_task/train/meningioma/brisc2025_train_01581_me_co_t1.jpg,meningioma,/kaggle/input/datasets/briscdataset/brisc2025/brisc2025/classification_task/train/meningioma/brisc2025_train_01584_me_co_t1.jpg,meningioma
near,5,/kaggle/input/datasets/briscdataset/brisc2025/brisc2025/classification_task/train/meningioma/brisc2025_train_01582_me_co_t1.jpg,meningioma,/kaggle/input/datasets/briscdataset/brisc2025/brisc2025/classification_task/train/meningioma/brisc2025_train_01583_me_co_t1.jpg,meningioma
near,6,/kaggle/input/datasets/briscdataset/brisc2025/brisc2025/classification_task/train/meningioma/brisc2025_train_01582_me_co_t1.jpg,meningioma,/kaggle/input/datasets/briscdataset/brisc2025/brisc2025/classification_task/train/meningioma/brisc2025_train_01585_me_co_t1.jpg,meningioma
near,2,/kaggle/input/datasets/briscdataset/brisc2025/brisc2025/classification_task/train/meningioma/brisc2025_train_01583_me_co_t1.jpg,meningioma,/kaggle/input/datasets/briscdataset/brisc2025/brisc2025/classification_task/train/meningioma/brisc2025_train_01584_me_co_t1.jpg,meningioma
near,2,/kaggle/input/datasets/briscdataset/brisc2025/brisc2025/classification_task/train/meningioma/brisc2025_train_01589_me_co_t1.jpg,meningioma,/kaggle/input/datasets/briscdataset/brisc2025/brisc2025/classification_task/train/meningioma/brisc2025_train_01590_me_co_t1.jpg,meningioma
near,4,/kaggle/input/datasets/briscdataset/brisc2025/brisc2025/classification_task/train/meningioma/brisc2025_train_01592_me_co_t1.jpg,meningioma,/kaggle/input/datasets/briscdataset/brisc2025/brisc2025/classification_task/train/meningioma/brisc2025_train_01593_me_co_t1.jpg,meningioma
near,4,/kaggle/input/datasets/briscdataset/brisc2025/brisc2025/classification_task/train/meningioma/brisc2025_train_01596_me_co_t1.jpg,meningioma,/kaggle/input/datasets/briscdataset/brisc2025/brisc2025/classification_task/train/meningioma/brisc2025_train_01597_me_co_t1.jpg,meningioma
near,6,/kaggle/input/datasets/briscdataset/brisc2025/brisc2025/classification_task/train/meningioma/brisc2025_train_01598_me_co_t1.jpg,meningioma,/kaggle/input/datasets/briscdataset/brisc2025/brisc2025/classification_task/train/meningioma/brisc2025_train_01599_me_co_t1.jpg,meningioma
near,6,/kaggle/input/datasets/briscdataset/brisc2025/brisc2025/classification_task/train/meningioma/brisc2025_train_01602_me_co_t1.jpg,meningioma,/kaggle/input/datasets/briscdataset/brisc2025/brisc2025/classification_task/train/meningioma/brisc2025_train_01603_me_co_t1.jpg,meningioma
near,6,/kaggle/input/datasets/briscdataset/brisc2025/brisc2025/classification_task/train/meningioma/brisc2025_train_01603_me_co_t1.jpg,meningioma,/kaggle/input/datasets/briscdataset/brisc2025/brisc2025/classification_task/train/meningioma/brisc2025_train_01605_me_co_t1.jpg,meningioma
near,4,/kaggle/input/datasets/briscdataset/brisc2025/brisc2025/classification_task/train/meningioma/brisc2025_train_01604_me_co_t1.jpg,meningioma,/kaggle/input/datasets/briscdataset/brisc2025/brisc2025/classification_task/train/meningioma/brisc2025_train_01605_me_co_t1.jpg,meningioma
near,4,/kaggle/input/datasets/briscdataset/brisc2025/brisc2025/classification_task/train/meningioma/brisc2025_train_01617_me_co_t1.jpg,meningioma,/kaggle/input/datasets/briscdataset/brisc2025/brisc2025/classification_task/train/meningioma/brisc2025_train_01618_me_co_t1.jpg,meningioma
near,5,/kaggle/input/datasets/briscdataset/brisc2025/brisc2025/classification_task/train/meningioma/brisc2025_train_01619_me_co_t1.jpg,meningioma,/kaggle/input/datasets/briscdataset/brisc2025/brisc2025/classification_task/train/meningioma/brisc2025_train_01620_me_co_t1.jpg,meningioma
near,6,/kaggle/input/datasets/briscdataset/brisc2025/brisc2025/classification_task/train/meningioma/brisc2025_train_01619_me_co_t1.jpg,meningioma,/kaggle/input/datasets/briscdataset/brisc2025/brisc2025/classification_task/train/meningioma/brisc2025_train_01622_me_co_t1.jpg,meningioma
near,6,/kaggle/input/datasets/briscdataset/brisc2025/brisc2025/classification_task/train/meningioma/brisc2025_train_01620_me_co_t1.jpg,meningioma,/kaggle/input/datasets/briscdataset/brisc2025/brisc2025/classification_task/train/meningioma/brisc2025_train_01924_me_co_t1.jpg,meningioma
near,4,/kaggle/input/datasets/briscdataset/brisc2025/brisc2025/classification_task/train/meningioma/brisc2025_train_01623_me_co_t1.jpg,meningioma,/kaggle/input/datasets/briscdataset/brisc2025/brisc2025/classification_task/train/meningioma/brisc2025_train_01624_me_co_t1.jpg,meningioma
near,5,/kaggle/input/datasets/briscdataset/brisc2025/brisc2025/classification_task/train/meningioma/brisc2025_train_01626_me_co_t1.jpg,meningioma,/kaggle/input/datasets/briscdataset/brisc2025/brisc2025/classification_task/train/meningioma/brisc2025_train_01627_me_co_t1.jpg,meningioma
near,6,/kaggle/input/datasets/briscdataset/brisc2025/brisc2025/classification_task/train/meningioma/brisc2025_train_01629_me_co_t1.jpg,meningioma,/kaggle/input/datasets/briscdataset/brisc2025/brisc2025/classification_task/train/meningioma/brisc2025_train_01630_me_co_t1.jpg,meningioma
near,5,/kaggle/input/datasets/briscdataset/brisc2025/brisc2025/classification_task/train/meningioma/brisc2025_train_01634_me_co_t1.jpg,meningioma,/kaggle/input/datasets/briscdataset/brisc2025/brisc2025/classification_task/train/meningioma/brisc2025_train_01635_me_co_t1.jpg,meningioma
near,4,/kaggle/input/datasets/briscdataset/brisc2025/brisc2025/classification_task/train/meningioma/brisc2025_train_01642_me_co_t1.jpg,meningioma,/kaggle/input/datasets/briscdataset/brisc2025/brisc2025/classification_task/train/meningioma/brisc2025_train_01643_me_co_t1.jpg,meningioma
near,4,/kaggle/input/datasets/briscdataset/brisc2025/brisc2025/classification_task/train/meningioma/brisc2025_train_01647_me_co_t1.jpg,meningioma,/kaggle/input/datasets/briscdataset/brisc2025/brisc2025/classification_task/train/meningioma/brisc2025_train_01795_me_co_t1.jpg,meningioma
near,2,/kaggle/input/datasets/briscdataset/brisc2025/brisc2025/classification_task/train/meningioma/brisc2025_train_01658_me_co_t1.jpg,meningioma,/kaggle/input/datasets/briscdataset/brisc2025/brisc2025/classification_task/train/meningioma/brisc2025_train_01669_me_co_t1.jpg,meningioma
near,2,/kaggle/input/datasets/briscdataset/brisc2025/brisc2025/classification_task/train/meningioma/brisc2025_train_01658_me_co_t1.jpg,meningioma,/kaggle/input/datasets/briscdataset/brisc2025/brisc2025/classification_task/test/meningioma/brisc2025_test_00417_me_co_t1.jpg,meningioma
near,2,/kaggle/input/datasets/briscdataset/brisc2025/brisc2025/classification_task/train/meningioma/brisc2025_train_01659_me_co_t1.jpg,meningioma,/kaggle/input/datasets/briscdataset/brisc2025/brisc2025/classification_task/test/meningioma/brisc2025_test_00396_me_co_t1.jpg,meningioma
near,2,/kaggle/input/datasets/briscdataset/brisc2025/brisc2025/classification_task/train/meningioma/brisc2025_train_01669_me_co_t1.jpg,meningioma,/kaggle/input/datasets/briscdataset/brisc2025/brisc2025/classification_task/test/meningioma/brisc2025_test_00400_me_co_t1.jpg,meningioma
near,4,/kaggle/input/datasets/briscdataset/brisc2025/brisc2025/classification_task/train/meningioma/brisc2025_train_01673_me_co_t1.jpg,meningioma,/kaggle/input/datasets/briscdataset/brisc2025/brisc2025/classification_task/train/meningioma/brisc2025_train_01762_me_co_t1.jpg,meningioma
near,6,/kaggle/input/datasets/briscdataset/brisc2025/brisc2025/classification_task/train/meningioma/brisc2025_train_01674_me_co_t1.jpg,meningioma,/kaggle/input/datasets/briscdataset/brisc2025/brisc2025/classification_task/train/meningioma/brisc2025_train_01809_me_co_t1.jpg,meningioma
near,5,/kaggle/input/datasets/briscdataset/brisc2025/brisc2025/classification_task/train/meningioma/brisc2025_train_01675_me_co_t1.jpg,meningioma,/kaggle/input/datasets/briscdataset/brisc2025/brisc2025/classification_task/train/meningioma/brisc2025_train_01959_me_co_t1.jpg,meningioma
near,3,/kaggle/input/datasets/briscdataset/brisc2025/brisc2025/classification_task/train/meningioma/brisc2025_train_01676_me_co_t1.jpg,meningioma,/kaggle/input/datasets/briscdataset/brisc2025/brisc2025/classification_task/train/meningioma/brisc2025_train_01677_me_co_t1.jpg,meningioma
near,5,/kaggle/input/datasets/briscdataset/brisc2025/brisc2025/classification_task/train/meningioma/brisc2025_train_01682_me_co_t1.jpg,meningioma,/kaggle/input/datasets/briscdataset/brisc2025/brisc2025/classification_task/train/meningioma/brisc2025_train_01683_me_co_t1.jpg,meningioma
near,4,/kaggle/input/datasets/briscdataset/brisc2025/brisc2025/classification_task/train/meningioma/brisc2025_train_01685_me_co_t1.jpg,meningioma,/kaggle/input/datasets/briscdataset/brisc2025/brisc2025/classification_task/train/meningioma/brisc2025_train_01696_me_co_t1.jpg,meningioma
near,6,/kaggle/input/datasets/briscdataset/brisc2025/brisc2025/classification_task/train/meningioma/brisc2025_train_01687_me_co_t1.jpg,meningioma,/kaggle/input/datasets/briscdataset/brisc2025/brisc2025/classification_task/train/meningioma/brisc2025_train_01688_me_co_t1.jpg,meningioma
near,4,/kaggle/input/datasets/briscdataset/brisc2025/brisc2025/classification_task/train/meningioma/brisc2025_train_01691_me_co_t1.jpg,meningioma,/kaggle/input/datasets/briscdataset/brisc2025/brisc2025/classification_task/train/meningioma/brisc2025_train_01692_me_co_t1.jpg,meningioma
near,6,/kaggle/input/datasets/briscdataset/brisc2025/brisc2025/classification_task/train/meningioma/brisc2025_train_01700_me_co_t1.jpg,meningioma,/kaggle/input/datasets/briscdataset/brisc2025/brisc2025/classification_task/train/meningioma/brisc2025_train_01701_me_co_t1.jpg,meningioma
near,6,/kaggle/input/datasets/briscdataset/brisc2025/brisc2025/classification_task/train/meningioma/brisc2025_train_01702_me_co_t1.jpg,meningioma,/kaggle/input/datasets/briscdataset/brisc2025/brisc2025/classification_task/test/glioma/brisc2025_test_00236_gl_sa_t1.jpg,glioma
near,6,/kaggle/input/datasets/briscdataset/brisc2025/brisc2025/classification_task/train/meningioma/brisc2025_train_01703_me_co_t1.jpg,meningioma,/kaggle/input/datasets/briscdataset/brisc2025/brisc2025/classification_task/train/meningioma/brisc2025_train_01704_me_co_t1.jpg,meningioma
near,5,/kaggle/input/datasets/briscdataset/brisc2025/brisc2025/classification_task/train/meningioma/brisc2025_train_01708_me_co_t1.jpg,meningioma,/kaggle/input/datasets/briscdataset/brisc2025/brisc2025/classification_task/train/meningioma/brisc2025_train_01709_me_co_t1.jpg,meningioma
near,6,/kaggle/input/datasets/briscdataset/brisc2025/brisc2025/classification_task/train/meningioma/brisc2025_train_01709_me_co_t1.jpg,meningioma,/kaggle/input/datasets/briscdataset/brisc2025/brisc2025/classification_task/train/meningioma/brisc2025_train_01710_me_co_t1.jpg,meningioma
near,6,/kaggle/input/datasets/briscdataset/brisc2025/brisc2025/classification_task/train/meningioma/brisc2025_train_01709_me_co_t1.jpg,meningioma,/kaggle/input/datasets/briscdataset/brisc2025/brisc2025/classification_task/train/meningioma/brisc2025_train_01711_me_co_t1.jpg,meningioma
near,6,/kaggle/input/datasets/briscdataset/brisc2025/brisc2025/classification_task/train/meningioma/brisc2025_train_01710_me_co_t1.jpg,meningioma,/kaggle/input/datasets/briscdataset/brisc2025/brisc2025/classification_task/train/meningioma/brisc2025_train_01711_me_co_t1.jpg,meningioma
near,6,/kaggle/input/datasets/briscdataset/brisc2025/brisc2025/classification_task/train/meningioma/brisc2025_train_01710_me_co_t1.jpg,meningioma,/kaggle/input/datasets/briscdataset/brisc2025/brisc2025/classification_task/test/meningioma/brisc2025_test_00436_me_co_t1.jpg,meningioma
near,6,/kaggle/input/datasets/briscdataset/brisc2025/brisc2025/classification_task/train/meningioma/brisc2025_train_01711_me_co_t1.jpg,meningioma,/kaggle/input/datasets/briscdataset/brisc2025/brisc2025/classification_task/train/pituitary/brisc2025_train_04064_pi_co_t1.jpg,pituitary
near,2,/kaggle/input/datasets/briscdataset/brisc2025/brisc2025/classification_task/train/meningioma/brisc2025_train_01714_me_co_t1.jpg,meningioma,/kaggle/input/datasets/briscdataset/brisc2025/brisc2025/classification_task/train/meningioma/brisc2025_train_01715_me_co_t1.jpg,meningioma
near,6,/kaggle/input/datasets/briscdataset/brisc2025/brisc2025/classification_task/train/meningioma/brisc2025_train_01723_me_co_t1.jpg,meningioma,/kaggle/input/datasets/briscdataset/brisc2025/brisc2025/classification_task/train/meningioma/brisc2025_train_01757_me_co_t1.jpg,meningioma
near,6,/kaggle/input/datasets/briscdataset/brisc2025/brisc2025/classification_task/train/meningioma/brisc2025_train_01726_me_co_t1.jpg,meningioma,/kaggle/input/datasets/briscdataset/brisc2025/brisc2025/classification_task/train/meningioma/brisc2025_train_01727_me_co_t1.jpg,meningioma
near,6,/kaggle/input/datasets/briscdataset/brisc2025/brisc2025/classification_task/train/meningioma/brisc2025_train_01735_me_co_t1.jpg,meningioma,/kaggle/input/datasets/briscdataset/brisc2025/brisc2025/classification_task/train/meningioma/brisc2025_train_01736_me_co_t1.jpg,meningioma
near,6,/kaggle/input/datasets/briscdataset/brisc2025/brisc2025/classification_task/train/meningioma/brisc2025_train_01743_me_co_t1.jpg,meningioma,/kaggle/input/datasets/briscdataset/brisc2025/brisc2025/classification_task/train/meningioma/brisc2025_train_01744_me_co_t1.jpg,meningioma
near,5,/kaggle/input/datasets/briscdataset/brisc2025/brisc2025/classification_task/train/meningioma/brisc2025_train_01745_me_co_t1.jpg,meningioma,/kaggle/input/datasets/briscdataset/brisc2025/brisc2025/classification_task/train/meningioma/brisc2025_train_01746_me_co_t1.jpg,meningioma
near,2,/kaggle/input/datasets/briscdataset/brisc2025/brisc2025/classification_task/train/meningioma/brisc2025_train_01757_me_co_t1.jpg,meningioma,/kaggle/input/datasets/briscdataset/brisc2025/brisc2025/classification_task/train/meningioma/brisc2025_train_01758_me_co_t1.jpg,meningioma
near,6,/kaggle/input/datasets/briscdataset/brisc2025/brisc2025/classification_task/train/meningioma/brisc2025_train_01757_me_co_t1.jpg,meningioma,/kaggle/input/datasets/briscdataset/brisc2025/brisc2025/classification_task/train/meningioma/brisc2025_train_02162_me_sa_t1.jpg,meningioma
near,5,/kaggle/input/datasets/briscdataset/brisc2025/brisc2025/classification_task/train/meningioma/brisc2025_train_01757_me_co_t1.jpg,meningioma,/kaggle/input/datasets/briscdataset/brisc2025/brisc2025/classification_task/train/no_tumor/brisc2025_train_02684_no_ax_t1.jpg,no_tumor
near,5,/kaggle/input/datasets/briscdataset/brisc2025/brisc2025/classification_task/train/meningioma/brisc2025_train_01758_me_co_t1.jpg,meningioma,/kaggle/input/datasets/briscdataset/brisc2025/brisc2025/classification_task/train/meningioma/brisc2025_train_02128_me_sa_t1.jpg,meningioma
near,6,/kaggle/input/datasets/briscdataset/brisc2025/brisc2025/classification_task/train/meningioma/brisc2025_train_01761_me_co_t1.jpg,meningioma,/kaggle/input/datasets/briscdataset/brisc2025/brisc2025/classification_task/train/meningioma/brisc2025_train_01763_me_co_t1.jpg,meningioma
near,3,/kaggle/input/datasets/briscdataset/brisc2025/brisc2025/classification_task/train/meningioma/brisc2025_train_01765_me_co_t1.jpg,meningioma,/kaggle/input/datasets/briscdataset/brisc2025/brisc2025/classification_task/train/meningioma/brisc2025_train_01766_me_co_t1.jpg,meningioma
near,5,/kaggle/input/datasets/briscdataset/brisc2025/brisc2025/classification_task/train/meningioma/brisc2025_train_01765_me_co_t1.jpg,meningioma,/kaggle/input/datasets/briscdataset/brisc2025/brisc2025/classification_task/train/meningioma/brisc2025_train_01767_me_co_t1.jpg,meningioma
near,4,/kaggle/input/datasets/briscdataset/brisc2025/brisc2025/classification_task/train/meningioma/brisc2025_train_01766_me_co_t1.jpg,meningioma,/kaggle/input/datasets/briscdataset/brisc2025/brisc2025/classification_task/train/meningioma/brisc2025_train_01767_me_co_t1.jpg,meningioma
near,4,/kaggle/input/datasets/briscdataset/brisc2025/brisc2025/classification_task/train/meningioma/brisc2025_train_01769_me_co_t1.jpg,meningioma,/kaggle/input/datasets/briscdataset/brisc2025/brisc2025/classification_task/train/meningioma/brisc2025_train_01770_me_co_t1.jpg,meningioma
near,5,/kaggle/input/datasets/briscdataset/brisc2025/brisc2025/classification_task/train/meningioma/brisc2025_train_01775_me_co_t1.jpg,meningioma,/kaggle/input/datasets/briscdataset/brisc2025/brisc2025/classification_task/train/pituitary/brisc2025_train_04070_pi_co_t1.jpg,pituitary
near,5,/kaggle/input/datasets/briscdataset/brisc2025/brisc2025/classification_task/train/meningioma/brisc2025_train_01775_me_co_t1.jpg,meningioma,/kaggle/input/datasets/briscdataset/brisc2025/brisc2025/classification_task/train/pituitary/brisc2025_train_04071_pi_co_t1.jpg,pituitary
near,2,/kaggle/input/datasets/briscdataset/brisc2025/brisc2025/classification_task/train/meningioma/brisc2025_train_01777_me_co_t1.jpg,meningioma,/kaggle/input/datasets/briscdataset/brisc2025/brisc2025/classification_task/train/meningioma/brisc2025_train_01778_me_co_t1.jpg,meningioma
near,4,/kaggle/input/datasets/briscdataset/brisc2025/brisc2025/classification_task/train/meningioma/brisc2025_train_01781_me_co_t1.jpg,meningioma,/kaggle/input/datasets/briscdataset/brisc2025/brisc2025/classification_task/train/meningioma/brisc2025_train_01782_me_co_t1.jpg,meningioma
near,3,/kaggle/input/datasets/briscdataset/brisc2025/brisc2025/classification_task/train/meningioma/brisc2025_train_01783_me_co_t1.jpg,meningioma,/kaggle/input/datasets/briscdataset/brisc2025/brisc2025/classification_task/train/meningioma/brisc2025_train_01785_me_co_t1.jpg,meningioma
near,5,/kaggle/input/datasets/briscdataset/brisc2025/brisc2025/classification_task/train/meningioma/brisc2025_train_01783_me_co_t1.jpg,meningioma,/kaggle/input/datasets/briscdataset/brisc2025/brisc2025/classification_task/train/meningioma/brisc2025_train_01786_me_co_t1.jpg,meningioma
near,4,/kaggle/input/datasets/briscdataset/brisc2025/brisc2025/classification_task/train/meningioma/brisc2025_train_01785_me_co_t1.jpg,meningioma,/kaggle/input/datasets/briscdataset/brisc2025/brisc2025/classification_task/train/meningioma/brisc2025_train_01786_me_co_t1.jpg,meningioma
near,6,/kaggle/input/datasets/briscdataset/brisc2025/brisc2025/classification_task/train/meningioma/brisc2025_train_01790_me_co_t1.jpg,meningioma,/kaggle/input/datasets/briscdataset/brisc2025/brisc2025/classification_task/train/meningioma/brisc2025_train_01791_me_co_t1.jpg,meningioma
near,6,/kaggle/input/datasets/briscdataset/brisc2025/brisc2025/classification_task/train/meningioma/brisc2025_train_01791_me_co_t1.jpg,meningioma,/kaggle/input/datasets/briscdataset/brisc2025/brisc2025/classification_task/train/meningioma/brisc2025_train_01792_me_co_t1.jpg,meningioma
near,6,/kaggle/input/datasets/briscdataset/brisc2025/brisc2025/classification_task/train/meningioma/brisc2025_train_01792_me_co_t1.jpg,meningioma,/kaggle/input/datasets/briscdataset/brisc2025/brisc2025/classification_task/train/meningioma/brisc2025_train_01793_me_co_t1.jpg,meningioma
near,6,/kaggle/input/datasets/briscdataset/brisc2025/brisc2025/classification_task/train/meningioma/brisc2025_train_01794_me_co_t1.jpg,meningioma,/kaggle/input/datasets/briscdataset/brisc2025/brisc2025/classification_task/train/meningioma/brisc2025_train_01798_me_co_t1.jpg,meningioma
near,6,/kaggle/input/datasets/briscdataset/brisc2025/brisc2025/classification_task/train/meningioma/brisc2025_train_01794_me_co_t1.jpg,meningioma,/kaggle/input/datasets/briscdataset/brisc2025/brisc2025/classification_task/train/meningioma/brisc2025_train_01809_me_co_t1.jpg,meningioma
near,2,/kaggle/input/datasets/briscdataset/brisc2025/brisc2025/classification_task/train/meningioma/brisc2025_train_01798_me_co_t1.jpg,meningioma,/kaggle/input/datasets/briscdataset/brisc2025/brisc2025/classification_task/train/meningioma/brisc2025_train_01809_me_co_t1.jpg,meningioma
near,6,/kaggle/input/datasets/briscdataset/brisc2025/brisc2025/classification_task/train/meningioma/brisc2025_train_01807_me_co_t1.jpg,meningioma,/kaggle/input/datasets/briscdataset/brisc2025/brisc2025/classification_task/train/meningioma/brisc2025_train_01948_me_co_t1.jpg,meningioma
near,3,/kaggle/input/datasets/briscdataset/brisc2025/brisc2025/classification_task/train/meningioma/brisc2025_train_01816_me_co_t1.jpg,meningioma,/kaggle/input/datasets/briscdataset/brisc2025/brisc2025/classification_task/train/meningioma/brisc2025_train_01817_me_co_t1.jpg,meningioma
near,6,/kaggle/input/datasets/briscdataset/brisc2025/brisc2025/classification_task/train/meningioma/brisc2025_train_01816_me_co_t1.jpg,meningioma,/kaggle/input/datasets/briscdataset/brisc2025/brisc2025/classification_task/train/meningioma/brisc2025_train_01818_me_co_t1.jpg,meningioma
near,5,/kaggle/input/datasets/briscdataset/brisc2025/brisc2025/classification_task/train/meningioma/brisc2025_train_01817_me_co_t1.jpg,meningioma,/kaggle/input/datasets/briscdataset/brisc2025/brisc2025/classification_task/train/meningioma/brisc2025_train_01818_me_co_t1.jpg,meningioma
near,2,/kaggle/input/datasets/briscdataset/brisc2025/brisc2025/classification_task/train/meningioma/brisc2025_train_01821_me_co_t1.jpg,meningioma,/kaggle/input/datasets/briscdataset/brisc2025/brisc2025/classification_task/train/meningioma/brisc2025_train_01822_me_co_t1.jpg,meningioma
near,6,/kaggle/input/datasets/briscdataset/brisc2025/brisc2025/classification_task/train/meningioma/brisc2025_train_01822_me_co_t1.jpg,meningioma,/kaggle/input/datasets/briscdataset/brisc2025/brisc2025/classification_task/train/meningioma/brisc2025_train_01957_me_co_t1.jpg,meningioma
near,6,/kaggle/input/datasets/briscdataset/brisc2025/brisc2025/classification_task/train/meningioma/brisc2025_train_01822_me_co_t1.jpg,meningioma,/kaggle/input/datasets/briscdataset/brisc2025/brisc2025/classification_task/train/meningioma/brisc2025_train_01958_me_co_t1.jpg,meningioma
near,2,/kaggle/input/datasets/briscdataset/brisc2025/brisc2025/classification_task/train/meningioma/brisc2025_train_01824_me_co_t1.jpg,meningioma,/kaggle/input/datasets/briscdataset/brisc2025/brisc2025/classification_task/train/meningioma/brisc2025_train_01825_me_co_t1.jpg,meningioma
near,4,/kaggle/input/datasets/briscdataset/brisc2025/brisc2025/classification_task/train/meningioma/brisc2025_train_01824_me_co_t1.jpg,meningioma,/kaggle/input/datasets/briscdataset/brisc2025/brisc2025/classification_task/train/meningioma/brisc2025_train_01826_me_co_t1.jpg,meningioma
near,4,/kaggle/input/datasets/briscdataset/brisc2025/brisc2025/classification_task/train/meningioma/brisc2025_train_01824_me_co_t1.jpg,meningioma,/kaggle/input/datasets/briscdataset/brisc2025/brisc2025/classification_task/test/meningioma/brisc2025_test_00422_me_co_t1.jpg,meningioma
near,4,/kaggle/input/datasets/briscdataset/brisc2025/brisc2025/classification_task/train/meningioma/brisc2025_train_01825_me_co_t1.jpg,meningioma,/kaggle/input/datasets/briscdataset/brisc2025/brisc2025/classification_task/train/meningioma/brisc2025_train_01826_me_co_t1.jpg,meningioma
near,4,/kaggle/input/datasets/briscdataset/brisc2025/brisc2025/classification_task/train/meningioma/brisc2025_train_01825_me_co_t1.jpg,meningioma,/kaggle/input/datasets/briscdataset/brisc2025/brisc2025/classification_task/test/meningioma/brisc2025_test_00422_me_co_t1.jpg,meningioma
near,6,/kaggle/input/datasets/briscdataset/brisc2025/brisc2025/classification_task/train/meningioma/brisc2025_train_01826_me_co_t1.jpg,meningioma,/kaggle/input/datasets/briscdataset/brisc2025/brisc2025/classification_task/train/meningioma/brisc2025_train_02462_me_sa_t1.jpg,meningioma
near,6,/kaggle/input/datasets/briscdataset/brisc2025/brisc2025/classification_task/train/meningioma/brisc2025_train_01826_me_co_t1.jpg,meningioma,/kaggle/input/datasets/briscdataset/brisc2025/brisc2025/classification_task/test/meningioma/brisc2025_test_00422_me_co_t1.jpg,meningioma
near,5,/kaggle/input/datasets/briscdataset/brisc2025/brisc2025/classification_task/train/meningioma/brisc2025_train_01829_me_co_t1.jpg,meningioma,/kaggle/input/datasets/briscdataset/brisc2025/brisc2025/classification_task/train/meningioma/brisc2025_train_01830_me_co_t1.jpg,meningioma
near,4,/kaggle/input/datasets/briscdataset/brisc2025/brisc2025/classification_task/train/meningioma/brisc2025_train_01829_me_co_t1.jpg,meningioma,/kaggle/input/datasets/briscdataset/brisc2025/brisc2025/classification_task/test/meningioma/brisc2025_test_00425_me_co_t1.jpg,meningioma
near,2,/kaggle/input/datasets/briscdataset/brisc2025/brisc2025/classification_task/train/meningioma/brisc2025_train_01830_me_co_t1.jpg,meningioma,/kaggle/input/datasets/briscdataset/brisc2025/brisc2025/classification_task/train/meningioma/brisc2025_train_01831_me_co_t1.jpg,meningioma
near,6,/kaggle/input/datasets/briscdataset/brisc2025/brisc2025/classification_task/train/meningioma/brisc2025_train_01831_me_co_t1.jpg,meningioma,/kaggle/input/datasets/briscdataset/brisc2025/brisc2025/classification_task/test/meningioma/brisc2025_test_00424_me_co_t1.jpg,meningioma
near,5,/kaggle/input/datasets/briscdataset/brisc2025/brisc2025/classification_task/train/meningioma/brisc2025_train_01833_me_co_t1.jpg,meningioma,/kaggle/input/datasets/briscdataset/brisc2025/brisc2025/classification_task/train/meningioma/brisc2025_train_01834_me_co_t1.jpg,meningioma
near,6,/kaggle/input/datasets/briscdataset/brisc2025/brisc2025/classification_task/train/meningioma/brisc2025_train_01833_me_co_t1.jpg,meningioma,/kaggle/input/datasets/briscdataset/brisc2025/brisc2025/classification_task/test/meningioma/brisc2025_test_00426_me_co_t1.jpg,meningioma
near,5,/kaggle/input/datasets/briscdataset/brisc2025/brisc2025/classification_task/train/meningioma/brisc2025_train_01834_me_co_t1.jpg,meningioma,/kaggle/input/datasets/briscdataset/brisc2025/brisc2025/classification_task/test/meningioma/brisc2025_test_00426_me_co_t1.jpg,meningioma
near,6,/kaggle/input/datasets/briscdataset/brisc2025/brisc2025/classification_task/train/meningioma/brisc2025_train_01836_me_co_t1.jpg,meningioma,/kaggle/input/datasets/briscdataset/brisc2025/brisc2025/classification_task/train/meningioma/brisc2025_train_01837_me_co_t1.jpg,meningioma
near,6,/kaggle/input/datasets/briscdataset/brisc2025/brisc2025/classification_task/train/meningioma/brisc2025_train_01836_me_co_t1.jpg,meningioma,/kaggle/input/datasets/briscdataset/brisc2025/brisc2025/classification_task/test/meningioma/brisc2025_test_00427_me_co_t1.jpg,meningioma
near,5,/kaggle/input/datasets/briscdataset/brisc2025/brisc2025/classification_task/train/meningioma/brisc2025_train_01839_me_co_t1.jpg,meningioma,/kaggle/input/datasets/briscdataset/brisc2025/brisc2025/classification_task/test/meningioma/brisc2025_test_00428_me_co_t1.jpg,meningioma
near,2,/kaggle/input/datasets/briscdataset/brisc2025/brisc2025/classification_task/train/meningioma/brisc2025_train_01842_me_co_t1.jpg,meningioma,/kaggle/input/datasets/briscdataset/brisc2025/brisc2025/classification_task/train/meningioma/brisc2025_train_01843_me_co_t1.jpg,meningioma
near,6,/kaggle/input/datasets/briscdataset/brisc2025/brisc2025/classification_task/train/meningioma/brisc2025_train_01845_me_co_t1.jpg,meningioma,/kaggle/input/datasets/briscdataset/brisc2025/brisc2025/classification_task/test/meningioma/brisc2025_test_00430_me_co_t1.jpg,meningioma
near,6,/kaggle/input/datasets/briscdataset/brisc2025/brisc2025/classification_task/train/meningioma/brisc2025_train_01854_me_co_t1.jpg,meningioma,/kaggle/input/datasets/briscdataset/brisc2025/brisc2025/classification_task/train/meningioma/brisc2025_train_01855_me_co_t1.jpg,meningioma
near,5,/kaggle/input/datasets/briscdataset/brisc2025/brisc2025/classification_task/train/meningioma/brisc2025_train_01855_me_co_t1.jpg,meningioma,/kaggle/input/datasets/briscdataset/brisc2025/brisc2025/classification_task/test/meningioma/brisc2025_test_00434_me_co_t1.jpg,meningioma
near,5,/kaggle/input/datasets/briscdataset/brisc2025/brisc2025/classification_task/train/meningioma/brisc2025_train_01858_me_co_t1.jpg,meningioma,/kaggle/input/datasets/briscdataset/brisc2025/brisc2025/classification_task/train/meningioma/brisc2025_train_01862_me_co_t1.jpg,meningioma
near,4,/kaggle/input/datasets/briscdataset/brisc2025/brisc2025/classification_task/train/meningioma/brisc2025_train_01858_me_co_t1.jpg,meningioma,/kaggle/input/datasets/briscdataset/brisc2025/brisc2025/classification_task/test/meningioma/brisc2025_test_00435_me_co_t1.jpg,meningioma
near,3,/kaggle/input/datasets/briscdataset/brisc2025/brisc2025/classification_task/train/meningioma/brisc2025_train_01859_me_co_t1.jpg,meningioma,/kaggle/input/datasets/briscdataset/brisc2025/brisc2025/classification_task/train/meningioma/brisc2025_train_01860_me_co_t1.jpg,meningioma
near,6,/kaggle/input/datasets/briscdataset/brisc2025/brisc2025/classification_task/train/meningioma/brisc2025_train_01860_me_co_t1.jpg,meningioma,/kaggle/input/datasets/briscdataset/brisc2025/brisc2025/classification_task/test/meningioma/brisc2025_test_00436_me_co_t1.jpg,meningioma
near,2,/kaggle/input/datasets/briscdataset/brisc2025/brisc2025/classification_task/train/meningioma/brisc2025_train_01862_me_co_t1.jpg,meningioma,/kaggle/input/datasets/briscdataset/brisc2025/brisc2025/classification_task/train/meningioma/brisc2025_train_01863_me_co_t1.jpg,meningioma
near,5,/kaggle/input/datasets/briscdataset/brisc2025/brisc2025/classification_task/train/meningioma/brisc2025_train_01865_me_co_t1.jpg,meningioma,/kaggle/input/datasets/briscdataset/brisc2025/brisc2025/classification_task/test/meningioma/brisc2025_test_00438_me_co_t1.jpg,meningioma
near,4,/kaggle/input/datasets/briscdataset/brisc2025/brisc2025/classification_task/train/meningioma/brisc2025_train_01866_me_co_t1.jpg,meningioma,/kaggle/input/datasets/briscdataset/brisc2025/brisc2025/classification_task/train/meningioma/brisc2025_train_01867_me_co_t1.jpg,meningioma
near,6,/kaggle/input/datasets/briscdataset/brisc2025/brisc2025/classification_task/train/meningioma/brisc2025_train_01867_me_co_t1.jpg,meningioma,/kaggle/input/datasets/briscdataset/brisc2025/brisc2025/classification_task/test/meningioma/brisc2025_test_00438_me_co_t1.jpg,meningioma
near,6,/kaggle/input/datasets/briscdataset/brisc2025/brisc2025/classification_task/train/meningioma/brisc2025_train_01869_me_co_t1.jpg,meningioma,/kaggle/input/datasets/briscdataset/brisc2025/brisc2025/classification_task/train/meningioma/brisc2025_train_01870_me_co_t1.jpg,meningioma
near,5,/kaggle/input/datasets/briscdataset/brisc2025/brisc2025/classification_task/train/meningioma/brisc2025_train_01871_me_co_t1.jpg,meningioma,/kaggle/input/datasets/briscdataset/brisc2025/brisc2025/classification_task/train/meningioma/brisc2025_train_01872_me_co_t1.jpg,meningioma
near,5,/kaggle/input/datasets/briscdataset/brisc2025/brisc2025/classification_task/train/meningioma/brisc2025_train_01880_me_co_t1.jpg,meningioma,/kaggle/input/datasets/briscdataset/brisc2025/brisc2025/classification_task/train/meningioma/brisc2025_train_01881_me_co_t1.jpg,meningioma
near,4,/kaggle/input/datasets/briscdataset/brisc2025/brisc2025/classification_task/train/meningioma/brisc2025_train_01888_me_co_t1.jpg,meningioma,/kaggle/input/datasets/briscdataset/brisc2025/brisc2025/classification_task/train/meningioma/brisc2025_train_01889_me_co_t1.jpg,meningioma
near,6,/kaggle/input/datasets/briscdataset/brisc2025/brisc2025/classification_task/train/meningioma/brisc2025_train_01888_me_co_t1.jpg,meningioma,/kaggle/input/datasets/briscdataset/brisc2025/brisc2025/classification_task/test/meningioma/brisc2025_test_00445_me_co_t1.jpg,meningioma
near,6,/kaggle/input/datasets/briscdataset/brisc2025/brisc2025/classification_task/train/meningioma/brisc2025_train_01898_me_co_t1.jpg,meningioma,/kaggle/input/datasets/briscdataset/brisc2025/brisc2025/classification_task/train/meningioma/brisc2025_train_01899_me_co_t1.jpg,meningioma
near,5,/kaggle/input/datasets/briscdataset/brisc2025/brisc2025/classification_task/train/meningioma/brisc2025_train_01898_me_co_t1.jpg,meningioma,/kaggle/input/datasets/briscdataset/brisc2025/brisc2025/classification_task/test/meningioma/brisc2025_test_00447_me_co_t1.jpg,meningioma
near,6,/kaggle/input/datasets/briscdataset/brisc2025/brisc2025/classification_task/train/meningioma/brisc2025_train_01899_me_co_t1.jpg,meningioma,/kaggle/input/datasets/briscdataset/brisc2025/brisc2025/classification_task/test/meningioma/brisc2025_test_00428_me_co_t1.jpg,meningioma
near,5,/kaggle/input/datasets/briscdataset/brisc2025/brisc2025/classification_task/train/meningioma/brisc2025_train_01899_me_co_t1.jpg,meningioma,/kaggle/input/datasets/briscdataset/brisc2025/brisc2025/classification_task/test/meningioma/brisc2025_test_00447_me_co_t1.jpg,meningioma
near,5,/kaggle/input/datasets/briscdataset/brisc2025/brisc2025/classification_task/train/meningioma/brisc2025_train_01908_me_co_t1.jpg,meningioma,/kaggle/input/datasets/briscdataset/brisc2025/brisc2025/classification_task/test/meningioma/brisc2025_test_00449_me_co_t1.jpg,meningioma
near,4,/kaggle/input/datasets/briscdataset/brisc2025/brisc2025/classification_task/train/meningioma/brisc2025_train_01912_me_co_t1.jpg,meningioma,/kaggle/input/datasets/briscdataset/brisc2025/brisc2025/classification_task/test/meningioma/brisc2025_test_00451_me_co_t1.jpg,meningioma
near,6,/kaggle/input/datasets/briscdataset/brisc2025/brisc2025/classification_task/train/meningioma/brisc2025_train_01914_me_co_t1.jpg,meningioma,/kaggle/input/datasets/briscdataset/brisc2025/brisc2025/classification_task/train/meningioma/brisc2025_train_01915_me_co_t1.jpg,meningioma
near,4,/kaggle/input/datasets/briscdataset/brisc2025/brisc2025/classification_task/train/meningioma/brisc2025_train_01917_me_co_t1.jpg,meningioma,/kaggle/input/datasets/briscdataset/brisc2025/brisc2025/classification_task/train/meningioma/brisc2025_train_01918_me_co_t1.jpg,meningioma
near,5,/kaggle/input/datasets/briscdataset/brisc2025/brisc2025/classification_task/train/meningioma/brisc2025_train_01924_me_co_t1.jpg,meningioma,/kaggle/input/datasets/briscdataset/brisc2025/brisc2025/classification_task/train/meningioma/brisc2025_train_01925_me_co_t1.jpg,meningioma
near,5,/kaggle/input/datasets/briscdataset/brisc2025/brisc2025/classification_task/train/meningioma/brisc2025_train_01925_me_co_t1.jpg,meningioma,/kaggle/input/datasets/briscdataset/brisc2025/brisc2025/classification_task/train/meningioma/brisc2025_train_01926_me_co_t1.jpg,meningioma
near,6,/kaggle/input/datasets/briscdataset/brisc2025/brisc2025/classification_task/train/meningioma/brisc2025_train_01941_me_co_t1.jpg,meningioma,/kaggle/input/datasets/briscdataset/brisc2025/brisc2025/classification_task/train/meningioma/brisc2025_train_01942_me_co_t1.jpg,meningioma
near,4,/kaggle/input/datasets/briscdataset/brisc2025/brisc2025/classification_task/train/meningioma/brisc2025_train_01943_me_co_t1.jpg,meningioma,/kaggle/input/datasets/briscdataset/brisc2025/brisc2025/classification_task/test/meningioma/brisc2025_test_00460_me_co_t1.jpg,meningioma
near,2,/kaggle/input/datasets/briscdataset/brisc2025/brisc2025/classification_task/train/meningioma/brisc2025_train_01957_me_co_t1.jpg,meningioma,/kaggle/input/datasets/briscdataset/brisc2025/brisc2025/classification_task/train/meningioma/brisc2025_train_01958_me_co_t1.jpg,meningioma
near,6,/kaggle/input/datasets/briscdataset/brisc2025/brisc2025/classification_task/train/meningioma/brisc2025_train_01957_me_co_t1.jpg,meningioma,/kaggle/input/datasets/briscdataset/brisc2025/brisc2025/classification_task/train/meningioma/brisc2025_train_02331_me_sa_t1.jpg,meningioma
near,4,/kaggle/input/datasets/briscdataset/brisc2025/brisc2025/classification_task/train/meningioma/brisc2025_train_01958_me_co_t1.jpg,meningioma,/kaggle/input/datasets/briscdataset/brisc2025/brisc2025/classification_task/train/meningioma/brisc2025_train_02331_me_sa_t1.jpg,meningioma
near,4,/kaggle/input/datasets/briscdataset/brisc2025/brisc2025/classification_task/train/meningioma/brisc2025_train_01959_me_co_t1.jpg,meningioma,/kaggle/input/datasets/briscdataset/brisc2025/brisc2025/classification_task/train/meningioma/brisc2025_train_01960_me_co_t1.jpg,meningioma
near,6,/kaggle/input/datasets/briscdataset/brisc2025/brisc2025/classification_task/train/meningioma/brisc2025_train_01962_me_co_t1.jpg,meningioma,/kaggle/input/datasets/briscdataset/brisc2025/brisc2025/classification_task/train/meningioma/brisc2025_train_01963_me_co_t1.jpg,meningioma
near,6,/kaggle/input/datasets/briscdataset/brisc2025/brisc2025/classification_task/train/meningioma/brisc2025_train_01962_me_co_t1.jpg,meningioma,/kaggle/input/datasets/briscdataset/brisc2025/brisc2025/classification_task/test/meningioma/brisc2025_test_00467_me_co_t1.jpg,meningioma
near,4,/kaggle/input/datasets/briscdataset/brisc2025/brisc2025/classification_task/train/meningioma/brisc2025_train_01964_me_co_t1.jpg,meningioma,/kaggle/input/datasets/briscdataset/brisc2025/brisc2025/classification_task/train/meningioma/brisc2025_train_01965_me_co_t1.jpg,meningioma
near,6,/kaggle/input/datasets/briscdataset/brisc2025/brisc2025/classification_task/train/meningioma/brisc2025_train_01964_me_co_t1.jpg,meningioma,/kaggle/input/datasets/briscdataset/brisc2025/brisc2025/classification_task/train/meningioma/brisc2025_train_01966_me_co_t1.jpg,meningioma
near,2,/kaggle/input/datasets/briscdataset/brisc2025/brisc2025/classification_task/train/meningioma/brisc2025_train_01965_me_co_t1.jpg,meningioma,/kaggle/input/datasets/briscdataset/brisc2025/brisc2025/classification_task/train/meningioma/brisc2025_train_01966_me_co_t1.jpg,meningioma
near,6,/kaggle/input/datasets/briscdataset/brisc2025/brisc2025/classification_task/train/meningioma/brisc2025_train_01965_me_co_t1.jpg,meningioma,/kaggle/input/datasets/briscdataset/brisc2025/brisc2025/classification_task/test/meningioma/brisc2025_test_00468_me_co_t1.jpg,meningioma
near,4,/kaggle/input/datasets/briscdataset/brisc2025/brisc2025/classification_task/train/meningioma/brisc2025_train_01966_me_co_t1.jpg,meningioma,/kaggle/input/datasets/briscdataset/brisc2025/brisc2025/classification_task/test/meningioma/brisc2025_test_00468_me_co_t1.jpg,meningioma
near,6,/kaggle/input/datasets/briscdataset/brisc2025/brisc2025/classification_task/train/meningioma/brisc2025_train_01967_me_co_t1.jpg,meningioma,/kaggle/input/datasets/briscdataset/brisc2025/brisc2025/classification_task/train/meningioma/brisc2025_train_01968_me_co_t1.jpg,meningioma
near,6,/kaggle/input/datasets/briscdataset/brisc2025/brisc2025/classification_task/train/meningioma/brisc2025_train_01972_me_co_t1.jpg,meningioma,/kaggle/input/datasets/briscdataset/brisc2025/brisc2025/classification_task/train/meningioma/brisc2025_train_01973_me_co_t1.jpg,meningioma
near,2,/kaggle/input/datasets/briscdataset/brisc2025/brisc2025/classification_task/train/meningioma/brisc2025_train_01974_me_co_t1.jpg,meningioma,/kaggle/input/datasets/briscdataset/brisc2025/brisc2025/classification_task/train/meningioma/brisc2025_train_01975_me_co_t1.jpg,meningioma
near,5,/kaggle/input/datasets/briscdataset/brisc2025/brisc2025/classification_task/train/meningioma/brisc2025_train_01976_me_co_t1.jpg,meningioma,/kaggle/input/datasets/briscdataset/brisc2025/brisc2025/classification_task/train/meningioma/brisc2025_train_01977_me_co_t1.jpg,meningioma
near,4,/kaggle/input/datasets/briscdataset/brisc2025/brisc2025/classification_task/train/meningioma/brisc2025_train_01977_me_co_t1.jpg,meningioma,/kaggle/input/datasets/briscdataset/brisc2025/brisc2025/classification_task/train/meningioma/brisc2025_train_01978_me_co_t1.jpg,meningioma
near,5,/kaggle/input/datasets/briscdataset/brisc2025/brisc2025/classification_task/train/meningioma/brisc2025_train_01979_me_co_t1.jpg,meningioma,/kaggle/input/datasets/briscdataset/brisc2025/brisc2025/classification_task/train/meningioma/brisc2025_train_01980_me_co_t1.jpg,meningioma
near,4,/kaggle/input/datasets/briscdataset/brisc2025/brisc2025/classification_task/train/meningioma/brisc2025_train_01980_me_co_t1.jpg,meningioma,/kaggle/input/datasets/briscdataset/brisc2025/brisc2025/classification_task/test/meningioma/brisc2025_test_00472_me_co_t1.jpg,meningioma
near,6,/kaggle/input/datasets/briscdataset/brisc2025/brisc2025/classification_task/train/meningioma/brisc2025_train_01985_me_co_t1.jpg,meningioma,/kaggle/input/datasets/briscdataset/brisc2025/brisc2025/classification_task/train/meningioma/brisc2025_train_01986_me_co_t1.jpg,meningioma
near,2,/kaggle/input/datasets/briscdataset/brisc2025/brisc2025/classification_task/train/meningioma/brisc2025_train_01989_me_co_t1.jpg,meningioma,/kaggle/input/datasets/briscdataset/brisc2025/brisc2025/classification_task/train/meningioma/brisc2025_train_01990_me_co_t1.jpg,meningioma
near,5,/kaggle/input/datasets/briscdataset/brisc2025/brisc2025/classification_task/train/meningioma/brisc2025_train_01989_me_co_t1.jpg,meningioma,/kaggle/input/datasets/briscdataset/brisc2025/brisc2025/classification_task/train/meningioma/brisc2025_train_01991_me_co_t1.jpg,meningioma
near,3,/kaggle/input/datasets/briscdataset/brisc2025/brisc2025/classification_task/train/meningioma/brisc2025_train_01990_me_co_t1.jpg,meningioma,/kaggle/input/datasets/briscdataset/brisc2025/brisc2025/classification_task/train/meningioma/brisc2025_train_01991_me_co_t1.jpg,meningioma
near,6,/kaggle/input/datasets/briscdataset/brisc2025/brisc2025/classification_task/train/meningioma/brisc2025_train_01992_me_co_t1.jpg,meningioma,/kaggle/input/datasets/briscdataset/brisc2025/brisc2025/classification_task/test/meningioma/brisc2025_test_00476_me_co_t1.jpg,meningioma
near,4,/kaggle/input/datasets/briscdataset/brisc2025/brisc2025/classification_task/train/meningioma/brisc2025_train_02004_me_sa_t1.jpg,meningioma,/kaggle/input/datasets/briscdataset/brisc2025/brisc2025/classification_task/train/meningioma/brisc2025_train_02009_me_sa_t1.jpg,meningioma
near,4,/kaggle/input/datasets/briscdataset/brisc2025/brisc2025/classification_task/train/meningioma/brisc2025_train_02004_me_sa_t1.jpg,meningioma,/kaggle/input/datasets/briscdataset/brisc2025/brisc2025/classification_task/test/meningioma/brisc2025_test_00486_me_sa_t1.jpg,meningioma
near,4,/kaggle/input/datasets/briscdataset/brisc2025/brisc2025/classification_task/train/meningioma/brisc2025_train_02009_me_sa_t1.jpg,meningioma,/kaggle/input/datasets/briscdataset/brisc2025/brisc2025/classification_task/test/meningioma/brisc2025_test_00481_me_sa_t1.jpg,meningioma
near,6,/kaggle/input/datasets/briscdataset/brisc2025/brisc2025/classification_task/train/meningioma/brisc2025_train_02018_me_sa_t1.jpg,meningioma,/kaggle/input/datasets/briscdataset/brisc2025/brisc2025/classification_task/train/meningioma/brisc2025_train_02019_me_sa_t1.jpg,meningioma
near,5,/kaggle/input/datasets/briscdataset/brisc2025/brisc2025/classification_task/train/meningioma/brisc2025_train_02019_me_sa_t1.jpg,meningioma,/kaggle/input/datasets/briscdataset/brisc2025/brisc2025/classification_task/train/meningioma/brisc2025_train_02020_me_sa_t1.jpg,meningioma
near,5,/kaggle/input/datasets/briscdataset/brisc2025/brisc2025/classification_task/train/meningioma/brisc2025_train_02020_me_sa_t1.jpg,meningioma,/kaggle/input/datasets/briscdataset/brisc2025/brisc2025/classification_task/train/meningioma/brisc2025_train_02021_me_sa_t1.jpg,meningioma
near,5,/kaggle/input/datasets/briscdataset/brisc2025/brisc2025/classification_task/train/meningioma/brisc2025_train_02020_me_sa_t1.jpg,meningioma,/kaggle/input/datasets/briscdataset/brisc2025/brisc2025/classification_task/train/meningioma/brisc2025_train_02228_me_sa_t1.jpg,meningioma
near,6,/kaggle/input/datasets/briscdataset/brisc2025/brisc2025/classification_task/train/meningioma/brisc2025_train_02022_me_sa_t1.jpg,meningioma,/kaggle/input/datasets/briscdataset/brisc2025/brisc2025/classification_task/train/meningioma/brisc2025_train_02023_me_sa_t1.jpg,meningioma
near,6,/kaggle/input/datasets/briscdataset/brisc2025/brisc2025/classification_task/train/meningioma/brisc2025_train_02023_me_sa_t1.jpg,meningioma,/kaggle/input/datasets/briscdataset/brisc2025/brisc2025/classification_task/train/meningioma/brisc2025_train_02097_me_sa_t1.jpg,meningioma
near,6,/kaggle/input/datasets/briscdataset/brisc2025/brisc2025/classification_task/train/meningioma/brisc2025_train_02023_me_sa_t1.jpg,meningioma,/kaggle/input/datasets/briscdataset/brisc2025/brisc2025/classification_task/train/meningioma/brisc2025_train_02194_me_sa_t1.jpg,meningioma
near,4,/kaggle/input/datasets/briscdataset/brisc2025/brisc2025/classification_task/train/meningioma/brisc2025_train_02025_me_sa_t1.jpg,meningioma,/kaggle/input/datasets/briscdataset/brisc2025/brisc2025/classification_task/train/meningioma/brisc2025_train_02026_me_sa_t1.jpg,meningioma
near,6,/kaggle/input/datasets/briscdataset/brisc2025/brisc2025/classification_task/train/meningioma/brisc2025_train_02029_me_sa_t1.jpg,meningioma,/kaggle/input/datasets/briscdataset/brisc2025/brisc2025/classification_task/train/meningioma/brisc2025_train_02080_me_sa_t1.jpg,meningioma
near,6,/kaggle/input/datasets/briscdataset/brisc2025/brisc2025/classification_task/train/meningioma/brisc2025_train_02030_me_sa_t1.jpg,meningioma,/kaggle/input/datasets/briscdataset/brisc2025/brisc2025/classification_task/train/meningioma/brisc2025_train_02031_me_sa_t1.jpg,meningioma
near,4,/kaggle/input/datasets/briscdataset/brisc2025/brisc2025/classification_task/train/meningioma/brisc2025_train_02030_me_sa_t1.jpg,meningioma,/kaggle/input/datasets/briscdataset/brisc2025/brisc2025/classification_task/train/meningioma/brisc2025_train_02032_me_sa_t1.jpg,meningioma
near,4,/kaggle/input/datasets/briscdataset/brisc2025/brisc2025/classification_task/train/meningioma/brisc2025_train_02031_me_sa_t1.jpg,meningioma,/kaggle/input/datasets/briscdataset/brisc2025/brisc2025/classification_task/train/meningioma/brisc2025_train_02032_me_sa_t1.jpg,meningioma
near,6,/kaggle/input/datasets/briscdataset/brisc2025/brisc2025/classification_task/train/meningioma/brisc2025_train_02033_me_sa_t1.jpg,meningioma,/kaggle/input/datasets/briscdataset/brisc2025/brisc2025/classification_task/train/meningioma/brisc2025_train_02089_me_sa_t1.jpg,meningioma
near,4,/kaggle/input/datasets/briscdataset/brisc2025/brisc2025/classification_task/train/meningioma/brisc2025_train_02036_me_sa_t1.jpg,meningioma,/kaggle/input/datasets/briscdataset/brisc2025/brisc2025/classification_task/train/meningioma/brisc2025_train_02037_me_sa_t1.jpg,meningioma
near,5,/kaggle/input/datasets/briscdataset/brisc2025/brisc2025/classification_task/train/meningioma/brisc2025_train_02036_me_sa_t1.jpg,meningioma,/kaggle/input/datasets/briscdataset/brisc2025/brisc2025/classification_task/train/meningioma/brisc2025_train_02038_me_sa_t1.jpg,meningioma
near,5,/kaggle/input/datasets/briscdataset/brisc2025/brisc2025/classification_task/train/meningioma/brisc2025_train_02037_me_sa_t1.jpg,meningioma,/kaggle/input/datasets/briscdataset/brisc2025/brisc2025/classification_task/train/meningioma/brisc2025_train_02038_me_sa_t1.jpg,meningioma
near,2,/kaggle/input/datasets/briscdataset/brisc2025/brisc2025/classification_task/train/meningioma/brisc2025_train_02038_me_sa_t1.jpg,meningioma,/kaggle/input/datasets/briscdataset/brisc2025/brisc2025/classification_task/train/meningioma/brisc2025_train_02039_me_sa_t1.jpg,meningioma
near,4,/kaggle/input/datasets/briscdataset/brisc2025/brisc2025/classification_task/train/meningioma/brisc2025_train_02041_me_sa_t1.jpg,meningioma,/kaggle/input/datasets/briscdataset/brisc2025/brisc2025/classification_task/train/meningioma/brisc2025_train_02043_me_sa_t1.jpg,meningioma
near,5,/kaggle/input/datasets/briscdataset/brisc2025/brisc2025/classification_task/train/meningioma/brisc2025_train_02041_me_sa_t1.jpg,meningioma,/kaggle/input/datasets/briscdataset/brisc2025/brisc2025/classification_task/train/meningioma/brisc2025_train_02044_me_sa_t1.jpg,meningioma
near,4,/kaggle/input/datasets/briscdataset/brisc2025/brisc2025/classification_task/train/meningioma/brisc2025_train_02042_me_sa_t1.jpg,meningioma,/kaggle/input/datasets/briscdataset/brisc2025/brisc2025/classification_task/train/meningioma/brisc2025_train_02043_me_sa_t1.jpg,meningioma
near,6,/kaggle/input/datasets/briscdataset/brisc2025/brisc2025/classification_task/train/meningioma/brisc2025_train_02047_me_sa_t1.jpg,meningioma,/kaggle/input/datasets/briscdataset/brisc2025/brisc2025/classification_task/train/meningioma/brisc2025_train_02262_me_sa_t1.jpg,meningioma
near,6,/kaggle/input/datasets/briscdataset/brisc2025/brisc2025/classification_task/train/meningioma/brisc2025_train_02049_me_sa_t1.jpg,meningioma,/kaggle/input/datasets/briscdataset/brisc2025/brisc2025/classification_task/train/meningioma/brisc2025_train_02050_me_sa_t1.jpg,meningioma
near,4,/kaggle/input/datasets/briscdataset/brisc2025/brisc2025/classification_task/train/meningioma/brisc2025_train_02059_me_sa_t1.jpg,meningioma,/kaggle/input/datasets/briscdataset/brisc2025/brisc2025/classification_task/train/meningioma/brisc2025_train_02060_me_sa_t1.jpg,meningioma
near,5,/kaggle/input/datasets/briscdataset/brisc2025/brisc2025/classification_task/train/meningioma/brisc2025_train_02061_me_sa_t1.jpg,meningioma,/kaggle/input/datasets/briscdataset/brisc2025/brisc2025/classification_task/train/meningioma/brisc2025_train_02199_me_sa_t1.jpg,meningioma
near,5,/kaggle/input/datasets/briscdataset/brisc2025/brisc2025/classification_task/train/meningioma/brisc2025_train_02062_me_sa_t1.jpg,meningioma,/kaggle/input/datasets/briscdataset/brisc2025/brisc2025/classification_task/train/meningioma/brisc2025_train_02063_me_sa_t1.jpg,meningioma
near,6,/kaggle/input/datasets/briscdataset/brisc2025/brisc2025/classification_task/train/meningioma/brisc2025_train_02065_me_sa_t1.jpg,meningioma,/kaggle/input/datasets/briscdataset/brisc2025/brisc2025/classification_task/train/meningioma/brisc2025_train_02066_me_sa_t1.jpg,meningioma
near,4,/kaggle/input/datasets/briscdataset/brisc2025/brisc2025/classification_task/train/meningioma/brisc2025_train_02067_me_sa_t1.jpg,meningioma,/kaggle/input/datasets/briscdataset/brisc2025/brisc2025/classification_task/train/meningioma/brisc2025_train_02068_me_sa_t1.jpg,meningioma
near,5,/kaggle/input/datasets/briscdataset/brisc2025/brisc2025/classification_task/train/meningioma/brisc2025_train_02067_me_sa_t1.jpg,meningioma,/kaggle/input/datasets/briscdataset/brisc2025/brisc2025/classification_task/train/meningioma/brisc2025_train_02086_me_sa_t1.jpg,meningioma
near,5,/kaggle/input/datasets/briscdataset/brisc2025/brisc2025/classification_task/train/meningioma/brisc2025_train_02072_me_sa_t1.jpg,meningioma,/kaggle/input/datasets/briscdataset/brisc2025/brisc2025/classification_task/train/meningioma/brisc2025_train_02073_me_sa_t1.jpg,meningioma
near,4,/kaggle/input/datasets/briscdataset/brisc2025/brisc2025/classification_task/train/meningioma/brisc2025_train_02074_me_sa_t1.jpg,meningioma,/kaggle/input/datasets/briscdataset/brisc2025/brisc2025/classification_task/train/meningioma/brisc2025_train_02075_me_sa_t1.jpg,meningioma
near,6,/kaggle/input/datasets/briscdataset/brisc2025/brisc2025/classification_task/train/meningioma/brisc2025_train_02075_me_sa_t1.jpg,meningioma,/kaggle/input/datasets/briscdataset/brisc2025/brisc2025/classification_task/train/meningioma/brisc2025_train_02076_me_sa_t1.jpg,meningioma
near,5,/kaggle/input/datasets/briscdataset/brisc2025/brisc2025/classification_task/train/meningioma/brisc2025_train_02080_me_sa_t1.jpg,meningioma,/kaggle/input/datasets/briscdataset/brisc2025/brisc2025/classification_task/train/meningioma/brisc2025_train_02081_me_sa_t1.jpg,meningioma
near,5,/kaggle/input/datasets/briscdataset/brisc2025/brisc2025/classification_task/train/meningioma/brisc2025_train_02080_me_sa_t1.jpg,meningioma,/kaggle/input/datasets/briscdataset/brisc2025/brisc2025/classification_task/train/meningioma/brisc2025_train_02082_me_sa_t1.jpg,meningioma
near,6,/kaggle/input/datasets/briscdataset/brisc2025/brisc2025/classification_task/train/meningioma/brisc2025_train_02081_me_sa_t1.jpg,meningioma,/kaggle/input/datasets/briscdataset/brisc2025/brisc2025/classification_task/train/meningioma/brisc2025_train_02082_me_sa_t1.jpg,meningioma
near,5,/kaggle/input/datasets/briscdataset/brisc2025/brisc2025/classification_task/train/meningioma/brisc2025_train_02086_me_sa_t1.jpg,meningioma,/kaggle/input/datasets/briscdataset/brisc2025/brisc2025/classification_task/train/no_tumor/brisc2025_train_03239_no_sa_t1.jpg,no_tumor
near,4,/kaggle/input/datasets/briscdataset/brisc2025/brisc2025/classification_task/train/meningioma/brisc2025_train_02086_me_sa_t1.jpg,meningioma,/kaggle/input/datasets/briscdataset/brisc2025/brisc2025/classification_task/train/no_tumor/brisc2025_train_03376_no_sa_t1.jpg,no_tumor
near,6,/kaggle/input/datasets/briscdataset/brisc2025/brisc2025/classification_task/train/meningioma/brisc2025_train_02087_me_sa_t1.jpg,meningioma,/kaggle/input/datasets/briscdataset/brisc2025/brisc2025/classification_task/train/meningioma/brisc2025_train_02088_me_sa_t1.jpg,meningioma
near,6,/kaggle/input/datasets/briscdataset/brisc2025/brisc2025/classification_task/train/meningioma/brisc2025_train_02088_me_sa_t1.jpg,meningioma,/kaggle/input/datasets/briscdataset/brisc2025/brisc2025/classification_task/train/no_tumor/brisc2025_train_03425_no_sa_t1.jpg,no_tumor
near,6,/kaggle/input/datasets/briscdataset/brisc2025/brisc2025/classification_task/train/meningioma/brisc2025_train_02089_me_sa_t1.jpg,meningioma,/kaggle/input/datasets/briscdataset/brisc2025/brisc2025/classification_task/train/meningioma/brisc2025_train_02090_me_sa_t1.jpg,meningioma
near,6,/kaggle/input/datasets/briscdataset/brisc2025/brisc2025/classification_task/train/meningioma/brisc2025_train_02093_me_sa_t1.jpg,meningioma,/kaggle/input/datasets/briscdataset/brisc2025/brisc2025/classification_task/train/pituitary/brisc2025_train_04233_pi_co_t1.jpg,pituitary
near,6,/kaggle/input/datasets/briscdataset/brisc2025/brisc2025/classification_task/train/meningioma/brisc2025_train_02095_me_sa_t1.jpg,meningioma,/kaggle/input/datasets/briscdataset/brisc2025/brisc2025/classification_task/train/meningioma/brisc2025_train_02096_me_sa_t1.jpg,meningioma
near,6,/kaggle/input/datasets/briscdataset/brisc2025/brisc2025/classification_task/train/meningioma/brisc2025_train_02106_me_sa_t1.jpg,meningioma,/kaggle/input/datasets/briscdataset/brisc2025/brisc2025/classification_task/train/meningioma/brisc2025_train_02107_me_sa_t1.jpg,meningioma
near,6,/kaggle/input/datasets/briscdataset/brisc2025/brisc2025/classification_task/train/meningioma/brisc2025_train_02106_me_sa_t1.jpg,meningioma,/kaggle/input/datasets/briscdataset/brisc2025/brisc2025/classification_task/train/meningioma/brisc2025_train_02110_me_sa_t1.jpg,meningioma
near,6,/kaggle/input/datasets/briscdataset/brisc2025/brisc2025/classification_task/train/meningioma/brisc2025_train_02107_me_sa_t1.jpg,meningioma,/kaggle/input/datasets/briscdataset/brisc2025/brisc2025/classification_task/train/meningioma/brisc2025_train_02108_me_sa_t1.jpg,meningioma
near,6,/kaggle/input/datasets/briscdataset/brisc2025/brisc2025/classification_task/train/meningioma/brisc2025_train_02107_me_sa_t1.jpg,meningioma,/kaggle/input/datasets/briscdataset/brisc2025/brisc2025/classification_task/train/meningioma/brisc2025_train_02110_me_sa_t1.jpg,meningioma
near,4,/kaggle/input/datasets/briscdataset/brisc2025/brisc2025/classification_task/train/meningioma/brisc2025_train_02108_me_sa_t1.jpg,meningioma,/kaggle/input/datasets/briscdataset/brisc2025/brisc2025/classification_task/train/meningioma/brisc2025_train_02109_me_sa_t1.jpg,meningioma
near,6,/kaggle/input/datasets/briscdataset/brisc2025/brisc2025/classification_task/train/meningioma/brisc2025_train_02108_me_sa_t1.jpg,meningioma,/kaggle/input/datasets/briscdataset/brisc2025/brisc2025/classification_task/train/meningioma/brisc2025_train_02110_me_sa_t1.jpg,meningioma
near,4,/kaggle/input/datasets/briscdataset/brisc2025/brisc2025/classification_task/train/meningioma/brisc2025_train_02109_me_sa_t1.jpg,meningioma,/kaggle/input/datasets/briscdataset/brisc2025/brisc2025/classification_task/train/meningioma/brisc2025_train_02110_me_sa_t1.jpg,meningioma
near,4,/kaggle/input/datasets/briscdataset/brisc2025/brisc2025/classification_task/train/meningioma/brisc2025_train_02115_me_sa_t1.jpg,meningioma,/kaggle/input/datasets/briscdataset/brisc2025/brisc2025/classification_task/train/meningioma/brisc2025_train_02117_me_sa_t1.jpg,meningioma
near,5,/kaggle/input/datasets/briscdataset/brisc2025/brisc2025/classification_task/train/meningioma/brisc2025_train_02118_me_sa_t1.jpg,meningioma,/kaggle/input/datasets/briscdataset/brisc2025/brisc2025/classification_task/train/meningioma/brisc2025_train_02119_me_sa_t1.jpg,meningioma
near,6,/kaggle/input/datasets/briscdataset/brisc2025/brisc2025/classification_task/train/meningioma/brisc2025_train_02125_me_sa_t1.jpg,meningioma,/kaggle/input/datasets/briscdataset/brisc2025/brisc2025/classification_task/train/meningioma/brisc2025_train_02126_me_sa_t1.jpg,meningioma
near,4,/kaggle/input/datasets/briscdataset/brisc2025/brisc2025/classification_task/train/meningioma/brisc2025_train_02127_me_sa_t1.jpg,meningioma,/kaggle/input/datasets/briscdataset/brisc2025/brisc2025/classification_task/train/meningioma/brisc2025_train_02139_me_sa_t1.jpg,meningioma
near,4,/kaggle/input/datasets/briscdataset/brisc2025/brisc2025/classification_task/train/meningioma/brisc2025_train_02131_me_sa_t1.jpg,meningioma,/kaggle/input/datasets/briscdataset/brisc2025/brisc2025/classification_task/train/meningioma/brisc2025_train_02132_me_sa_t1.jpg,meningioma
near,4,/kaggle/input/datasets/briscdataset/brisc2025/brisc2025/classification_task/train/meningioma/brisc2025_train_02131_me_sa_t1.jpg,meningioma,/kaggle/input/datasets/briscdataset/brisc2025/brisc2025/classification_task/train/meningioma/brisc2025_train_02133_me_sa_t1.jpg,meningioma
near,2,/kaggle/input/datasets/briscdataset/brisc2025/brisc2025/classification_task/train/meningioma/brisc2025_train_02132_me_sa_t1.jpg,meningioma,/kaggle/input/datasets/briscdataset/brisc2025/brisc2025/classification_task/train/meningioma/brisc2025_train_02133_me_sa_t1.jpg,meningioma
near,6,/kaggle/input/datasets/briscdataset/brisc2025/brisc2025/classification_task/train/meningioma/brisc2025_train_02132_me_sa_t1.jpg,meningioma,/kaggle/input/datasets/briscdataset/brisc2025/brisc2025/classification_task/train/meningioma/brisc2025_train_02223_me_sa_t1.jpg,meningioma
near,6,/kaggle/input/datasets/briscdataset/brisc2025/brisc2025/classification_task/train/meningioma/brisc2025_train_02132_me_sa_t1.jpg,meningioma,/kaggle/input/datasets/briscdataset/brisc2025/brisc2025/classification_task/train/pituitary/brisc2025_train_04609_pi_sa_t1.jpg,pituitary
near,6,/kaggle/input/datasets/briscdataset/brisc2025/brisc2025/classification_task/train/meningioma/brisc2025_train_02133_me_sa_t1.jpg,meningioma,/kaggle/input/datasets/briscdataset/brisc2025/brisc2025/classification_task/train/pituitary/brisc2025_train_04584_pi_sa_t1.jpg,pituitary
near,6,/kaggle/input/datasets/briscdataset/brisc2025/brisc2025/classification_task/train/meningioma/brisc2025_train_02133_me_sa_t1.jpg,meningioma,/kaggle/input/datasets/briscdataset/brisc2025/brisc2025/classification_task/train/pituitary/brisc2025_train_04609_pi_sa_t1.jpg,pituitary
near,6,/kaggle/input/datasets/briscdataset/brisc2025/brisc2025/classification_task/train/meningioma/brisc2025_train_02134_me_sa_t1.jpg,meningioma,/kaggle/input/datasets/briscdataset/brisc2025/brisc2025/classification_task/train/meningioma/brisc2025_train_02135_me_sa_t1.jpg,meningioma
near,6,/kaggle/input/datasets/briscdataset/brisc2025/brisc2025/classification_task/train/meningioma/brisc2025_train_02140_me_sa_t1.jpg,meningioma,/kaggle/input/datasets/briscdataset/brisc2025/brisc2025/classification_task/train/meningioma/brisc2025_train_02141_me_sa_t1.jpg,meningioma
near,6,/kaggle/input/datasets/briscdataset/brisc2025/brisc2025/classification_task/train/meningioma/brisc2025_train_02147_me_sa_t1.jpg,meningioma,/kaggle/input/datasets/briscdataset/brisc2025/brisc2025/classification_task/train/meningioma/brisc2025_train_02149_me_sa_t1.jpg,meningioma
near,5,/kaggle/input/datasets/briscdataset/brisc2025/brisc2025/classification_task/train/meningioma/brisc2025_train_02151_me_sa_t1.jpg,meningioma,/kaggle/input/datasets/briscdataset/brisc2025/brisc2025/classification_task/train/meningioma/brisc2025_train_02152_me_sa_t1.jpg,meningioma
near,4,/kaggle/input/datasets/briscdataset/brisc2025/brisc2025/classification_task/train/meningioma/brisc2025_train_02155_me_sa_t1.jpg,meningioma,/kaggle/input/datasets/briscdataset/brisc2025/brisc2025/classification_task/train/meningioma/brisc2025_train_02156_me_sa_t1.jpg,meningioma
near,5,/kaggle/input/datasets/briscdataset/brisc2025/brisc2025/classification_task/train/meningioma/brisc2025_train_02156_me_sa_t1.jpg,meningioma,/kaggle/input/datasets/briscdataset/brisc2025/brisc2025/classification_task/train/meningioma/brisc2025_train_02269_me_sa_t1.jpg,meningioma
near,6,/kaggle/input/datasets/briscdataset/brisc2025/brisc2025/classification_task/train/meningioma/brisc2025_train_02158_me_sa_t1.jpg,meningioma,/kaggle/input/datasets/briscdataset/brisc2025/brisc2025/classification_task/train/meningioma/brisc2025_train_02159_me_sa_t1.jpg,meningioma
near,5,/kaggle/input/datasets/briscdataset/brisc2025/brisc2025/classification_task/train/meningioma/brisc2025_train_02159_me_sa_t1.jpg,meningioma,/kaggle/input/datasets/briscdataset/brisc2025/brisc2025/classification_task/train/meningioma/brisc2025_train_02228_me_sa_t1.jpg,meningioma
near,5,/kaggle/input/datasets/briscdataset/brisc2025/brisc2025/classification_task/train/meningioma/brisc2025_train_02160_me_sa_t1.jpg,meningioma,/kaggle/input/datasets/briscdataset/brisc2025/brisc2025/classification_task/train/meningioma/brisc2025_train_02162_me_sa_t1.jpg,meningioma
near,6,/kaggle/input/datasets/briscdataset/brisc2025/brisc2025/classification_task/train/meningioma/brisc2025_train_02184_me_sa_t1.jpg,meningioma,/kaggle/input/datasets/briscdataset/brisc2025/brisc2025/classification_task/train/meningioma/brisc2025_train_02216_me_sa_t1.jpg,meningioma
near,6,/kaggle/input/datasets/briscdataset/brisc2025/brisc2025/classification_task/train/meningioma/brisc2025_train_02185_me_sa_t1.jpg,meningioma,/kaggle/input/datasets/briscdataset/brisc2025/brisc2025/classification_task/train/meningioma/brisc2025_train_02220_me_sa_t1.jpg,meningioma
near,5,/kaggle/input/datasets/briscdataset/brisc2025/brisc2025/classification_task/train/meningioma/brisc2025_train_02187_me_sa_t1.jpg,meningioma,/kaggle/input/datasets/briscdataset/brisc2025/brisc2025/classification_task/train/meningioma/brisc2025_train_02188_me_sa_t1.jpg,meningioma
near,2,/kaggle/input/datasets/briscdataset/brisc2025/brisc2025/classification_task/train/meningioma/brisc2025_train_02188_me_sa_t1.jpg,meningioma,/kaggle/input/datasets/briscdataset/brisc2025/brisc2025/classification_task/train/meningioma/brisc2025_train_02189_me_sa_t1.jpg,meningioma
near,5,/kaggle/input/datasets/briscdataset/brisc2025/brisc2025/classification_task/train/meningioma/brisc2025_train_02191_me_sa_t1.jpg,meningioma,/kaggle/input/datasets/briscdataset/brisc2025/brisc2025/classification_task/train/meningioma/brisc2025_train_02192_me_sa_t1.jpg,meningioma
near,6,/kaggle/input/datasets/briscdataset/brisc2025/brisc2025/classification_task/train/meningioma/brisc2025_train_02192_me_sa_t1.jpg,meningioma,/kaggle/input/datasets/briscdataset/brisc2025/brisc2025/classification_task/train/meningioma/brisc2025_train_02193_me_sa_t1.jpg,meningioma
near,6,/kaggle/input/datasets/briscdataset/brisc2025/brisc2025/classification_task/train/meningioma/brisc2025_train_02194_me_sa_t1.jpg,meningioma,/kaggle/input/datasets/briscdataset/brisc2025/brisc2025/classification_task/train/meningioma/brisc2025_train_02195_me_sa_t1.jpg,meningioma
near,6,/kaggle/input/datasets/briscdataset/brisc2025/brisc2025/classification_task/train/meningioma/brisc2025_train_02197_me_sa_t1.jpg,meningioma,/kaggle/input/datasets/briscdataset/brisc2025/brisc2025/classification_task/train/meningioma/brisc2025_train_02198_me_sa_t1.jpg,meningioma
near,4,/kaggle/input/datasets/briscdataset/brisc2025/brisc2025/classification_task/train/meningioma/brisc2025_train_02200_me_sa_t1.jpg,meningioma,/kaggle/input/datasets/briscdataset/brisc2025/brisc2025/classification_task/train/meningioma/brisc2025_train_02201_me_sa_t1.jpg,meningioma
near,6,/kaggle/input/datasets/briscdataset/brisc2025/brisc2025/classification_task/train/meningioma/brisc2025_train_02207_me_sa_t1.jpg,meningioma,/kaggle/input/datasets/briscdataset/brisc2025/brisc2025/classification_task/train/meningioma/brisc2025_train_02218_me_sa_t1.jpg,meningioma
near,6,/kaggle/input/datasets/briscdataset/brisc2025/brisc2025/classification_task/train/meningioma/brisc2025_train_02208_me_sa_t1.jpg,meningioma,/kaggle/input/datasets/briscdataset/brisc2025/brisc2025/classification_task/train/meningioma/brisc2025_train_02209_me_sa_t1.jpg,meningioma
near,4,/kaggle/input/datasets/briscdataset/brisc2025/brisc2025/classification_task/train/meningioma/brisc2025_train_02212_me_sa_t1.jpg,meningioma,/kaggle/input/datasets/briscdataset/brisc2025/brisc2025/classification_task/train/meningioma/brisc2025_train_02213_me_sa_t1.jpg,meningioma
near,6,/kaggle/input/datasets/briscdataset/brisc2025/brisc2025/classification_task/train/meningioma/brisc2025_train_02214_me_sa_t1.jpg,meningioma,/kaggle/input/datasets/briscdataset/brisc2025/brisc2025/classification_task/train/meningioma/brisc2025_train_02215_me_sa_t1.jpg,meningioma
near,5,/kaggle/input/datasets/briscdataset/brisc2025/brisc2025/classification_task/train/meningioma/brisc2025_train_02215_me_sa_t1.jpg,meningioma,/kaggle/input/datasets/briscdataset/brisc2025/brisc2025/classification_task/train/meningioma/brisc2025_train_02256_me_sa_t1.jpg,meningioma
near,6,/kaggle/input/datasets/briscdataset/brisc2025/brisc2025/classification_task/train/meningioma/brisc2025_train_02217_me_sa_t1.jpg,meningioma,/kaggle/input/datasets/briscdataset/brisc2025/brisc2025/classification_task/train/meningioma/brisc2025_train_02219_me_sa_t1.jpg,meningioma
near,5,/kaggle/input/datasets/briscdataset/brisc2025/brisc2025/classification_task/train/meningioma/brisc2025_train_02222_me_sa_t1.jpg,meningioma,/kaggle/input/datasets/briscdataset/brisc2025/brisc2025/classification_task/train/meningioma/brisc2025_train_02224_me_sa_t1.jpg,meningioma
near,6,/kaggle/input/datasets/briscdataset/brisc2025/brisc2025/classification_task/train/meningioma/brisc2025_train_02224_me_sa_t1.jpg,meningioma,/kaggle/input/datasets/briscdataset/brisc2025/brisc2025/classification_task/train/pituitary/brisc2025_train_04555_pi_sa_t1.jpg,pituitary
near,6,/kaggle/input/datasets/briscdataset/brisc2025/brisc2025/classification_task/train/meningioma/brisc2025_train_02225_me_sa_t1.jpg,meningioma,/kaggle/input/datasets/briscdataset/brisc2025/brisc2025/classification_task/train/meningioma/brisc2025_train_02226_me_sa_t1.jpg,meningioma
near,5,/kaggle/input/datasets/briscdataset/brisc2025/brisc2025/classification_task/train/meningioma/brisc2025_train_02230_me_sa_t1.jpg,meningioma,/kaggle/input/datasets/briscdataset/brisc2025/brisc2025/classification_task/train/meningioma/brisc2025_train_02231_me_sa_t1.jpg,meningioma
near,6,/kaggle/input/datasets/briscdataset/brisc2025/brisc2025/classification_task/train/meningioma/brisc2025_train_02236_me_sa_t1.jpg,meningioma,/kaggle/input/datasets/briscdataset/brisc2025/brisc2025/classification_task/train/meningioma/brisc2025_train_02237_me_sa_t1.jpg,meningioma
near,5,/kaggle/input/datasets/briscdataset/brisc2025/brisc2025/classification_task/train/meningioma/brisc2025_train_02243_me_sa_t1.jpg,meningioma,/kaggle/input/datasets/briscdataset/brisc2025/brisc2025/classification_task/train/meningioma/brisc2025_train_02244_me_sa_t1.jpg,meningioma
near,6,/kaggle/input/datasets/briscdataset/brisc2025/brisc2025/classification_task/train/meningioma/brisc2025_train_02243_me_sa_t1.jpg,meningioma,/kaggle/input/datasets/briscdataset/brisc2025/brisc2025/classification_task/train/meningioma/brisc2025_train_02245_me_sa_t1.jpg,meningioma
near,3,/kaggle/input/datasets/briscdataset/brisc2025/brisc2025/classification_task/train/meningioma/brisc2025_train_02244_me_sa_t1.jpg,meningioma,/kaggle/input/datasets/briscdataset/brisc2025/brisc2025/classification_task/train/meningioma/brisc2025_train_02245_me_sa_t1.jpg,meningioma
near,6,/kaggle/input/datasets/briscdataset/brisc2025/brisc2025/classification_task/train/meningioma/brisc2025_train_02247_me_sa_t1.jpg,meningioma,/kaggle/input/datasets/briscdataset/brisc2025/brisc2025/classification_task/train/meningioma/brisc2025_train_02248_me_sa_t1.jpg,meningioma
near,4,/kaggle/input/datasets/briscdataset/brisc2025/brisc2025/classification_task/train/meningioma/brisc2025_train_02250_me_sa_t1.jpg,meningioma,/kaggle/input/datasets/briscdataset/brisc2025/brisc2025/classification_task/train/meningioma/brisc2025_train_02252_me_sa_t1.jpg,meningioma
near,6,/kaggle/input/datasets/briscdataset/brisc2025/brisc2025/classification_task/train/meningioma/brisc2025_train_02251_me_sa_t1.jpg,meningioma,/kaggle/input/datasets/briscdataset/brisc2025/brisc2025/classification_task/train/meningioma/brisc2025_train_02262_me_sa_t1.jpg,meningioma
near,2,/kaggle/input/datasets/briscdataset/brisc2025/brisc2025/classification_task/train/meningioma/brisc2025_train_02260_me_sa_t1.jpg,meningioma,/kaggle/input/datasets/briscdataset/brisc2025/brisc2025/classification_task/train/meningioma/brisc2025_train_02261_me_sa_t1.jpg,meningioma
near,6,/kaggle/input/datasets/briscdataset/brisc2025/brisc2025/classification_task/train/meningioma/brisc2025_train_02260_me_sa_t1.jpg,meningioma,/kaggle/input/datasets/briscdataset/brisc2025/brisc2025/classification_task/train/pituitary/brisc2025_train_04239_pi_co_t1.jpg,pituitary
near,5,/kaggle/input/datasets/briscdataset/brisc2025/brisc2025/classification_task/train/meningioma/brisc2025_train_02261_me_sa_t1.jpg,meningioma,/kaggle/input/datasets/briscdataset/brisc2025/brisc2025/classification_task/train/meningioma/brisc2025_train_02263_me_sa_t1.jpg,meningioma
near,4,/kaggle/input/datasets/briscdataset/brisc2025/brisc2025/classification_task/train/meningioma/brisc2025_train_02264_me_sa_t1.jpg,meningioma,/kaggle/input/datasets/briscdataset/brisc2025/brisc2025/classification_task/train/meningioma/brisc2025_train_02265_me_sa_t1.jpg,meningioma
near,6,/kaggle/input/datasets/briscdataset/brisc2025/brisc2025/classification_task/train/meningioma/brisc2025_train_02267_me_sa_t1.jpg,meningioma,/kaggle/input/datasets/briscdataset/brisc2025/brisc2025/classification_task/train/meningioma/brisc2025_train_02268_me_sa_t1.jpg,meningioma
near,4,/kaggle/input/datasets/briscdataset/brisc2025/brisc2025/classification_task/train/meningioma/brisc2025_train_02273_me_sa_t1.jpg,meningioma,/kaggle/input/datasets/briscdataset/brisc2025/brisc2025/classification_task/train/meningioma/brisc2025_train_02274_me_sa_t1.jpg,meningioma
near,6,/kaggle/input/datasets/briscdataset/brisc2025/brisc2025/classification_task/train/meningioma/brisc2025_train_02274_me_sa_t1.jpg,meningioma,/kaggle/input/datasets/briscdataset/brisc2025/brisc2025/classification_task/train/meningioma/brisc2025_train_02470_me_sa_t1.jpg,meningioma
near,6,/kaggle/input/datasets/briscdataset/brisc2025/brisc2025/classification_task/train/meningioma/brisc2025_train_02274_me_sa_t1.jpg,meningioma,/kaggle/input/datasets/briscdataset/brisc2025/brisc2025/classification_task/test/glioma/brisc2025_test_00187_gl_sa_t1.jpg,glioma
near,5,/kaggle/input/datasets/briscdataset/brisc2025/brisc2025/classification_task/train/meningioma/brisc2025_train_02274_me_sa_t1.jpg,meningioma,/kaggle/input/datasets/briscdataset/brisc2025/brisc2025/classification_task/test/glioma/brisc2025_test_00237_gl_sa_t1.jpg,glioma
near,5,/kaggle/input/datasets/briscdataset/brisc2025/brisc2025/classification_task/train/meningioma/brisc2025_train_02275_me_sa_t1.jpg,meningioma,/kaggle/input/datasets/briscdataset/brisc2025/brisc2025/classification_task/train/meningioma/brisc2025_train_02345_me_sa_t1.jpg,meningioma
near,6,/kaggle/input/datasets/briscdataset/brisc2025/brisc2025/classification_task/train/meningioma/brisc2025_train_02278_me_sa_t1.jpg,meningioma,/kaggle/input/datasets/briscdataset/brisc2025/brisc2025/classification_task/train/meningioma/brisc2025_train_02279_me_sa_t1.jpg,meningioma
near,5,/kaggle/input/datasets/briscdataset/brisc2025/brisc2025/classification_task/train/meningioma/brisc2025_train_02280_me_sa_t1.jpg,meningioma,/kaggle/input/datasets/briscdataset/brisc2025/brisc2025/classification_task/train/meningioma/brisc2025_train_02285_me_sa_t1.jpg,meningioma
near,6,/kaggle/input/datasets/briscdataset/brisc2025/brisc2025/classification_task/train/meningioma/brisc2025_train_02280_me_sa_t1.jpg,meningioma,/kaggle/input/datasets/briscdataset/brisc2025/brisc2025/classification_task/test/glioma/brisc2025_test_00168_gl_sa_t1.jpg,glioma
near,5,/kaggle/input/datasets/briscdataset/brisc2025/brisc2025/classification_task/train/meningioma/brisc2025_train_02282_me_sa_t1.jpg,meningioma,/kaggle/input/datasets/briscdataset/brisc2025/brisc2025/classification_task/test/meningioma/brisc2025_test_00498_me_sa_t1.jpg,meningioma
near,2,/kaggle/input/datasets/briscdataset/brisc2025/brisc2025/classification_task/train/meningioma/brisc2025_train_02283_me_sa_t1.jpg,meningioma,/kaggle/input/datasets/briscdataset/brisc2025/brisc2025/classification_task/test/meningioma/brisc2025_test_00498_me_sa_t1.jpg,meningioma
near,6,/kaggle/input/datasets/briscdataset/brisc2025/brisc2025/classification_task/train/meningioma/brisc2025_train_02284_me_sa_t1.jpg,meningioma,/kaggle/input/datasets/briscdataset/brisc2025/brisc2025/classification_task/train/meningioma/brisc2025_train_02302_me_sa_t1.jpg,meningioma
near,5,/kaggle/input/datasets/briscdataset/brisc2025/brisc2025/classification_task/train/meningioma/brisc2025_train_02285_me_sa_t1.jpg,meningioma,/kaggle/input/datasets/briscdataset/brisc2025/brisc2025/classification_task/train/meningioma/brisc2025_train_02377_me_sa_t1.jpg,meningioma
near,5,/kaggle/input/datasets/briscdataset/brisc2025/brisc2025/classification_task/train/meningioma/brisc2025_train_02285_me_sa_t1.jpg,meningioma,/kaggle/input/datasets/briscdataset/brisc2025/brisc2025/classification_task/test/glioma/brisc2025_test_00234_gl_sa_t1.jpg,glioma
near,6,/kaggle/input/datasets/briscdataset/brisc2025/brisc2025/classification_task/train/meningioma/brisc2025_train_02285_me_sa_t1.jpg,meningioma,/kaggle/input/datasets/briscdataset/brisc2025/brisc2025/classification_task/test/meningioma/brisc2025_test_00497_me_sa_t1.jpg,meningioma
near,6,/kaggle/input/datasets/briscdataset/brisc2025/brisc2025/classification_task/train/meningioma/brisc2025_train_02285_me_sa_t1.jpg,meningioma,/kaggle/input/datasets/briscdataset/brisc2025/brisc2025/classification_task/test/meningioma/brisc2025_test_00499_me_sa_t1.jpg,meningioma
near,4,/kaggle/input/datasets/briscdataset/brisc2025/brisc2025/classification_task/train/meningioma/brisc2025_train_02286_me_sa_t1.jpg,meningioma,/kaggle/input/datasets/briscdataset/brisc2025/brisc2025/classification_task/test/meningioma/brisc2025_test_00368_me_ax_t1.jpg,meningioma
near,3,/kaggle/input/datasets/briscdataset/brisc2025/brisc2025/classification_task/train/meningioma/brisc2025_train_02287_me_sa_t1.jpg,meningioma,/kaggle/input/datasets/briscdataset/brisc2025/brisc2025/classification_task/train/meningioma/brisc2025_train_02288_me_sa_t1.jpg,meningioma
near,4,/kaggle/input/datasets/briscdataset/brisc2025/brisc2025/classification_task/train/meningioma/brisc2025_train_02287_me_sa_t1.jpg,meningioma,/kaggle/input/datasets/briscdataset/brisc2025/brisc2025/classification_task/train/meningioma/brisc2025_train_02289_me_sa_t1.jpg,meningioma
near,3,/kaggle/input/datasets/briscdataset/brisc2025/brisc2025/classification_task/train/meningioma/brisc2025_train_02287_me_sa_t1.jpg,meningioma,/kaggle/input/datasets/briscdataset/brisc2025/brisc2025/classification_task/test/meningioma/brisc2025_test_00500_me_sa_t1.jpg,meningioma
near,5,/kaggle/input/datasets/briscdataset/brisc2025/brisc2025/classification_task/train/meningioma/brisc2025_train_02288_me_sa_t1.jpg,meningioma,/kaggle/input/datasets/briscdataset/brisc2025/brisc2025/classification_task/train/meningioma/brisc2025_train_02289_me_sa_t1.jpg,meningioma
near,4,/kaggle/input/datasets/briscdataset/brisc2025/brisc2025/classification_task/train/meningioma/brisc2025_train_02288_me_sa_t1.jpg,meningioma,/kaggle/input/datasets/briscdataset/brisc2025/brisc2025/classification_task/test/meningioma/brisc2025_test_00500_me_sa_t1.jpg,meningioma
near,1,/kaggle/input/datasets/briscdataset/brisc2025/brisc2025/classification_task/train/meningioma/brisc2025_train_02289_me_sa_t1.jpg,meningioma,/kaggle/input/datasets/briscdataset/brisc2025/brisc2025/classification_task/test/meningioma/brisc2025_test_00500_me_sa_t1.jpg,meningioma
near,6,/kaggle/input/datasets/briscdataset/brisc2025/brisc2025/classification_task/train/meningioma/brisc2025_train_02291_me_sa_t1.jpg,meningioma,/kaggle/input/datasets/briscdataset/brisc2025/brisc2025/classification_task/train/meningioma/brisc2025_train_02292_me_sa_t1.jpg,meningioma
near,6,/kaggle/input/datasets/briscdataset/brisc2025/brisc2025/classification_task/train/meningioma/brisc2025_train_02292_me_sa_t1.jpg,meningioma,/kaggle/input/datasets/briscdataset/brisc2025/brisc2025/classification_task/test/meningioma/brisc2025_test_00501_me_sa_t1.jpg,meningioma
near,6,/kaggle/input/datasets/briscdataset/brisc2025/brisc2025/classification_task/train/meningioma/brisc2025_train_02293_me_sa_t1.jpg,meningioma,/kaggle/input/datasets/briscdataset/brisc2025/brisc2025/classification_task/test/meningioma/brisc2025_test_00501_me_sa_t1.jpg,meningioma
near,6,/kaggle/input/datasets/briscdataset/brisc2025/brisc2025/classification_task/train/meningioma/brisc2025_train_02295_me_sa_t1.jpg,meningioma,/kaggle/input/datasets/briscdataset/brisc2025/brisc2025/classification_task/train/pituitary/brisc2025_train_04064_pi_co_t1.jpg,pituitary
near,2,/kaggle/input/datasets/briscdataset/brisc2025/brisc2025/classification_task/train/meningioma/brisc2025_train_02297_me_sa_t1.jpg,meningioma,/kaggle/input/datasets/briscdataset/brisc2025/brisc2025/classification_task/test/meningioma/brisc2025_test_00503_me_sa_t1.jpg,meningioma
near,6,/kaggle/input/datasets/briscdataset/brisc2025/brisc2025/classification_task/train/meningioma/brisc2025_train_02300_me_sa_t1.jpg,meningioma,/kaggle/input/datasets/briscdataset/brisc2025/brisc2025/classification_task/test/meningioma/brisc2025_test_00504_me_sa_t1.jpg,meningioma
near,4,/kaggle/input/datasets/briscdataset/brisc2025/brisc2025/classification_task/train/meningioma/brisc2025_train_02306_me_sa_t1.jpg,meningioma,/kaggle/input/datasets/briscdataset/brisc2025/brisc2025/classification_task/train/meningioma/brisc2025_train_02307_me_sa_t1.jpg,meningioma
near,5,/kaggle/input/datasets/briscdataset/brisc2025/brisc2025/classification_task/train/meningioma/brisc2025_train_02316_me_sa_t1.jpg,meningioma,/kaggle/input/datasets/briscdataset/brisc2025/brisc2025/classification_task/train/meningioma/brisc2025_train_02317_me_sa_t1.jpg,meningioma
near,6,/kaggle/input/datasets/briscdataset/brisc2025/brisc2025/classification_task/train/meningioma/brisc2025_train_02316_me_sa_t1.jpg,meningioma,/kaggle/input/datasets/briscdataset/brisc2025/brisc2025/classification_task/test/meningioma/brisc2025_test_00508_me_sa_t1.jpg,meningioma
near,6,/kaggle/input/datasets/briscdataset/brisc2025/brisc2025/classification_task/train/meningioma/brisc2025_train_02317_me_sa_t1.jpg,meningioma,/kaggle/input/datasets/briscdataset/brisc2025/brisc2025/classification_task/train/meningioma/brisc2025_train_02318_me_sa_t1.jpg,meningioma
near,5,/kaggle/input/datasets/briscdataset/brisc2025/brisc2025/classification_task/train/meningioma/brisc2025_train_02323_me_sa_t1.jpg,meningioma,/kaggle/input/datasets/briscdataset/brisc2025/brisc2025/classification_task/test/meningioma/brisc2025_test_00510_me_sa_t1.jpg,meningioma
near,5,/kaggle/input/datasets/briscdataset/brisc2025/brisc2025/classification_task/train/meningioma/brisc2025_train_02324_me_sa_t1.jpg,meningioma,/kaggle/input/datasets/briscdataset/brisc2025/brisc2025/classification_task/train/meningioma/brisc2025_train_02325_me_sa_t1.jpg,meningioma
near,5,/kaggle/input/datasets/briscdataset/brisc2025/brisc2025/classification_task/train/meningioma/brisc2025_train_02328_me_sa_t1.jpg,meningioma,/kaggle/input/datasets/briscdataset/brisc2025/brisc2025/classification_task/train/meningioma/brisc2025_train_02389_me_sa_t1.jpg,meningioma
near,4,/kaggle/input/datasets/briscdataset/brisc2025/brisc2025/classification_task/train/meningioma/brisc2025_train_02328_me_sa_t1.jpg,meningioma,/kaggle/input/datasets/briscdataset/brisc2025/brisc2025/classification_task/test/glioma/brisc2025_test_00224_gl_sa_t1.jpg,glioma
near,5,/kaggle/input/datasets/briscdataset/brisc2025/brisc2025/classification_task/train/meningioma/brisc2025_train_02329_me_sa_t1.jpg,meningioma,/kaggle/input/datasets/briscdataset/brisc2025/brisc2025/classification_task/train/meningioma/brisc2025_train_02330_me_sa_t1.jpg,meningioma
near,6,/kaggle/input/datasets/briscdataset/brisc2025/brisc2025/classification_task/train/meningioma/brisc2025_train_02330_me_sa_t1.jpg,meningioma,/kaggle/input/datasets/briscdataset/brisc2025/brisc2025/classification_task/test/meningioma/brisc2025_test_00512_me_sa_t1.jpg,meningioma
near,3,/kaggle/input/datasets/briscdataset/brisc2025/brisc2025/classification_task/train/meningioma/brisc2025_train_02332_me_sa_t1.jpg,meningioma,/kaggle/input/datasets/briscdataset/brisc2025/brisc2025/classification_task/test/meningioma/brisc2025_test_00513_me_sa_t1.jpg,meningioma
near,4,/kaggle/input/datasets/briscdataset/brisc2025/brisc2025/classification_task/train/meningioma/brisc2025_train_02333_me_sa_t1.jpg,meningioma,/kaggle/input/datasets/briscdataset/brisc2025/brisc2025/classification_task/train/meningioma/brisc2025_train_02334_me_sa_t1.jpg,meningioma
near,6,/kaggle/input/datasets/briscdataset/brisc2025/brisc2025/classification_task/train/meningioma/brisc2025_train_02338_me_sa_t1.jpg,meningioma,/kaggle/input/datasets/briscdataset/brisc2025/brisc2025/classification_task/test/glioma/brisc2025_test_00168_gl_sa_t1.jpg,glioma
near,5,/kaggle/input/datasets/briscdataset/brisc2025/brisc2025/classification_task/train/meningioma/brisc2025_train_02341_me_sa_t1.jpg,meningioma,/kaggle/input/datasets/briscdataset/brisc2025/brisc2025/classification_task/train/meningioma/brisc2025_train_02389_me_sa_t1.jpg,meningioma
near,6,/kaggle/input/datasets/briscdataset/brisc2025/brisc2025/classification_task/train/meningioma/brisc2025_train_02341_me_sa_t1.jpg,meningioma,/kaggle/input/datasets/briscdataset/brisc2025/brisc2025/classification_task/test/meningioma/brisc2025_test_00527_me_sa_t1.jpg,meningioma
near,6,/kaggle/input/datasets/briscdataset/brisc2025/brisc2025/classification_task/train/meningioma/brisc2025_train_02344_me_sa_t1.jpg,meningioma,/kaggle/input/datasets/briscdataset/brisc2025/brisc2025/classification_task/test/meningioma/brisc2025_test_00518_me_sa_t1.jpg,meningioma
near,6,/kaggle/input/datasets/briscdataset/brisc2025/brisc2025/classification_task/train/meningioma/brisc2025_train_02345_me_sa_t1.jpg,meningioma,/kaggle/input/datasets/briscdataset/brisc2025/brisc2025/classification_task/train/meningioma/brisc2025_train_02400_me_sa_t1.jpg,meningioma
near,6,/kaggle/input/datasets/briscdataset/brisc2025/brisc2025/classification_task/train/meningioma/brisc2025_train_02345_me_sa_t1.jpg,meningioma,/kaggle/input/datasets/briscdataset/brisc2025/brisc2025/classification_task/test/glioma/brisc2025_test_00186_gl_sa_t1.jpg,glioma
near,2,/kaggle/input/datasets/briscdataset/brisc2025/brisc2025/classification_task/train/meningioma/brisc2025_train_02351_me_sa_t1.jpg,meningioma,/kaggle/input/datasets/briscdataset/brisc2025/brisc2025/classification_task/train/meningioma/brisc2025_train_02352_me_sa_t1.jpg,meningioma
near,4,/kaggle/input/datasets/briscdataset/brisc2025/brisc2025/classification_task/train/meningioma/brisc2025_train_02351_me_sa_t1.jpg,meningioma,/kaggle/input/datasets/briscdataset/brisc2025/brisc2025/classification_task/test/meningioma/brisc2025_test_00519_me_sa_t1.jpg,meningioma
near,6,/kaggle/input/datasets/briscdataset/brisc2025/brisc2025/classification_task/train/meningioma/brisc2025_train_02352_me_sa_t1.jpg,meningioma,/kaggle/input/datasets/briscdataset/brisc2025/brisc2025/classification_task/train/meningioma/brisc2025_train_02353_me_sa_t1.jpg,meningioma
near,6,/kaggle/input/datasets/briscdataset/brisc2025/brisc2025/classification_task/train/meningioma/brisc2025_train_02352_me_sa_t1.jpg,meningioma,/kaggle/input/datasets/briscdataset/brisc2025/brisc2025/classification_task/test/meningioma/brisc2025_test_00519_me_sa_t1.jpg,meningioma
near,6,/kaggle/input/datasets/briscdataset/brisc2025/brisc2025/classification_task/train/meningioma/brisc2025_train_02353_me_sa_t1.jpg,meningioma,/kaggle/input/datasets/briscdataset/brisc2025/brisc2025/classification_task/test/meningioma/brisc2025_test_00520_me_sa_t1.jpg,meningioma
near,5,/kaggle/input/datasets/briscdataset/brisc2025/brisc2025/classification_task/train/meningioma/brisc2025_train_02354_me_sa_t1.jpg,meningioma,/kaggle/input/datasets/briscdataset/brisc2025/brisc2025/classification_task/train/meningioma/brisc2025_train_02355_me_sa_t1.jpg,meningioma
near,4,/kaggle/input/datasets/briscdataset/brisc2025/brisc2025/classification_task/train/meningioma/brisc2025_train_02359_me_sa_t1.jpg,meningioma,/kaggle/input/datasets/briscdataset/brisc2025/brisc2025/classification_task/test/meningioma/brisc2025_test_00522_me_sa_t1.jpg,meningioma
near,3,/kaggle/input/datasets/briscdataset/brisc2025/brisc2025/classification_task/train/meningioma/brisc2025_train_02364_me_sa_t1.jpg,meningioma,/kaggle/input/datasets/briscdataset/brisc2025/brisc2025/classification_task/train/meningioma/brisc2025_train_02366_me_sa_t1.jpg,meningioma
near,5,/kaggle/input/datasets/briscdataset/brisc2025/brisc2025/classification_task/train/meningioma/brisc2025_train_02368_me_sa_t1.jpg,meningioma,/kaggle/input/datasets/briscdataset/brisc2025/brisc2025/classification_task/train/meningioma/brisc2025_train_02378_me_sa_t1.jpg,meningioma
near,6,/kaggle/input/datasets/briscdataset/brisc2025/brisc2025/classification_task/train/meningioma/brisc2025_train_02368_me_sa_t1.jpg,meningioma,/kaggle/input/datasets/briscdataset/brisc2025/brisc2025/classification_task/test/glioma/brisc2025_test_00169_gl_sa_t1.jpg,glioma
near,4,/kaggle/input/datasets/briscdataset/brisc2025/brisc2025/classification_task/train/meningioma/brisc2025_train_02371_me_sa_t1.jpg,meningioma,/kaggle/input/datasets/briscdataset/brisc2025/brisc2025/classification_task/test/meningioma/brisc2025_test_00526_me_sa_t1.jpg,meningioma
near,6,/kaggle/input/datasets/briscdataset/brisc2025/brisc2025/classification_task/train/meningioma/brisc2025_train_02373_me_sa_t1.jpg,meningioma,/kaggle/input/datasets/briscdataset/brisc2025/brisc2025/classification_task/test/meningioma/brisc2025_test_00527_me_sa_t1.jpg,meningioma
near,5,/kaggle/input/datasets/briscdataset/brisc2025/brisc2025/classification_task/train/meningioma/brisc2025_train_02374_me_sa_t1.jpg,meningioma,/kaggle/input/datasets/briscdataset/brisc2025/brisc2025/classification_task/train/meningioma/brisc2025_train_02375_me_sa_t1.jpg,meningioma
near,5,/kaggle/input/datasets/briscdataset/brisc2025/brisc2025/classification_task/train/meningioma/brisc2025_train_02374_me_sa_t1.jpg,meningioma,/kaggle/input/datasets/briscdataset/brisc2025/brisc2025/classification_task/test/meningioma/brisc2025_test_00528_me_sa_t1.jpg,meningioma
near,6,/kaggle/input/datasets/briscdataset/brisc2025/brisc2025/classification_task/train/meningioma/brisc2025_train_02377_me_sa_t1.jpg,meningioma,/kaggle/input/datasets/briscdataset/brisc2025/brisc2025/classification_task/test/glioma/brisc2025_test_00234_gl_sa_t1.jpg,glioma
near,6,/kaggle/input/datasets/briscdataset/brisc2025/brisc2025/classification_task/train/meningioma/brisc2025_train_02381_me_sa_t1.jpg,meningioma,/kaggle/input/datasets/briscdataset/brisc2025/brisc2025/classification_task/test/meningioma/brisc2025_test_00529_me_sa_t1.jpg,meningioma
near,6,/kaggle/input/datasets/briscdataset/brisc2025/brisc2025/classification_task/train/meningioma/brisc2025_train_02384_me_sa_t1.jpg,meningioma,/kaggle/input/datasets/briscdataset/brisc2025/brisc2025/classification_task/test/glioma/brisc2025_test_00199_gl_sa_t1.jpg,glioma
near,6,/kaggle/input/datasets/briscdataset/brisc2025/brisc2025/classification_task/train/meningioma/brisc2025_train_02391_me_sa_t1.jpg,meningioma,/kaggle/input/datasets/briscdataset/brisc2025/brisc2025/classification_task/train/pituitary/brisc2025_train_04929_pi_sa_t1.jpg,pituitary
near,5,/kaggle/input/datasets/briscdataset/brisc2025/brisc2025/classification_task/train/meningioma/brisc2025_train_02391_me_sa_t1.jpg,meningioma,/kaggle/input/datasets/briscdataset/brisc2025/brisc2025/classification_task/test/glioma/brisc2025_test_00235_gl_sa_t1.jpg,glioma
near,2,/kaggle/input/datasets/briscdataset/brisc2025/brisc2025/classification_task/train/meningioma/brisc2025_train_02392_me_sa_t1.jpg,meningioma,/kaggle/input/datasets/briscdataset/brisc2025/brisc2025/classification_task/train/meningioma/brisc2025_train_02393_me_sa_t1.jpg,meningioma
near,5,/kaggle/input/datasets/briscdataset/brisc2025/brisc2025/classification_task/train/meningioma/brisc2025_train_02399_me_sa_t1.jpg,meningioma,/kaggle/input/datasets/briscdataset/brisc2025/brisc2025/classification_task/train/meningioma/brisc2025_train_02400_me_sa_t1.jpg,meningioma
near,5,/kaggle/input/datasets/briscdataset/brisc2025/brisc2025/classification_task/train/meningioma/brisc2025_train_02399_me_sa_t1.jpg,meningioma,/kaggle/input/datasets/briscdataset/brisc2025/brisc2025/classification_task/test/glioma/brisc2025_test_00186_gl_sa_t1.jpg,glioma
near,6,/kaggle/input/datasets/briscdataset/brisc2025/brisc2025/classification_task/train/meningioma/brisc2025_train_02401_me_sa_t1.jpg,meningioma,/kaggle/input/datasets/briscdataset/brisc2025/brisc2025/classification_task/test/meningioma/brisc2025_test_00536_me_sa_t1.jpg,meningioma
near,4,/kaggle/input/datasets/briscdataset/brisc2025/brisc2025/classification_task/train/meningioma/brisc2025_train_02402_me_sa_t1.jpg,meningioma,/kaggle/input/datasets/briscdataset/brisc2025/brisc2025/classification_task/train/meningioma/brisc2025_train_02403_me_sa_t1.jpg,meningioma
near,6,/kaggle/input/datasets/briscdataset/brisc2025/brisc2025/classification_task/train/meningioma/brisc2025_train_02406_me_sa_t1.jpg,meningioma,/kaggle/input/datasets/briscdataset/brisc2025/brisc2025/classification_task/test/meningioma/brisc2025_test_00538_me_sa_t1.jpg,meningioma
near,6,/kaggle/input/datasets/briscdataset/brisc2025/brisc2025/classification_task/train/meningioma/brisc2025_train_02409_me_sa_t1.jpg,meningioma,/kaggle/input/datasets/briscdataset/brisc2025/brisc2025/classification_task/train/meningioma/brisc2025_train_02410_me_sa_t1.jpg,meningioma
near,6,/kaggle/input/datasets/briscdataset/brisc2025/brisc2025/classification_task/train/meningioma/brisc2025_train_02412_me_sa_t1.jpg,meningioma,/kaggle/input/datasets/briscdataset/brisc2025/brisc2025/classification_task/test/meningioma/brisc2025_test_00539_me_sa_t1.jpg,meningioma
near,4,/kaggle/input/datasets/briscdataset/brisc2025/brisc2025/classification_task/train/meningioma/brisc2025_train_02414_me_sa_t1.jpg,meningioma,/kaggle/input/datasets/briscdataset/brisc2025/brisc2025/classification_task/train/meningioma/brisc2025_train_02415_me_sa_t1.jpg,meningioma
near,2,/kaggle/input/datasets/briscdataset/brisc2025/brisc2025/classification_task/train/meningioma/brisc2025_train_02416_me_sa_t1.jpg,meningioma,/kaggle/input/datasets/briscdataset/brisc2025/brisc2025/classification_task/train/meningioma/brisc2025_train_02417_me_sa_t1.jpg,meningioma
near,6,/kaggle/input/datasets/briscdataset/brisc2025/brisc2025/classification_task/train/meningioma/brisc2025_train_02419_me_sa_t1.jpg,meningioma,/kaggle/input/datasets/briscdataset/brisc2025/brisc2025/classification_task/test/meningioma/brisc2025_test_00542_me_sa_t1.jpg,meningioma
near,6,/kaggle/input/datasets/briscdataset/brisc2025/brisc2025/classification_task/train/meningioma/brisc2025_train_02420_me_sa_t1.jpg,meningioma,/kaggle/input/datasets/briscdataset/brisc2025/brisc2025/classification_task/test/meningioma/brisc2025_test_00514_me_sa_t1.jpg,meningioma
near,6,/kaggle/input/datasets/briscdataset/brisc2025/brisc2025/classification_task/train/meningioma/brisc2025_train_02421_me_sa_t1.jpg,meningioma,/kaggle/input/datasets/briscdataset/brisc2025/brisc2025/classification_task/train/meningioma/brisc2025_train_02422_me_sa_t1.jpg,meningioma
near,1,/kaggle/input/datasets/briscdataset/brisc2025/brisc2025/classification_task/train/meningioma/brisc2025_train_02424_me_sa_t1.jpg,meningioma,/kaggle/input/datasets/briscdataset/brisc2025/brisc2025/classification_task/test/glioma/brisc2025_test_00187_gl_sa_t1.jpg,glioma
near,3,/kaggle/input/datasets/briscdataset/brisc2025/brisc2025/classification_task/train/meningioma/brisc2025_train_02424_me_sa_t1.jpg,meningioma,/kaggle/input/datasets/briscdataset/brisc2025/brisc2025/classification_task/test/glioma/brisc2025_test_00188_gl_sa_t1.jpg,glioma
near,6,/kaggle/input/datasets/briscdataset/brisc2025/brisc2025/classification_task/train/meningioma/brisc2025_train_02424_me_sa_t1.jpg,meningioma,/kaggle/input/datasets/briscdataset/brisc2025/brisc2025/classification_task/test/glioma/brisc2025_test_00224_gl_sa_t1.jpg,glioma
near,6,/kaggle/input/datasets/briscdataset/brisc2025/brisc2025/classification_task/train/meningioma/brisc2025_train_02424_me_sa_t1.jpg,meningioma,/kaggle/input/datasets/briscdataset/brisc2025/brisc2025/classification_task/test/glioma/brisc2025_test_00237_gl_sa_t1.jpg,glioma
near,5,/kaggle/input/datasets/briscdataset/brisc2025/brisc2025/classification_task/train/meningioma/brisc2025_train_02425_me_sa_t1.jpg,meningioma,/kaggle/input/datasets/briscdataset/brisc2025/brisc2025/classification_task/test/meningioma/brisc2025_test_00544_me_sa_t1.jpg,meningioma
near,6,/kaggle/input/datasets/briscdataset/brisc2025/brisc2025/classification_task/train/meningioma/brisc2025_train_02429_me_sa_t1.jpg,meningioma,/kaggle/input/datasets/briscdataset/brisc2025/brisc2025/classification_task/train/meningioma/brisc2025_train_02430_me_sa_t1.jpg,meningioma
near,6,/kaggle/input/datasets/briscdataset/brisc2025/brisc2025/classification_task/train/meningioma/brisc2025_train_02433_me_sa_t1.jpg,meningioma,/kaggle/input/datasets/briscdataset/brisc2025/brisc2025/classification_task/test/meningioma/brisc2025_test_00547_me_sa_t1.jpg,meningioma
near,4,/kaggle/input/datasets/briscdataset/brisc2025/brisc2025/classification_task/train/meningioma/brisc2025_train_02437_me_sa_t1.jpg,meningioma,/kaggle/input/datasets/briscdataset/brisc2025/brisc2025/classification_task/test/meningioma/brisc2025_test_00548_me_sa_t1.jpg,meningioma
near,4,/kaggle/input/datasets/briscdataset/brisc2025/brisc2025/classification_task/train/meningioma/brisc2025_train_02439_me_sa_t1.jpg,meningioma,/kaggle/input/datasets/briscdataset/brisc2025/brisc2025/classification_task/train/meningioma/brisc2025_train_02440_me_sa_t1.jpg,meningioma
near,5,/kaggle/input/datasets/briscdataset/brisc2025/brisc2025/classification_task/train/meningioma/brisc2025_train_02443_me_sa_t1.jpg,meningioma,/kaggle/input/datasets/briscdataset/brisc2025/brisc2025/classification_task/test/glioma/brisc2025_test_00252_gl_sa_t1.jpg,glioma
near,6,/kaggle/input/datasets/briscdataset/brisc2025/brisc2025/classification_task/train/meningioma/brisc2025_train_02444_me_sa_t1.jpg,meningioma,/kaggle/input/datasets/briscdataset/brisc2025/brisc2025/classification_task/test/meningioma/brisc2025_test_00550_me_sa_t1.jpg,meningioma
near,4,/kaggle/input/datasets/briscdataset/brisc2025/brisc2025/classification_task/train/meningioma/brisc2025_train_02446_me_sa_t1.jpg,meningioma,/kaggle/input/datasets/briscdataset/brisc2025/brisc2025/classification_task/train/meningioma/brisc2025_train_02447_me_sa_t1.jpg,meningioma
near,2,/kaggle/input/datasets/briscdataset/brisc2025/brisc2025/classification_task/train/meningioma/brisc2025_train_02448_me_sa_t1.jpg,meningioma,/kaggle/input/datasets/briscdataset/brisc2025/brisc2025/classification_task/train/meningioma/brisc2025_train_02449_me_sa_t1.jpg,meningioma
near,5,/kaggle/input/datasets/briscdataset/brisc2025/brisc2025/classification_task/train/meningioma/brisc2025_train_02459_me_sa_t1.jpg,meningioma,/kaggle/input/datasets/briscdataset/brisc2025/brisc2025/classification_task/train/meningioma/brisc2025_train_02460_me_sa_t1.jpg,meningioma
near,6,/kaggle/input/datasets/briscdataset/brisc2025/brisc2025/classification_task/train/meningioma/brisc2025_train_02463_me_sa_t1.jpg,meningioma,/kaggle/input/datasets/briscdataset/brisc2025/brisc2025/classification_task/train/meningioma/brisc2025_train_02470_me_sa_t1.jpg,meningioma
near,3,/kaggle/input/datasets/briscdataset/brisc2025/brisc2025/classification_task/train/meningioma/brisc2025_train_02463_me_sa_t1.jpg,meningioma,/kaggle/input/datasets/briscdataset/brisc2025/brisc2025/classification_task/test/meningioma/brisc2025_test_00557_me_sa_t1.jpg,meningioma
near,5,/kaggle/input/datasets/briscdataset/brisc2025/brisc2025/classification_task/train/meningioma/brisc2025_train_02465_me_sa_t1.jpg,meningioma,/kaggle/input/datasets/briscdataset/brisc2025/brisc2025/classification_task/train/meningioma/brisc2025_train_02466_me_sa_t1.jpg,meningioma
near,6,/kaggle/input/datasets/briscdataset/brisc2025/brisc2025/classification_task/train/meningioma/brisc2025_train_02467_me_sa_t1.jpg,meningioma,/kaggle/input/datasets/briscdataset/brisc2025/brisc2025/classification_task/train/meningioma/brisc2025_train_02468_me_sa_t1.jpg,meningioma
near,5,/kaggle/input/datasets/briscdataset/brisc2025/brisc2025/classification_task/train/meningioma/brisc2025_train_02469_me_sa_t1.jpg,meningioma,/kaggle/input/datasets/briscdataset/brisc2025/brisc2025/classification_task/test/glioma/brisc2025_test_00173_gl_sa_t1.jpg,glioma
near,6,/kaggle/input/datasets/briscdataset/brisc2025/brisc2025/classification_task/train/meningioma/brisc2025_train_02469_me_sa_t1.jpg,meningioma,/kaggle/input/datasets/briscdataset/brisc2025/brisc2025/classification_task/test/glioma/brisc2025_test_00187_gl_sa_t1.jpg,glioma
near,6,/kaggle/input/datasets/briscdataset/brisc2025/brisc2025/classification_task/train/meningioma/brisc2025_train_02473_me_sa_t1.jpg,meningioma,/kaggle/input/datasets/briscdataset/brisc2025/brisc2025/classification_task/train/meningioma/brisc2025_train_02474_me_sa_t1.jpg,meningioma
near,4,/kaggle/input/datasets/briscdataset/brisc2025/brisc2025/classification_task/train/meningioma/brisc2025_train_02474_me_sa_t1.jpg,meningioma,/kaggle/input/datasets/briscdataset/brisc2025/brisc2025/classification_task/test/meningioma/brisc2025_test_00560_me_sa_t1.jpg,meningioma
near,5,/kaggle/input/datasets/briscdataset/brisc2025/brisc2025/classification_task/train/no_tumor/brisc2025_train_02577_no_ax_t1.jpg,no_tumor,/kaggle/input/datasets/briscdataset/brisc2025/brisc2025/classification_task/test/no_tumor/brisc2025_test_00606_no_ax_t1.jpg,no_tumor
near,4,/kaggle/input/datasets/briscdataset/brisc2025/brisc2025/classification_task/train/no_tumor/brisc2025_train_02578_no_ax_t1.jpg,no_tumor,/kaggle/input/datasets/briscdataset/brisc2025/brisc2025/classification_task/train/no_tumor/brisc2025_train_02735_no_ax_t1.jpg,no_tumor
near,6,/kaggle/input/datasets/briscdataset/brisc2025/brisc2025/classification_task/train/no_tumor/brisc2025_train_02578_no_ax_t1.jpg,no_tumor,/kaggle/input/datasets/briscdataset/brisc2025/brisc2025/classification_task/train/no_tumor/brisc2025_train_02825_no_ax_t1.jpg,no_tumor
near,6,/kaggle/input/datasets/briscdataset/brisc2025/brisc2025/classification_task/train/no_tumor/brisc2025_train_02583_no_ax_t1.jpg,no_tumor,/kaggle/input/datasets/briscdataset/brisc2025/brisc2025/classification_task/train/no_tumor/brisc2025_train_02665_no_ax_t1.jpg,no_tumor
near,6,/kaggle/input/datasets/briscdataset/brisc2025/brisc2025/classification_task/train/no_tumor/brisc2025_train_02615_no_ax_t1.jpg,no_tumor,/kaggle/input/datasets/briscdataset/brisc2025/brisc2025/classification_task/train/no_tumor/brisc2025_train_02657_no_ax_t1.jpg,no_tumor
near,6,/kaggle/input/datasets/briscdataset/brisc2025/brisc2025/classification_task/train/no_tumor/brisc2025_train_02619_no_ax_t1.jpg,no_tumor,/kaggle/input/datasets/briscdataset/brisc2025/brisc2025/classification_task/train/no_tumor/brisc2025_train_02772_no_ax_t1.jpg,no_tumor
near,6,/kaggle/input/datasets/briscdataset/brisc2025/brisc2025/classification_task/train/no_tumor/brisc2025_train_02654_no_ax_t1.jpg,no_tumor,/kaggle/input/datasets/briscdataset/brisc2025/brisc2025/classification_task/train/no_tumor/brisc2025_train_02729_no_ax_t1.jpg,no_tumor
near,5,/kaggle/input/datasets/briscdataset/brisc2025/brisc2025/classification_task/train/no_tumor/brisc2025_train_02656_no_ax_t1.jpg,no_tumor,/kaggle/input/datasets/briscdataset/brisc2025/brisc2025/classification_task/train/no_tumor/brisc2025_train_02786_no_ax_t1.jpg,no_tumor
near,6,/kaggle/input/datasets/briscdataset/brisc2025/brisc2025/classification_task/train/no_tumor/brisc2025_train_02703_no_ax_t1.jpg,no_tumor,/kaggle/input/datasets/briscdataset/brisc2025/brisc2025/classification_task/train/no_tumor/brisc2025_train_02826_no_ax_t1.jpg,no_tumor
near,6,/kaggle/input/datasets/briscdataset/brisc2025/brisc2025/classification_task/train/no_tumor/brisc2025_train_02714_no_ax_t1.jpg,no_tumor,/kaggle/input/datasets/briscdataset/brisc2025/brisc2025/classification_task/train/no_tumor/brisc2025_train_02772_no_ax_t1.jpg,no_tumor
near,6,/kaggle/input/datasets/briscdataset/brisc2025/brisc2025/classification_task/train/no_tumor/brisc2025_train_02732_no_ax_t1.jpg,no_tumor,/kaggle/input/datasets/briscdataset/brisc2025/brisc2025/classification_task/train/pituitary/brisc2025_train_04149_pi_co_t1.jpg,pituitary
near,6,/kaggle/input/datasets/briscdataset/brisc2025/brisc2025/classification_task/train/no_tumor/brisc2025_train_02774_no_ax_t1.jpg,no_tumor,/kaggle/input/datasets/briscdataset/brisc2025/brisc2025/classification_task/train/no_tumor/brisc2025_train_02946_no_co_t1.jpg,no_tumor
near,5,/kaggle/input/datasets/briscdataset/brisc2025/brisc2025/classification_task/train/no_tumor/brisc2025_train_02828_no_ax_t1.jpg,no_tumor,/kaggle/input/datasets/briscdataset/brisc2025/brisc2025/classification_task/test/glioma/brisc2025_test_00044_gl_ax_t1.jpg,glioma
near,6,/kaggle/input/datasets/briscdataset/brisc2025/brisc2025/classification_task/train/no_tumor/brisc2025_train_02904_no_co_t1.jpg,no_tumor,/kaggle/input/datasets/briscdataset/brisc2025/brisc2025/classification_task/test/no_tumor/brisc2025_test_00616_no_co_t1.jpg,no_tumor
near,2,/kaggle/input/datasets/briscdataset/brisc2025/brisc2025/classification_task/train/no_tumor/brisc2025_train_02908_no_co_t1.jpg,no_tumor,/kaggle/input/datasets/briscdataset/brisc2025/brisc2025/classification_task/train/no_tumor/brisc2025_train_02922_no_co_t1.jpg,no_tumor
near,6,/kaggle/input/datasets/briscdataset/brisc2025/brisc2025/classification_task/train/no_tumor/brisc2025_train_02926_no_co_t1.jpg,no_tumor,/kaggle/input/datasets/briscdataset/brisc2025/brisc2025/classification_task/train/no_tumor/brisc2025_train_02944_no_co_t1.jpg,no_tumor
near,4,/kaggle/input/datasets/briscdataset/brisc2025/brisc2025/classification_task/train/no_tumor/brisc2025_train_02943_no_co_t1.jpg,no_tumor,/kaggle/input/datasets/briscdataset/brisc2025/brisc2025/classification_task/train/no_tumor/brisc2025_train_02957_no_co_t1.jpg,no_tumor
near,6,/kaggle/input/datasets/briscdataset/brisc2025/brisc2025/classification_task/train/no_tumor/brisc2025_train_02946_no_co_t1.jpg,no_tumor,/kaggle/input/datasets/briscdataset/brisc2025/brisc2025/classification_task/train/no_tumor/brisc2025_train_02948_no_co_t1.jpg,no_tumor
near,4,/kaggle/input/datasets/briscdataset/brisc2025/brisc2025/classification_task/train/no_tumor/brisc2025_train_03036_no_co_t1.jpg,no_tumor,/kaggle/input/datasets/briscdataset/brisc2025/brisc2025/classification_task/train/no_tumor/brisc2025_train_03045_no_co_t1.jpg,no_tumor
near,6,/kaggle/input/datasets/briscdataset/brisc2025/brisc2025/classification_task/train/no_tumor/brisc2025_train_03045_no_co_t1.jpg,no_tumor,/kaggle/input/datasets/briscdataset/brisc2025/brisc2025/classification_task/train/no_tumor/brisc2025_train_03056_no_co_t1.jpg,no_tumor
near,6,/kaggle/input/datasets/briscdataset/brisc2025/brisc2025/classification_task/train/no_tumor/brisc2025_train_03045_no_co_t1.jpg,no_tumor,/kaggle/input/datasets/briscdataset/brisc2025/brisc2025/classification_task/train/no_tumor/brisc2025_train_03060_no_co_t1.jpg,no_tumor
near,6,/kaggle/input/datasets/briscdataset/brisc2025/brisc2025/classification_task/train/no_tumor/brisc2025_train_03056_no_co_t1.jpg,no_tumor,/kaggle/input/datasets/briscdataset/brisc2025/brisc2025/classification_task/train/no_tumor/brisc2025_train_03060_no_co_t1.jpg,no_tumor
near,6,/kaggle/input/datasets/briscdataset/brisc2025/brisc2025/classification_task/train/no_tumor/brisc2025_train_03060_no_co_t1.jpg,no_tumor,/kaggle/input/datasets/briscdataset/brisc2025/brisc2025/classification_task/train/no_tumor/brisc2025_train_03069_no_co_t1.jpg,no_tumor
near,6,/kaggle/input/datasets/briscdataset/brisc2025/brisc2025/classification_task/train/no_tumor/brisc2025_train_03069_no_co_t1.jpg,no_tumor,/kaggle/input/datasets/briscdataset/brisc2025/brisc2025/classification_task/train/no_tumor/brisc2025_train_03080_no_co_t1.jpg,no_tumor
near,5,/kaggle/input/datasets/briscdataset/brisc2025/brisc2025/classification_task/train/no_tumor/brisc2025_train_03145_no_sa_t1.jpg,no_tumor,/kaggle/input/datasets/briscdataset/brisc2025/brisc2025/classification_task/train/no_tumor/brisc2025_train_03438_no_sa_t1.jpg,no_tumor
near,6,/kaggle/input/datasets/briscdataset/brisc2025/brisc2025/classification_task/train/no_tumor/brisc2025_train_03145_no_sa_t1.jpg,no_tumor,/kaggle/input/datasets/briscdataset/brisc2025/brisc2025/classification_task/test/no_tumor/brisc2025_test_00663_no_sa_t1.jpg,no_tumor
near,6,/kaggle/input/datasets/briscdataset/brisc2025/brisc2025/classification_task/train/no_tumor/brisc2025_train_03151_no_sa_t1.jpg,no_tumor,/kaggle/input/datasets/briscdataset/brisc2025/brisc2025/classification_task/train/no_tumor/brisc2025_train_03191_no_sa_t1.jpg,no_tumor
near,6,/kaggle/input/datasets/briscdataset/brisc2025/brisc2025/classification_task/train/no_tumor/brisc2025_train_03151_no_sa_t1.jpg,no_tumor,/kaggle/input/datasets/briscdataset/brisc2025/brisc2025/classification_task/train/no_tumor/brisc2025_train_03427_no_sa_t1.jpg,no_tumor
near,5,/kaggle/input/datasets/briscdataset/brisc2025/brisc2025/classification_task/train/no_tumor/brisc2025_train_03155_no_sa_t1.jpg,no_tumor,/kaggle/input/datasets/briscdataset/brisc2025/brisc2025/classification_task/train/no_tumor/brisc2025_train_03438_no_sa_t1.jpg,no_tumor
near,3,/kaggle/input/datasets/briscdataset/brisc2025/brisc2025/classification_task/train/no_tumor/brisc2025_train_03160_no_sa_t1.jpg,no_tumor,/kaggle/input/datasets/briscdataset/brisc2025/brisc2025/classification_task/train/no_tumor/brisc2025_train_03173_no_sa_t1.jpg,no_tumor
near,6,/kaggle/input/datasets/briscdataset/brisc2025/brisc2025/classification_task/train/no_tumor/brisc2025_train_03164_no_sa_t1.jpg,no_tumor,/kaggle/input/datasets/briscdataset/brisc2025/brisc2025/classification_task/train/no_tumor/brisc2025_train_03444_no_sa_t1.jpg,no_tumor
near,5,/kaggle/input/datasets/briscdataset/brisc2025/brisc2025/classification_task/train/no_tumor/brisc2025_train_03178_no_sa_t1.jpg,no_tumor,/kaggle/input/datasets/briscdataset/brisc2025/brisc2025/classification_task/train/no_tumor/brisc2025_train_03191_no_sa_t1.jpg,no_tumor
near,5,/kaggle/input/datasets/briscdataset/brisc2025/brisc2025/classification_task/train/no_tumor/brisc2025_train_03178_no_sa_t1.jpg,no_tumor,/kaggle/input/datasets/briscdataset/brisc2025/brisc2025/classification_task/train/no_tumor/brisc2025_train_03422_no_sa_t1.jpg,no_tumor
near,5,/kaggle/input/datasets/briscdataset/brisc2025/brisc2025/classification_task/train/no_tumor/brisc2025_train_03180_no_sa_t1.jpg,no_tumor,/kaggle/input/datasets/briscdataset/brisc2025/brisc2025/classification_task/train/no_tumor/brisc2025_train_03436_no_sa_t1.jpg,no_tumor
near,6,/kaggle/input/datasets/briscdataset/brisc2025/brisc2025/classification_task/train/no_tumor/brisc2025_train_03182_no_sa_t1.jpg,no_tumor,/kaggle/input/datasets/briscdataset/brisc2025/brisc2025/classification_task/train/no_tumor/brisc2025_train_03441_no_sa_t1.jpg,no_tumor
near,6,/kaggle/input/datasets/briscdataset/brisc2025/brisc2025/classification_task/train/no_tumor/brisc2025_train_03186_no_sa_t1.jpg,no_tumor,/kaggle/input/datasets/briscdataset/brisc2025/brisc2025/classification_task/train/no_tumor/brisc2025_train_03423_no_sa_t1.jpg,no_tumor
near,6,/kaggle/input/datasets/briscdataset/brisc2025/brisc2025/classification_task/train/no_tumor/brisc2025_train_03187_no_sa_t1.jpg,no_tumor,/kaggle/input/datasets/briscdataset/brisc2025/brisc2025/classification_task/train/no_tumor/brisc2025_train_03416_no_sa_t1.jpg,no_tumor
near,6,/kaggle/input/datasets/briscdataset/brisc2025/brisc2025/classification_task/train/no_tumor/brisc2025_train_03191_no_sa_t1.jpg,no_tumor,/kaggle/input/datasets/briscdataset/brisc2025/brisc2025/classification_task/train/no_tumor/brisc2025_train_03202_no_sa_t1.jpg,no_tumor
near,6,/kaggle/input/datasets/briscdataset/brisc2025/brisc2025/classification_task/train/no_tumor/brisc2025_train_03191_no_sa_t1.jpg,no_tumor,/kaggle/input/datasets/briscdataset/brisc2025/brisc2025/classification_task/train/no_tumor/brisc2025_train_03422_no_sa_t1.jpg,no_tumor
near,3,/kaggle/input/datasets/briscdataset/brisc2025/brisc2025/classification_task/train/no_tumor/brisc2025_train_03193_no_sa_t1.jpg,no_tumor,/kaggle/input/datasets/briscdataset/brisc2025/brisc2025/classification_task/train/no_tumor/brisc2025_train_03419_no_sa_t1.jpg,no_tumor
near,5,/kaggle/input/datasets/briscdataset/brisc2025/brisc2025/classification_task/train/no_tumor/brisc2025_train_03194_no_sa_t1.jpg,no_tumor,/kaggle/input/datasets/briscdataset/brisc2025/brisc2025/classification_task/train/no_tumor/brisc2025_train_03425_no_sa_t1.jpg,no_tumor
near,5,/kaggle/input/datasets/briscdataset/brisc2025/brisc2025/classification_task/train/no_tumor/brisc2025_train_03195_no_sa_t1.jpg,no_tumor,/kaggle/input/datasets/briscdataset/brisc2025/brisc2025/classification_task/train/no_tumor/brisc2025_train_03434_no_sa_t1.jpg,no_tumor
near,6,/kaggle/input/datasets/briscdataset/brisc2025/brisc2025/classification_task/train/no_tumor/brisc2025_train_03196_no_sa_t1.jpg,no_tumor,/kaggle/input/datasets/briscdataset/brisc2025/brisc2025/classification_task/train/no_tumor/brisc2025_train_03390_no_sa_t1.jpg,no_tumor
near,3,/kaggle/input/datasets/briscdataset/brisc2025/brisc2025/classification_task/train/no_tumor/brisc2025_train_03197_no_sa_t1.jpg,no_tumor,/kaggle/input/datasets/briscdataset/brisc2025/brisc2025/classification_task/train/no_tumor/brisc2025_train_03341_no_sa_t1.jpg,no_tumor
near,6,/kaggle/input/datasets/briscdataset/brisc2025/brisc2025/classification_task/train/no_tumor/brisc2025_train_03201_no_sa_t1.jpg,no_tumor,/kaggle/input/datasets/briscdataset/brisc2025/brisc2025/classification_task/train/no_tumor/brisc2025_train_03418_no_sa_t1.jpg,no_tumor
near,4,/kaggle/input/datasets/briscdataset/brisc2025/brisc2025/classification_task/train/no_tumor/brisc2025_train_03202_no_sa_t1.jpg,no_tumor,/kaggle/input/datasets/briscdataset/brisc2025/brisc2025/classification_task/train/no_tumor/brisc2025_train_03208_no_sa_t1.jpg,no_tumor
near,6,/kaggle/input/datasets/briscdataset/brisc2025/brisc2025/classification_task/train/no_tumor/brisc2025_train_03202_no_sa_t1.jpg,no_tumor,/kaggle/input/datasets/briscdataset/brisc2025/brisc2025/classification_task/train/no_tumor/brisc2025_train_03421_no_sa_t1.jpg,no_tumor
near,5,/kaggle/input/datasets/briscdataset/brisc2025/brisc2025/classification_task/train/no_tumor/brisc2025_train_03202_no_sa_t1.jpg,no_tumor,/kaggle/input/datasets/briscdataset/brisc2025/brisc2025/classification_task/train/no_tumor/brisc2025_train_03426_no_sa_t1.jpg,no_tumor
near,6,/kaggle/input/datasets/briscdataset/brisc2025/brisc2025/classification_task/train/no_tumor/brisc2025_train_03206_no_sa_t1.jpg,no_tumor,/kaggle/input/datasets/briscdataset/brisc2025/brisc2025/classification_task/train/no_tumor/brisc2025_train_03411_no_sa_t1.jpg,no_tumor
near,2,/kaggle/input/datasets/briscdataset/brisc2025/brisc2025/classification_task/train/no_tumor/brisc2025_train_03208_no_sa_t1.jpg,no_tumor,/kaggle/input/datasets/briscdataset/brisc2025/brisc2025/classification_task/train/no_tumor/brisc2025_train_03421_no_sa_t1.jpg,no_tumor
near,6,/kaggle/input/datasets/briscdataset/brisc2025/brisc2025/classification_task/train/no_tumor/brisc2025_train_03208_no_sa_t1.jpg,no_tumor,/kaggle/input/datasets/briscdataset/brisc2025/brisc2025/classification_task/train/no_tumor/brisc2025_train_03431_no_sa_t1.jpg,no_tumor
near,4,/kaggle/input/datasets/briscdataset/brisc2025/brisc2025/classification_task/train/no_tumor/brisc2025_train_03209_no_sa_t1.jpg,no_tumor,/kaggle/input/datasets/briscdataset/brisc2025/brisc2025/classification_task/train/no_tumor/brisc2025_train_03399_no_sa_t1.jpg,no_tumor
near,4,/kaggle/input/datasets/briscdataset/brisc2025/brisc2025/classification_task/train/no_tumor/brisc2025_train_03209_no_sa_t1.jpg,no_tumor,/kaggle/input/datasets/briscdataset/brisc2025/brisc2025/classification_task/train/no_tumor/brisc2025_train_03403_no_sa_t1.jpg,no_tumor
near,2,/kaggle/input/datasets/briscdataset/brisc2025/brisc2025/classification_task/train/no_tumor/brisc2025_train_03212_no_sa_t1.jpg,no_tumor,/kaggle/input/datasets/briscdataset/brisc2025/brisc2025/classification_task/train/no_tumor/brisc2025_train_03339_no_sa_t1.jpg,no_tumor
near,6,/kaggle/input/datasets/briscdataset/brisc2025/brisc2025/classification_task/train/no_tumor/brisc2025_train_03213_no_sa_t1.jpg,no_tumor,/kaggle/input/datasets/briscdataset/brisc2025/brisc2025/classification_task/train/no_tumor/brisc2025_train_03397_no_sa_t1.jpg,no_tumor
near,4,/kaggle/input/datasets/briscdataset/brisc2025/brisc2025/classification_task/train/no_tumor/brisc2025_train_03215_no_sa_t1.jpg,no_tumor,/kaggle/input/datasets/briscdataset/brisc2025/brisc2025/classification_task/train/no_tumor/brisc2025_train_03408_no_sa_t1.jpg,no_tumor
near,5,/kaggle/input/datasets/briscdataset/brisc2025/brisc2025/classification_task/train/no_tumor/brisc2025_train_03216_no_sa_t1.jpg,no_tumor,/kaggle/input/datasets/briscdataset/brisc2025/brisc2025/classification_task/train/no_tumor/brisc2025_train_03310_no_sa_t1.jpg,no_tumor
near,5,/kaggle/input/datasets/briscdataset/brisc2025/brisc2025/classification_task/train/no_tumor/brisc2025_train_03217_no_sa_t1.jpg,no_tumor,/kaggle/input/datasets/briscdataset/brisc2025/brisc2025/classification_task/train/no_tumor/brisc2025_train_03379_no_sa_t1.jpg,no_tumor
near,4,/kaggle/input/datasets/briscdataset/brisc2025/brisc2025/classification_task/train/no_tumor/brisc2025_train_03221_no_sa_t1.jpg,no_tumor,/kaggle/input/datasets/briscdataset/brisc2025/brisc2025/classification_task/train/no_tumor/brisc2025_train_03232_no_sa_t1.jpg,no_tumor
near,5,/kaggle/input/datasets/briscdataset/brisc2025/brisc2025/classification_task/train/no_tumor/brisc2025_train_03221_no_sa_t1.jpg,no_tumor,/kaggle/input/datasets/briscdataset/brisc2025/brisc2025/classification_task/train/no_tumor/brisc2025_train_03375_no_sa_t1.jpg,no_tumor
near,6,/kaggle/input/datasets/briscdataset/brisc2025/brisc2025/classification_task/train/no_tumor/brisc2025_train_03222_no_sa_t1.jpg,no_tumor,/kaggle/input/datasets/briscdataset/brisc2025/brisc2025/classification_task/train/no_tumor/brisc2025_train_03386_no_sa_t1.jpg,no_tumor
near,3,/kaggle/input/datasets/briscdataset/brisc2025/brisc2025/classification_task/train/no_tumor/brisc2025_train_03225_no_sa_t1.jpg,no_tumor,/kaggle/input/datasets/briscdataset/brisc2025/brisc2025/classification_task/train/no_tumor/brisc2025_train_03378_no_sa_t1.jpg,no_tumor
near,5,/kaggle/input/datasets/briscdataset/brisc2025/brisc2025/classification_task/train/no_tumor/brisc2025_train_03228_no_sa_t1.jpg,no_tumor,/kaggle/input/datasets/briscdataset/brisc2025/brisc2025/classification_task/train/no_tumor/brisc2025_train_03384_no_sa_t1.jpg,no_tumor
near,6,/kaggle/input/datasets/briscdataset/brisc2025/brisc2025/classification_task/train/no_tumor/brisc2025_train_03229_no_sa_t1.jpg,no_tumor,/kaggle/input/datasets/briscdataset/brisc2025/brisc2025/classification_task/train/no_tumor/brisc2025_train_03247_no_sa_t1.jpg,no_tumor
near,4,/kaggle/input/datasets/briscdataset/brisc2025/brisc2025/classification_task/train/no_tumor/brisc2025_train_03229_no_sa_t1.jpg,no_tumor,/kaggle/input/datasets/briscdataset/brisc2025/brisc2025/classification_task/train/no_tumor/brisc2025_train_03252_no_sa_t1.jpg,no_tumor
near,6,/kaggle/input/datasets/briscdataset/brisc2025/brisc2025/classification_task/train/no_tumor/brisc2025_train_03229_no_sa_t1.jpg,no_tumor,/kaggle/input/datasets/briscdataset/brisc2025/brisc2025/classification_task/train/no_tumor/brisc2025_train_03256_no_sa_t1.jpg,no_tumor
near,4,/kaggle/input/datasets/briscdataset/brisc2025/brisc2025/classification_task/train/no_tumor/brisc2025_train_03229_no_sa_t1.jpg,no_tumor,/kaggle/input/datasets/briscdataset/brisc2025/brisc2025/classification_task/train/no_tumor/brisc2025_train_03331_no_sa_t1.jpg,no_tumor
near,6,/kaggle/input/datasets/briscdataset/brisc2025/brisc2025/classification_task/train/no_tumor/brisc2025_train_03229_no_sa_t1.jpg,no_tumor,/kaggle/input/datasets/briscdataset/brisc2025/brisc2025/classification_task/train/no_tumor/brisc2025_train_03362_no_sa_t1.jpg,no_tumor
near,4,/kaggle/input/datasets/briscdataset/brisc2025/brisc2025/classification_task/train/no_tumor/brisc2025_train_03230_no_sa_t1.jpg,no_tumor,/kaggle/input/datasets/briscdataset/brisc2025/brisc2025/classification_task/train/no_tumor/brisc2025_train_03236_no_sa_t1.jpg,no_tumor
near,4,/kaggle/input/datasets/briscdataset/brisc2025/brisc2025/classification_task/train/no_tumor/brisc2025_train_03230_no_sa_t1.jpg,no_tumor,/kaggle/input/datasets/briscdataset/brisc2025/brisc2025/classification_task/train/no_tumor/brisc2025_train_03241_no_sa_t1.jpg,no_tumor
near,6,/kaggle/input/datasets/briscdataset/brisc2025/brisc2025/classification_task/train/no_tumor/brisc2025_train_03231_no_sa_t1.jpg,no_tumor,/kaggle/input/datasets/briscdataset/brisc2025/brisc2025/classification_task/train/no_tumor/brisc2025_train_03405_no_sa_t1.jpg,no_tumor
near,6,/kaggle/input/datasets/briscdataset/brisc2025/brisc2025/classification_task/train/no_tumor/brisc2025_train_03232_no_sa_t1.jpg,no_tumor,/kaggle/input/datasets/briscdataset/brisc2025/brisc2025/classification_task/train/no_tumor/brisc2025_train_03246_no_sa_t1.jpg,no_tumor
near,1,/kaggle/input/datasets/briscdataset/brisc2025/brisc2025/classification_task/train/no_tumor/brisc2025_train_03232_no_sa_t1.jpg,no_tumor,/kaggle/input/datasets/briscdataset/brisc2025/brisc2025/classification_task/train/no_tumor/brisc2025_train_03375_no_sa_t1.jpg,no_tumor
near,6,/kaggle/input/datasets/briscdataset/brisc2025/brisc2025/classification_task/train/no_tumor/brisc2025_train_03234_no_sa_t1.jpg,no_tumor,/kaggle/input/datasets/briscdataset/brisc2025/brisc2025/classification_task/train/no_tumor/brisc2025_train_03252_no_sa_t1.jpg,no_tumor
near,6,/kaggle/input/datasets/briscdataset/brisc2025/brisc2025/classification_task/train/no_tumor/brisc2025_train_03234_no_sa_t1.jpg,no_tumor,/kaggle/input/datasets/briscdataset/brisc2025/brisc2025/classification_task/train/no_tumor/brisc2025_train_03331_no_sa_t1.jpg,no_tumor
near,6,/kaggle/input/datasets/briscdataset/brisc2025/brisc2025/classification_task/train/no_tumor/brisc2025_train_03236_no_sa_t1.jpg,no_tumor,/kaggle/input/datasets/briscdataset/brisc2025/brisc2025/classification_task/train/no_tumor/brisc2025_train_03241_no_sa_t1.jpg,no_tumor
near,6,/kaggle/input/datasets/briscdataset/brisc2025/brisc2025/classification_task/train/no_tumor/brisc2025_train_03236_no_sa_t1.jpg,no_tumor,/kaggle/input/datasets/briscdataset/brisc2025/brisc2025/classification_task/train/no_tumor/brisc2025_train_03351_no_sa_t1.jpg,no_tumor
near,6,/kaggle/input/datasets/briscdataset/brisc2025/brisc2025/classification_task/train/no_tumor/brisc2025_train_03237_no_sa_t1.jpg,no_tumor,/kaggle/input/datasets/briscdataset/brisc2025/brisc2025/classification_task/train/no_tumor/brisc2025_train_03381_no_sa_t1.jpg,no_tumor
near,6,/kaggle/input/datasets/briscdataset/brisc2025/brisc2025/classification_task/train/no_tumor/brisc2025_train_03237_no_sa_t1.jpg,no_tumor,/kaggle/input/datasets/briscdataset/brisc2025/brisc2025/classification_task/test/no_tumor/brisc2025_test_00690_no_sa_t1.jpg,no_tumor
near,6,/kaggle/input/datasets/briscdataset/brisc2025/brisc2025/classification_task/train/no_tumor/brisc2025_train_03239_no_sa_t1.jpg,no_tumor,/kaggle/input/datasets/briscdataset/brisc2025/brisc2025/classification_task/train/no_tumor/brisc2025_train_03265_no_sa_t1.jpg,no_tumor
near,5,/kaggle/input/datasets/briscdataset/brisc2025/brisc2025/classification_task/train/no_tumor/brisc2025_train_03239_no_sa_t1.jpg,no_tumor,/kaggle/input/datasets/briscdataset/brisc2025/brisc2025/classification_task/train/no_tumor/brisc2025_train_03376_no_sa_t1.jpg,no_tumor
near,2,/kaggle/input/datasets/briscdataset/brisc2025/brisc2025/classification_task/train/no_tumor/brisc2025_train_03240_no_sa_t1.jpg,no_tumor,/kaggle/input/datasets/briscdataset/brisc2025/brisc2025/classification_task/train/no_tumor/brisc2025_train_03249_no_sa_t1.jpg,no_tumor
near,6,/kaggle/input/datasets/briscdataset/brisc2025/brisc2025/classification_task/train/no_tumor/brisc2025_train_03240_no_sa_t1.jpg,no_tumor,/kaggle/input/datasets/briscdataset/brisc2025/brisc2025/classification_task/train/no_tumor/brisc2025_train_03377_no_sa_t1.jpg,no_tumor
near,5,/kaggle/input/datasets/briscdataset/brisc2025/brisc2025/classification_task/train/no_tumor/brisc2025_train_03244_no_sa_t1.jpg,no_tumor,/kaggle/input/datasets/briscdataset/brisc2025/brisc2025/classification_task/train/no_tumor/brisc2025_train_03374_no_sa_t1.jpg,no_tumor
near,5,/kaggle/input/datasets/briscdataset/brisc2025/brisc2025/classification_task/train/no_tumor/brisc2025_train_03245_no_sa_t1.jpg,no_tumor,/kaggle/input/datasets/briscdataset/brisc2025/brisc2025/classification_task/train/no_tumor/brisc2025_train_03252_no_sa_t1.jpg,no_tumor
near,4,/kaggle/input/datasets/briscdataset/brisc2025/brisc2025/classification_task/train/no_tumor/brisc2025_train_03245_no_sa_t1.jpg,no_tumor,/kaggle/input/datasets/briscdataset/brisc2025/brisc2025/classification_task/train/no_tumor/brisc2025_train_03393_no_sa_t1.jpg,no_tumor
near,4,/kaggle/input/datasets/briscdataset/brisc2025/brisc2025/classification_task/train/no_tumor/brisc2025_train_03247_no_sa_t1.jpg,no_tumor,/kaggle/input/datasets/briscdataset/brisc2025/brisc2025/classification_task/train/no_tumor/brisc2025_train_03331_no_sa_t1.jpg,no_tumor
near,6,/kaggle/input/datasets/briscdataset/brisc2025/brisc2025/classification_task/train/no_tumor/brisc2025_train_03248_no_sa_t1.jpg,no_tumor,/kaggle/input/datasets/briscdataset/brisc2025/brisc2025/classification_task/train/no_tumor/brisc2025_train_03392_no_sa_t1.jpg,no_tumor
near,4,/kaggle/input/datasets/briscdataset/brisc2025/brisc2025/classification_task/train/no_tumor/brisc2025_train_03249_no_sa_t1.jpg,no_tumor,/kaggle/input/datasets/briscdataset/brisc2025/brisc2025/classification_task/train/no_tumor/brisc2025_train_03377_no_sa_t1.jpg,no_tumor
near,2,/kaggle/input/datasets/briscdataset/brisc2025/brisc2025/classification_task/train/no_tumor/brisc2025_train_03250_no_sa_t1.jpg,no_tumor,/kaggle/input/datasets/briscdataset/brisc2025/brisc2025/classification_task/train/no_tumor/brisc2025_train_03352_no_sa_t1.jpg,no_tumor
near,4,/kaggle/input/datasets/briscdataset/brisc2025/brisc2025/classification_task/train/no_tumor/brisc2025_train_03251_no_sa_t1.jpg,no_tumor,/kaggle/input/datasets/briscdataset/brisc2025/brisc2025/classification_task/train/no_tumor/brisc2025_train_03279_no_sa_t1.jpg,no_tumor
near,6,/kaggle/input/datasets/briscdataset/brisc2025/brisc2025/classification_task/train/no_tumor/brisc2025_train_03252_no_sa_t1.jpg,no_tumor,/kaggle/input/datasets/briscdataset/brisc2025/brisc2025/classification_task/train/no_tumor/brisc2025_train_03331_no_sa_t1.jpg,no_tumor
near,2,/kaggle/input/datasets/briscdataset/brisc2025/brisc2025/classification_task/train/no_tumor/brisc2025_train_03252_no_sa_t1.jpg,no_tumor,/kaggle/input/datasets/briscdataset/brisc2025/brisc2025/classification_task/train/no_tumor/brisc2025_train_03362_no_sa_t1.jpg,no_tumor
near,6,/kaggle/input/datasets/briscdataset/brisc2025/brisc2025/classification_task/train/no_tumor/brisc2025_train_03253_no_sa_t1.jpg,no_tumor,/kaggle/input/datasets/briscdataset/brisc2025/brisc2025/classification_task/train/no_tumor/brisc2025_train_03363_no_sa_t1.jpg,no_tumor
near,6,/kaggle/input/datasets/briscdataset/brisc2025/brisc2025/classification_task/train/no_tumor/brisc2025_train_03258_no_sa_t1.jpg,no_tumor,/kaggle/input/datasets/briscdataset/brisc2025/brisc2025/classification_task/train/no_tumor/brisc2025_train_03286_no_sa_t1.jpg,no_tumor
near,5,/kaggle/input/datasets/briscdataset/brisc2025/brisc2025/classification_task/train/no_tumor/brisc2025_train_03259_no_sa_t1.jpg,no_tumor,/kaggle/input/datasets/briscdataset/brisc2025/brisc2025/classification_task/train/no_tumor/brisc2025_train_03332_no_sa_t1.jpg,no_tumor
near,6,/kaggle/input/datasets/briscdataset/brisc2025/brisc2025/classification_task/train/no_tumor/brisc2025_train_03259_no_sa_t1.jpg,no_tumor,/kaggle/input/datasets/briscdataset/brisc2025/brisc2025/classification_task/train/no_tumor/brisc2025_train_03338_no_sa_t1.jpg,no_tumor
near,6,/kaggle/input/datasets/briscdataset/brisc2025/brisc2025/classification_task/train/no_tumor/brisc2025_train_03261_no_sa_t1.jpg,no_tumor,/kaggle/input/datasets/briscdataset/brisc2025/brisc2025/classification_task/train/no_tumor/brisc2025_train_03349_no_sa_t1.jpg,no_tumor
near,3,/kaggle/input/datasets/briscdataset/brisc2025/brisc2025/classification_task/train/no_tumor/brisc2025_train_03262_no_sa_t1.jpg,no_tumor,/kaggle/input/datasets/briscdataset/brisc2025/brisc2025/classification_task/train/no_tumor/brisc2025_train_03353_no_sa_t1.jpg,no_tumor
near,6,/kaggle/input/datasets/briscdataset/brisc2025/brisc2025/classification_task/train/no_tumor/brisc2025_train_03263_no_sa_t1.jpg,no_tumor,/kaggle/input/datasets/briscdataset/brisc2025/brisc2025/classification_task/train/no_tumor/brisc2025_train_03354_no_sa_t1.jpg,no_tumor
near,4,/kaggle/input/datasets/briscdataset/brisc2025/brisc2025/classification_task/train/no_tumor/brisc2025_train_03266_no_sa_t1.jpg,no_tumor,/kaggle/input/datasets/briscdataset/brisc2025/brisc2025/classification_task/train/no_tumor/brisc2025_train_03336_no_sa_t1.jpg,no_tumor
near,6,/kaggle/input/datasets/briscdataset/brisc2025/brisc2025/classification_task/train/no_tumor/brisc2025_train_03268_no_sa_t1.jpg,no_tumor,/kaggle/input/datasets/briscdataset/brisc2025/brisc2025/classification_task/train/no_tumor/brisc2025_train_03312_no_sa_t1.jpg,no_tumor
near,5,/kaggle/input/datasets/briscdataset/brisc2025/brisc2025/classification_task/train/no_tumor/brisc2025_train_03268_no_sa_t1.jpg,no_tumor,/kaggle/input/datasets/briscdataset/brisc2025/brisc2025/classification_task/train/no_tumor/brisc2025_train_03343_no_sa_t1.jpg,no_tumor
near,6,/kaggle/input/datasets/briscdataset/brisc2025/brisc2025/classification_task/train/no_tumor/brisc2025_train_03269_no_sa_t1.jpg,no_tumor,/kaggle/input/datasets/briscdataset/brisc2025/brisc2025/classification_task/train/no_tumor/brisc2025_train_03271_no_sa_t1.jpg,no_tumor
near,6,/kaggle/input/datasets/briscdataset/brisc2025/brisc2025/classification_task/train/no_tumor/brisc2025_train_03270_no_sa_t1.jpg,no_tumor,/kaggle/input/datasets/briscdataset/brisc2025/brisc2025/classification_task/train/no_tumor/brisc2025_train_03285_no_sa_t1.jpg,no_tumor
near,5,/kaggle/input/datasets/briscdataset/brisc2025/brisc2025/classification_task/train/no_tumor/brisc2025_train_03270_no_sa_t1.jpg,no_tumor,/kaggle/input/datasets/briscdataset/brisc2025/brisc2025/classification_task/train/no_tumor/brisc2025_train_03326_no_sa_t1.jpg,no_tumor
near,6,/kaggle/input/datasets/briscdataset/brisc2025/brisc2025/classification_task/train/no_tumor/brisc2025_train_03272_no_sa_t1.jpg,no_tumor,/kaggle/input/datasets/briscdataset/brisc2025/brisc2025/classification_task/train/no_tumor/brisc2025_train_03276_no_sa_t1.jpg,no_tumor
near,6,/kaggle/input/datasets/briscdataset/brisc2025/brisc2025/classification_task/train/no_tumor/brisc2025_train_03272_no_sa_t1.jpg,no_tumor,/kaggle/input/datasets/briscdataset/brisc2025/brisc2025/classification_task/train/no_tumor/brisc2025_train_03309_no_sa_t1.jpg,no_tumor
near,6,/kaggle/input/datasets/briscdataset/brisc2025/brisc2025/classification_task/train/no_tumor/brisc2025_train_03272_no_sa_t1.jpg,no_tumor,/kaggle/input/datasets/briscdataset/brisc2025/brisc2025/classification_task/train/no_tumor/brisc2025_train_03343_no_sa_t1.jpg,no_tumor
near,6,/kaggle/input/datasets/briscdataset/brisc2025/brisc2025/classification_task/train/no_tumor/brisc2025_train_03273_no_sa_t1.jpg,no_tumor,/kaggle/input/datasets/briscdataset/brisc2025/brisc2025/classification_task/train/no_tumor/brisc2025_train_03308_no_sa_t1.jpg,no_tumor
near,6,/kaggle/input/datasets/briscdataset/brisc2025/brisc2025/classification_task/train/no_tumor/brisc2025_train_03273_no_sa_t1.jpg,no_tumor,/kaggle/input/datasets/briscdataset/brisc2025/brisc2025/classification_task/test/no_tumor/brisc2025_test_00684_no_sa_t1.jpg,no_tumor
near,4,/kaggle/input/datasets/briscdataset/brisc2025/brisc2025/classification_task/train/no_tumor/brisc2025_train_03274_no_sa_t1.jpg,no_tumor,/kaggle/input/datasets/briscdataset/brisc2025/brisc2025/classification_task/train/no_tumor/brisc2025_train_03332_no_sa_t1.jpg,no_tumor
near,6,/kaggle/input/datasets/briscdataset/brisc2025/brisc2025/classification_task/train/no_tumor/brisc2025_train_03276_no_sa_t1.jpg,no_tumor,/kaggle/input/datasets/briscdataset/brisc2025/brisc2025/classification_task/train/no_tumor/brisc2025_train_03284_no_sa_t1.jpg,no_tumor
near,6,/kaggle/input/datasets/briscdataset/brisc2025/brisc2025/classification_task/train/no_tumor/brisc2025_train_03277_no_sa_t1.jpg,no_tumor,/kaggle/input/datasets/briscdataset/brisc2025/brisc2025/classification_task/train/no_tumor/brisc2025_train_03308_no_sa_t1.jpg,no_tumor
near,6,/kaggle/input/datasets/briscdataset/brisc2025/brisc2025/classification_task/train/no_tumor/brisc2025_train_03277_no_sa_t1.jpg,no_tumor,/kaggle/input/datasets/briscdataset/brisc2025/brisc2025/classification_task/train/no_tumor/brisc2025_train_03318_no_sa_t1.jpg,no_tumor
near,3,/kaggle/input/datasets/briscdataset/brisc2025/brisc2025/classification_task/train/no_tumor/brisc2025_train_03277_no_sa_t1.jpg,no_tumor,/kaggle/input/datasets/briscdataset/brisc2025/brisc2025/classification_task/test/no_tumor/brisc2025_test_00679_no_sa_t1.jpg,no_tumor
near,5,/kaggle/input/datasets/briscdataset/brisc2025/brisc2025/classification_task/train/no_tumor/brisc2025_train_03277_no_sa_t1.jpg,no_tumor,/kaggle/input/datasets/briscdataset/brisc2025/brisc2025/classification_task/test/no_tumor/brisc2025_test_00685_no_sa_t1.jpg,no_tumor
near,6,/kaggle/input/datasets/briscdataset/brisc2025/brisc2025/classification_task/train/no_tumor/brisc2025_train_03279_no_sa_t1.jpg,no_tumor,/kaggle/input/datasets/briscdataset/brisc2025/brisc2025/classification_task/train/no_tumor/brisc2025_train_03305_no_sa_t1.jpg,no_tumor
near,5,/kaggle/input/datasets/briscdataset/brisc2025/brisc2025/classification_task/train/no_tumor/brisc2025_train_03281_no_sa_t1.jpg,no_tumor,/kaggle/input/datasets/briscdataset/brisc2025/brisc2025/classification_task/train/no_tumor/brisc2025_train_03311_no_sa_t1.jpg,no_tumor
near,6,/kaggle/input/datasets/briscdataset/brisc2025/brisc2025/classification_task/train/no_tumor/brisc2025_train_03281_no_sa_t1.jpg,no_tumor,/kaggle/input/datasets/briscdataset/brisc2025/brisc2025/classification_task/train/no_tumor/brisc2025_train_03342_no_sa_t1.jpg,no_tumor
near,6,/kaggle/input/datasets/briscdataset/brisc2025/brisc2025/classification_task/train/no_tumor/brisc2025_train_03281_no_sa_t1.jpg,no_tumor,/kaggle/input/datasets/briscdataset/brisc2025/brisc2025/classification_task/train/no_tumor/brisc2025_train_03350_no_sa_t1.jpg,no_tumor
near,6,/kaggle/input/datasets/briscdataset/brisc2025/brisc2025/classification_task/train/no_tumor/brisc2025_train_03282_no_sa_t1.jpg,no_tumor,/kaggle/input/datasets/briscdataset/brisc2025/brisc2025/classification_task/train/no_tumor/brisc2025_train_03292_no_sa_t1.jpg,no_tumor
near,2,/kaggle/input/datasets/briscdataset/brisc2025/brisc2025/classification_task/train/no_tumor/brisc2025_train_03282_no_sa_t1.jpg,no_tumor,/kaggle/input/datasets/briscdataset/brisc2025/brisc2025/classification_task/train/no_tumor/brisc2025_train_03334_no_sa_t1.jpg,no_tumor
near,5,/kaggle/input/datasets/briscdataset/brisc2025/brisc2025/classification_task/train/no_tumor/brisc2025_train_03285_no_sa_t1.jpg,no_tumor,/kaggle/input/datasets/briscdataset/brisc2025/brisc2025/classification_task/train/no_tumor/brisc2025_train_03314_no_sa_t1.jpg,no_tumor
near,5,/kaggle/input/datasets/briscdataset/brisc2025/brisc2025/classification_task/train/no_tumor/brisc2025_train_03285_no_sa_t1.jpg,no_tumor,/kaggle/input/datasets/briscdataset/brisc2025/brisc2025/classification_task/train/no_tumor/brisc2025_train_03326_no_sa_t1.jpg,no_tumor
near,6,/kaggle/input/datasets/briscdataset/brisc2025/brisc2025/classification_task/train/no_tumor/brisc2025_train_03285_no_sa_t1.jpg,no_tumor,/kaggle/input/datasets/briscdataset/brisc2025/brisc2025/classification_task/train/no_tumor/brisc2025_train_03345_no_sa_t1.jpg,no_tumor
near,5,/kaggle/input/datasets/briscdataset/brisc2025/brisc2025/classification_task/train/no_tumor/brisc2025_train_03288_no_sa_t1.jpg,no_tumor,/kaggle/input/datasets/briscdataset/brisc2025/brisc2025/classification_task/train/no_tumor/brisc2025_train_03320_no_sa_t1.jpg,no_tumor
near,4,/kaggle/input/datasets/briscdataset/brisc2025/brisc2025/classification_task/train/no_tumor/brisc2025_train_03293_no_sa_t1.jpg,no_tumor,/kaggle/input/datasets/briscdataset/brisc2025/brisc2025/classification_task/train/no_tumor/brisc2025_train_03308_no_sa_t1.jpg,no_tumor
near,6,/kaggle/input/datasets/briscdataset/brisc2025/brisc2025/classification_task/train/no_tumor/brisc2025_train_03297_no_sa_t1.jpg,no_tumor,/kaggle/input/datasets/briscdataset/brisc2025/brisc2025/classification_task/train/no_tumor/brisc2025_train_03333_no_sa_t1.jpg,no_tumor
near,6,/kaggle/input/datasets/briscdataset/brisc2025/brisc2025/classification_task/train/no_tumor/brisc2025_train_03298_no_sa_t1.jpg,no_tumor,/kaggle/input/datasets/briscdataset/brisc2025/brisc2025/classification_task/train/no_tumor/brisc2025_train_03314_no_sa_t1.jpg,no_tumor
near,5,/kaggle/input/datasets/briscdataset/brisc2025/brisc2025/classification_task/train/no_tumor/brisc2025_train_03301_no_sa_t1.jpg,no_tumor,/kaggle/input/datasets/briscdataset/brisc2025/brisc2025/classification_task/train/no_tumor/brisc2025_train_03313_no_sa_t1.jpg,no_tumor
near,6,/kaggle/input/datasets/briscdataset/brisc2025/brisc2025/classification_task/train/no_tumor/brisc2025_train_03303_no_sa_t1.jpg,no_tumor,/kaggle/input/datasets/briscdataset/brisc2025/brisc2025/classification_task/train/no_tumor/brisc2025_train_03323_no_sa_t1.jpg,no_tumor
near,6,/kaggle/input/datasets/briscdataset/brisc2025/brisc2025/classification_task/train/no_tumor/brisc2025_train_03303_no_sa_t1.jpg,no_tumor,/kaggle/input/datasets/briscdataset/brisc2025/brisc2025/classification_task/train/no_tumor/brisc2025_train_03356_no_sa_t1.jpg,no_tumor
near,6,/kaggle/input/datasets/briscdataset/brisc2025/brisc2025/classification_task/train/no_tumor/brisc2025_train_03304_no_sa_t1.jpg,no_tumor,/kaggle/input/datasets/briscdataset/brisc2025/brisc2025/classification_task/train/no_tumor/brisc2025_train_03331_no_sa_t1.jpg,no_tumor
near,4,/kaggle/input/datasets/briscdataset/brisc2025/brisc2025/classification_task/train/no_tumor/brisc2025_train_03306_no_sa_t1.jpg,no_tumor,/kaggle/input/datasets/briscdataset/brisc2025/brisc2025/classification_task/train/no_tumor/brisc2025_train_03312_no_sa_t1.jpg,no_tumor
near,6,/kaggle/input/datasets/briscdataset/brisc2025/brisc2025/classification_task/train/no_tumor/brisc2025_train_03308_no_sa_t1.jpg,no_tumor,/kaggle/input/datasets/briscdataset/brisc2025/brisc2025/classification_task/test/no_tumor/brisc2025_test_00684_no_sa_t1.jpg,no_tumor
near,5,/kaggle/input/datasets/briscdataset/brisc2025/brisc2025/classification_task/train/no_tumor/brisc2025_train_03309_no_sa_t1.jpg,no_tumor,/kaggle/input/datasets/briscdataset/brisc2025/brisc2025/classification_task/train/no_tumor/brisc2025_train_03317_no_sa_t1.jpg,no_tumor
near,6,/kaggle/input/datasets/briscdataset/brisc2025/brisc2025/classification_task/train/no_tumor/brisc2025_train_03309_no_sa_t1.jpg,no_tumor,/kaggle/input/datasets/briscdataset/brisc2025/brisc2025/classification_task/train/no_tumor/brisc2025_train_03346_no_sa_t1.jpg,no_tumor
near,6,/kaggle/input/datasets/briscdataset/brisc2025/brisc2025/classification_task/train/no_tumor/brisc2025_train_03315_no_sa_t1.jpg,no_tumor,/kaggle/input/datasets/briscdataset/brisc2025/brisc2025/classification_task/train/no_tumor/brisc2025_train_03336_no_sa_t1.jpg,no_tumor
near,6,/kaggle/input/datasets/briscdataset/brisc2025/brisc2025/classification_task/train/no_tumor/brisc2025_train_03316_no_sa_t1.jpg,no_tumor,/kaggle/input/datasets/briscdataset/brisc2025/brisc2025/classification_task/train/no_tumor/brisc2025_train_03330_no_sa_t1.jpg,no_tumor
near,6,/kaggle/input/datasets/briscdataset/brisc2025/brisc2025/classification_task/train/no_tumor/brisc2025_train_03318_no_sa_t1.jpg,no_tumor,/kaggle/input/datasets/briscdataset/brisc2025/brisc2025/classification_task/test/no_tumor/brisc2025_test_00684_no_sa_t1.jpg,no_tumor
near,5,/kaggle/input/datasets/briscdataset/brisc2025/brisc2025/classification_task/train/no_tumor/brisc2025_train_03326_no_sa_t1.jpg,no_tumor,/kaggle/input/datasets/briscdataset/brisc2025/brisc2025/classification_task/train/no_tumor/brisc2025_train_03345_no_sa_t1.jpg,no_tumor
near,5,/kaggle/input/datasets/briscdataset/brisc2025/brisc2025/classification_task/train/no_tumor/brisc2025_train_03327_no_sa_t1.jpg,no_tumor,/kaggle/input/datasets/briscdataset/brisc2025/brisc2025/classification_task/train/no_tumor/brisc2025_train_03498_no_sa_t1.jpg,no_tumor
near,5,/kaggle/input/datasets/briscdataset/brisc2025/brisc2025/classification_task/train/no_tumor/brisc2025_train_03329_no_sa_t1.jpg,no_tumor,/kaggle/input/datasets/briscdataset/brisc2025/brisc2025/classification_task/train/no_tumor/brisc2025_train_03337_no_sa_t1.jpg,no_tumor
near,5,/kaggle/input/datasets/briscdataset/brisc2025/brisc2025/classification_task/train/no_tumor/brisc2025_train_03332_no_sa_t1.jpg,no_tumor,/kaggle/input/datasets/briscdataset/brisc2025/brisc2025/classification_task/train/no_tumor/brisc2025_train_03338_no_sa_t1.jpg,no_tumor
near,6,/kaggle/input/datasets/briscdataset/brisc2025/brisc2025/classification_task/train/no_tumor/brisc2025_train_03337_no_sa_t1.jpg,no_tumor,/kaggle/input/datasets/briscdataset/brisc2025/brisc2025/classification_task/train/no_tumor/brisc2025_train_03347_no_sa_t1.jpg,no_tumor
near,5,/kaggle/input/datasets/briscdataset/brisc2025/brisc2025/classification_task/train/no_tumor/brisc2025_train_03348_no_sa_t1.jpg,no_tumor,/kaggle/input/datasets/briscdataset/brisc2025/brisc2025/classification_task/train/no_tumor/brisc2025_train_03361_no_sa_t1.jpg,no_tumor
near,6,/kaggle/input/datasets/briscdataset/brisc2025/brisc2025/classification_task/train/no_tumor/brisc2025_train_03351_no_sa_t1.jpg,no_tumor,/kaggle/input/datasets/briscdataset/brisc2025/brisc2025/classification_task/train/no_tumor/brisc2025_train_03366_no_sa_t1.jpg,no_tumor
near,5,/kaggle/input/datasets/briscdataset/brisc2025/brisc2025/classification_task/train/no_tumor/brisc2025_train_03351_no_sa_t1.jpg,no_tumor,/kaggle/input/datasets/briscdataset/brisc2025/brisc2025/classification_task/test/no_tumor/brisc2025_test_00671_no_sa_t1.jpg,no_tumor
near,6,/kaggle/input/datasets/briscdataset/brisc2025/brisc2025/classification_task/train/no_tumor/brisc2025_train_03381_no_sa_t1.jpg,no_tumor,/kaggle/input/datasets/briscdataset/brisc2025/brisc2025/classification_task/test/no_tumor/brisc2025_test_00690_no_sa_t1.jpg,no_tumor
near,2,/kaggle/input/datasets/briscdataset/brisc2025/brisc2025/classification_task/train/no_tumor/brisc2025_train_03399_no_sa_t1.jpg,no_tumor,/kaggle/input/datasets/briscdataset/brisc2025/brisc2025/classification_task/train/no_tumor/brisc2025_train_03403_no_sa_t1.jpg,no_tumor
near,3,/kaggle/input/datasets/briscdataset/brisc2025/brisc2025/classification_task/train/no_tumor/brisc2025_train_03400_no_sa_t1.jpg,no_tumor,/kaggle/input/datasets/briscdataset/brisc2025/brisc2025/classification_task/train/no_tumor/brisc2025_train_03402_no_sa_t1.jpg,no_tumor
near,5,/kaggle/input/datasets/briscdataset/brisc2025/brisc2025/classification_task/train/no_tumor/brisc2025_train_03403_no_sa_t1.jpg,no_tumor,/kaggle/input/datasets/briscdataset/brisc2025/brisc2025/classification_task/train/no_tumor/brisc2025_train_03415_no_sa_t1.jpg,no_tumor
near,6,/kaggle/input/datasets/briscdataset/brisc2025/brisc2025/classification_task/train/no_tumor/brisc2025_train_03413_no_sa_t1.jpg,no_tumor,/kaggle/input/datasets/briscdataset/brisc2025/brisc2025/classification_task/test/no_tumor/brisc2025_test_00668_no_sa_t1.jpg,no_tumor
near,5,/kaggle/input/datasets/briscdataset/brisc2025/brisc2025/classification_task/train/no_tumor/brisc2025_train_03421_no_sa_t1.jpg,no_tumor,/kaggle/input/datasets/briscdataset/brisc2025/brisc2025/classification_task/train/no_tumor/brisc2025_train_03426_no_sa_t1.jpg,no_tumor
near,6,/kaggle/input/datasets/briscdataset/brisc2025/brisc2025/classification_task/train/no_tumor/brisc2025_train_03421_no_sa_t1.jpg,no_tumor,/kaggle/input/datasets/briscdataset/brisc2025/brisc2025/classification_task/train/no_tumor/brisc2025_train_03431_no_sa_t1.jpg,no_tumor
near,6,/kaggle/input/datasets/briscdataset/brisc2025/brisc2025/classification_task/train/no_tumor/brisc2025_train_03426_no_sa_t1.jpg,no_tumor,/kaggle/input/datasets/briscdataset/brisc2025/brisc2025/classification_task/test/no_tumor/brisc2025_test_00697_no_sa_t1.jpg,no_tumor
near,4,/kaggle/input/datasets/briscdataset/brisc2025/brisc2025/classification_task/train/no_tumor/brisc2025_train_03445_no_sa_t1.jpg,no_tumor,/kaggle/input/datasets/briscdataset/brisc2025/brisc2025/classification_task/train/no_tumor/brisc2025_train_03450_no_sa_t1.jpg,no_tumor
near,6,/kaggle/input/datasets/briscdataset/brisc2025/brisc2025/classification_task/train/no_tumor/brisc2025_train_03470_no_sa_t1.jpg,no_tumor,/kaggle/input/datasets/briscdataset/brisc2025/brisc2025/classification_task/train/no_tumor/brisc2025_train_03500_no_sa_t1.jpg,no_tumor
near,3,/kaggle/input/datasets/briscdataset/brisc2025/brisc2025/classification_task/train/no_tumor/brisc2025_train_03473_no_sa_t1.jpg,no_tumor,/kaggle/input/datasets/briscdataset/brisc2025/brisc2025/classification_task/train/no_tumor/brisc2025_train_03479_no_sa_t1.jpg,no_tumor
near,5,/kaggle/input/datasets/briscdataset/brisc2025/brisc2025/classification_task/train/no_tumor/brisc2025_train_03475_no_sa_t1.jpg,no_tumor,/kaggle/input/datasets/briscdataset/brisc2025/brisc2025/classification_task/train/no_tumor/brisc2025_train_03537_no_sa_t1.jpg,no_tumor
near,6,/kaggle/input/datasets/briscdataset/brisc2025/brisc2025/classification_task/train/no_tumor/brisc2025_train_03477_no_sa_t1.jpg,no_tumor,/kaggle/input/datasets/briscdataset/brisc2025/brisc2025/classification_task/train/pituitary/brisc2025_train_04679_pi_sa_t1.jpg,pituitary
near,6,/kaggle/input/datasets/briscdataset/brisc2025/brisc2025/classification_task/train/no_tumor/brisc2025_train_03477_no_sa_t1.jpg,no_tumor,/kaggle/input/datasets/briscdataset/brisc2025/brisc2025/classification_task/train/pituitary/brisc2025_train_04680_pi_sa_t1.jpg,pituitary
near,5,/kaggle/input/datasets/briscdataset/brisc2025/brisc2025/classification_task/train/no_tumor/brisc2025_train_03487_no_sa_t1.jpg,no_tumor,/kaggle/input/datasets/briscdataset/brisc2025/brisc2025/classification_task/train/no_tumor/brisc2025_train_03537_no_sa_t1.jpg,no_tumor
near,6,/kaggle/input/datasets/briscdataset/brisc2025/brisc2025/classification_task/train/no_tumor/brisc2025_train_03491_no_sa_t1.jpg,no_tumor,/kaggle/input/datasets/briscdataset/brisc2025/brisc2025/classification_task/train/no_tumor/brisc2025_train_03500_no_sa_t1.jpg,no_tumor
near,6,/kaggle/input/datasets/briscdataset/brisc2025/brisc2025/classification_task/train/no_tumor/brisc2025_train_03493_no_sa_t1.jpg,no_tumor,/kaggle/input/datasets/briscdataset/brisc2025/brisc2025/classification_task/train/pituitary/brisc2025_train_04679_pi_sa_t1.jpg,pituitary
near,6,/kaggle/input/datasets/briscdataset/brisc2025/brisc2025/classification_task/train/no_tumor/brisc2025_train_03493_no_sa_t1.jpg,no_tumor,/kaggle/input/datasets/briscdataset/brisc2025/brisc2025/classification_task/train/pituitary/brisc2025_train_04680_pi_sa_t1.jpg,pituitary
near,6,/kaggle/input/datasets/briscdataset/brisc2025/brisc2025/classification_task/train/no_tumor/brisc2025_train_03515_no_sa_t1.jpg,no_tumor,/kaggle/input/datasets/briscdataset/brisc2025/brisc2025/classification_task/train/pituitary/brisc2025_train_04239_pi_co_t1.jpg,pituitary
near,4,/kaggle/input/datasets/briscdataset/brisc2025/brisc2025/classification_task/train/pituitary/brisc2025_train_03545_pi_ax_t1.jpg,pituitary,/kaggle/input/datasets/briscdataset/brisc2025/brisc2025/classification_task/train/pituitary/brisc2025_train_03546_pi_ax_t1.jpg,pituitary
near,5,/kaggle/input/datasets/briscdataset/brisc2025/brisc2025/classification_task/train/pituitary/brisc2025_train_03548_pi_ax_t1.jpg,pituitary,/kaggle/input/datasets/briscdataset/brisc2025/brisc2025/classification_task/train/pituitary/brisc2025_train_03552_pi_ax_t1.jpg,pituitary
near,5,/kaggle/input/datasets/briscdataset/brisc2025/brisc2025/classification_task/train/pituitary/brisc2025_train_03560_pi_ax_t1.jpg,pituitary,/kaggle/input/datasets/briscdataset/brisc2025/brisc2025/classification_task/train/pituitary/brisc2025_train_03561_pi_ax_t1.jpg,pituitary
near,5,/kaggle/input/datasets/briscdataset/brisc2025/brisc2025/classification_task/train/pituitary/brisc2025_train_03565_pi_ax_t1.jpg,pituitary,/kaggle/input/datasets/briscdataset/brisc2025/brisc2025/classification_task/train/pituitary/brisc2025_train_03566_pi_ax_t1.jpg,pituitary
near,2,/kaggle/input/datasets/briscdataset/brisc2025/brisc2025/classification_task/train/pituitary/brisc2025_train_03566_pi_ax_t1.jpg,pituitary,/kaggle/input/datasets/briscdataset/brisc2025/brisc2025/classification_task/train/pituitary/brisc2025_train_03567_pi_ax_t1.jpg,pituitary
near,3,/kaggle/input/datasets/briscdataset/brisc2025/brisc2025/classification_task/train/pituitary/brisc2025_train_03568_pi_ax_t1.jpg,pituitary,/kaggle/input/datasets/briscdataset/brisc2025/brisc2025/classification_task/train/pituitary/brisc2025_train_03570_pi_ax_t1.jpg,pituitary
near,3,/kaggle/input/datasets/briscdataset/brisc2025/brisc2025/classification_task/train/pituitary/brisc2025_train_03569_pi_ax_t1.jpg,pituitary,/kaggle/input/datasets/briscdataset/brisc2025/brisc2025/classification_task/train/pituitary/brisc2025_train_03573_pi_ax_t1.jpg,pituitary
near,3,/kaggle/input/datasets/briscdataset/brisc2025/brisc2025/classification_task/train/pituitary/brisc2025_train_03571_pi_ax_t1.jpg,pituitary,/kaggle/input/datasets/briscdataset/brisc2025/brisc2025/classification_task/train/pituitary/brisc2025_train_03572_pi_ax_t1.jpg,pituitary
near,6,/kaggle/input/datasets/briscdataset/brisc2025/brisc2025/classification_task/train/pituitary/brisc2025_train_03582_pi_ax_t1.jpg,pituitary,/kaggle/input/datasets/briscdataset/brisc2025/brisc2025/classification_task/train/pituitary/brisc2025_train_03583_pi_ax_t1.jpg,pituitary
near,4,/kaggle/input/datasets/briscdataset/brisc2025/brisc2025/classification_task/train/pituitary/brisc2025_train_03586_pi_ax_t1.jpg,pituitary,/kaggle/input/datasets/briscdataset/brisc2025/brisc2025/classification_task/train/pituitary/brisc2025_train_03587_pi_ax_t1.jpg,pituitary
near,2,/kaggle/input/datasets/briscdataset/brisc2025/brisc2025/classification_task/train/pituitary/brisc2025_train_03590_pi_ax_t1.jpg,pituitary,/kaggle/input/datasets/briscdataset/brisc2025/brisc2025/classification_task/train/pituitary/brisc2025_train_03591_pi_ax_t1.jpg,pituitary
near,5,/kaggle/input/datasets/briscdataset/brisc2025/brisc2025/classification_task/train/pituitary/brisc2025_train_03592_pi_ax_t1.jpg,pituitary,/kaggle/input/datasets/briscdataset/brisc2025/brisc2025/classification_task/test/pituitary/brisc2025_test_00701_pi_ax_t1.jpg,pituitary
near,5,/kaggle/input/datasets/briscdataset/brisc2025/brisc2025/classification_task/train/pituitary/brisc2025_train_03596_pi_ax_t1.jpg,pituitary,/kaggle/input/datasets/briscdataset/brisc2025/brisc2025/classification_task/train/pituitary/brisc2025_train_03597_pi_ax_t1.jpg,pituitary
near,4,/kaggle/input/datasets/briscdataset/brisc2025/brisc2025/classification_task/train/pituitary/brisc2025_train_03599_pi_ax_t1.jpg,pituitary,/kaggle/input/datasets/briscdataset/brisc2025/brisc2025/classification_task/train/pituitary/brisc2025_train_03601_pi_ax_t1.jpg,pituitary
near,6,/kaggle/input/datasets/briscdataset/brisc2025/brisc2025/classification_task/train/pituitary/brisc2025_train_03599_pi_ax_t1.jpg,pituitary,/kaggle/input/datasets/briscdataset/brisc2025/brisc2025/classification_task/test/pituitary/brisc2025_test_00703_pi_ax_t1.jpg,pituitary
near,5,/kaggle/input/datasets/briscdataset/brisc2025/brisc2025/classification_task/train/pituitary/brisc2025_train_03600_pi_ax_t1.jpg,pituitary,/kaggle/input/datasets/briscdataset/brisc2025/brisc2025/classification_task/train/pituitary/brisc2025_train_03676_pi_ax_t1.jpg,pituitary
near,4,/kaggle/input/datasets/briscdataset/brisc2025/brisc2025/classification_task/train/pituitary/brisc2025_train_03601_pi_ax_t1.jpg,pituitary,/kaggle/input/datasets/briscdataset/brisc2025/brisc2025/classification_task/train/pituitary/brisc2025_train_03669_pi_ax_t1.jpg,pituitary
near,6,/kaggle/input/datasets/briscdataset/brisc2025/brisc2025/classification_task/train/pituitary/brisc2025_train_03601_pi_ax_t1.jpg,pituitary,/kaggle/input/datasets/briscdataset/brisc2025/brisc2025/classification_task/test/pituitary/brisc2025_test_00703_pi_ax_t1.jpg,pituitary
near,6,/kaggle/input/datasets/briscdataset/brisc2025/brisc2025/classification_task/train/pituitary/brisc2025_train_03603_pi_ax_t1.jpg,pituitary,/kaggle/input/datasets/briscdataset/brisc2025/brisc2025/classification_task/train/pituitary/brisc2025_train_03604_pi_ax_t1.jpg,pituitary
near,6,/kaggle/input/datasets/briscdataset/brisc2025/brisc2025/classification_task/train/pituitary/brisc2025_train_03604_pi_ax_t1.jpg,pituitary,/kaggle/input/datasets/briscdataset/brisc2025/brisc2025/classification_task/test/pituitary/brisc2025_test_00704_pi_ax_t1.jpg,pituitary
near,6,/kaggle/input/datasets/briscdataset/brisc2025/brisc2025/classification_task/train/pituitary/brisc2025_train_03607_pi_ax_t1.jpg,pituitary,/kaggle/input/datasets/briscdataset/brisc2025/brisc2025/classification_task/train/pituitary/brisc2025_train_03608_pi_ax_t1.jpg,pituitary
near,6,/kaggle/input/datasets/briscdataset/brisc2025/brisc2025/classification_task/train/pituitary/brisc2025_train_03607_pi_ax_t1.jpg,pituitary,/kaggle/input/datasets/briscdataset/brisc2025/brisc2025/classification_task/train/pituitary/brisc2025_train_03610_pi_ax_t1.jpg,pituitary
near,4,/kaggle/input/datasets/briscdataset/brisc2025/brisc2025/classification_task/train/pituitary/brisc2025_train_03607_pi_ax_t1.jpg,pituitary,/kaggle/input/datasets/briscdataset/brisc2025/brisc2025/classification_task/test/pituitary/brisc2025_test_00705_pi_ax_t1.jpg,pituitary
near,4,/kaggle/input/datasets/briscdataset/brisc2025/brisc2025/classification_task/train/pituitary/brisc2025_train_03608_pi_ax_t1.jpg,pituitary,/kaggle/input/datasets/briscdataset/brisc2025/brisc2025/classification_task/train/pituitary/brisc2025_train_03609_pi_ax_t1.jpg,pituitary
near,2,/kaggle/input/datasets/briscdataset/brisc2025/brisc2025/classification_task/train/pituitary/brisc2025_train_03608_pi_ax_t1.jpg,pituitary,/kaggle/input/datasets/briscdataset/brisc2025/brisc2025/classification_task/test/pituitary/brisc2025_test_00705_pi_ax_t1.jpg,pituitary
near,6,/kaggle/input/datasets/briscdataset/brisc2025/brisc2025/classification_task/train/pituitary/brisc2025_train_03609_pi_ax_t1.jpg,pituitary,/kaggle/input/datasets/briscdataset/brisc2025/brisc2025/classification_task/train/pituitary/brisc2025_train_03610_pi_ax_t1.jpg,pituitary
near,4,/kaggle/input/datasets/briscdataset/brisc2025/brisc2025/classification_task/train/pituitary/brisc2025_train_03609_pi_ax_t1.jpg,pituitary,/kaggle/input/datasets/briscdataset/brisc2025/brisc2025/classification_task/test/glioma/brisc2025_test_00043_gl_ax_t1.jpg,glioma
near,6,/kaggle/input/datasets/briscdataset/brisc2025/brisc2025/classification_task/train/pituitary/brisc2025_train_03609_pi_ax_t1.jpg,pituitary,/kaggle/input/datasets/briscdataset/brisc2025/brisc2025/classification_task/test/pituitary/brisc2025_test_00705_pi_ax_t1.jpg,pituitary
near,6,/kaggle/input/datasets/briscdataset/brisc2025/brisc2025/classification_task/train/pituitary/brisc2025_train_03610_pi_ax_t1.jpg,pituitary,/kaggle/input/datasets/briscdataset/brisc2025/brisc2025/classification_task/test/pituitary/brisc2025_test_00706_pi_ax_t1.jpg,pituitary
near,6,/kaggle/input/datasets/briscdataset/brisc2025/brisc2025/classification_task/train/pituitary/brisc2025_train_03611_pi_ax_t1.jpg,pituitary,/kaggle/input/datasets/briscdataset/brisc2025/brisc2025/classification_task/train/pituitary/brisc2025_train_03612_pi_ax_t1.jpg,pituitary
near,4,/kaggle/input/datasets/briscdataset/brisc2025/brisc2025/classification_task/train/pituitary/brisc2025_train_03612_pi_ax_t1.jpg,pituitary,/kaggle/input/datasets/briscdataset/brisc2025/brisc2025/classification_task/train/pituitary/brisc2025_train_03613_pi_ax_t1.jpg,pituitary
near,2,/kaggle/input/datasets/briscdataset/brisc2025/brisc2025/classification_task/train/pituitary/brisc2025_train_03614_pi_ax_t1.jpg,pituitary,/kaggle/input/datasets/briscdataset/brisc2025/brisc2025/classification_task/test/pituitary/brisc2025_test_00707_pi_ax_t1.jpg,pituitary
near,6,/kaggle/input/datasets/briscdataset/brisc2025/brisc2025/classification_task/train/pituitary/brisc2025_train_03617_pi_ax_t1.jpg,pituitary,/kaggle/input/datasets/briscdataset/brisc2025/brisc2025/classification_task/test/pituitary/brisc2025_test_00708_pi_ax_t1.jpg,pituitary
near,3,/kaggle/input/datasets/briscdataset/brisc2025/brisc2025/classification_task/train/pituitary/brisc2025_train_03619_pi_ax_t1.jpg,pituitary,/kaggle/input/datasets/briscdataset/brisc2025/brisc2025/classification_task/test/pituitary/brisc2025_test_00709_pi_ax_t1.jpg,pituitary
near,6,/kaggle/input/datasets/briscdataset/brisc2025/brisc2025/classification_task/train/pituitary/brisc2025_train_03620_pi_ax_t1.jpg,pituitary,/kaggle/input/datasets/briscdataset/brisc2025/brisc2025/classification_task/train/pituitary/brisc2025_train_03621_pi_ax_t1.jpg,pituitary
near,6,/kaggle/input/datasets/briscdataset/brisc2025/brisc2025/classification_task/train/pituitary/brisc2025_train_03620_pi_ax_t1.jpg,pituitary,/kaggle/input/datasets/briscdataset/brisc2025/brisc2025/classification_task/test/pituitary/brisc2025_test_00709_pi_ax_t1.jpg,pituitary
near,6,/kaggle/input/datasets/briscdataset/brisc2025/brisc2025/classification_task/train/pituitary/brisc2025_train_03621_pi_ax_t1.jpg,pituitary,/kaggle/input/datasets/briscdataset/brisc2025/brisc2025/classification_task/train/pituitary/brisc2025_train_03622_pi_ax_t1.jpg,pituitary
near,2,/kaggle/input/datasets/briscdataset/brisc2025/brisc2025/classification_task/train/pituitary/brisc2025_train_03626_pi_ax_t1.jpg,pituitary,/kaggle/input/datasets/briscdataset/brisc2025/brisc2025/classification_task/train/pituitary/brisc2025_train_03627_pi_ax_t1.jpg,pituitary
near,6,/kaggle/input/datasets/briscdataset/brisc2025/brisc2025/classification_task/train/pituitary/brisc2025_train_03632_pi_ax_t1.jpg,pituitary,/kaggle/input/datasets/briscdataset/brisc2025/brisc2025/classification_task/test/pituitary/brisc2025_test_00713_pi_ax_t1.jpg,pituitary
near,5,/kaggle/input/datasets/briscdataset/brisc2025/brisc2025/classification_task/train/pituitary/brisc2025_train_03634_pi_ax_t1.jpg,pituitary,/kaggle/input/datasets/briscdataset/brisc2025/brisc2025/classification_task/train/pituitary/brisc2025_train_03635_pi_ax_t1.jpg,pituitary
near,4,/kaggle/input/datasets/briscdataset/brisc2025/brisc2025/classification_task/train/pituitary/brisc2025_train_03635_pi_ax_t1.jpg,pituitary,/kaggle/input/datasets/briscdataset/brisc2025/brisc2025/classification_task/test/pituitary/brisc2025_test_00714_pi_ax_t1.jpg,pituitary
near,4,/kaggle/input/datasets/briscdataset/brisc2025/brisc2025/classification_task/train/pituitary/brisc2025_train_03639_pi_ax_t1.jpg,pituitary,/kaggle/input/datasets/briscdataset/brisc2025/brisc2025/classification_task/train/pituitary/brisc2025_train_03640_pi_ax_t1.jpg,pituitary
near,5,/kaggle/input/datasets/briscdataset/brisc2025/brisc2025/classification_task/train/pituitary/brisc2025_train_03646_pi_ax_t1.jpg,pituitary,/kaggle/input/datasets/briscdataset/brisc2025/brisc2025/classification_task/test/pituitary/brisc2025_test_00718_pi_ax_t1.jpg,pituitary
near,6,/kaggle/input/datasets/briscdataset/brisc2025/brisc2025/classification_task/train/pituitary/brisc2025_train_03652_pi_ax_t1.jpg,pituitary,/kaggle/input/datasets/briscdataset/brisc2025/brisc2025/classification_task/train/pituitary/brisc2025_train_03708_pi_ax_t1.jpg,pituitary
near,6,/kaggle/input/datasets/briscdataset/brisc2025/brisc2025/classification_task/train/pituitary/brisc2025_train_03653_pi_ax_t1.jpg,pituitary,/kaggle/input/datasets/briscdataset/brisc2025/brisc2025/classification_task/test/pituitary/brisc2025_test_00720_pi_ax_t1.jpg,pituitary
near,2,/kaggle/input/datasets/briscdataset/brisc2025/brisc2025/classification_task/train/pituitary/brisc2025_train_03657_pi_ax_t1.jpg,pituitary,/kaggle/input/datasets/briscdataset/brisc2025/brisc2025/classification_task/train/pituitary/brisc2025_train_03658_pi_ax_t1.jpg,pituitary
near,4,/kaggle/input/datasets/briscdataset/brisc2025/brisc2025/classification_task/train/pituitary/brisc2025_train_03661_pi_ax_t1.jpg,pituitary,/kaggle/input/datasets/briscdataset/brisc2025/brisc2025/classification_task/test/pituitary/brisc2025_test_00723_pi_ax_t1.jpg,pituitary
near,5,/kaggle/input/datasets/briscdataset/brisc2025/brisc2025/classification_task/train/pituitary/brisc2025_train_03663_pi_ax_t1.jpg,pituitary,/kaggle/input/datasets/briscdataset/brisc2025/brisc2025/classification_task/train/pituitary/brisc2025_train_03664_pi_ax_t1.jpg,pituitary
near,4,/kaggle/input/datasets/briscdataset/brisc2025/brisc2025/classification_task/train/pituitary/brisc2025_train_03664_pi_ax_t1.jpg,pituitary,/kaggle/input/datasets/briscdataset/brisc2025/brisc2025/classification_task/train/pituitary/brisc2025_train_03665_pi_ax_t1.jpg,pituitary
near,5,/kaggle/input/datasets/briscdataset/brisc2025/brisc2025/classification_task/train/pituitary/brisc2025_train_03664_pi_ax_t1.jpg,pituitary,/kaggle/input/datasets/briscdataset/brisc2025/brisc2025/classification_task/test/pituitary/brisc2025_test_00724_pi_ax_t1.jpg,pituitary
near,4,/kaggle/input/datasets/briscdataset/brisc2025/brisc2025/classification_task/train/pituitary/brisc2025_train_03665_pi_ax_t1.jpg,pituitary,/kaggle/input/datasets/briscdataset/brisc2025/brisc2025/classification_task/train/pituitary/brisc2025_train_03666_pi_ax_t1.jpg,pituitary
near,4,/kaggle/input/datasets/briscdataset/brisc2025/brisc2025/classification_task/train/pituitary/brisc2025_train_03665_pi_ax_t1.jpg,pituitary,/kaggle/input/datasets/briscdataset/brisc2025/brisc2025/classification_task/train/pituitary/brisc2025_train_03667_pi_ax_t1.jpg,pituitary
near,5,/kaggle/input/datasets/briscdataset/brisc2025/brisc2025/classification_task/train/pituitary/brisc2025_train_03665_pi_ax_t1.jpg,pituitary,/kaggle/input/datasets/briscdataset/brisc2025/brisc2025/classification_task/test/pituitary/brisc2025_test_00724_pi_ax_t1.jpg,pituitary
near,5,/kaggle/input/datasets/briscdataset/brisc2025/brisc2025/classification_task/train/pituitary/brisc2025_train_03665_pi_ax_t1.jpg,pituitary,/kaggle/input/datasets/briscdataset/brisc2025/brisc2025/classification_task/test/pituitary/brisc2025_test_00725_pi_ax_t1.jpg,pituitary
near,2,/kaggle/input/datasets/briscdataset/brisc2025/brisc2025/classification_task/train/pituitary/brisc2025_train_03666_pi_ax_t1.jpg,pituitary,/kaggle/input/datasets/briscdataset/brisc2025/brisc2025/classification_task/train/pituitary/brisc2025_train_03667_pi_ax_t1.jpg,pituitary
near,5,/kaggle/input/datasets/briscdataset/brisc2025/brisc2025/classification_task/train/pituitary/brisc2025_train_03666_pi_ax_t1.jpg,pituitary,/kaggle/input/datasets/briscdataset/brisc2025/brisc2025/classification_task/test/pituitary/brisc2025_test_00725_pi_ax_t1.jpg,pituitary
near,6,/kaggle/input/datasets/briscdataset/brisc2025/brisc2025/classification_task/train/pituitary/brisc2025_train_03671_pi_ax_t1.jpg,pituitary,/kaggle/input/datasets/briscdataset/brisc2025/brisc2025/classification_task/test/pituitary/brisc2025_test_00726_pi_ax_t1.jpg,pituitary
near,2,/kaggle/input/datasets/briscdataset/brisc2025/brisc2025/classification_task/train/pituitary/brisc2025_train_03672_pi_ax_t1.jpg,pituitary,/kaggle/input/datasets/briscdataset/brisc2025/brisc2025/classification_task/train/pituitary/brisc2025_train_03673_pi_ax_t1.jpg,pituitary
near,6,/kaggle/input/datasets/briscdataset/brisc2025/brisc2025/classification_task/train/pituitary/brisc2025_train_03675_pi_ax_t1.jpg,pituitary,/kaggle/input/datasets/briscdataset/brisc2025/brisc2025/classification_task/train/pituitary/brisc2025_train_03677_pi_ax_t1.jpg,pituitary
near,6,/kaggle/input/datasets/briscdataset/brisc2025/brisc2025/classification_task/train/pituitary/brisc2025_train_03676_pi_ax_t1.jpg,pituitary,/kaggle/input/datasets/briscdataset/brisc2025/brisc2025/classification_task/train/pituitary/brisc2025_train_03729_pi_ax_t1.jpg,pituitary
near,4,/kaggle/input/datasets/briscdataset/brisc2025/brisc2025/classification_task/train/pituitary/brisc2025_train_03678_pi_ax_t1.jpg,pituitary,/kaggle/input/datasets/briscdataset/brisc2025/brisc2025/classification_task/train/pituitary/brisc2025_train_03679_pi_ax_t1.jpg,pituitary
near,6,/kaggle/input/datasets/briscdataset/brisc2025/brisc2025/classification_task/train/pituitary/brisc2025_train_03679_pi_ax_t1.jpg,pituitary,/kaggle/input/datasets/briscdataset/brisc2025/brisc2025/classification_task/train/pituitary/brisc2025_train_03680_pi_ax_t1.jpg,pituitary
near,5,/kaggle/input/datasets/briscdataset/brisc2025/brisc2025/classification_task/train/pituitary/brisc2025_train_03679_pi_ax_t1.jpg,pituitary,/kaggle/input/datasets/briscdataset/brisc2025/brisc2025/classification_task/train/pituitary/brisc2025_train_03681_pi_ax_t1.jpg,pituitary
near,5,/kaggle/input/datasets/briscdataset/brisc2025/brisc2025/classification_task/train/pituitary/brisc2025_train_03679_pi_ax_t1.jpg,pituitary,/kaggle/input/datasets/briscdataset/brisc2025/brisc2025/classification_task/test/pituitary/brisc2025_test_00729_pi_ax_t1.jpg,pituitary
near,3,/kaggle/input/datasets/briscdataset/brisc2025/brisc2025/classification_task/train/pituitary/brisc2025_train_03680_pi_ax_t1.jpg,pituitary,/kaggle/input/datasets/briscdataset/brisc2025/brisc2025/classification_task/test/pituitary/brisc2025_test_00729_pi_ax_t1.jpg,pituitary
near,6,/kaggle/input/datasets/briscdataset/brisc2025/brisc2025/classification_task/train/pituitary/brisc2025_train_03680_pi_ax_t1.jpg,pituitary,/kaggle/input/datasets/briscdataset/brisc2025/brisc2025/classification_task/test/pituitary/brisc2025_test_00765_pi_ax_t1.jpg,pituitary
near,2,/kaggle/input/datasets/briscdataset/brisc2025/brisc2025/classification_task/train/pituitary/brisc2025_train_03681_pi_ax_t1.jpg,pituitary,/kaggle/input/datasets/briscdataset/brisc2025/brisc2025/classification_task/train/pituitary/brisc2025_train_03682_pi_ax_t1.jpg,pituitary
near,4,/kaggle/input/datasets/briscdataset/brisc2025/brisc2025/classification_task/train/pituitary/brisc2025_train_03681_pi_ax_t1.jpg,pituitary,/kaggle/input/datasets/briscdataset/brisc2025/brisc2025/classification_task/train/pituitary/brisc2025_train_03683_pi_ax_t1.jpg,pituitary
near,6,/kaggle/input/datasets/briscdataset/brisc2025/brisc2025/classification_task/train/pituitary/brisc2025_train_03681_pi_ax_t1.jpg,pituitary,/kaggle/input/datasets/briscdataset/brisc2025/brisc2025/classification_task/test/pituitary/brisc2025_test_00729_pi_ax_t1.jpg,pituitary
near,2,/kaggle/input/datasets/briscdataset/brisc2025/brisc2025/classification_task/train/pituitary/brisc2025_train_03682_pi_ax_t1.jpg,pituitary,/kaggle/input/datasets/briscdataset/brisc2025/brisc2025/classification_task/train/pituitary/brisc2025_train_03683_pi_ax_t1.jpg,pituitary
near,4,/kaggle/input/datasets/briscdataset/brisc2025/brisc2025/classification_task/train/pituitary/brisc2025_train_03684_pi_ax_t1.jpg,pituitary,/kaggle/input/datasets/briscdataset/brisc2025/brisc2025/classification_task/train/pituitary/brisc2025_train_03685_pi_ax_t1.jpg,pituitary
near,6,/kaggle/input/datasets/briscdataset/brisc2025/brisc2025/classification_task/train/pituitary/brisc2025_train_03684_pi_ax_t1.jpg,pituitary,/kaggle/input/datasets/briscdataset/brisc2025/brisc2025/classification_task/test/pituitary/brisc2025_test_00730_pi_ax_t1.jpg,pituitary
near,4,/kaggle/input/datasets/briscdataset/brisc2025/brisc2025/classification_task/train/pituitary/brisc2025_train_03688_pi_ax_t1.jpg,pituitary,/kaggle/input/datasets/briscdataset/brisc2025/brisc2025/classification_task/train/pituitary/brisc2025_train_03689_pi_ax_t1.jpg,pituitary
near,6,/kaggle/input/datasets/briscdataset/brisc2025/brisc2025/classification_task/train/pituitary/brisc2025_train_03691_pi_ax_t1.jpg,pituitary,/kaggle/input/datasets/briscdataset/brisc2025/brisc2025/classification_task/train/pituitary/brisc2025_train_03692_pi_ax_t1.jpg,pituitary
near,6,/kaggle/input/datasets/briscdataset/brisc2025/brisc2025/classification_task/train/pituitary/brisc2025_train_03692_pi_ax_t1.jpg,pituitary,/kaggle/input/datasets/briscdataset/brisc2025/brisc2025/classification_task/test/pituitary/brisc2025_test_00733_pi_ax_t1.jpg,pituitary
near,5,/kaggle/input/datasets/briscdataset/brisc2025/brisc2025/classification_task/train/pituitary/brisc2025_train_03698_pi_ax_t1.jpg,pituitary,/kaggle/input/datasets/briscdataset/brisc2025/brisc2025/classification_task/train/pituitary/brisc2025_train_03699_pi_ax_t1.jpg,pituitary
near,6,/kaggle/input/datasets/briscdataset/brisc2025/brisc2025/classification_task/train/pituitary/brisc2025_train_03699_pi_ax_t1.jpg,pituitary,/kaggle/input/datasets/briscdataset/brisc2025/brisc2025/classification_task/train/pituitary/brisc2025_train_03700_pi_ax_t1.jpg,pituitary
near,4,/kaggle/input/datasets/briscdataset/brisc2025/brisc2025/classification_task/train/pituitary/brisc2025_train_03699_pi_ax_t1.jpg,pituitary,/kaggle/input/datasets/briscdataset/brisc2025/brisc2025/classification_task/test/pituitary/brisc2025_test_00735_pi_ax_t1.jpg,pituitary
near,6,/kaggle/input/datasets/briscdataset/brisc2025/brisc2025/classification_task/train/pituitary/brisc2025_train_03700_pi_ax_t1.jpg,pituitary,/kaggle/input/datasets/briscdataset/brisc2025/brisc2025/classification_task/train/pituitary/brisc2025_train_03701_pi_ax_t1.jpg,pituitary
near,6,/kaggle/input/datasets/briscdataset/brisc2025/brisc2025/classification_task/train/pituitary/brisc2025_train_03700_pi_ax_t1.jpg,pituitary,/kaggle/input/datasets/briscdataset/brisc2025/brisc2025/classification_task/train/pituitary/brisc2025_train_03777_pi_ax_t1.jpg,pituitary
near,6,/kaggle/input/datasets/briscdataset/brisc2025/brisc2025/classification_task/train/pituitary/brisc2025_train_03708_pi_ax_t1.jpg,pituitary,/kaggle/input/datasets/briscdataset/brisc2025/brisc2025/classification_task/test/pituitary/brisc2025_test_00739_pi_ax_t1.jpg,pituitary
near,2,/kaggle/input/datasets/briscdataset/brisc2025/brisc2025/classification_task/train/pituitary/brisc2025_train_03713_pi_ax_t1.jpg,pituitary,/kaggle/input/datasets/briscdataset/brisc2025/brisc2025/classification_task/test/pituitary/brisc2025_test_00740_pi_ax_t1.jpg,pituitary
near,6,/kaggle/input/datasets/briscdataset/brisc2025/brisc2025/classification_task/train/pituitary/brisc2025_train_03718_pi_ax_t1.jpg,pituitary,/kaggle/input/datasets/briscdataset/brisc2025/brisc2025/classification_task/train/pituitary/brisc2025_train_03719_pi_ax_t1.jpg,pituitary
near,6,/kaggle/input/datasets/briscdataset/brisc2025/brisc2025/classification_task/train/pituitary/brisc2025_train_03718_pi_ax_t1.jpg,pituitary,/kaggle/input/datasets/briscdataset/brisc2025/brisc2025/classification_task/test/pituitary/brisc2025_test_00741_pi_ax_t1.jpg,pituitary
near,6,/kaggle/input/datasets/briscdataset/brisc2025/brisc2025/classification_task/train/pituitary/brisc2025_train_03719_pi_ax_t1.jpg,pituitary,/kaggle/input/datasets/briscdataset/brisc2025/brisc2025/classification_task/test/pituitary/brisc2025_test_00741_pi_ax_t1.jpg,pituitary
near,6,/kaggle/input/datasets/briscdataset/brisc2025/brisc2025/classification_task/train/pituitary/brisc2025_train_03720_pi_ax_t1.jpg,pituitary,/kaggle/input/datasets/briscdataset/brisc2025/brisc2025/classification_task/train/pituitary/brisc2025_train_03721_pi_ax_t1.jpg,pituitary
near,6,/kaggle/input/datasets/briscdataset/brisc2025/brisc2025/classification_task/train/pituitary/brisc2025_train_03720_pi_ax_t1.jpg,pituitary,/kaggle/input/datasets/briscdataset/brisc2025/brisc2025/classification_task/test/pituitary/brisc2025_test_00742_pi_ax_t1.jpg,pituitary
near,4,/kaggle/input/datasets/briscdataset/brisc2025/brisc2025/classification_task/train/pituitary/brisc2025_train_03721_pi_ax_t1.jpg,pituitary,/kaggle/input/datasets/briscdataset/brisc2025/brisc2025/classification_task/test/pituitary/brisc2025_test_00742_pi_ax_t1.jpg,pituitary
near,6,/kaggle/input/datasets/briscdataset/brisc2025/brisc2025/classification_task/train/pituitary/brisc2025_train_03723_pi_ax_t1.jpg,pituitary,/kaggle/input/datasets/briscdataset/brisc2025/brisc2025/classification_task/test/pituitary/brisc2025_test_00743_pi_ax_t1.jpg,pituitary
near,6,/kaggle/input/datasets/briscdataset/brisc2025/brisc2025/classification_task/train/pituitary/brisc2025_train_03730_pi_ax_t1.jpg,pituitary,/kaggle/input/datasets/briscdataset/brisc2025/brisc2025/classification_task/train/pituitary/brisc2025_train_03731_pi_ax_t1.jpg,pituitary
near,6,/kaggle/input/datasets/briscdataset/brisc2025/brisc2025/classification_task/train/pituitary/brisc2025_train_03730_pi_ax_t1.jpg,pituitary,/kaggle/input/datasets/briscdataset/brisc2025/brisc2025/classification_task/test/pituitary/brisc2025_test_00745_pi_ax_t1.jpg,pituitary
near,6,/kaggle/input/datasets/briscdataset/brisc2025/brisc2025/classification_task/train/pituitary/brisc2025_train_03731_pi_ax_t1.jpg,pituitary,/kaggle/input/datasets/briscdataset/brisc2025/brisc2025/classification_task/test/pituitary/brisc2025_test_00745_pi_ax_t1.jpg,pituitary
near,6,/kaggle/input/datasets/briscdataset/brisc2025/brisc2025/classification_task/train/pituitary/brisc2025_train_03733_pi_ax_t1.jpg,pituitary,/kaggle/input/datasets/briscdataset/brisc2025/brisc2025/classification_task/test/pituitary/brisc2025_test_00746_pi_ax_t1.jpg,pituitary
near,5,/kaggle/input/datasets/briscdataset/brisc2025/brisc2025/classification_task/train/pituitary/brisc2025_train_03734_pi_ax_t1.jpg,pituitary,/kaggle/input/datasets/briscdataset/brisc2025/brisc2025/classification_task/train/pituitary/brisc2025_train_03735_pi_ax_t1.jpg,pituitary
near,6,/kaggle/input/datasets/briscdataset/brisc2025/brisc2025/classification_task/train/pituitary/brisc2025_train_03734_pi_ax_t1.jpg,pituitary,/kaggle/input/datasets/briscdataset/brisc2025/brisc2025/classification_task/test/pituitary/brisc2025_test_00746_pi_ax_t1.jpg,pituitary
near,6,/kaggle/input/datasets/briscdataset/brisc2025/brisc2025/classification_task/train/pituitary/brisc2025_train_03737_pi_ax_t1.jpg,pituitary,/kaggle/input/datasets/briscdataset/brisc2025/brisc2025/classification_task/test/pituitary/brisc2025_test_00747_pi_ax_t1.jpg,pituitary
near,4,/kaggle/input/datasets/briscdataset/brisc2025/brisc2025/classification_task/train/pituitary/brisc2025_train_03743_pi_ax_t1.jpg,pituitary,/kaggle/input/datasets/briscdataset/brisc2025/brisc2025/classification_task/test/pituitary/brisc2025_test_00749_pi_ax_t1.jpg,pituitary
near,4,/kaggle/input/datasets/briscdataset/brisc2025/brisc2025/classification_task/train/pituitary/brisc2025_train_03744_pi_ax_t1.jpg,pituitary,/kaggle/input/datasets/briscdataset/brisc2025/brisc2025/classification_task/train/pituitary/brisc2025_train_03745_pi_ax_t1.jpg,pituitary
near,6,/kaggle/input/datasets/briscdataset/brisc2025/brisc2025/classification_task/train/pituitary/brisc2025_train_03745_pi_ax_t1.jpg,pituitary,/kaggle/input/datasets/briscdataset/brisc2025/brisc2025/classification_task/train/pituitary/brisc2025_train_03746_pi_ax_t1.jpg,pituitary
near,5,/kaggle/input/datasets/briscdataset/brisc2025/brisc2025/classification_task/train/pituitary/brisc2025_train_03745_pi_ax_t1.jpg,pituitary,/kaggle/input/datasets/briscdataset/brisc2025/brisc2025/classification_task/test/pituitary/brisc2025_test_00750_pi_ax_t1.jpg,pituitary
near,5,/kaggle/input/datasets/briscdataset/brisc2025/brisc2025/classification_task/train/pituitary/brisc2025_train_03746_pi_ax_t1.jpg,pituitary,/kaggle/input/datasets/briscdataset/brisc2025/brisc2025/classification_task/test/pituitary/brisc2025_test_00750_pi_ax_t1.jpg,pituitary
near,2,/kaggle/input/datasets/briscdataset/brisc2025/brisc2025/classification_task/train/pituitary/brisc2025_train_03748_pi_ax_t1.jpg,pituitary,/kaggle/input/datasets/briscdataset/brisc2025/brisc2025/classification_task/train/pituitary/brisc2025_train_03749_pi_ax_t1.jpg,pituitary
near,2,/kaggle/input/datasets/briscdataset/brisc2025/brisc2025/classification_task/train/pituitary/brisc2025_train_03748_pi_ax_t1.jpg,pituitary,/kaggle/input/datasets/briscdataset/brisc2025/brisc2025/classification_task/test/pituitary/brisc2025_test_00751_pi_ax_t1.jpg,pituitary
near,5,/kaggle/input/datasets/briscdataset/brisc2025/brisc2025/classification_task/train/pituitary/brisc2025_train_03752_pi_ax_t1.jpg,pituitary,/kaggle/input/datasets/briscdataset/brisc2025/brisc2025/classification_task/train/pituitary/brisc2025_train_03969_pi_ax_t1.jpg,pituitary
near,5,/kaggle/input/datasets/briscdataset/brisc2025/brisc2025/classification_task/train/pituitary/brisc2025_train_03753_pi_ax_t1.jpg,pituitary,/kaggle/input/datasets/briscdataset/brisc2025/brisc2025/classification_task/test/pituitary/brisc2025_test_00752_pi_ax_t1.jpg,pituitary
near,6,/kaggle/input/datasets/briscdataset/brisc2025/brisc2025/classification_task/train/pituitary/brisc2025_train_03755_pi_ax_t1.jpg,pituitary,/kaggle/input/datasets/briscdataset/brisc2025/brisc2025/classification_task/train/pituitary/brisc2025_train_03756_pi_ax_t1.jpg,pituitary
near,6,/kaggle/input/datasets/briscdataset/brisc2025/brisc2025/classification_task/train/pituitary/brisc2025_train_03760_pi_ax_t1.jpg,pituitary,/kaggle/input/datasets/briscdataset/brisc2025/brisc2025/classification_task/train/pituitary/brisc2025_train_03761_pi_ax_t1.jpg,pituitary
near,5,/kaggle/input/datasets/briscdataset/brisc2025/brisc2025/classification_task/train/pituitary/brisc2025_train_03761_pi_ax_t1.jpg,pituitary,/kaggle/input/datasets/briscdataset/brisc2025/brisc2025/classification_task/train/pituitary/brisc2025_train_03762_pi_ax_t1.jpg,pituitary
near,4,/kaggle/input/datasets/briscdataset/brisc2025/brisc2025/classification_task/train/pituitary/brisc2025_train_03766_pi_ax_t1.jpg,pituitary,/kaggle/input/datasets/briscdataset/brisc2025/brisc2025/classification_task/test/pituitary/brisc2025_test_00756_pi_ax_t1.jpg,pituitary
near,6,/kaggle/input/datasets/briscdataset/brisc2025/brisc2025/classification_task/train/pituitary/brisc2025_train_03769_pi_ax_t1.jpg,pituitary,/kaggle/input/datasets/briscdataset/brisc2025/brisc2025/classification_task/train/pituitary/brisc2025_train_03784_pi_ax_t1.jpg,pituitary
near,6,/kaggle/input/datasets/briscdataset/brisc2025/brisc2025/classification_task/train/pituitary/brisc2025_train_03773_pi_ax_t1.jpg,pituitary,/kaggle/input/datasets/briscdataset/brisc2025/brisc2025/classification_task/test/pituitary/brisc2025_test_00723_pi_ax_t1.jpg,pituitary
near,3,/kaggle/input/datasets/briscdataset/brisc2025/brisc2025/classification_task/train/pituitary/brisc2025_train_03773_pi_ax_t1.jpg,pituitary,/kaggle/input/datasets/briscdataset/brisc2025/brisc2025/classification_task/test/pituitary/brisc2025_test_00758_pi_ax_t1.jpg,pituitary
near,6,/kaggle/input/datasets/briscdataset/brisc2025/brisc2025/classification_task/train/pituitary/brisc2025_train_03774_pi_ax_t1.jpg,pituitary,/kaggle/input/datasets/briscdataset/brisc2025/brisc2025/classification_task/train/pituitary/brisc2025_train_03775_pi_ax_t1.jpg,pituitary
near,6,/kaggle/input/datasets/briscdataset/brisc2025/brisc2025/classification_task/train/pituitary/brisc2025_train_03774_pi_ax_t1.jpg,pituitary,/kaggle/input/datasets/briscdataset/brisc2025/brisc2025/classification_task/test/pituitary/brisc2025_test_00758_pi_ax_t1.jpg,pituitary
near,6,/kaggle/input/datasets/briscdataset/brisc2025/brisc2025/classification_task/train/pituitary/brisc2025_train_03775_pi_ax_t1.jpg,pituitary,/kaggle/input/datasets/briscdataset/brisc2025/brisc2025/classification_task/train/pituitary/brisc2025_train_03776_pi_ax_t1.jpg,pituitary
near,5,/kaggle/input/datasets/briscdataset/brisc2025/brisc2025/classification_task/train/pituitary/brisc2025_train_03775_pi_ax_t1.jpg,pituitary,/kaggle/input/datasets/briscdataset/brisc2025/brisc2025/classification_task/train/pituitary/brisc2025_train_03777_pi_ax_t1.jpg,pituitary
near,6,/kaggle/input/datasets/briscdataset/brisc2025/brisc2025/classification_task/train/pituitary/brisc2025_train_03775_pi_ax_t1.jpg,pituitary,/kaggle/input/datasets/briscdataset/brisc2025/brisc2025/classification_task/test/pituitary/brisc2025_test_00759_pi_ax_t1.jpg,pituitary
near,5,/kaggle/input/datasets/briscdataset/brisc2025/brisc2025/classification_task/train/pituitary/brisc2025_train_03776_pi_ax_t1.jpg,pituitary,/kaggle/input/datasets/briscdataset/brisc2025/brisc2025/classification_task/train/pituitary/brisc2025_train_03777_pi_ax_t1.jpg,pituitary
near,4,/kaggle/input/datasets/briscdataset/brisc2025/brisc2025/classification_task/train/pituitary/brisc2025_train_03776_pi_ax_t1.jpg,pituitary,/kaggle/input/datasets/briscdataset/brisc2025/brisc2025/classification_task/test/pituitary/brisc2025_test_00759_pi_ax_t1.jpg,pituitary
near,3,/kaggle/input/datasets/briscdataset/brisc2025/brisc2025/classification_task/train/pituitary/brisc2025_train_03777_pi_ax_t1.jpg,pituitary,/kaggle/input/datasets/briscdataset/brisc2025/brisc2025/classification_task/test/pituitary/brisc2025_test_00759_pi_ax_t1.jpg,pituitary
near,6,/kaggle/input/datasets/briscdataset/brisc2025/brisc2025/classification_task/train/pituitary/brisc2025_train_03779_pi_ax_t1.jpg,pituitary,/kaggle/input/datasets/briscdataset/brisc2025/brisc2025/classification_task/test/pituitary/brisc2025_test_00760_pi_ax_t1.jpg,pituitary
near,5,/kaggle/input/datasets/briscdataset/brisc2025/brisc2025/classification_task/train/pituitary/brisc2025_train_03780_pi_ax_t1.jpg,pituitary,/kaggle/input/datasets/briscdataset/brisc2025/brisc2025/classification_task/test/pituitary/brisc2025_test_00760_pi_ax_t1.jpg,pituitary
near,5,/kaggle/input/datasets/briscdataset/brisc2025/brisc2025/classification_task/train/pituitary/brisc2025_train_03781_pi_ax_t1.jpg,pituitary,/kaggle/input/datasets/briscdataset/brisc2025/brisc2025/classification_task/train/pituitary/brisc2025_train_03782_pi_ax_t1.jpg,pituitary
near,6,/kaggle/input/datasets/briscdataset/brisc2025/brisc2025/classification_task/train/pituitary/brisc2025_train_03783_pi_ax_t1.jpg,pituitary,/kaggle/input/datasets/briscdataset/brisc2025/brisc2025/classification_task/test/pituitary/brisc2025_test_00761_pi_ax_t1.jpg,pituitary
near,6,/kaggle/input/datasets/briscdataset/brisc2025/brisc2025/classification_task/train/pituitary/brisc2025_train_03786_pi_ax_t1.jpg,pituitary,/kaggle/input/datasets/briscdataset/brisc2025/brisc2025/classification_task/test/pituitary/brisc2025_test_00763_pi_ax_t1.jpg,pituitary
near,6,/kaggle/input/datasets/briscdataset/brisc2025/brisc2025/classification_task/train/pituitary/brisc2025_train_03789_pi_ax_t1.jpg,pituitary,/kaggle/input/datasets/briscdataset/brisc2025/brisc2025/classification_task/test/pituitary/brisc2025_test_00764_pi_ax_t1.jpg,pituitary
near,4,/kaggle/input/datasets/briscdataset/brisc2025/brisc2025/classification_task/train/pituitary/brisc2025_train_03790_pi_ax_t1.jpg,pituitary,/kaggle/input/datasets/briscdataset/brisc2025/brisc2025/classification_task/test/pituitary/brisc2025_test_00764_pi_ax_t1.jpg,pituitary
near,6,/kaggle/input/datasets/briscdataset/brisc2025/brisc2025/classification_task/train/pituitary/brisc2025_train_03793_pi_ax_t1.jpg,pituitary,/kaggle/input/datasets/briscdataset/brisc2025/brisc2025/classification_task/train/pituitary/brisc2025_train_03794_pi_ax_t1.jpg,pituitary
near,2,/kaggle/input/datasets/briscdataset/brisc2025/brisc2025/classification_task/train/pituitary/brisc2025_train_03793_pi_ax_t1.jpg,pituitary,/kaggle/input/datasets/briscdataset/brisc2025/brisc2025/classification_task/test/pituitary/brisc2025_test_00765_pi_ax_t1.jpg,pituitary
near,5,/kaggle/input/datasets/briscdataset/brisc2025/brisc2025/classification_task/train/pituitary/brisc2025_train_03794_pi_ax_t1.jpg,pituitary,/kaggle/input/datasets/briscdataset/brisc2025/brisc2025/classification_task/train/pituitary/brisc2025_train_03795_pi_ax_t1.jpg,pituitary
near,6,/kaggle/input/datasets/briscdataset/brisc2025/brisc2025/classification_task/train/pituitary/brisc2025_train_03799_pi_ax_t1.jpg,pituitary,/kaggle/input/datasets/briscdataset/brisc2025/brisc2025/classification_task/train/pituitary/brisc2025_train_03800_pi_ax_t1.jpg,pituitary
near,4,/kaggle/input/datasets/briscdataset/brisc2025/brisc2025/classification_task/train/pituitary/brisc2025_train_03799_pi_ax_t1.jpg,pituitary,/kaggle/input/datasets/briscdataset/brisc2025/brisc2025/classification_task/test/pituitary/brisc2025_test_00767_pi_ax_t1.jpg,pituitary
near,5,/kaggle/input/datasets/briscdataset/brisc2025/brisc2025/classification_task/train/pituitary/brisc2025_train_03801_pi_ax_t1.jpg,pituitary,/kaggle/input/datasets/briscdataset/brisc2025/brisc2025/classification_task/test/pituitary/brisc2025_test_00768_pi_ax_t1.jpg,pituitary
near,5,/kaggle/input/datasets/briscdataset/brisc2025/brisc2025/classification_task/train/pituitary/brisc2025_train_03802_pi_ax_t1.jpg,pituitary,/kaggle/input/datasets/briscdataset/brisc2025/brisc2025/classification_task/test/pituitary/brisc2025_test_00768_pi_ax_t1.jpg,pituitary
near,6,/kaggle/input/datasets/briscdataset/brisc2025/brisc2025/classification_task/train/pituitary/brisc2025_train_03803_pi_ax_t1.jpg,pituitary,/kaggle/input/datasets/briscdataset/brisc2025/brisc2025/classification_task/test/pituitary/brisc2025_test_00768_pi_ax_t1.jpg,pituitary
near,4,/kaggle/input/datasets/briscdataset/brisc2025/brisc2025/classification_task/train/pituitary/brisc2025_train_03805_pi_ax_t1.jpg,pituitary,/kaggle/input/datasets/briscdataset/brisc2025/brisc2025/classification_task/train/pituitary/brisc2025_train_03806_pi_ax_t1.jpg,pituitary
near,6,/kaggle/input/datasets/briscdataset/brisc2025/brisc2025/classification_task/train/pituitary/brisc2025_train_03805_pi_ax_t1.jpg,pituitary,/kaggle/input/datasets/briscdataset/brisc2025/brisc2025/classification_task/test/pituitary/brisc2025_test_00769_pi_ax_t1.jpg,pituitary
near,6,/kaggle/input/datasets/briscdataset/brisc2025/brisc2025/classification_task/train/pituitary/brisc2025_train_03806_pi_ax_t1.jpg,pituitary,/kaggle/input/datasets/briscdataset/brisc2025/brisc2025/classification_task/test/pituitary/brisc2025_test_00769_pi_ax_t1.jpg,pituitary
near,5,/kaggle/input/datasets/briscdataset/brisc2025/brisc2025/classification_task/train/pituitary/brisc2025_train_03814_pi_ax_t1.jpg,pituitary,/kaggle/input/datasets/briscdataset/brisc2025/brisc2025/classification_task/train/pituitary/brisc2025_train_03815_pi_ax_t1.jpg,pituitary
near,6,/kaggle/input/datasets/briscdataset/brisc2025/brisc2025/classification_task/train/pituitary/brisc2025_train_03814_pi_ax_t1.jpg,pituitary,/kaggle/input/datasets/briscdataset/brisc2025/brisc2025/classification_task/test/pituitary/brisc2025_test_00773_pi_ax_t1.jpg,pituitary
near,6,/kaggle/input/datasets/briscdataset/brisc2025/brisc2025/classification_task/train/pituitary/brisc2025_train_03815_pi_ax_t1.jpg,pituitary,/kaggle/input/datasets/briscdataset/brisc2025/brisc2025/classification_task/train/pituitary/brisc2025_train_03816_pi_ax_t1.jpg,pituitary
near,4,/kaggle/input/datasets/briscdataset/brisc2025/brisc2025/classification_task/train/pituitary/brisc2025_train_03820_pi_ax_t1.jpg,pituitary,/kaggle/input/datasets/briscdataset/brisc2025/brisc2025/classification_task/test/pituitary/brisc2025_test_00774_pi_ax_t1.jpg,pituitary
near,5,/kaggle/input/datasets/briscdataset/brisc2025/brisc2025/classification_task/train/pituitary/brisc2025_train_03822_pi_ax_t1.jpg,pituitary,/kaggle/input/datasets/briscdataset/brisc2025/brisc2025/classification_task/test/pituitary/brisc2025_test_00775_pi_ax_t1.jpg,pituitary
near,5,/kaggle/input/datasets/briscdataset/brisc2025/brisc2025/classification_task/train/pituitary/brisc2025_train_03827_pi_ax_t1.jpg,pituitary,/kaggle/input/datasets/briscdataset/brisc2025/brisc2025/classification_task/test/pituitary/brisc2025_test_00743_pi_ax_t1.jpg,pituitary
near,4,/kaggle/input/datasets/briscdataset/brisc2025/brisc2025/classification_task/train/pituitary/brisc2025_train_03829_pi_ax_t1.jpg,pituitary,/kaggle/input/datasets/briscdataset/brisc2025/brisc2025/classification_task/train/pituitary/brisc2025_train_03830_pi_ax_t1.jpg,pituitary
near,6,/kaggle/input/datasets/briscdataset/brisc2025/brisc2025/classification_task/train/pituitary/brisc2025_train_03829_pi_ax_t1.jpg,pituitary,/kaggle/input/datasets/briscdataset/brisc2025/brisc2025/classification_task/test/pituitary/brisc2025_test_00796_pi_ax_t1.jpg,pituitary
near,6,/kaggle/input/datasets/briscdataset/brisc2025/brisc2025/classification_task/train/pituitary/brisc2025_train_03833_pi_ax_t1.jpg,pituitary,/kaggle/input/datasets/briscdataset/brisc2025/brisc2025/classification_task/train/pituitary/brisc2025_train_03834_pi_ax_t1.jpg,pituitary
near,5,/kaggle/input/datasets/briscdataset/brisc2025/brisc2025/classification_task/train/pituitary/brisc2025_train_03839_pi_ax_t1.jpg,pituitary,/kaggle/input/datasets/briscdataset/brisc2025/brisc2025/classification_task/train/pituitary/brisc2025_train_03841_pi_ax_t1.jpg,pituitary
near,6,/kaggle/input/datasets/briscdataset/brisc2025/brisc2025/classification_task/train/pituitary/brisc2025_train_03839_pi_ax_t1.jpg,pituitary,/kaggle/input/datasets/briscdataset/brisc2025/brisc2025/classification_task/test/pituitary/brisc2025_test_00781_pi_ax_t1.jpg,pituitary
near,5,/kaggle/input/datasets/briscdataset/brisc2025/brisc2025/classification_task/train/pituitary/brisc2025_train_03840_pi_ax_t1.jpg,pituitary,/kaggle/input/datasets/briscdataset/brisc2025/brisc2025/classification_task/train/pituitary/brisc2025_train_03847_pi_ax_t1.jpg,pituitary
near,5,/kaggle/input/datasets/briscdataset/brisc2025/brisc2025/classification_task/train/pituitary/brisc2025_train_03841_pi_ax_t1.jpg,pituitary,/kaggle/input/datasets/briscdataset/brisc2025/brisc2025/classification_task/test/pituitary/brisc2025_test_00781_pi_ax_t1.jpg,pituitary
near,6,/kaggle/input/datasets/briscdataset/brisc2025/brisc2025/classification_task/train/pituitary/brisc2025_train_03842_pi_ax_t1.jpg,pituitary,/kaggle/input/datasets/briscdataset/brisc2025/brisc2025/classification_task/train/pituitary/brisc2025_train_03843_pi_ax_t1.jpg,pituitary
near,4,/kaggle/input/datasets/briscdataset/brisc2025/brisc2025/classification_task/train/pituitary/brisc2025_train_03842_pi_ax_t1.jpg,pituitary,/kaggle/input/datasets/briscdataset/brisc2025/brisc2025/classification_task/test/pituitary/brisc2025_test_00781_pi_ax_t1.jpg,pituitary
near,4,/kaggle/input/datasets/briscdataset/brisc2025/brisc2025/classification_task/train/pituitary/brisc2025_train_03843_pi_ax_t1.jpg,pituitary,/kaggle/input/datasets/briscdataset/brisc2025/brisc2025/classification_task/train/pituitary/brisc2025_train_03844_pi_ax_t1.jpg,pituitary
near,5,/kaggle/input/datasets/briscdataset/brisc2025/brisc2025/classification_task/train/pituitary/brisc2025_train_03845_pi_ax_t1.jpg,pituitary,/kaggle/input/datasets/briscdataset/brisc2025/brisc2025/classification_task/train/pituitary/brisc2025_train_03846_pi_ax_t1.jpg,pituitary
near,5,/kaggle/input/datasets/briscdataset/brisc2025/brisc2025/classification_task/train/pituitary/brisc2025_train_03845_pi_ax_t1.jpg,pituitary,/kaggle/input/datasets/briscdataset/brisc2025/brisc2025/classification_task/test/pituitary/brisc2025_test_00782_pi_ax_t1.jpg,pituitary
near,4,/kaggle/input/datasets/briscdataset/brisc2025/brisc2025/classification_task/train/pituitary/brisc2025_train_03846_pi_ax_t1.jpg,pituitary,/kaggle/input/datasets/briscdataset/brisc2025/brisc2025/classification_task/test/pituitary/brisc2025_test_00782_pi_ax_t1.jpg,pituitary
near,4,/kaggle/input/datasets/briscdataset/brisc2025/brisc2025/classification_task/train/pituitary/brisc2025_train_03847_pi_ax_t1.jpg,pituitary,/kaggle/input/datasets/briscdataset/brisc2025/brisc2025/classification_task/test/pituitary/brisc2025_test_00783_pi_ax_t1.jpg,pituitary
near,3,/kaggle/input/datasets/briscdataset/brisc2025/brisc2025/classification_task/train/pituitary/brisc2025_train_03848_pi_ax_t1.jpg,pituitary,/kaggle/input/datasets/briscdataset/brisc2025/brisc2025/classification_task/test/pituitary/brisc2025_test_00784_pi_ax_t1.jpg,pituitary
near,6,/kaggle/input/datasets/briscdataset/brisc2025/brisc2025/classification_task/train/pituitary/brisc2025_train_03849_pi_ax_t1.jpg,pituitary,/kaggle/input/datasets/briscdataset/brisc2025/brisc2025/classification_task/train/pituitary/brisc2025_train_03850_pi_ax_t1.jpg,pituitary
near,4,/kaggle/input/datasets/briscdataset/brisc2025/brisc2025/classification_task/train/pituitary/brisc2025_train_03851_pi_ax_t1.jpg,pituitary,/kaggle/input/datasets/briscdataset/brisc2025/brisc2025/classification_task/test/pituitary/brisc2025_test_00785_pi_ax_t1.jpg,pituitary
near,5,/kaggle/input/datasets/briscdataset/brisc2025/brisc2025/classification_task/train/pituitary/brisc2025_train_03854_pi_ax_t1.jpg,pituitary,/kaggle/input/datasets/briscdataset/brisc2025/brisc2025/classification_task/test/pituitary/brisc2025_test_00804_pi_ax_t1.jpg,pituitary
near,6,/kaggle/input/datasets/briscdataset/brisc2025/brisc2025/classification_task/train/pituitary/brisc2025_train_03855_pi_ax_t1.jpg,pituitary,/kaggle/input/datasets/briscdataset/brisc2025/brisc2025/classification_task/train/pituitary/brisc2025_train_03856_pi_ax_t1.jpg,pituitary
near,6,/kaggle/input/datasets/briscdataset/brisc2025/brisc2025/classification_task/train/pituitary/brisc2025_train_03856_pi_ax_t1.jpg,pituitary,/kaggle/input/datasets/briscdataset/brisc2025/brisc2025/classification_task/train/pituitary/brisc2025_train_03857_pi_ax_t1.jpg,pituitary
near,2,/kaggle/input/datasets/briscdataset/brisc2025/brisc2025/classification_task/train/pituitary/brisc2025_train_03862_pi_ax_t1.jpg,pituitary,/kaggle/input/datasets/briscdataset/brisc2025/brisc2025/classification_task/train/pituitary/brisc2025_train_03863_pi_ax_t1.jpg,pituitary
near,6,/kaggle/input/datasets/briscdataset/brisc2025/brisc2025/classification_task/train/pituitary/brisc2025_train_03862_pi_ax_t1.jpg,pituitary,/kaggle/input/datasets/briscdataset/brisc2025/brisc2025/classification_task/test/meningioma/brisc2025_test_00365_me_ax_t1.jpg,meningioma
near,6,/kaggle/input/datasets/briscdataset/brisc2025/brisc2025/classification_task/train/pituitary/brisc2025_train_03863_pi_ax_t1.jpg,pituitary,/kaggle/input/datasets/briscdataset/brisc2025/brisc2025/classification_task/test/pituitary/brisc2025_test_00789_pi_ax_t1.jpg,pituitary
near,6,/kaggle/input/datasets/briscdataset/brisc2025/brisc2025/classification_task/train/pituitary/brisc2025_train_03866_pi_ax_t1.jpg,pituitary,/kaggle/input/datasets/briscdataset/brisc2025/brisc2025/classification_task/test/pituitary/brisc2025_test_00790_pi_ax_t1.jpg,pituitary
near,4,/kaggle/input/datasets/briscdataset/brisc2025/brisc2025/classification_task/train/pituitary/brisc2025_train_03867_pi_ax_t1.jpg,pituitary,/kaggle/input/datasets/briscdataset/brisc2025/brisc2025/classification_task/train/pituitary/brisc2025_train_03869_pi_ax_t1.jpg,pituitary
near,6,/kaggle/input/datasets/briscdataset/brisc2025/brisc2025/classification_task/train/pituitary/brisc2025_train_03870_pi_ax_t1.jpg,pituitary,/kaggle/input/datasets/briscdataset/brisc2025/brisc2025/classification_task/test/pituitary/brisc2025_test_00791_pi_ax_t1.jpg,pituitary
near,3,/kaggle/input/datasets/briscdataset/brisc2025/brisc2025/classification_task/train/pituitary/brisc2025_train_03871_pi_ax_t1.jpg,pituitary,/kaggle/input/datasets/briscdataset/brisc2025/brisc2025/classification_task/train/pituitary/brisc2025_train_03872_pi_ax_t1.jpg,pituitary
near,5,/kaggle/input/datasets/briscdataset/brisc2025/brisc2025/classification_task/train/pituitary/brisc2025_train_03872_pi_ax_t1.jpg,pituitary,/kaggle/input/datasets/briscdataset/brisc2025/brisc2025/classification_task/test/pituitary/brisc2025_test_00791_pi_ax_t1.jpg,pituitary
near,6,/kaggle/input/datasets/briscdataset/brisc2025/brisc2025/classification_task/train/pituitary/brisc2025_train_03873_pi_ax_t1.jpg,pituitary,/kaggle/input/datasets/briscdataset/brisc2025/brisc2025/classification_task/test/pituitary/brisc2025_test_00792_pi_ax_t1.jpg,pituitary
near,6,/kaggle/input/datasets/briscdataset/brisc2025/brisc2025/classification_task/train/pituitary/brisc2025_train_03876_pi_ax_t1.jpg,pituitary,/kaggle/input/datasets/briscdataset/brisc2025/brisc2025/classification_task/test/pituitary/brisc2025_test_00796_pi_ax_t1.jpg,pituitary
near,4,/kaggle/input/datasets/briscdataset/brisc2025/brisc2025/classification_task/train/pituitary/brisc2025_train_03879_pi_ax_t1.jpg,pituitary,/kaggle/input/datasets/briscdataset/brisc2025/brisc2025/classification_task/train/pituitary/brisc2025_train_03880_pi_ax_t1.jpg,pituitary
near,6,/kaggle/input/datasets/briscdataset/brisc2025/brisc2025/classification_task/train/pituitary/brisc2025_train_03880_pi_ax_t1.jpg,pituitary,/kaggle/input/datasets/briscdataset/brisc2025/brisc2025/classification_task/test/pituitary/brisc2025_test_00794_pi_ax_t1.jpg,pituitary
near,2,/kaggle/input/datasets/briscdataset/brisc2025/brisc2025/classification_task/train/pituitary/brisc2025_train_03881_pi_ax_t1.jpg,pituitary,/kaggle/input/datasets/briscdataset/brisc2025/brisc2025/classification_task/train/pituitary/brisc2025_train_03882_pi_ax_t1.jpg,pituitary
near,5,/kaggle/input/datasets/briscdataset/brisc2025/brisc2025/classification_task/train/pituitary/brisc2025_train_03884_pi_ax_t1.jpg,pituitary,/kaggle/input/datasets/briscdataset/brisc2025/brisc2025/classification_task/test/pituitary/brisc2025_test_00796_pi_ax_t1.jpg,pituitary
near,6,/kaggle/input/datasets/briscdataset/brisc2025/brisc2025/classification_task/train/pituitary/brisc2025_train_03890_pi_ax_t1.jpg,pituitary,/kaggle/input/datasets/briscdataset/brisc2025/brisc2025/classification_task/test/pituitary/brisc2025_test_00798_pi_ax_t1.jpg,pituitary
near,6,/kaggle/input/datasets/briscdataset/brisc2025/brisc2025/classification_task/train/pituitary/brisc2025_train_03891_pi_ax_t1.jpg,pituitary,/kaggle/input/datasets/briscdataset/brisc2025/brisc2025/classification_task/train/pituitary/brisc2025_train_03893_pi_ax_t1.jpg,pituitary
near,5,/kaggle/input/datasets/briscdataset/brisc2025/brisc2025/classification_task/train/pituitary/brisc2025_train_03892_pi_ax_t1.jpg,pituitary,/kaggle/input/datasets/briscdataset/brisc2025/brisc2025/classification_task/test/pituitary/brisc2025_test_00777_pi_ax_t1.jpg,pituitary
near,6,/kaggle/input/datasets/briscdataset/brisc2025/brisc2025/classification_task/train/pituitary/brisc2025_train_03892_pi_ax_t1.jpg,pituitary,/kaggle/input/datasets/briscdataset/brisc2025/brisc2025/classification_task/test/pituitary/brisc2025_test_00799_pi_ax_t1.jpg,pituitary
near,6,/kaggle/input/datasets/briscdataset/brisc2025/brisc2025/classification_task/train/pituitary/brisc2025_train_03895_pi_ax_t1.jpg,pituitary,/kaggle/input/datasets/briscdataset/brisc2025/brisc2025/classification_task/train/pituitary/brisc2025_train_03896_pi_ax_t1.jpg,pituitary
near,6,/kaggle/input/datasets/briscdataset/brisc2025/brisc2025/classification_task/train/pituitary/brisc2025_train_03901_pi_ax_t1.jpg,pituitary,/kaggle/input/datasets/briscdataset/brisc2025/brisc2025/classification_task/train/pituitary/brisc2025_train_03902_pi_ax_t1.jpg,pituitary
near,6,/kaggle/input/datasets/briscdataset/brisc2025/brisc2025/classification_task/train/pituitary/brisc2025_train_03902_pi_ax_t1.jpg,pituitary,/kaggle/input/datasets/briscdataset/brisc2025/brisc2025/classification_task/train/pituitary/brisc2025_train_03903_pi_ax_t1.jpg,pituitary
near,2,/kaggle/input/datasets/briscdataset/brisc2025/brisc2025/classification_task/train/pituitary/brisc2025_train_03903_pi_ax_t1.jpg,pituitary,/kaggle/input/datasets/briscdataset/brisc2025/brisc2025/classification_task/test/pituitary/brisc2025_test_00803_pi_ax_t1.jpg,pituitary
near,5,/kaggle/input/datasets/briscdataset/brisc2025/brisc2025/classification_task/train/pituitary/brisc2025_train_03904_pi_ax_t1.jpg,pituitary,/kaggle/input/datasets/briscdataset/brisc2025/brisc2025/classification_task/train/pituitary/brisc2025_train_03905_pi_ax_t1.jpg,pituitary
near,6,/kaggle/input/datasets/briscdataset/brisc2025/brisc2025/classification_task/train/pituitary/brisc2025_train_03905_pi_ax_t1.jpg,pituitary,/kaggle/input/datasets/briscdataset/brisc2025/brisc2025/classification_task/train/pituitary/brisc2025_train_03906_pi_ax_t1.jpg,pituitary
near,3,/kaggle/input/datasets/briscdataset/brisc2025/brisc2025/classification_task/train/pituitary/brisc2025_train_03907_pi_ax_t1.jpg,pituitary,/kaggle/input/datasets/briscdataset/brisc2025/brisc2025/classification_task/train/pituitary/brisc2025_train_03908_pi_ax_t1.jpg,pituitary
near,6,/kaggle/input/datasets/briscdataset/brisc2025/brisc2025/classification_task/train/pituitary/brisc2025_train_03911_pi_ax_t1.jpg,pituitary,/kaggle/input/datasets/briscdataset/brisc2025/brisc2025/classification_task/train/pituitary/brisc2025_train_03912_pi_ax_t1.jpg,pituitary
near,4,/kaggle/input/datasets/briscdataset/brisc2025/brisc2025/classification_task/train/pituitary/brisc2025_train_03911_pi_ax_t1.jpg,pituitary,/kaggle/input/datasets/briscdataset/brisc2025/brisc2025/classification_task/train/pituitary/brisc2025_train_04360_pi_co_t1.jpg,pituitary
near,6,/kaggle/input/datasets/briscdataset/brisc2025/brisc2025/classification_task/train/pituitary/brisc2025_train_03911_pi_ax_t1.jpg,pituitary,/kaggle/input/datasets/briscdataset/brisc2025/brisc2025/classification_task/test/pituitary/brisc2025_test_00806_pi_ax_t1.jpg,pituitary
near,4,/kaggle/input/datasets/briscdataset/brisc2025/brisc2025/classification_task/train/pituitary/brisc2025_train_03912_pi_ax_t1.jpg,pituitary,/kaggle/input/datasets/briscdataset/brisc2025/brisc2025/classification_task/test/pituitary/brisc2025_test_00806_pi_ax_t1.jpg,pituitary
near,6,/kaggle/input/datasets/briscdataset/brisc2025/brisc2025/classification_task/train/pituitary/brisc2025_train_03913_pi_ax_t1.jpg,pituitary,/kaggle/input/datasets/briscdataset/brisc2025/brisc2025/classification_task/train/pituitary/brisc2025_train_03914_pi_ax_t1.jpg,pituitary
near,5,/kaggle/input/datasets/briscdataset/brisc2025/brisc2025/classification_task/train/pituitary/brisc2025_train_03915_pi_ax_t1.jpg,pituitary,/kaggle/input/datasets/briscdataset/brisc2025/brisc2025/classification_task/train/pituitary/brisc2025_train_03916_pi_ax_t1.jpg,pituitary
near,6,/kaggle/input/datasets/briscdataset/brisc2025/brisc2025/classification_task/train/pituitary/brisc2025_train_03915_pi_ax_t1.jpg,pituitary,/kaggle/input/datasets/briscdataset/brisc2025/brisc2025/classification_task/train/pituitary/brisc2025_train_03917_pi_ax_t1.jpg,pituitary
near,5,/kaggle/input/datasets/briscdataset/brisc2025/brisc2025/classification_task/train/pituitary/brisc2025_train_03916_pi_ax_t1.jpg,pituitary,/kaggle/input/datasets/briscdataset/brisc2025/brisc2025/classification_task/train/pituitary/brisc2025_train_03917_pi_ax_t1.jpg,pituitary
near,4,/kaggle/input/datasets/briscdataset/brisc2025/brisc2025/classification_task/train/pituitary/brisc2025_train_03916_pi_ax_t1.jpg,pituitary,/kaggle/input/datasets/briscdataset/brisc2025/brisc2025/classification_task/train/pituitary/brisc2025_train_03918_pi_ax_t1.jpg,pituitary
near,6,/kaggle/input/datasets/briscdataset/brisc2025/brisc2025/classification_task/train/pituitary/brisc2025_train_03916_pi_ax_t1.jpg,pituitary,/kaggle/input/datasets/briscdataset/brisc2025/brisc2025/classification_task/test/pituitary/brisc2025_test_00807_pi_ax_t1.jpg,pituitary
near,5,/kaggle/input/datasets/briscdataset/brisc2025/brisc2025/classification_task/train/pituitary/brisc2025_train_03917_pi_ax_t1.jpg,pituitary,/kaggle/input/datasets/briscdataset/brisc2025/brisc2025/classification_task/train/pituitary/brisc2025_train_03918_pi_ax_t1.jpg,pituitary
near,4,/kaggle/input/datasets/briscdataset/brisc2025/brisc2025/classification_task/train/pituitary/brisc2025_train_03917_pi_ax_t1.jpg,pituitary,/kaggle/input/datasets/briscdataset/brisc2025/brisc2025/classification_task/test/pituitary/brisc2025_test_00808_pi_ax_t1.jpg,pituitary
near,5,/kaggle/input/datasets/briscdataset/brisc2025/brisc2025/classification_task/train/pituitary/brisc2025_train_03918_pi_ax_t1.jpg,pituitary,/kaggle/input/datasets/briscdataset/brisc2025/brisc2025/classification_task/test/pituitary/brisc2025_test_00808_pi_ax_t1.jpg,pituitary
near,5,/kaggle/input/datasets/briscdataset/brisc2025/brisc2025/classification_task/train/pituitary/brisc2025_train_03920_pi_ax_t1.jpg,pituitary,/kaggle/input/datasets/briscdataset/brisc2025/brisc2025/classification_task/train/pituitary/brisc2025_train_03921_pi_ax_t1.jpg,pituitary
near,6,/kaggle/input/datasets/briscdataset/brisc2025/brisc2025/classification_task/train/pituitary/brisc2025_train_03921_pi_ax_t1.jpg,pituitary,/kaggle/input/datasets/briscdataset/brisc2025/brisc2025/classification_task/test/pituitary/brisc2025_test_00809_pi_ax_t1.jpg,pituitary
near,4,/kaggle/input/datasets/briscdataset/brisc2025/brisc2025/classification_task/train/pituitary/brisc2025_train_03922_pi_ax_t1.jpg,pituitary,/kaggle/input/datasets/briscdataset/brisc2025/brisc2025/classification_task/test/pituitary/brisc2025_test_00809_pi_ax_t1.jpg,pituitary
near,6,/kaggle/input/datasets/briscdataset/brisc2025/brisc2025/classification_task/train/pituitary/brisc2025_train_03927_pi_ax_t1.jpg,pituitary,/kaggle/input/datasets/briscdataset/brisc2025/brisc2025/classification_task/test/pituitary/brisc2025_test_00811_pi_ax_t1.jpg,pituitary
near,6,/kaggle/input/datasets/briscdataset/brisc2025/brisc2025/classification_task/train/pituitary/brisc2025_train_03928_pi_ax_t1.jpg,pituitary,/kaggle/input/datasets/briscdataset/brisc2025/brisc2025/classification_task/train/pituitary/brisc2025_train_03929_pi_ax_t1.jpg,pituitary
near,5,/kaggle/input/datasets/briscdataset/brisc2025/brisc2025/classification_task/train/pituitary/brisc2025_train_03928_pi_ax_t1.jpg,pituitary,/kaggle/input/datasets/briscdataset/brisc2025/brisc2025/classification_task/test/pituitary/brisc2025_test_00811_pi_ax_t1.jpg,pituitary
near,6,/kaggle/input/datasets/briscdataset/brisc2025/brisc2025/classification_task/train/pituitary/brisc2025_train_03931_pi_ax_t1.jpg,pituitary,/kaggle/input/datasets/briscdataset/brisc2025/brisc2025/classification_task/train/pituitary/brisc2025_train_03932_pi_ax_t1.jpg,pituitary
near,4,/kaggle/input/datasets/briscdataset/brisc2025/brisc2025/classification_task/train/pituitary/brisc2025_train_03933_pi_ax_t1.jpg,pituitary,/kaggle/input/datasets/briscdataset/brisc2025/brisc2025/classification_task/test/pituitary/brisc2025_test_00813_pi_ax_t1.jpg,pituitary
near,4,/kaggle/input/datasets/briscdataset/brisc2025/brisc2025/classification_task/train/pituitary/brisc2025_train_03934_pi_ax_t1.jpg,pituitary,/kaggle/input/datasets/briscdataset/brisc2025/brisc2025/classification_task/train/pituitary/brisc2025_train_03935_pi_ax_t1.jpg,pituitary
near,5,/kaggle/input/datasets/briscdataset/brisc2025/brisc2025/classification_task/train/pituitary/brisc2025_train_03935_pi_ax_t1.jpg,pituitary,/kaggle/input/datasets/briscdataset/brisc2025/brisc2025/classification_task/train/pituitary/brisc2025_train_03936_pi_ax_t1.jpg,pituitary
near,5,/kaggle/input/datasets/briscdataset/brisc2025/brisc2025/classification_task/train/pituitary/brisc2025_train_03935_pi_ax_t1.jpg,pituitary,/kaggle/input/datasets/briscdataset/brisc2025/brisc2025/classification_task/test/pituitary/brisc2025_test_00814_pi_ax_t1.jpg,pituitary
near,4,/kaggle/input/datasets/briscdataset/brisc2025/brisc2025/classification_task/train/pituitary/brisc2025_train_03936_pi_ax_t1.jpg,pituitary,/kaggle/input/datasets/briscdataset/brisc2025/brisc2025/classification_task/test/pituitary/brisc2025_test_00814_pi_ax_t1.jpg,pituitary
near,4,/kaggle/input/datasets/briscdataset/brisc2025/brisc2025/classification_task/train/pituitary/brisc2025_train_03937_pi_ax_t1.jpg,pituitary,/kaggle/input/datasets/briscdataset/brisc2025/brisc2025/classification_task/test/pituitary/brisc2025_test_00814_pi_ax_t1.jpg,pituitary
near,4,/kaggle/input/datasets/briscdataset/brisc2025/brisc2025/classification_task/train/pituitary/brisc2025_train_03938_pi_ax_t1.jpg,pituitary,/kaggle/input/datasets/briscdataset/brisc2025/brisc2025/classification_task/train/pituitary/brisc2025_train_03939_pi_ax_t1.jpg,pituitary
near,6,/kaggle/input/datasets/briscdataset/brisc2025/brisc2025/classification_task/train/pituitary/brisc2025_train_03940_pi_ax_t1.jpg,pituitary,/kaggle/input/datasets/briscdataset/brisc2025/brisc2025/classification_task/train/pituitary/brisc2025_train_03941_pi_ax_t1.jpg,pituitary
near,6,/kaggle/input/datasets/briscdataset/brisc2025/brisc2025/classification_task/train/pituitary/brisc2025_train_03941_pi_ax_t1.jpg,pituitary,/kaggle/input/datasets/briscdataset/brisc2025/brisc2025/classification_task/test/pituitary/brisc2025_test_00815_pi_ax_t1.jpg,pituitary
near,6,/kaggle/input/datasets/briscdataset/brisc2025/brisc2025/classification_task/train/pituitary/brisc2025_train_03942_pi_ax_t1.jpg,pituitary,/kaggle/input/datasets/briscdataset/brisc2025/brisc2025/classification_task/test/pituitary/brisc2025_test_00816_pi_ax_t1.jpg,pituitary
near,5,/kaggle/input/datasets/briscdataset/brisc2025/brisc2025/classification_task/train/pituitary/brisc2025_train_03945_pi_ax_t1.jpg,pituitary,/kaggle/input/datasets/briscdataset/brisc2025/brisc2025/classification_task/test/pituitary/brisc2025_test_00817_pi_ax_t1.jpg,pituitary
near,5,/kaggle/input/datasets/briscdataset/brisc2025/brisc2025/classification_task/train/pituitary/brisc2025_train_03946_pi_ax_t1.jpg,pituitary,/kaggle/input/datasets/briscdataset/brisc2025/brisc2025/classification_task/train/pituitary/brisc2025_train_03947_pi_ax_t1.jpg,pituitary
near,5,/kaggle/input/datasets/briscdataset/brisc2025/brisc2025/classification_task/train/pituitary/brisc2025_train_03947_pi_ax_t1.jpg,pituitary,/kaggle/input/datasets/briscdataset/brisc2025/brisc2025/classification_task/train/pituitary/brisc2025_train_03948_pi_ax_t1.jpg,pituitary
near,6,/kaggle/input/datasets/briscdataset/brisc2025/brisc2025/classification_task/train/pituitary/brisc2025_train_03948_pi_ax_t1.jpg,pituitary,/kaggle/input/datasets/briscdataset/brisc2025/brisc2025/classification_task/test/pituitary/brisc2025_test_00780_pi_ax_t1.jpg,pituitary
near,4,/kaggle/input/datasets/briscdataset/brisc2025/brisc2025/classification_task/train/pituitary/brisc2025_train_03948_pi_ax_t1.jpg,pituitary,/kaggle/input/datasets/briscdataset/brisc2025/brisc2025/classification_task/test/pituitary/brisc2025_test_00818_pi_ax_t1.jpg,pituitary
near,6,/kaggle/input/datasets/briscdataset/brisc2025/brisc2025/classification_task/train/pituitary/brisc2025_train_03955_pi_ax_t1.jpg,pituitary,/kaggle/input/datasets/briscdataset/brisc2025/brisc2025/classification_task/train/pituitary/brisc2025_train_03956_pi_ax_t1.jpg,pituitary
near,5,/kaggle/input/datasets/briscdataset/brisc2025/brisc2025/classification_task/train/pituitary/brisc2025_train_03956_pi_ax_t1.jpg,pituitary,/kaggle/input/datasets/briscdataset/brisc2025/brisc2025/classification_task/train/pituitary/brisc2025_train_03957_pi_ax_t1.jpg,pituitary
near,4,/kaggle/input/datasets/briscdataset/brisc2025/brisc2025/classification_task/train/pituitary/brisc2025_train_03957_pi_ax_t1.jpg,pituitary,/kaggle/input/datasets/briscdataset/brisc2025/brisc2025/classification_task/test/pituitary/brisc2025_test_00821_pi_ax_t1.jpg,pituitary
near,5,/kaggle/input/datasets/briscdataset/brisc2025/brisc2025/classification_task/train/pituitary/brisc2025_train_03962_pi_ax_t1.jpg,pituitary,/kaggle/input/datasets/briscdataset/brisc2025/brisc2025/classification_task/train/pituitary/brisc2025_train_03963_pi_ax_t1.jpg,pituitary
near,4,/kaggle/input/datasets/briscdataset/brisc2025/brisc2025/classification_task/train/pituitary/brisc2025_train_03970_pi_co_t1.jpg,pituitary,/kaggle/input/datasets/briscdataset/brisc2025/brisc2025/classification_task/train/pituitary/brisc2025_train_04003_pi_co_t1.jpg,pituitary
near,6,/kaggle/input/datasets/briscdataset/brisc2025/brisc2025/classification_task/train/pituitary/brisc2025_train_03970_pi_co_t1.jpg,pituitary,/kaggle/input/datasets/briscdataset/brisc2025/brisc2025/classification_task/train/pituitary/brisc2025_train_04065_pi_co_t1.jpg,pituitary
near,4,/kaggle/input/datasets/briscdataset/brisc2025/brisc2025/classification_task/train/pituitary/brisc2025_train_03970_pi_co_t1.jpg,pituitary,/kaggle/input/datasets/briscdataset/brisc2025/brisc2025/classification_task/train/pituitary/brisc2025_train_04239_pi_co_t1.jpg,pituitary
near,4,/kaggle/input/datasets/briscdataset/brisc2025/brisc2025/classification_task/train/pituitary/brisc2025_train_03971_pi_co_t1.jpg,pituitary,/kaggle/input/datasets/briscdataset/brisc2025/brisc2025/classification_task/train/pituitary/brisc2025_train_04002_pi_co_t1.jpg,pituitary
near,6,/kaggle/input/datasets/briscdataset/brisc2025/brisc2025/classification_task/train/pituitary/brisc2025_train_03971_pi_co_t1.jpg,pituitary,/kaggle/input/datasets/briscdataset/brisc2025/brisc2025/classification_task/train/pituitary/brisc2025_train_04084_pi_co_t1.jpg,pituitary
near,4,/kaggle/input/datasets/briscdataset/brisc2025/brisc2025/classification_task/train/pituitary/brisc2025_train_03973_pi_co_t1.jpg,pituitary,/kaggle/input/datasets/briscdataset/brisc2025/brisc2025/classification_task/train/pituitary/brisc2025_train_03974_pi_co_t1.jpg,pituitary
near,4,/kaggle/input/datasets/briscdataset/brisc2025/brisc2025/classification_task/train/pituitary/brisc2025_train_03974_pi_co_t1.jpg,pituitary,/kaggle/input/datasets/briscdataset/brisc2025/brisc2025/classification_task/train/pituitary/brisc2025_train_03975_pi_co_t1.jpg,pituitary
near,6,/kaggle/input/datasets/briscdataset/brisc2025/brisc2025/classification_task/train/pituitary/brisc2025_train_03974_pi_co_t1.jpg,pituitary,/kaggle/input/datasets/briscdataset/brisc2025/brisc2025/classification_task/train/pituitary/brisc2025_train_03976_pi_co_t1.jpg,pituitary
near,4,/kaggle/input/datasets/briscdataset/brisc2025/brisc2025/classification_task/train/pituitary/brisc2025_train_03975_pi_co_t1.jpg,pituitary,/kaggle/input/datasets/briscdataset/brisc2025/brisc2025/classification_task/train/pituitary/brisc2025_train_03976_pi_co_t1.jpg,pituitary
near,6,/kaggle/input/datasets/briscdataset/brisc2025/brisc2025/classification_task/train/pituitary/brisc2025_train_03975_pi_co_t1.jpg,pituitary,/kaggle/input/datasets/briscdataset/brisc2025/brisc2025/classification_task/train/pituitary/brisc2025_train_04449_pi_co_t1.jpg,pituitary
near,5,/kaggle/input/datasets/briscdataset/brisc2025/brisc2025/classification_task/train/pituitary/brisc2025_train_03977_pi_co_t1.jpg,pituitary,/kaggle/input/datasets/briscdataset/brisc2025/brisc2025/classification_task/train/pituitary/brisc2025_train_03978_pi_co_t1.jpg,pituitary
near,4,/kaggle/input/datasets/briscdataset/brisc2025/brisc2025/classification_task/train/pituitary/brisc2025_train_03980_pi_co_t1.jpg,pituitary,/kaggle/input/datasets/briscdataset/brisc2025/brisc2025/classification_task/train/pituitary/brisc2025_train_03981_pi_co_t1.jpg,pituitary
near,6,/kaggle/input/datasets/briscdataset/brisc2025/brisc2025/classification_task/train/pituitary/brisc2025_train_03980_pi_co_t1.jpg,pituitary,/kaggle/input/datasets/briscdataset/brisc2025/brisc2025/classification_task/train/pituitary/brisc2025_train_04186_pi_co_t1.jpg,pituitary
near,6,/kaggle/input/datasets/briscdataset/brisc2025/brisc2025/classification_task/train/pituitary/brisc2025_train_03981_pi_co_t1.jpg,pituitary,/kaggle/input/datasets/briscdataset/brisc2025/brisc2025/classification_task/train/pituitary/brisc2025_train_04186_pi_co_t1.jpg,pituitary
near,6,/kaggle/input/datasets/briscdataset/brisc2025/brisc2025/classification_task/train/pituitary/brisc2025_train_03984_pi_co_t1.jpg,pituitary,/kaggle/input/datasets/briscdataset/brisc2025/brisc2025/classification_task/train/pituitary/brisc2025_train_03993_pi_co_t1.jpg,pituitary
near,2,/kaggle/input/datasets/briscdataset/brisc2025/brisc2025/classification_task/train/pituitary/brisc2025_train_03993_pi_co_t1.jpg,pituitary,/kaggle/input/datasets/briscdataset/brisc2025/brisc2025/classification_task/train/pituitary/brisc2025_train_03994_pi_co_t1.jpg,pituitary
near,2,/kaggle/input/datasets/briscdataset/brisc2025/brisc2025/classification_task/train/pituitary/brisc2025_train_03993_pi_co_t1.jpg,pituitary,/kaggle/input/datasets/briscdataset/brisc2025/brisc2025/classification_task/train/pituitary/brisc2025_train_03995_pi_co_t1.jpg,pituitary
near,4,/kaggle/input/datasets/briscdataset/brisc2025/brisc2025/classification_task/train/pituitary/brisc2025_train_04002_pi_co_t1.jpg,pituitary,/kaggle/input/datasets/briscdataset/brisc2025/brisc2025/classification_task/train/pituitary/brisc2025_train_04084_pi_co_t1.jpg,pituitary
near,4,/kaggle/input/datasets/briscdataset/brisc2025/brisc2025/classification_task/train/pituitary/brisc2025_train_04003_pi_co_t1.jpg,pituitary,/kaggle/input/datasets/briscdataset/brisc2025/brisc2025/classification_task/train/pituitary/brisc2025_train_04239_pi_co_t1.jpg,pituitary
near,4,/kaggle/input/datasets/briscdataset/brisc2025/brisc2025/classification_task/train/pituitary/brisc2025_train_04006_pi_co_t1.jpg,pituitary,/kaggle/input/datasets/briscdataset/brisc2025/brisc2025/classification_task/train/pituitary/brisc2025_train_04017_pi_co_t1.jpg,pituitary
near,4,/kaggle/input/datasets/briscdataset/brisc2025/brisc2025/classification_task/train/pituitary/brisc2025_train_04006_pi_co_t1.jpg,pituitary,/kaggle/input/datasets/briscdataset/brisc2025/brisc2025/classification_task/train/pituitary/brisc2025_train_04028_pi_co_t1.jpg,pituitary
near,4,/kaggle/input/datasets/briscdataset/brisc2025/brisc2025/classification_task/train/pituitary/brisc2025_train_04006_pi_co_t1.jpg,pituitary,/kaggle/input/datasets/briscdataset/brisc2025/brisc2025/classification_task/train/pituitary/brisc2025_train_04039_pi_co_t1.jpg,pituitary
near,5,/kaggle/input/datasets/briscdataset/brisc2025/brisc2025/classification_task/train/pituitary/brisc2025_train_04006_pi_co_t1.jpg,pituitary,/kaggle/input/datasets/briscdataset/brisc2025/brisc2025/classification_task/train/pituitary/brisc2025_train_04050_pi_co_t1.jpg,pituitary
near,6,/kaggle/input/datasets/briscdataset/brisc2025/brisc2025/classification_task/train/pituitary/brisc2025_train_04009_pi_co_t1.jpg,pituitary,/kaggle/input/datasets/briscdataset/brisc2025/brisc2025/classification_task/train/pituitary/brisc2025_train_04010_pi_co_t1.jpg,pituitary
near,2,/kaggle/input/datasets/briscdataset/brisc2025/brisc2025/classification_task/train/pituitary/brisc2025_train_04012_pi_co_t1.jpg,pituitary,/kaggle/input/datasets/briscdataset/brisc2025/brisc2025/classification_task/train/pituitary/brisc2025_train_04013_pi_co_t1.jpg,pituitary
near,6,/kaggle/input/datasets/briscdataset/brisc2025/brisc2025/classification_task/train/pituitary/brisc2025_train_04012_pi_co_t1.jpg,pituitary,/kaggle/input/datasets/briscdataset/brisc2025/brisc2025/classification_task/train/pituitary/brisc2025_train_04014_pi_co_t1.jpg,pituitary
near,6,/kaggle/input/datasets/briscdataset/brisc2025/brisc2025/classification_task/train/pituitary/brisc2025_train_04012_pi_co_t1.jpg,pituitary,/kaggle/input/datasets/briscdataset/brisc2025/brisc2025/classification_task/train/pituitary/brisc2025_train_04084_pi_co_t1.jpg,pituitary
near,6,/kaggle/input/datasets/briscdataset/brisc2025/brisc2025/classification_task/train/pituitary/brisc2025_train_04012_pi_co_t1.jpg,pituitary,/kaggle/input/datasets/briscdataset/brisc2025/brisc2025/classification_task/train/pituitary/brisc2025_train_04327_pi_co_t1.jpg,pituitary
near,6,/kaggle/input/datasets/briscdataset/brisc2025/brisc2025/classification_task/train/pituitary/brisc2025_train_04013_pi_co_t1.jpg,pituitary,/kaggle/input/datasets/briscdataset/brisc2025/brisc2025/classification_task/train/pituitary/brisc2025_train_04014_pi_co_t1.jpg,pituitary
near,6,/kaggle/input/datasets/briscdataset/brisc2025/brisc2025/classification_task/train/pituitary/brisc2025_train_04013_pi_co_t1.jpg,pituitary,/kaggle/input/datasets/briscdataset/brisc2025/brisc2025/classification_task/train/pituitary/brisc2025_train_04084_pi_co_t1.jpg,pituitary
near,3,/kaggle/input/datasets/briscdataset/brisc2025/brisc2025/classification_task/train/pituitary/brisc2025_train_04015_pi_co_t1.jpg,pituitary,/kaggle/input/datasets/briscdataset/brisc2025/brisc2025/classification_task/train/pituitary/brisc2025_train_04016_pi_co_t1.jpg,pituitary
near,4,/kaggle/input/datasets/briscdataset/brisc2025/brisc2025/classification_task/train/pituitary/brisc2025_train_04017_pi_co_t1.jpg,pituitary,/kaggle/input/datasets/briscdataset/brisc2025/brisc2025/classification_task/train/pituitary/brisc2025_train_04028_pi_co_t1.jpg,pituitary
near,4,/kaggle/input/datasets/briscdataset/brisc2025/brisc2025/classification_task/train/pituitary/brisc2025_train_04017_pi_co_t1.jpg,pituitary,/kaggle/input/datasets/briscdataset/brisc2025/brisc2025/classification_task/train/pituitary/brisc2025_train_04039_pi_co_t1.jpg,pituitary
near,5,/kaggle/input/datasets/briscdataset/brisc2025/brisc2025/classification_task/train/pituitary/brisc2025_train_04017_pi_co_t1.jpg,pituitary,/kaggle/input/datasets/briscdataset/brisc2025/brisc2025/classification_task/train/pituitary/brisc2025_train_04050_pi_co_t1.jpg,pituitary
near,5,/kaggle/input/datasets/briscdataset/brisc2025/brisc2025/classification_task/train/pituitary/brisc2025_train_04020_pi_co_t1.jpg,pituitary,/kaggle/input/datasets/briscdataset/brisc2025/brisc2025/classification_task/train/pituitary/brisc2025_train_04282_pi_co_t1.jpg,pituitary
near,6,/kaggle/input/datasets/briscdataset/brisc2025/brisc2025/classification_task/train/pituitary/brisc2025_train_04024_pi_co_t1.jpg,pituitary,/kaggle/input/datasets/briscdataset/brisc2025/brisc2025/classification_task/train/pituitary/brisc2025_train_04025_pi_co_t1.jpg,pituitary
near,6,/kaggle/input/datasets/briscdataset/brisc2025/brisc2025/classification_task/train/pituitary/brisc2025_train_04025_pi_co_t1.jpg,pituitary,/kaggle/input/datasets/briscdataset/brisc2025/brisc2025/classification_task/train/pituitary/brisc2025_train_04026_pi_co_t1.jpg,pituitary
near,2,/kaggle/input/datasets/briscdataset/brisc2025/brisc2025/classification_task/train/pituitary/brisc2025_train_04028_pi_co_t1.jpg,pituitary,/kaggle/input/datasets/briscdataset/brisc2025/brisc2025/classification_task/train/pituitary/brisc2025_train_04039_pi_co_t1.jpg,pituitary
near,3,/kaggle/input/datasets/briscdataset/brisc2025/brisc2025/classification_task/train/pituitary/brisc2025_train_04028_pi_co_t1.jpg,pituitary,/kaggle/input/datasets/briscdataset/brisc2025/brisc2025/classification_task/train/pituitary/brisc2025_train_04050_pi_co_t1.jpg,pituitary
near,6,/kaggle/input/datasets/briscdataset/brisc2025/brisc2025/classification_task/train/pituitary/brisc2025_train_04029_pi_co_t1.jpg,pituitary,/kaggle/input/datasets/briscdataset/brisc2025/brisc2025/classification_task/train/pituitary/brisc2025_train_04030_pi_co_t1.jpg,pituitary
near,6,/kaggle/input/datasets/briscdataset/brisc2025/brisc2025/classification_task/train/pituitary/brisc2025_train_04029_pi_co_t1.jpg,pituitary,/kaggle/input/datasets/briscdataset/brisc2025/brisc2025/classification_task/train/pituitary/brisc2025_train_04031_pi_co_t1.jpg,pituitary
near,6,/kaggle/input/datasets/briscdataset/brisc2025/brisc2025/classification_task/train/pituitary/brisc2025_train_04036_pi_co_t1.jpg,pituitary,/kaggle/input/datasets/briscdataset/brisc2025/brisc2025/classification_task/train/pituitary/brisc2025_train_04037_pi_co_t1.jpg,pituitary
near,3,/kaggle/input/datasets/briscdataset/brisc2025/brisc2025/classification_task/train/pituitary/brisc2025_train_04039_pi_co_t1.jpg,pituitary,/kaggle/input/datasets/briscdataset/brisc2025/brisc2025/classification_task/train/pituitary/brisc2025_train_04050_pi_co_t1.jpg,pituitary
near,4,/kaggle/input/datasets/briscdataset/brisc2025/brisc2025/classification_task/train/pituitary/brisc2025_train_04042_pi_co_t1.jpg,pituitary,/kaggle/input/datasets/briscdataset/brisc2025/brisc2025/classification_task/train/pituitary/brisc2025_train_04043_pi_co_t1.jpg,pituitary
near,2,/kaggle/input/datasets/briscdataset/brisc2025/brisc2025/classification_task/train/pituitary/brisc2025_train_04047_pi_co_t1.jpg,pituitary,/kaggle/input/datasets/briscdataset/brisc2025/brisc2025/classification_task/train/pituitary/brisc2025_train_04048_pi_co_t1.jpg,pituitary
near,1,/kaggle/input/datasets/briscdataset/brisc2025/brisc2025/classification_task/train/pituitary/brisc2025_train_04049_pi_co_t1.jpg,pituitary,/kaggle/input/datasets/briscdataset/brisc2025/brisc2025/classification_task/train/pituitary/brisc2025_train_04051_pi_co_t1.jpg,pituitary
near,5,/kaggle/input/datasets/briscdataset/brisc2025/brisc2025/classification_task/train/pituitary/brisc2025_train_04053_pi_co_t1.jpg,pituitary,/kaggle/input/datasets/briscdataset/brisc2025/brisc2025/classification_task/train/pituitary/brisc2025_train_04054_pi_co_t1.jpg,pituitary
near,2,/kaggle/input/datasets/briscdataset/brisc2025/brisc2025/classification_task/train/pituitary/brisc2025_train_04055_pi_co_t1.jpg,pituitary,/kaggle/input/datasets/briscdataset/brisc2025/brisc2025/classification_task/train/pituitary/brisc2025_train_04056_pi_co_t1.jpg,pituitary
near,6,/kaggle/input/datasets/briscdataset/brisc2025/brisc2025/classification_task/train/pituitary/brisc2025_train_04055_pi_co_t1.jpg,pituitary,/kaggle/input/datasets/briscdataset/brisc2025/brisc2025/classification_task/train/pituitary/brisc2025_train_04057_pi_co_t1.jpg,pituitary
near,4,/kaggle/input/datasets/briscdataset/brisc2025/brisc2025/classification_task/train/pituitary/brisc2025_train_04056_pi_co_t1.jpg,pituitary,/kaggle/input/datasets/briscdataset/brisc2025/brisc2025/classification_task/train/pituitary/brisc2025_train_04057_pi_co_t1.jpg,pituitary
near,6,/kaggle/input/datasets/briscdataset/brisc2025/brisc2025/classification_task/train/pituitary/brisc2025_train_04057_pi_co_t1.jpg,pituitary,/kaggle/input/datasets/briscdataset/brisc2025/brisc2025/classification_task/train/pituitary/brisc2025_train_04058_pi_co_t1.jpg,pituitary
near,6,/kaggle/input/datasets/briscdataset/brisc2025/brisc2025/classification_task/train/pituitary/brisc2025_train_04057_pi_co_t1.jpg,pituitary,/kaggle/input/datasets/briscdataset/brisc2025/brisc2025/classification_task/train/pituitary/brisc2025_train_04064_pi_co_t1.jpg,pituitary
near,4,/kaggle/input/datasets/briscdataset/brisc2025/brisc2025/classification_task/train/pituitary/brisc2025_train_04058_pi_co_t1.jpg,pituitary,/kaggle/input/datasets/briscdataset/brisc2025/brisc2025/classification_task/train/pituitary/brisc2025_train_04059_pi_co_t1.jpg,pituitary
near,5,/kaggle/input/datasets/briscdataset/brisc2025/brisc2025/classification_task/train/pituitary/brisc2025_train_04058_pi_co_t1.jpg,pituitary,/kaggle/input/datasets/briscdataset/brisc2025/brisc2025/classification_task/test/pituitary/brisc2025_test_00988_pi_sa_t1.jpg,pituitary
near,5,/kaggle/input/datasets/briscdataset/brisc2025/brisc2025/classification_task/train/pituitary/brisc2025_train_04059_pi_co_t1.jpg,pituitary,/kaggle/input/datasets/briscdataset/brisc2025/brisc2025/classification_task/train/pituitary/brisc2025_train_04952_pi_sa_t1.jpg,pituitary
near,2,/kaggle/input/datasets/briscdataset/brisc2025/brisc2025/classification_task/train/pituitary/brisc2025_train_04060_pi_co_t1.jpg,pituitary,/kaggle/input/datasets/briscdataset/brisc2025/brisc2025/classification_task/train/pituitary/brisc2025_train_04062_pi_co_t1.jpg,pituitary
near,6,/kaggle/input/datasets/briscdataset/brisc2025/brisc2025/classification_task/train/pituitary/brisc2025_train_04060_pi_co_t1.jpg,pituitary,/kaggle/input/datasets/briscdataset/brisc2025/brisc2025/classification_task/train/pituitary/brisc2025_train_04099_pi_co_t1.jpg,pituitary
near,6,/kaggle/input/datasets/briscdataset/brisc2025/brisc2025/classification_task/train/pituitary/brisc2025_train_04060_pi_co_t1.jpg,pituitary,/kaggle/input/datasets/briscdataset/brisc2025/brisc2025/classification_task/train/pituitary/brisc2025_train_04100_pi_co_t1.jpg,pituitary
near,6,/kaggle/input/datasets/briscdataset/brisc2025/brisc2025/classification_task/train/pituitary/brisc2025_train_04062_pi_co_t1.jpg,pituitary,/kaggle/input/datasets/briscdataset/brisc2025/brisc2025/classification_task/train/pituitary/brisc2025_train_04099_pi_co_t1.jpg,pituitary
near,4,/kaggle/input/datasets/briscdataset/brisc2025/brisc2025/classification_task/train/pituitary/brisc2025_train_04062_pi_co_t1.jpg,pituitary,/kaggle/input/datasets/briscdataset/brisc2025/brisc2025/classification_task/train/pituitary/brisc2025_train_04100_pi_co_t1.jpg,pituitary
near,4,/kaggle/input/datasets/briscdataset/brisc2025/brisc2025/classification_task/train/pituitary/brisc2025_train_04063_pi_co_t1.jpg,pituitary,/kaggle/input/datasets/briscdataset/brisc2025/brisc2025/classification_task/train/pituitary/brisc2025_train_04064_pi_co_t1.jpg,pituitary
near,3,/kaggle/input/datasets/briscdataset/brisc2025/brisc2025/classification_task/train/pituitary/brisc2025_train_04063_pi_co_t1.jpg,pituitary,/kaggle/input/datasets/briscdataset/brisc2025/brisc2025/classification_task/train/pituitary/brisc2025_train_04065_pi_co_t1.jpg,pituitary
near,5,/kaggle/input/datasets/briscdataset/brisc2025/brisc2025/classification_task/train/pituitary/brisc2025_train_04063_pi_co_t1.jpg,pituitary,/kaggle/input/datasets/briscdataset/brisc2025/brisc2025/classification_task/train/pituitary/brisc2025_train_04066_pi_co_t1.jpg,pituitary
near,3,/kaggle/input/datasets/briscdataset/brisc2025/brisc2025/classification_task/train/pituitary/brisc2025_train_04064_pi_co_t1.jpg,pituitary,/kaggle/input/datasets/briscdataset/brisc2025/brisc2025/classification_task/train/pituitary/brisc2025_train_04065_pi_co_t1.jpg,pituitary
near,3,/kaggle/input/datasets/briscdataset/brisc2025/brisc2025/classification_task/train/pituitary/brisc2025_train_04064_pi_co_t1.jpg,pituitary,/kaggle/input/datasets/briscdataset/brisc2025/brisc2025/classification_task/train/pituitary/brisc2025_train_04066_pi_co_t1.jpg,pituitary
near,6,/kaggle/input/datasets/briscdataset/brisc2025/brisc2025/classification_task/train/pituitary/brisc2025_train_04064_pi_co_t1.jpg,pituitary,/kaggle/input/datasets/briscdataset/brisc2025/brisc2025/classification_task/train/pituitary/brisc2025_train_04779_pi_sa_t1.jpg,pituitary
near,6,/kaggle/input/datasets/briscdataset/brisc2025/brisc2025/classification_task/train/pituitary/brisc2025_train_04064_pi_co_t1.jpg,pituitary,/kaggle/input/datasets/briscdataset/brisc2025/brisc2025/classification_task/train/pituitary/brisc2025_train_04864_pi_sa_t1.jpg,pituitary
near,2,/kaggle/input/datasets/briscdataset/brisc2025/brisc2025/classification_task/train/pituitary/brisc2025_train_04065_pi_co_t1.jpg,pituitary,/kaggle/input/datasets/briscdataset/brisc2025/brisc2025/classification_task/train/pituitary/brisc2025_train_04066_pi_co_t1.jpg,pituitary
near,4,/kaggle/input/datasets/briscdataset/brisc2025/brisc2025/classification_task/train/pituitary/brisc2025_train_04074_pi_co_t1.jpg,pituitary,/kaggle/input/datasets/briscdataset/brisc2025/brisc2025/classification_task/train/pituitary/brisc2025_train_04075_pi_co_t1.jpg,pituitary
near,4,/kaggle/input/datasets/briscdataset/brisc2025/brisc2025/classification_task/train/pituitary/brisc2025_train_04074_pi_co_t1.jpg,pituitary,/kaggle/input/datasets/briscdataset/brisc2025/brisc2025/classification_task/train/pituitary/brisc2025_train_04076_pi_co_t1.jpg,pituitary
near,4,/kaggle/input/datasets/briscdataset/brisc2025/brisc2025/classification_task/train/pituitary/brisc2025_train_04074_pi_co_t1.jpg,pituitary,/kaggle/input/datasets/briscdataset/brisc2025/brisc2025/classification_task/train/pituitary/brisc2025_train_04077_pi_co_t1.jpg,pituitary
near,2,/kaggle/input/datasets/briscdataset/brisc2025/brisc2025/classification_task/train/pituitary/brisc2025_train_04075_pi_co_t1.jpg,pituitary,/kaggle/input/datasets/briscdataset/brisc2025/brisc2025/classification_task/train/pituitary/brisc2025_train_04076_pi_co_t1.jpg,pituitary
near,2,/kaggle/input/datasets/briscdataset/brisc2025/brisc2025/classification_task/train/pituitary/brisc2025_train_04075_pi_co_t1.jpg,pituitary,/kaggle/input/datasets/briscdataset/brisc2025/brisc2025/classification_task/train/pituitary/brisc2025_train_04077_pi_co_t1.jpg,pituitary
near,6,/kaggle/input/datasets/briscdataset/brisc2025/brisc2025/classification_task/train/pituitary/brisc2025_train_04075_pi_co_t1.jpg,pituitary,/kaggle/input/datasets/briscdataset/brisc2025/brisc2025/classification_task/train/pituitary/brisc2025_train_04078_pi_co_t1.jpg,pituitary
near,2,/kaggle/input/datasets/briscdataset/brisc2025/brisc2025/classification_task/train/pituitary/brisc2025_train_04076_pi_co_t1.jpg,pituitary,/kaggle/input/datasets/briscdataset/brisc2025/brisc2025/classification_task/train/pituitary/brisc2025_train_04077_pi_co_t1.jpg,pituitary
near,6,/kaggle/input/datasets/briscdataset/brisc2025/brisc2025/classification_task/train/pituitary/brisc2025_train_04084_pi_co_t1.jpg,pituitary,/kaggle/input/datasets/briscdataset/brisc2025/brisc2025/classification_task/test/pituitary/brisc2025_test_00865_pi_co_t1.jpg,pituitary
near,5,/kaggle/input/datasets/briscdataset/brisc2025/brisc2025/classification_task/train/pituitary/brisc2025_train_04086_pi_co_t1.jpg,pituitary,/kaggle/input/datasets/briscdataset/brisc2025/brisc2025/classification_task/train/pituitary/brisc2025_train_04087_pi_co_t1.jpg,pituitary
near,3,/kaggle/input/datasets/briscdataset/brisc2025/brisc2025/classification_task/train/pituitary/brisc2025_train_04088_pi_co_t1.jpg,pituitary,/kaggle/input/datasets/briscdataset/brisc2025/brisc2025/classification_task/train/pituitary/brisc2025_train_04089_pi_co_t1.jpg,pituitary
near,3,/kaggle/input/datasets/briscdataset/brisc2025/brisc2025/classification_task/train/pituitary/brisc2025_train_04091_pi_co_t1.jpg,pituitary,/kaggle/input/datasets/briscdataset/brisc2025/brisc2025/classification_task/train/pituitary/brisc2025_train_04093_pi_co_t1.jpg,pituitary
near,6,/kaggle/input/datasets/briscdataset/brisc2025/brisc2025/classification_task/train/pituitary/brisc2025_train_04092_pi_co_t1.jpg,pituitary,/kaggle/input/datasets/briscdataset/brisc2025/brisc2025/classification_task/train/pituitary/brisc2025_train_04171_pi_co_t1.jpg,pituitary
near,6,/kaggle/input/datasets/briscdataset/brisc2025/brisc2025/classification_task/train/pituitary/brisc2025_train_04096_pi_co_t1.jpg,pituitary,/kaggle/input/datasets/briscdataset/brisc2025/brisc2025/classification_task/train/pituitary/brisc2025_train_04097_pi_co_t1.jpg,pituitary
near,4,/kaggle/input/datasets/briscdataset/brisc2025/brisc2025/classification_task/train/pituitary/brisc2025_train_04099_pi_co_t1.jpg,pituitary,/kaggle/input/datasets/briscdataset/brisc2025/brisc2025/classification_task/train/pituitary/brisc2025_train_04100_pi_co_t1.jpg,pituitary
near,5,/kaggle/input/datasets/briscdataset/brisc2025/brisc2025/classification_task/train/pituitary/brisc2025_train_04105_pi_co_t1.jpg,pituitary,/kaggle/input/datasets/briscdataset/brisc2025/brisc2025/classification_task/train/pituitary/brisc2025_train_04106_pi_co_t1.jpg,pituitary
near,6,/kaggle/input/datasets/briscdataset/brisc2025/brisc2025/classification_task/train/pituitary/brisc2025_train_04108_pi_co_t1.jpg,pituitary,/kaggle/input/datasets/briscdataset/brisc2025/brisc2025/classification_task/train/pituitary/brisc2025_train_04109_pi_co_t1.jpg,pituitary
near,5,/kaggle/input/datasets/briscdataset/brisc2025/brisc2025/classification_task/train/pituitary/brisc2025_train_04110_pi_co_t1.jpg,pituitary,/kaggle/input/datasets/briscdataset/brisc2025/brisc2025/classification_task/train/pituitary/brisc2025_train_04111_pi_co_t1.jpg,pituitary
near,2,/kaggle/input/datasets/briscdataset/brisc2025/brisc2025/classification_task/train/pituitary/brisc2025_train_04115_pi_co_t1.jpg,pituitary,/kaggle/input/datasets/briscdataset/brisc2025/brisc2025/classification_task/train/pituitary/brisc2025_train_04126_pi_co_t1.jpg,pituitary
near,6,/kaggle/input/datasets/briscdataset/brisc2025/brisc2025/classification_task/train/pituitary/brisc2025_train_04115_pi_co_t1.jpg,pituitary,/kaggle/input/datasets/briscdataset/brisc2025/brisc2025/classification_task/train/pituitary/brisc2025_train_04137_pi_co_t1.jpg,pituitary
near,3,/kaggle/input/datasets/briscdataset/brisc2025/brisc2025/classification_task/train/pituitary/brisc2025_train_04120_pi_co_t1.jpg,pituitary,/kaggle/input/datasets/briscdataset/brisc2025/brisc2025/classification_task/train/pituitary/brisc2025_train_04121_pi_co_t1.jpg,pituitary
near,6,/kaggle/input/datasets/briscdataset/brisc2025/brisc2025/classification_task/train/pituitary/brisc2025_train_04120_pi_co_t1.jpg,pituitary,/kaggle/input/datasets/briscdataset/brisc2025/brisc2025/classification_task/train/pituitary/brisc2025_train_04122_pi_co_t1.jpg,pituitary
near,5,/kaggle/input/datasets/briscdataset/brisc2025/brisc2025/classification_task/train/pituitary/brisc2025_train_04121_pi_co_t1.jpg,pituitary,/kaggle/input/datasets/briscdataset/brisc2025/brisc2025/classification_task/train/pituitary/brisc2025_train_04122_pi_co_t1.jpg,pituitary
near,6,/kaggle/input/datasets/briscdataset/brisc2025/brisc2025/classification_task/train/pituitary/brisc2025_train_04126_pi_co_t1.jpg,pituitary,/kaggle/input/datasets/briscdataset/brisc2025/brisc2025/classification_task/train/pituitary/brisc2025_train_04137_pi_co_t1.jpg,pituitary
near,6,/kaggle/input/datasets/briscdataset/brisc2025/brisc2025/classification_task/train/pituitary/brisc2025_train_04132_pi_co_t1.jpg,pituitary,/kaggle/input/datasets/briscdataset/brisc2025/brisc2025/classification_task/train/pituitary/brisc2025_train_04133_pi_co_t1.jpg,pituitary
near,4,/kaggle/input/datasets/briscdataset/brisc2025/brisc2025/classification_task/train/pituitary/brisc2025_train_04143_pi_co_t1.jpg,pituitary,/kaggle/input/datasets/briscdataset/brisc2025/brisc2025/classification_task/train/pituitary/brisc2025_train_04144_pi_co_t1.jpg,pituitary
near,5,/kaggle/input/datasets/briscdataset/brisc2025/brisc2025/classification_task/train/pituitary/brisc2025_train_04144_pi_co_t1.jpg,pituitary,/kaggle/input/datasets/briscdataset/brisc2025/brisc2025/classification_task/train/pituitary/brisc2025_train_04145_pi_co_t1.jpg,pituitary
near,4,/kaggle/input/datasets/briscdataset/brisc2025/brisc2025/classification_task/train/pituitary/brisc2025_train_04145_pi_co_t1.jpg,pituitary,/kaggle/input/datasets/briscdataset/brisc2025/brisc2025/classification_task/train/pituitary/brisc2025_train_04146_pi_co_t1.jpg,pituitary
near,4,/kaggle/input/datasets/briscdataset/brisc2025/brisc2025/classification_task/train/pituitary/brisc2025_train_04146_pi_co_t1.jpg,pituitary,/kaggle/input/datasets/briscdataset/brisc2025/brisc2025/classification_task/train/pituitary/brisc2025_train_04147_pi_co_t1.jpg,pituitary
near,4,/kaggle/input/datasets/briscdataset/brisc2025/brisc2025/classification_task/train/pituitary/brisc2025_train_04150_pi_co_t1.jpg,pituitary,/kaggle/input/datasets/briscdataset/brisc2025/brisc2025/classification_task/train/pituitary/brisc2025_train_04151_pi_co_t1.jpg,pituitary
near,5,/kaggle/input/datasets/briscdataset/brisc2025/brisc2025/classification_task/train/pituitary/brisc2025_train_04151_pi_co_t1.jpg,pituitary,/kaggle/input/datasets/briscdataset/brisc2025/brisc2025/classification_task/train/pituitary/brisc2025_train_04152_pi_co_t1.jpg,pituitary
near,6,/kaggle/input/datasets/briscdataset/brisc2025/brisc2025/classification_task/train/pituitary/brisc2025_train_04152_pi_co_t1.jpg,pituitary,/kaggle/input/datasets/briscdataset/brisc2025/brisc2025/classification_task/train/pituitary/brisc2025_train_04153_pi_co_t1.jpg,pituitary
near,4,/kaggle/input/datasets/briscdataset/brisc2025/brisc2025/classification_task/train/pituitary/brisc2025_train_04155_pi_co_t1.jpg,pituitary,/kaggle/input/datasets/briscdataset/brisc2025/brisc2025/classification_task/train/pituitary/brisc2025_train_04156_pi_co_t1.jpg,pituitary
near,3,/kaggle/input/datasets/briscdataset/brisc2025/brisc2025/classification_task/train/pituitary/brisc2025_train_04159_pi_co_t1.jpg,pituitary,/kaggle/input/datasets/briscdataset/brisc2025/brisc2025/classification_task/train/pituitary/brisc2025_train_04170_pi_co_t1.jpg,pituitary
near,6,/kaggle/input/datasets/briscdataset/brisc2025/brisc2025/classification_task/train/pituitary/brisc2025_train_04159_pi_co_t1.jpg,pituitary,/kaggle/input/datasets/briscdataset/brisc2025/brisc2025/classification_task/train/pituitary/brisc2025_train_04174_pi_co_t1.jpg,pituitary
near,4,/kaggle/input/datasets/briscdataset/brisc2025/brisc2025/classification_task/train/pituitary/brisc2025_train_04162_pi_co_t1.jpg,pituitary,/kaggle/input/datasets/briscdataset/brisc2025/brisc2025/classification_task/train/pituitary/brisc2025_train_04163_pi_co_t1.jpg,pituitary
near,4,/kaggle/input/datasets/briscdataset/brisc2025/brisc2025/classification_task/train/pituitary/brisc2025_train_04165_pi_co_t1.jpg,pituitary,/kaggle/input/datasets/briscdataset/brisc2025/brisc2025/classification_task/train/pituitary/brisc2025_train_04166_pi_co_t1.jpg,pituitary
near,5,/kaggle/input/datasets/briscdataset/brisc2025/brisc2025/classification_task/train/pituitary/brisc2025_train_04166_pi_co_t1.jpg,pituitary,/kaggle/input/datasets/briscdataset/brisc2025/brisc2025/classification_task/train/pituitary/brisc2025_train_04167_pi_co_t1.jpg,pituitary
near,5,/kaggle/input/datasets/briscdataset/brisc2025/brisc2025/classification_task/train/pituitary/brisc2025_train_04170_pi_co_t1.jpg,pituitary,/kaggle/input/datasets/briscdataset/brisc2025/brisc2025/classification_task/train/pituitary/brisc2025_train_04174_pi_co_t1.jpg,pituitary
near,5,/kaggle/input/datasets/briscdataset/brisc2025/brisc2025/classification_task/train/pituitary/brisc2025_train_04172_pi_co_t1.jpg,pituitary,/kaggle/input/datasets/briscdataset/brisc2025/brisc2025/classification_task/train/pituitary/brisc2025_train_04173_pi_co_t1.jpg,pituitary
near,6,/kaggle/input/datasets/briscdataset/brisc2025/brisc2025/classification_task/train/pituitary/brisc2025_train_04180_pi_co_t1.jpg,pituitary,/kaggle/input/datasets/briscdataset/brisc2025/brisc2025/classification_task/test/pituitary/brisc2025_test_00826_pi_co_t1.jpg,pituitary
near,6,/kaggle/input/datasets/briscdataset/brisc2025/brisc2025/classification_task/train/pituitary/brisc2025_train_04183_pi_co_t1.jpg,pituitary,/kaggle/input/datasets/briscdataset/brisc2025/brisc2025/classification_task/train/pituitary/brisc2025_train_04184_pi_co_t1.jpg,pituitary
near,5,/kaggle/input/datasets/briscdataset/brisc2025/brisc2025/classification_task/train/pituitary/brisc2025_train_04185_pi_co_t1.jpg,pituitary,/kaggle/input/datasets/briscdataset/brisc2025/brisc2025/classification_task/train/pituitary/brisc2025_train_04186_pi_co_t1.jpg,pituitary
near,6,/kaggle/input/datasets/briscdataset/brisc2025/brisc2025/classification_task/train/pituitary/brisc2025_train_04186_pi_co_t1.jpg,pituitary,/kaggle/input/datasets/briscdataset/brisc2025/brisc2025/classification_task/train/pituitary/brisc2025_train_04188_pi_co_t1.jpg,pituitary
near,2,/kaggle/input/datasets/briscdataset/brisc2025/brisc2025/classification_task/train/pituitary/brisc2025_train_04187_pi_co_t1.jpg,pituitary,/kaggle/input/datasets/briscdataset/brisc2025/brisc2025/classification_task/train/pituitary/brisc2025_train_04188_pi_co_t1.jpg,pituitary
near,5,/kaggle/input/datasets/briscdataset/brisc2025/brisc2025/classification_task/train/pituitary/brisc2025_train_04204_pi_co_t1.jpg,pituitary,/kaggle/input/datasets/briscdataset/brisc2025/brisc2025/classification_task/train/pituitary/brisc2025_train_04205_pi_co_t1.jpg,pituitary
near,6,/kaggle/input/datasets/briscdataset/brisc2025/brisc2025/classification_task/train/pituitary/brisc2025_train_04206_pi_co_t1.jpg,pituitary,/kaggle/input/datasets/briscdataset/brisc2025/brisc2025/classification_task/train/pituitary/brisc2025_train_04207_pi_co_t1.jpg,pituitary
near,4,/kaggle/input/datasets/briscdataset/brisc2025/brisc2025/classification_task/train/pituitary/brisc2025_train_04206_pi_co_t1.jpg,pituitary,/kaggle/input/datasets/briscdataset/brisc2025/brisc2025/classification_task/test/pituitary/brisc2025_test_00831_pi_co_t1.jpg,pituitary
near,6,/kaggle/input/datasets/briscdataset/brisc2025/brisc2025/classification_task/train/pituitary/brisc2025_train_04210_pi_co_t1.jpg,pituitary,/kaggle/input/datasets/briscdataset/brisc2025/brisc2025/classification_task/test/pituitary/brisc2025_test_00832_pi_co_t1.jpg,pituitary
near,4,/kaggle/input/datasets/briscdataset/brisc2025/brisc2025/classification_task/train/pituitary/brisc2025_train_04211_pi_co_t1.jpg,pituitary,/kaggle/input/datasets/briscdataset/brisc2025/brisc2025/classification_task/train/pituitary/brisc2025_train_04212_pi_co_t1.jpg,pituitary
near,5,/kaggle/input/datasets/briscdataset/brisc2025/brisc2025/classification_task/train/pituitary/brisc2025_train_04211_pi_co_t1.jpg,pituitary,/kaggle/input/datasets/briscdataset/brisc2025/brisc2025/classification_task/test/pituitary/brisc2025_test_00833_pi_co_t1.jpg,pituitary
near,1,/kaggle/input/datasets/briscdataset/brisc2025/brisc2025/classification_task/train/pituitary/brisc2025_train_04212_pi_co_t1.jpg,pituitary,/kaggle/input/datasets/briscdataset/brisc2025/brisc2025/classification_task/test/pituitary/brisc2025_test_00833_pi_co_t1.jpg,pituitary
near,6,/kaggle/input/datasets/briscdataset/brisc2025/brisc2025/classification_task/train/pituitary/brisc2025_train_04217_pi_co_t1.jpg,pituitary,/kaggle/input/datasets/briscdataset/brisc2025/brisc2025/classification_task/train/pituitary/brisc2025_train_04219_pi_co_t1.jpg,pituitary
near,6,/kaggle/input/datasets/briscdataset/brisc2025/brisc2025/classification_task/train/pituitary/brisc2025_train_04219_pi_co_t1.jpg,pituitary,/kaggle/input/datasets/briscdataset/brisc2025/brisc2025/classification_task/train/pituitary/brisc2025_train_04220_pi_co_t1.jpg,pituitary
near,4,/kaggle/input/datasets/briscdataset/brisc2025/brisc2025/classification_task/train/pituitary/brisc2025_train_04220_pi_co_t1.jpg,pituitary,/kaggle/input/datasets/briscdataset/brisc2025/brisc2025/classification_task/train/pituitary/brisc2025_train_04221_pi_co_t1.jpg,pituitary
near,6,/kaggle/input/datasets/briscdataset/brisc2025/brisc2025/classification_task/train/pituitary/brisc2025_train_04222_pi_co_t1.jpg,pituitary,/kaggle/input/datasets/briscdataset/brisc2025/brisc2025/classification_task/train/pituitary/brisc2025_train_04223_pi_co_t1.jpg,pituitary
near,4,/kaggle/input/datasets/briscdataset/brisc2025/brisc2025/classification_task/train/pituitary/brisc2025_train_04223_pi_co_t1.jpg,pituitary,/kaggle/input/datasets/briscdataset/brisc2025/brisc2025/classification_task/train/pituitary/brisc2025_train_04224_pi_co_t1.jpg,pituitary
near,6,/kaggle/input/datasets/briscdataset/brisc2025/brisc2025/classification_task/train/pituitary/brisc2025_train_04223_pi_co_t1.jpg,pituitary,/kaggle/input/datasets/briscdataset/brisc2025/brisc2025/classification_task/train/pituitary/brisc2025_train_04225_pi_co_t1.jpg,pituitary
near,2,/kaggle/input/datasets/briscdataset/brisc2025/brisc2025/classification_task/train/pituitary/brisc2025_train_04224_pi_co_t1.jpg,pituitary,/kaggle/input/datasets/briscdataset/brisc2025/brisc2025/classification_task/train/pituitary/brisc2025_train_04225_pi_co_t1.jpg,pituitary
near,4,/kaggle/input/datasets/briscdataset/brisc2025/brisc2025/classification_task/train/pituitary/brisc2025_train_04224_pi_co_t1.jpg,pituitary,/kaggle/input/datasets/briscdataset/brisc2025/brisc2025/classification_task/train/pituitary/brisc2025_train_04226_pi_co_t1.jpg,pituitary
near,6,/kaggle/input/datasets/briscdataset/brisc2025/brisc2025/classification_task/train/pituitary/brisc2025_train_04225_pi_co_t1.jpg,pituitary,/kaggle/input/datasets/briscdataset/brisc2025/brisc2025/classification_task/train/pituitary/brisc2025_train_04226_pi_co_t1.jpg,pituitary
near,6,/kaggle/input/datasets/briscdataset/brisc2025/brisc2025/classification_task/train/pituitary/brisc2025_train_04227_pi_co_t1.jpg,pituitary,/kaggle/input/datasets/briscdataset/brisc2025/brisc2025/classification_task/train/pituitary/brisc2025_train_04228_pi_co_t1.jpg,pituitary
near,4,/kaggle/input/datasets/briscdataset/brisc2025/brisc2025/classification_task/train/pituitary/brisc2025_train_04228_pi_co_t1.jpg,pituitary,/kaggle/input/datasets/briscdataset/brisc2025/brisc2025/classification_task/train/pituitary/brisc2025_train_04229_pi_co_t1.jpg,pituitary
near,3,/kaggle/input/datasets/briscdataset/brisc2025/brisc2025/classification_task/train/pituitary/brisc2025_train_04230_pi_co_t1.jpg,pituitary,/kaggle/input/datasets/briscdataset/brisc2025/brisc2025/classification_task/train/pituitary/brisc2025_train_04231_pi_co_t1.jpg,pituitary
near,3,/kaggle/input/datasets/briscdataset/brisc2025/brisc2025/classification_task/train/pituitary/brisc2025_train_04232_pi_co_t1.jpg,pituitary,/kaggle/input/datasets/briscdataset/brisc2025/brisc2025/classification_task/train/pituitary/brisc2025_train_04233_pi_co_t1.jpg,pituitary
near,5,/kaggle/input/datasets/briscdataset/brisc2025/brisc2025/classification_task/train/pituitary/brisc2025_train_04232_pi_co_t1.jpg,pituitary,/kaggle/input/datasets/briscdataset/brisc2025/brisc2025/classification_task/train/pituitary/brisc2025_train_04234_pi_co_t1.jpg,pituitary
near,4,/kaggle/input/datasets/briscdataset/brisc2025/brisc2025/classification_task/train/pituitary/brisc2025_train_04233_pi_co_t1.jpg,pituitary,/kaggle/input/datasets/briscdataset/brisc2025/brisc2025/classification_task/train/pituitary/brisc2025_train_04234_pi_co_t1.jpg,pituitary
near,6,/kaggle/input/datasets/briscdataset/brisc2025/brisc2025/classification_task/train/pituitary/brisc2025_train_04235_pi_co_t1.jpg,pituitary,/kaggle/input/datasets/briscdataset/brisc2025/brisc2025/classification_task/train/pituitary/brisc2025_train_04237_pi_co_t1.jpg,pituitary
near,6,/kaggle/input/datasets/briscdataset/brisc2025/brisc2025/classification_task/train/pituitary/brisc2025_train_04238_pi_co_t1.jpg,pituitary,/kaggle/input/datasets/briscdataset/brisc2025/brisc2025/classification_task/train/pituitary/brisc2025_train_04239_pi_co_t1.jpg,pituitary
near,4,/kaggle/input/datasets/briscdataset/brisc2025/brisc2025/classification_task/train/pituitary/brisc2025_train_04240_pi_co_t1.jpg,pituitary,/kaggle/input/datasets/briscdataset/brisc2025/brisc2025/classification_task/train/pituitary/brisc2025_train_04241_pi_co_t1.jpg,pituitary
near,6,/kaggle/input/datasets/briscdataset/brisc2025/brisc2025/classification_task/train/pituitary/brisc2025_train_04241_pi_co_t1.jpg,pituitary,/kaggle/input/datasets/briscdataset/brisc2025/brisc2025/classification_task/train/pituitary/brisc2025_train_04242_pi_co_t1.jpg,pituitary
near,4,/kaggle/input/datasets/briscdataset/brisc2025/brisc2025/classification_task/train/pituitary/brisc2025_train_04244_pi_co_t1.jpg,pituitary,/kaggle/input/datasets/briscdataset/brisc2025/brisc2025/classification_task/train/pituitary/brisc2025_train_04245_pi_co_t1.jpg,pituitary
near,5,/kaggle/input/datasets/briscdataset/brisc2025/brisc2025/classification_task/train/pituitary/brisc2025_train_04246_pi_co_t1.jpg,pituitary,/kaggle/input/datasets/briscdataset/brisc2025/brisc2025/classification_task/test/pituitary/brisc2025_test_00837_pi_co_t1.jpg,pituitary
near,4,/kaggle/input/datasets/briscdataset/brisc2025/brisc2025/classification_task/train/pituitary/brisc2025_train_04253_pi_co_t1.jpg,pituitary,/kaggle/input/datasets/briscdataset/brisc2025/brisc2025/classification_task/train/pituitary/brisc2025_train_04254_pi_co_t1.jpg,pituitary
near,5,/kaggle/input/datasets/briscdataset/brisc2025/brisc2025/classification_task/train/pituitary/brisc2025_train_04254_pi_co_t1.jpg,pituitary,/kaggle/input/datasets/briscdataset/brisc2025/brisc2025/classification_task/test/pituitary/brisc2025_test_00840_pi_co_t1.jpg,pituitary
near,6,/kaggle/input/datasets/briscdataset/brisc2025/brisc2025/classification_task/train/pituitary/brisc2025_train_04255_pi_co_t1.jpg,pituitary,/kaggle/input/datasets/briscdataset/brisc2025/brisc2025/classification_task/train/pituitary/brisc2025_train_04256_pi_co_t1.jpg,pituitary
near,3,/kaggle/input/datasets/briscdataset/brisc2025/brisc2025/classification_task/train/pituitary/brisc2025_train_04255_pi_co_t1.jpg,pituitary,/kaggle/input/datasets/briscdataset/brisc2025/brisc2025/classification_task/test/pituitary/brisc2025_test_00840_pi_co_t1.jpg,pituitary
near,3,/kaggle/input/datasets/briscdataset/brisc2025/brisc2025/classification_task/train/pituitary/brisc2025_train_04258_pi_co_t1.jpg,pituitary,/kaggle/input/datasets/briscdataset/brisc2025/brisc2025/classification_task/train/pituitary/brisc2025_train_04259_pi_co_t1.jpg,pituitary
near,4,/kaggle/input/datasets/briscdataset/brisc2025/brisc2025/classification_task/train/pituitary/brisc2025_train_04258_pi_co_t1.jpg,pituitary,/kaggle/input/datasets/briscdataset/brisc2025/brisc2025/classification_task/test/pituitary/brisc2025_test_00841_pi_co_t1.jpg,pituitary
near,4,/kaggle/input/datasets/briscdataset/brisc2025/brisc2025/classification_task/train/pituitary/brisc2025_train_04259_pi_co_t1.jpg,pituitary,/kaggle/input/datasets/briscdataset/brisc2025/brisc2025/classification_task/train/pituitary/brisc2025_train_04260_pi_co_t1.jpg,pituitary
near,6,/kaggle/input/datasets/briscdataset/brisc2025/brisc2025/classification_task/train/pituitary/brisc2025_train_04261_pi_co_t1.jpg,pituitary,/kaggle/input/datasets/briscdataset/brisc2025/brisc2025/classification_task/train/pituitary/brisc2025_train_04262_pi_co_t1.jpg,pituitary
near,4,/kaggle/input/datasets/briscdataset/brisc2025/brisc2025/classification_task/train/pituitary/brisc2025_train_04263_pi_co_t1.jpg,pituitary,/kaggle/input/datasets/briscdataset/brisc2025/brisc2025/classification_task/test/pituitary/brisc2025_test_00843_pi_co_t1.jpg,pituitary
near,5,/kaggle/input/datasets/briscdataset/brisc2025/brisc2025/classification_task/train/pituitary/brisc2025_train_04266_pi_co_t1.jpg,pituitary,/kaggle/input/datasets/briscdataset/brisc2025/brisc2025/classification_task/train/pituitary/brisc2025_train_04451_pi_co_t1.jpg,pituitary
near,5,/kaggle/input/datasets/briscdataset/brisc2025/brisc2025/classification_task/train/pituitary/brisc2025_train_04266_pi_co_t1.jpg,pituitary,/kaggle/input/datasets/briscdataset/brisc2025/brisc2025/classification_task/test/pituitary/brisc2025_test_00906_pi_co_t1.jpg,pituitary
near,6,/kaggle/input/datasets/briscdataset/brisc2025/brisc2025/classification_task/train/pituitary/brisc2025_train_04267_pi_co_t1.jpg,pituitary,/kaggle/input/datasets/briscdataset/brisc2025/brisc2025/classification_task/test/pituitary/brisc2025_test_00844_pi_co_t1.jpg,pituitary
near,6,/kaggle/input/datasets/briscdataset/brisc2025/brisc2025/classification_task/train/pituitary/brisc2025_train_04270_pi_co_t1.jpg,pituitary,/kaggle/input/datasets/briscdataset/brisc2025/brisc2025/classification_task/test/pituitary/brisc2025_test_00845_pi_co_t1.jpg,pituitary
near,6,/kaggle/input/datasets/briscdataset/brisc2025/brisc2025/classification_task/train/pituitary/brisc2025_train_04272_pi_co_t1.jpg,pituitary,/kaggle/input/datasets/briscdataset/brisc2025/brisc2025/classification_task/test/pituitary/brisc2025_test_00846_pi_co_t1.jpg,pituitary
near,6,/kaggle/input/datasets/briscdataset/brisc2025/brisc2025/classification_task/train/pituitary/brisc2025_train_04273_pi_co_t1.jpg,pituitary,/kaggle/input/datasets/briscdataset/brisc2025/brisc2025/classification_task/test/pituitary/brisc2025_test_00847_pi_co_t1.jpg,pituitary
near,5,/kaggle/input/datasets/briscdataset/brisc2025/brisc2025/classification_task/train/pituitary/brisc2025_train_04274_pi_co_t1.jpg,pituitary,/kaggle/input/datasets/briscdataset/brisc2025/brisc2025/classification_task/train/pituitary/brisc2025_train_04275_pi_co_t1.jpg,pituitary
near,6,/kaggle/input/datasets/briscdataset/brisc2025/brisc2025/classification_task/train/pituitary/brisc2025_train_04276_pi_co_t1.jpg,pituitary,/kaggle/input/datasets/briscdataset/brisc2025/brisc2025/classification_task/train/pituitary/brisc2025_train_04277_pi_co_t1.jpg,pituitary
near,6,/kaggle/input/datasets/briscdataset/brisc2025/brisc2025/classification_task/train/pituitary/brisc2025_train_04276_pi_co_t1.jpg,pituitary,/kaggle/input/datasets/briscdataset/brisc2025/brisc2025/classification_task/test/pituitary/brisc2025_test_00847_pi_co_t1.jpg,pituitary
near,6,/kaggle/input/datasets/briscdataset/brisc2025/brisc2025/classification_task/train/pituitary/brisc2025_train_04277_pi_co_t1.jpg,pituitary,/kaggle/input/datasets/briscdataset/brisc2025/brisc2025/classification_task/train/pituitary/brisc2025_train_04464_pi_co_t1.jpg,pituitary
near,6,/kaggle/input/datasets/briscdataset/brisc2025/brisc2025/classification_task/train/pituitary/brisc2025_train_04278_pi_co_t1.jpg,pituitary,/kaggle/input/datasets/briscdataset/brisc2025/brisc2025/classification_task/test/pituitary/brisc2025_test_00848_pi_co_t1.jpg,pituitary
near,6,/kaggle/input/datasets/briscdataset/brisc2025/brisc2025/classification_task/train/pituitary/brisc2025_train_04279_pi_co_t1.jpg,pituitary,/kaggle/input/datasets/briscdataset/brisc2025/brisc2025/classification_task/train/pituitary/brisc2025_train_04280_pi_co_t1.jpg,pituitary
near,1,/kaggle/input/datasets/briscdataset/brisc2025/brisc2025/classification_task/train/pituitary/brisc2025_train_04279_pi_co_t1.jpg,pituitary,/kaggle/input/datasets/briscdataset/brisc2025/brisc2025/classification_task/test/pituitary/brisc2025_test_00848_pi_co_t1.jpg,pituitary
near,6,/kaggle/input/datasets/briscdataset/brisc2025/brisc2025/classification_task/train/pituitary/brisc2025_train_04281_pi_co_t1.jpg,pituitary,/kaggle/input/datasets/briscdataset/brisc2025/brisc2025/classification_task/train/pituitary/brisc2025_train_04282_pi_co_t1.jpg,pituitary
near,6,/kaggle/input/datasets/briscdataset/brisc2025/brisc2025/classification_task/train/pituitary/brisc2025_train_04281_pi_co_t1.jpg,pituitary,/kaggle/input/datasets/briscdataset/brisc2025/brisc2025/classification_task/test/pituitary/brisc2025_test_00849_pi_co_t1.jpg,pituitary
near,2,/kaggle/input/datasets/briscdataset/brisc2025/brisc2025/classification_task/train/pituitary/brisc2025_train_04282_pi_co_t1.jpg,pituitary,/kaggle/input/datasets/briscdataset/brisc2025/brisc2025/classification_task/test/pituitary/brisc2025_test_00849_pi_co_t1.jpg,pituitary
near,2,/kaggle/input/datasets/briscdataset/brisc2025/brisc2025/classification_task/train/pituitary/brisc2025_train_04284_pi_co_t1.jpg,pituitary,/kaggle/input/datasets/briscdataset/brisc2025/brisc2025/classification_task/train/pituitary/brisc2025_train_04285_pi_co_t1.jpg,pituitary
near,2,/kaggle/input/datasets/briscdataset/brisc2025/brisc2025/classification_task/train/pituitary/brisc2025_train_04285_pi_co_t1.jpg,pituitary,/kaggle/input/datasets/briscdataset/brisc2025/brisc2025/classification_task/test/pituitary/brisc2025_test_00850_pi_co_t1.jpg,pituitary
near,6,/kaggle/input/datasets/briscdataset/brisc2025/brisc2025/classification_task/train/pituitary/brisc2025_train_04291_pi_co_t1.jpg,pituitary,/kaggle/input/datasets/briscdataset/brisc2025/brisc2025/classification_task/train/pituitary/brisc2025_train_04292_pi_co_t1.jpg,pituitary
near,6,/kaggle/input/datasets/briscdataset/brisc2025/brisc2025/classification_task/train/pituitary/brisc2025_train_04296_pi_co_t1.jpg,pituitary,/kaggle/input/datasets/briscdataset/brisc2025/brisc2025/classification_task/test/pituitary/brisc2025_test_00854_pi_co_t1.jpg,pituitary
near,2,/kaggle/input/datasets/briscdataset/brisc2025/brisc2025/classification_task/train/pituitary/brisc2025_train_04301_pi_co_t1.jpg,pituitary,/kaggle/input/datasets/briscdataset/brisc2025/brisc2025/classification_task/train/pituitary/brisc2025_train_04302_pi_co_t1.jpg,pituitary
near,4,/kaggle/input/datasets/briscdataset/brisc2025/brisc2025/classification_task/train/pituitary/brisc2025_train_04301_pi_co_t1.jpg,pituitary,/kaggle/input/datasets/briscdataset/brisc2025/brisc2025/classification_task/train/pituitary/brisc2025_train_04303_pi_co_t1.jpg,pituitary
near,6,/kaggle/input/datasets/briscdataset/brisc2025/brisc2025/classification_task/train/pituitary/brisc2025_train_04302_pi_co_t1.jpg,pituitary,/kaggle/input/datasets/briscdataset/brisc2025/brisc2025/classification_task/train/pituitary/brisc2025_train_04303_pi_co_t1.jpg,pituitary
near,6,/kaggle/input/datasets/briscdataset/brisc2025/brisc2025/classification_task/train/pituitary/brisc2025_train_04302_pi_co_t1.jpg,pituitary,/kaggle/input/datasets/briscdataset/brisc2025/brisc2025/classification_task/train/pituitary/brisc2025_train_04428_pi_co_t1.jpg,pituitary
near,2,/kaggle/input/datasets/briscdataset/brisc2025/brisc2025/classification_task/train/pituitary/brisc2025_train_04302_pi_co_t1.jpg,pituitary,/kaggle/input/datasets/briscdataset/brisc2025/brisc2025/classification_task/test/pituitary/brisc2025_test_00856_pi_co_t1.jpg,pituitary
near,6,/kaggle/input/datasets/briscdataset/brisc2025/brisc2025/classification_task/train/pituitary/brisc2025_train_04302_pi_co_t1.jpg,pituitary,/kaggle/input/datasets/briscdataset/brisc2025/brisc2025/classification_task/test/pituitary/brisc2025_test_00898_pi_co_t1.jpg,pituitary
near,4,/kaggle/input/datasets/briscdataset/brisc2025/brisc2025/classification_task/train/pituitary/brisc2025_train_04303_pi_co_t1.jpg,pituitary,/kaggle/input/datasets/briscdataset/brisc2025/brisc2025/classification_task/test/pituitary/brisc2025_test_00856_pi_co_t1.jpg,pituitary
near,5,/kaggle/input/datasets/briscdataset/brisc2025/brisc2025/classification_task/train/pituitary/brisc2025_train_04306_pi_co_t1.jpg,pituitary,/kaggle/input/datasets/briscdataset/brisc2025/brisc2025/classification_task/train/pituitary/brisc2025_train_04308_pi_co_t1.jpg,pituitary
near,5,/kaggle/input/datasets/briscdataset/brisc2025/brisc2025/classification_task/train/pituitary/brisc2025_train_04311_pi_co_t1.jpg,pituitary,/kaggle/input/datasets/briscdataset/brisc2025/brisc2025/classification_task/test/pituitary/brisc2025_test_00859_pi_co_t1.jpg,pituitary
near,6,/kaggle/input/datasets/briscdataset/brisc2025/brisc2025/classification_task/train/pituitary/brisc2025_train_04312_pi_co_t1.jpg,pituitary,/kaggle/input/datasets/briscdataset/brisc2025/brisc2025/classification_task/train/pituitary/brisc2025_train_04313_pi_co_t1.jpg,pituitary
near,6,/kaggle/input/datasets/briscdataset/brisc2025/brisc2025/classification_task/train/pituitary/brisc2025_train_04316_pi_co_t1.jpg,pituitary,/kaggle/input/datasets/briscdataset/brisc2025/brisc2025/classification_task/test/pituitary/brisc2025_test_00861_pi_co_t1.jpg,pituitary
near,4,/kaggle/input/datasets/briscdataset/brisc2025/brisc2025/classification_task/train/pituitary/brisc2025_train_04318_pi_co_t1.jpg,pituitary,/kaggle/input/datasets/briscdataset/brisc2025/brisc2025/classification_task/test/pituitary/brisc2025_test_00862_pi_co_t1.jpg,pituitary
near,5,/kaggle/input/datasets/briscdataset/brisc2025/brisc2025/classification_task/train/pituitary/brisc2025_train_04319_pi_co_t1.jpg,pituitary,/kaggle/input/datasets/briscdataset/brisc2025/brisc2025/classification_task/train/pituitary/brisc2025_train_04320_pi_co_t1.jpg,pituitary
near,6,/kaggle/input/datasets/briscdataset/brisc2025/brisc2025/classification_task/train/pituitary/brisc2025_train_04322_pi_co_t1.jpg,pituitary,/kaggle/input/datasets/briscdataset/brisc2025/brisc2025/classification_task/train/pituitary/brisc2025_train_04323_pi_co_t1.jpg,pituitary
near,5,/kaggle/input/datasets/briscdataset/brisc2025/brisc2025/classification_task/train/pituitary/brisc2025_train_04329_pi_co_t1.jpg,pituitary,/kaggle/input/datasets/briscdataset/brisc2025/brisc2025/classification_task/train/pituitary/brisc2025_train_04330_pi_co_t1.jpg,pituitary
near,5,/kaggle/input/datasets/briscdataset/brisc2025/brisc2025/classification_task/train/pituitary/brisc2025_train_04330_pi_co_t1.jpg,pituitary,/kaggle/input/datasets/briscdataset/brisc2025/brisc2025/classification_task/test/pituitary/brisc2025_test_00866_pi_co_t1.jpg,pituitary
near,6,/kaggle/input/datasets/briscdataset/brisc2025/brisc2025/classification_task/train/pituitary/brisc2025_train_04331_pi_co_t1.jpg,pituitary,/kaggle/input/datasets/briscdataset/brisc2025/brisc2025/classification_task/test/pituitary/brisc2025_test_00861_pi_co_t1.jpg,pituitary
near,4,/kaggle/input/datasets/briscdataset/brisc2025/brisc2025/classification_task/train/pituitary/brisc2025_train_04332_pi_co_t1.jpg,pituitary,/kaggle/input/datasets/briscdataset/brisc2025/brisc2025/classification_task/test/pituitary/brisc2025_test_00866_pi_co_t1.jpg,pituitary
near,5,/kaggle/input/datasets/briscdataset/brisc2025/brisc2025/classification_task/train/pituitary/brisc2025_train_04333_pi_co_t1.jpg,pituitary,/kaggle/input/datasets/briscdataset/brisc2025/brisc2025/classification_task/train/pituitary/brisc2025_train_04334_pi_co_t1.jpg,pituitary
near,3,/kaggle/input/datasets/briscdataset/brisc2025/brisc2025/classification_task/train/pituitary/brisc2025_train_04335_pi_co_t1.jpg,pituitary,/kaggle/input/datasets/briscdataset/brisc2025/brisc2025/classification_task/train/pituitary/brisc2025_train_04336_pi_co_t1.jpg,pituitary
near,6,/kaggle/input/datasets/briscdataset/brisc2025/brisc2025/classification_task/train/pituitary/brisc2025_train_04336_pi_co_t1.jpg,pituitary,/kaggle/input/datasets/briscdataset/brisc2025/brisc2025/classification_task/train/pituitary/brisc2025_train_04337_pi_co_t1.jpg,pituitary
near,2,/kaggle/input/datasets/briscdataset/brisc2025/brisc2025/classification_task/train/pituitary/brisc2025_train_04338_pi_co_t1.jpg,pituitary,/kaggle/input/datasets/briscdataset/brisc2025/brisc2025/classification_task/train/pituitary/brisc2025_train_04345_pi_co_t1.jpg,pituitary
near,5,/kaggle/input/datasets/briscdataset/brisc2025/brisc2025/classification_task/train/pituitary/brisc2025_train_04338_pi_co_t1.jpg,pituitary,/kaggle/input/datasets/briscdataset/brisc2025/brisc2025/classification_task/test/pituitary/brisc2025_test_00871_pi_co_t1.jpg,pituitary
near,6,/kaggle/input/datasets/briscdataset/brisc2025/brisc2025/classification_task/train/pituitary/brisc2025_train_04340_pi_co_t1.jpg,pituitary,/kaggle/input/datasets/briscdataset/brisc2025/brisc2025/classification_task/train/pituitary/brisc2025_train_04341_pi_co_t1.jpg,pituitary
near,2,/kaggle/input/datasets/briscdataset/brisc2025/brisc2025/classification_task/train/pituitary/brisc2025_train_04343_pi_co_t1.jpg,pituitary,/kaggle/input/datasets/briscdataset/brisc2025/brisc2025/classification_task/train/pituitary/brisc2025_train_04344_pi_co_t1.jpg,pituitary
near,5,/kaggle/input/datasets/briscdataset/brisc2025/brisc2025/classification_task/train/pituitary/brisc2025_train_04343_pi_co_t1.jpg,pituitary,/kaggle/input/datasets/briscdataset/brisc2025/brisc2025/classification_task/test/pituitary/brisc2025_test_00870_pi_co_t1.jpg,pituitary
near,3,/kaggle/input/datasets/briscdataset/brisc2025/brisc2025/classification_task/train/pituitary/brisc2025_train_04344_pi_co_t1.jpg,pituitary,/kaggle/input/datasets/briscdataset/brisc2025/brisc2025/classification_task/test/pituitary/brisc2025_test_00870_pi_co_t1.jpg,pituitary
near,5,/kaggle/input/datasets/briscdataset/brisc2025/brisc2025/classification_task/train/pituitary/brisc2025_train_04345_pi_co_t1.jpg,pituitary,/kaggle/input/datasets/briscdataset/brisc2025/brisc2025/classification_task/train/pituitary/brisc2025_train_04367_pi_co_t1.jpg,pituitary
near,3,/kaggle/input/datasets/briscdataset/brisc2025/brisc2025/classification_task/train/pituitary/brisc2025_train_04345_pi_co_t1.jpg,pituitary,/kaggle/input/datasets/briscdataset/brisc2025/brisc2025/classification_task/test/pituitary/brisc2025_test_00871_pi_co_t1.jpg,pituitary
near,6,/kaggle/input/datasets/briscdataset/brisc2025/brisc2025/classification_task/train/pituitary/brisc2025_train_04346_pi_co_t1.jpg,pituitary,/kaggle/input/datasets/briscdataset/brisc2025/brisc2025/classification_task/train/pituitary/brisc2025_train_04347_pi_co_t1.jpg,pituitary
near,6,/kaggle/input/datasets/briscdataset/brisc2025/brisc2025/classification_task/train/pituitary/brisc2025_train_04346_pi_co_t1.jpg,pituitary,/kaggle/input/datasets/briscdataset/brisc2025/brisc2025/classification_task/test/pituitary/brisc2025_test_00870_pi_co_t1.jpg,pituitary
near,5,/kaggle/input/datasets/briscdataset/brisc2025/brisc2025/classification_task/train/pituitary/brisc2025_train_04349_pi_co_t1.jpg,pituitary,/kaggle/input/datasets/briscdataset/brisc2025/brisc2025/classification_task/train/pituitary/brisc2025_train_04350_pi_co_t1.jpg,pituitary
near,6,/kaggle/input/datasets/briscdataset/brisc2025/brisc2025/classification_task/train/pituitary/brisc2025_train_04355_pi_co_t1.jpg,pituitary,/kaggle/input/datasets/briscdataset/brisc2025/brisc2025/classification_task/test/pituitary/brisc2025_test_00874_pi_co_t1.jpg,pituitary
near,6,/kaggle/input/datasets/briscdataset/brisc2025/brisc2025/classification_task/train/pituitary/brisc2025_train_04356_pi_co_t1.jpg,pituitary,/kaggle/input/datasets/briscdataset/brisc2025/brisc2025/classification_task/train/pituitary/brisc2025_train_04357_pi_co_t1.jpg,pituitary
near,4,/kaggle/input/datasets/briscdataset/brisc2025/brisc2025/classification_task/train/pituitary/brisc2025_train_04357_pi_co_t1.jpg,pituitary,/kaggle/input/datasets/briscdataset/brisc2025/brisc2025/classification_task/test/pituitary/brisc2025_test_00875_pi_co_t1.jpg,pituitary
near,6,/kaggle/input/datasets/briscdataset/brisc2025/brisc2025/classification_task/train/pituitary/brisc2025_train_04358_pi_co_t1.jpg,pituitary,/kaggle/input/datasets/briscdataset/brisc2025/brisc2025/classification_task/train/pituitary/brisc2025_train_04359_pi_co_t1.jpg,pituitary
near,4,/kaggle/input/datasets/briscdataset/brisc2025/brisc2025/classification_task/train/pituitary/brisc2025_train_04358_pi_co_t1.jpg,pituitary,/kaggle/input/datasets/briscdataset/brisc2025/brisc2025/classification_task/test/pituitary/brisc2025_test_00875_pi_co_t1.jpg,pituitary
near,5,/kaggle/input/datasets/briscdataset/brisc2025/brisc2025/classification_task/train/pituitary/brisc2025_train_04361_pi_co_t1.jpg,pituitary,/kaggle/input/datasets/briscdataset/brisc2025/brisc2025/classification_task/train/pituitary/brisc2025_train_04362_pi_co_t1.jpg,pituitary
near,5,/kaggle/input/datasets/briscdataset/brisc2025/brisc2025/classification_task/train/pituitary/brisc2025_train_04361_pi_co_t1.jpg,pituitary,/kaggle/input/datasets/briscdataset/brisc2025/brisc2025/classification_task/test/pituitary/brisc2025_test_00876_pi_co_t1.jpg,pituitary
near,4,/kaggle/input/datasets/briscdataset/brisc2025/brisc2025/classification_task/train/pituitary/brisc2025_train_04366_pi_co_t1.jpg,pituitary,/kaggle/input/datasets/briscdataset/brisc2025/brisc2025/classification_task/test/pituitary/brisc2025_test_00878_pi_co_t1.jpg,pituitary
near,5,/kaggle/input/datasets/briscdataset/brisc2025/brisc2025/classification_task/train/pituitary/brisc2025_train_04367_pi_co_t1.jpg,pituitary,/kaggle/input/datasets/briscdataset/brisc2025/brisc2025/classification_task/train/pituitary/brisc2025_train_04375_pi_co_t1.jpg,pituitary
near,2,/kaggle/input/datasets/briscdataset/brisc2025/brisc2025/classification_task/train/pituitary/brisc2025_train_04367_pi_co_t1.jpg,pituitary,/kaggle/input/datasets/briscdataset/brisc2025/brisc2025/classification_task/test/pituitary/brisc2025_test_00871_pi_co_t1.jpg,pituitary
near,1,/kaggle/input/datasets/briscdataset/brisc2025/brisc2025/classification_task/train/pituitary/brisc2025_train_04368_pi_co_t1.jpg,pituitary,/kaggle/input/datasets/briscdataset/brisc2025/brisc2025/classification_task/train/pituitary/brisc2025_train_04369_pi_co_t1.jpg,pituitary
near,6,/kaggle/input/datasets/briscdataset/brisc2025/brisc2025/classification_task/train/pituitary/brisc2025_train_04368_pi_co_t1.jpg,pituitary,/kaggle/input/datasets/briscdataset/brisc2025/brisc2025/classification_task/train/pituitary/brisc2025_train_04370_pi_co_t1.jpg,pituitary
near,6,/kaggle/input/datasets/briscdataset/brisc2025/brisc2025/classification_task/train/pituitary/brisc2025_train_04369_pi_co_t1.jpg,pituitary,/kaggle/input/datasets/briscdataset/brisc2025/brisc2025/classification_task/test/pituitary/brisc2025_test_00878_pi_co_t1.jpg,pituitary
near,5,/kaggle/input/datasets/briscdataset/brisc2025/brisc2025/classification_task/train/pituitary/brisc2025_train_04371_pi_co_t1.jpg,pituitary,/kaggle/input/datasets/briscdataset/brisc2025/brisc2025/classification_task/train/pituitary/brisc2025_train_04372_pi_co_t1.jpg,pituitary
near,5,/kaggle/input/datasets/briscdataset/brisc2025/brisc2025/classification_task/train/pituitary/brisc2025_train_04371_pi_co_t1.jpg,pituitary,/kaggle/input/datasets/briscdataset/brisc2025/brisc2025/classification_task/test/pituitary/brisc2025_test_00879_pi_co_t1.jpg,pituitary
near,6,/kaggle/input/datasets/briscdataset/brisc2025/brisc2025/classification_task/train/pituitary/brisc2025_train_04372_pi_co_t1.jpg,pituitary,/kaggle/input/datasets/briscdataset/brisc2025/brisc2025/classification_task/train/pituitary/brisc2025_train_04373_pi_co_t1.jpg,pituitary
near,6,/kaggle/input/datasets/briscdataset/brisc2025/brisc2025/classification_task/train/pituitary/brisc2025_train_04372_pi_co_t1.jpg,pituitary,/kaggle/input/datasets/briscdataset/brisc2025/brisc2025/classification_task/test/pituitary/brisc2025_test_00879_pi_co_t1.jpg,pituitary
near,6,/kaggle/input/datasets/briscdataset/brisc2025/brisc2025/classification_task/train/pituitary/brisc2025_train_04374_pi_co_t1.jpg,pituitary,/kaggle/input/datasets/briscdataset/brisc2025/brisc2025/classification_task/train/pituitary/brisc2025_train_04376_pi_co_t1.jpg,pituitary
near,4,/kaggle/input/datasets/briscdataset/brisc2025/brisc2025/classification_task/train/pituitary/brisc2025_train_04376_pi_co_t1.jpg,pituitary,/kaggle/input/datasets/briscdataset/brisc2025/brisc2025/classification_task/train/pituitary/brisc2025_train_04377_pi_co_t1.jpg,pituitary
near,6,/kaggle/input/datasets/briscdataset/brisc2025/brisc2025/classification_task/train/pituitary/brisc2025_train_04381_pi_co_t1.jpg,pituitary,/kaggle/input/datasets/briscdataset/brisc2025/brisc2025/classification_task/train/pituitary/brisc2025_train_04382_pi_co_t1.jpg,pituitary
near,6,/kaggle/input/datasets/briscdataset/brisc2025/brisc2025/classification_task/train/pituitary/brisc2025_train_04381_pi_co_t1.jpg,pituitary,/kaggle/input/datasets/briscdataset/brisc2025/brisc2025/classification_task/test/pituitary/brisc2025_test_00882_pi_co_t1.jpg,pituitary
near,4,/kaggle/input/datasets/briscdataset/brisc2025/brisc2025/classification_task/train/pituitary/brisc2025_train_04382_pi_co_t1.jpg,pituitary,/kaggle/input/datasets/briscdataset/brisc2025/brisc2025/classification_task/train/pituitary/brisc2025_train_04384_pi_co_t1.jpg,pituitary
near,5,/kaggle/input/datasets/briscdataset/brisc2025/brisc2025/classification_task/train/pituitary/brisc2025_train_04383_pi_co_t1.jpg,pituitary,/kaggle/input/datasets/briscdataset/brisc2025/brisc2025/classification_task/test/pituitary/brisc2025_test_00883_pi_co_t1.jpg,pituitary
near,2,/kaggle/input/datasets/briscdataset/brisc2025/brisc2025/classification_task/train/pituitary/brisc2025_train_04387_pi_co_t1.jpg,pituitary,/kaggle/input/datasets/briscdataset/brisc2025/brisc2025/classification_task/test/pituitary/brisc2025_test_00885_pi_co_t1.jpg,pituitary
near,6,/kaggle/input/datasets/briscdataset/brisc2025/brisc2025/classification_task/train/pituitary/brisc2025_train_04388_pi_co_t1.jpg,pituitary,/kaggle/input/datasets/briscdataset/brisc2025/brisc2025/classification_task/train/pituitary/brisc2025_train_04389_pi_co_t1.jpg,pituitary
near,5,/kaggle/input/datasets/briscdataset/brisc2025/brisc2025/classification_task/train/pituitary/brisc2025_train_04388_pi_co_t1.jpg,pituitary,/kaggle/input/datasets/briscdataset/brisc2025/brisc2025/classification_task/test/pituitary/brisc2025_test_00885_pi_co_t1.jpg,pituitary
near,6,/kaggle/input/datasets/briscdataset/brisc2025/brisc2025/classification_task/train/pituitary/brisc2025_train_04389_pi_co_t1.jpg,pituitary,/kaggle/input/datasets/briscdataset/brisc2025/brisc2025/classification_task/train/pituitary/brisc2025_train_04390_pi_co_t1.jpg,pituitary
near,6,/kaggle/input/datasets/briscdataset/brisc2025/brisc2025/classification_task/train/pituitary/brisc2025_train_04395_pi_co_t1.jpg,pituitary,/kaggle/input/datasets/briscdataset/brisc2025/brisc2025/classification_task/test/pituitary/brisc2025_test_00888_pi_co_t1.jpg,pituitary
near,5,/kaggle/input/datasets/briscdataset/brisc2025/brisc2025/classification_task/train/pituitary/brisc2025_train_04398_pi_co_t1.jpg,pituitary,/kaggle/input/datasets/briscdataset/brisc2025/brisc2025/classification_task/train/pituitary/brisc2025_train_04399_pi_co_t1.jpg,pituitary
near,2,/kaggle/input/datasets/briscdataset/brisc2025/brisc2025/classification_task/train/pituitary/brisc2025_train_04400_pi_co_t1.jpg,pituitary,/kaggle/input/datasets/briscdataset/brisc2025/brisc2025/classification_task/test/pituitary/brisc2025_test_00889_pi_co_t1.jpg,pituitary
near,3,/kaggle/input/datasets/briscdataset/brisc2025/brisc2025/classification_task/train/pituitary/brisc2025_train_04404_pi_co_t1.jpg,pituitary,/kaggle/input/datasets/briscdataset/brisc2025/brisc2025/classification_task/train/pituitary/brisc2025_train_04406_pi_co_t1.jpg,pituitary
near,5,/kaggle/input/datasets/briscdataset/brisc2025/brisc2025/classification_task/train/pituitary/brisc2025_train_04407_pi_co_t1.jpg,pituitary,/kaggle/input/datasets/briscdataset/brisc2025/brisc2025/classification_task/test/pituitary/brisc2025_test_00891_pi_co_t1.jpg,pituitary
near,6,/kaggle/input/datasets/briscdataset/brisc2025/brisc2025/classification_task/train/pituitary/brisc2025_train_04409_pi_co_t1.jpg,pituitary,/kaggle/input/datasets/briscdataset/brisc2025/brisc2025/classification_task/train/pituitary/brisc2025_train_04410_pi_co_t1.jpg,pituitary
near,5,/kaggle/input/datasets/briscdataset/brisc2025/brisc2025/classification_task/train/pituitary/brisc2025_train_04411_pi_co_t1.jpg,pituitary,/kaggle/input/datasets/briscdataset/brisc2025/brisc2025/classification_task/train/pituitary/brisc2025_train_04412_pi_co_t1.jpg,pituitary
near,5,/kaggle/input/datasets/briscdataset/brisc2025/brisc2025/classification_task/train/pituitary/brisc2025_train_04411_pi_co_t1.jpg,pituitary,/kaggle/input/datasets/briscdataset/brisc2025/brisc2025/classification_task/test/pituitary/brisc2025_test_00892_pi_co_t1.jpg,pituitary
near,6,/kaggle/input/datasets/briscdataset/brisc2025/brisc2025/classification_task/train/pituitary/brisc2025_train_04412_pi_co_t1.jpg,pituitary,/kaggle/input/datasets/briscdataset/brisc2025/brisc2025/classification_task/train/pituitary/brisc2025_train_04414_pi_co_t1.jpg,pituitary
near,6,/kaggle/input/datasets/briscdataset/brisc2025/brisc2025/classification_task/train/pituitary/brisc2025_train_04412_pi_co_t1.jpg,pituitary,/kaggle/input/datasets/briscdataset/brisc2025/brisc2025/classification_task/train/pituitary/brisc2025_train_04514_pi_sa_t1.jpg,pituitary
near,4,/kaggle/input/datasets/briscdataset/brisc2025/brisc2025/classification_task/train/pituitary/brisc2025_train_04414_pi_co_t1.jpg,pituitary,/kaggle/input/datasets/briscdataset/brisc2025/brisc2025/classification_task/train/pituitary/brisc2025_train_04514_pi_sa_t1.jpg,pituitary
near,4,/kaggle/input/datasets/briscdataset/brisc2025/brisc2025/classification_task/train/pituitary/brisc2025_train_04414_pi_co_t1.jpg,pituitary,/kaggle/input/datasets/briscdataset/brisc2025/brisc2025/classification_task/test/pituitary/brisc2025_test_00894_pi_co_t1.jpg,pituitary
near,5,/kaggle/input/datasets/briscdataset/brisc2025/brisc2025/classification_task/train/pituitary/brisc2025_train_04415_pi_co_t1.jpg,pituitary,/kaggle/input/datasets/briscdataset/brisc2025/brisc2025/classification_task/train/pituitary/brisc2025_train_04416_pi_co_t1.jpg,pituitary
near,3,/kaggle/input/datasets/briscdataset/brisc2025/brisc2025/classification_task/train/pituitary/brisc2025_train_04416_pi_co_t1.jpg,pituitary,/kaggle/input/datasets/briscdataset/brisc2025/brisc2025/classification_task/train/pituitary/brisc2025_train_04417_pi_co_t1.jpg,pituitary
near,4,/kaggle/input/datasets/briscdataset/brisc2025/brisc2025/classification_task/train/pituitary/brisc2025_train_04418_pi_co_t1.jpg,pituitary,/kaggle/input/datasets/briscdataset/brisc2025/brisc2025/classification_task/train/pituitary/brisc2025_train_04419_pi_co_t1.jpg,pituitary
near,4,/kaggle/input/datasets/briscdataset/brisc2025/brisc2025/classification_task/train/pituitary/brisc2025_train_04418_pi_co_t1.jpg,pituitary,/kaggle/input/datasets/briscdataset/brisc2025/brisc2025/classification_task/train/pituitary/brisc2025_train_04420_pi_co_t1.jpg,pituitary
near,4,/kaggle/input/datasets/briscdataset/brisc2025/brisc2025/classification_task/train/pituitary/brisc2025_train_04418_pi_co_t1.jpg,pituitary,/kaggle/input/datasets/briscdataset/brisc2025/brisc2025/classification_task/test/pituitary/brisc2025_test_00895_pi_co_t1.jpg,pituitary
near,4,/kaggle/input/datasets/briscdataset/brisc2025/brisc2025/classification_task/train/pituitary/brisc2025_train_04419_pi_co_t1.jpg,pituitary,/kaggle/input/datasets/briscdataset/brisc2025/brisc2025/classification_task/train/pituitary/brisc2025_train_04420_pi_co_t1.jpg,pituitary
near,2,/kaggle/input/datasets/briscdataset/brisc2025/brisc2025/classification_task/train/pituitary/brisc2025_train_04419_pi_co_t1.jpg,pituitary,/kaggle/input/datasets/briscdataset/brisc2025/brisc2025/classification_task/test/pituitary/brisc2025_test_00895_pi_co_t1.jpg,pituitary
near,6,/kaggle/input/datasets/briscdataset/brisc2025/brisc2025/classification_task/train/pituitary/brisc2025_train_04420_pi_co_t1.jpg,pituitary,/kaggle/input/datasets/briscdataset/brisc2025/brisc2025/classification_task/test/pituitary/brisc2025_test_00895_pi_co_t1.jpg,pituitary
near,5,/kaggle/input/datasets/briscdataset/brisc2025/brisc2025/classification_task/train/pituitary/brisc2025_train_04424_pi_co_t1.jpg,pituitary,/kaggle/input/datasets/briscdataset/brisc2025/brisc2025/classification_task/test/pituitary/brisc2025_test_00897_pi_co_t1.jpg,pituitary
near,5,/kaggle/input/datasets/briscdataset/brisc2025/brisc2025/classification_task/train/pituitary/brisc2025_train_04427_pi_co_t1.jpg,pituitary,/kaggle/input/datasets/briscdataset/brisc2025/brisc2025/classification_task/test/pituitary/brisc2025_test_00893_pi_co_t1.jpg,pituitary
near,2,/kaggle/input/datasets/briscdataset/brisc2025/brisc2025/classification_task/train/pituitary/brisc2025_train_04428_pi_co_t1.jpg,pituitary,/kaggle/input/datasets/briscdataset/brisc2025/brisc2025/classification_task/train/pituitary/brisc2025_train_04429_pi_co_t1.jpg,pituitary
near,6,/kaggle/input/datasets/briscdataset/brisc2025/brisc2025/classification_task/train/pituitary/brisc2025_train_04428_pi_co_t1.jpg,pituitary,/kaggle/input/datasets/briscdataset/brisc2025/brisc2025/classification_task/train/pituitary/brisc2025_train_04430_pi_co_t1.jpg,pituitary
near,2,/kaggle/input/datasets/briscdataset/brisc2025/brisc2025/classification_task/train/pituitary/brisc2025_train_04428_pi_co_t1.jpg,pituitary,/kaggle/input/datasets/briscdataset/brisc2025/brisc2025/classification_task/test/pituitary/brisc2025_test_00898_pi_co_t1.jpg,pituitary
near,4,/kaggle/input/datasets/briscdataset/brisc2025/brisc2025/classification_task/train/pituitary/brisc2025_train_04429_pi_co_t1.jpg,pituitary,/kaggle/input/datasets/briscdataset/brisc2025/brisc2025/classification_task/test/pituitary/brisc2025_test_00898_pi_co_t1.jpg,pituitary
near,4,/kaggle/input/datasets/briscdataset/brisc2025/brisc2025/classification_task/train/pituitary/brisc2025_train_04434_pi_co_t1.jpg,pituitary,/kaggle/input/datasets/briscdataset/brisc2025/brisc2025/classification_task/train/pituitary/brisc2025_train_04450_pi_co_t1.jpg,pituitary
near,4,/kaggle/input/datasets/briscdataset/brisc2025/brisc2025/classification_task/train/pituitary/brisc2025_train_04435_pi_co_t1.jpg,pituitary,/kaggle/input/datasets/briscdataset/brisc2025/brisc2025/classification_task/train/pituitary/brisc2025_train_04436_pi_co_t1.jpg,pituitary
near,6,/kaggle/input/datasets/briscdataset/brisc2025/brisc2025/classification_task/train/pituitary/brisc2025_train_04436_pi_co_t1.jpg,pituitary,/kaggle/input/datasets/briscdataset/brisc2025/brisc2025/classification_task/train/pituitary/brisc2025_train_04437_pi_co_t1.jpg,pituitary
near,6,/kaggle/input/datasets/briscdataset/brisc2025/brisc2025/classification_task/train/pituitary/brisc2025_train_04436_pi_co_t1.jpg,pituitary,/kaggle/input/datasets/briscdataset/brisc2025/brisc2025/classification_task/test/pituitary/brisc2025_test_00901_pi_co_t1.jpg,pituitary
near,6,/kaggle/input/datasets/briscdataset/brisc2025/brisc2025/classification_task/train/pituitary/brisc2025_train_04440_pi_co_t1.jpg,pituitary,/kaggle/input/datasets/briscdataset/brisc2025/brisc2025/classification_task/test/pituitary/brisc2025_test_00902_pi_co_t1.jpg,pituitary
near,2,/kaggle/input/datasets/briscdataset/brisc2025/brisc2025/classification_task/train/pituitary/brisc2025_train_04441_pi_co_t1.jpg,pituitary,/kaggle/input/datasets/briscdataset/brisc2025/brisc2025/classification_task/train/pituitary/brisc2025_train_04442_pi_co_t1.jpg,pituitary
near,4,/kaggle/input/datasets/briscdataset/brisc2025/brisc2025/classification_task/train/pituitary/brisc2025_train_04441_pi_co_t1.jpg,pituitary,/kaggle/input/datasets/briscdataset/brisc2025/brisc2025/classification_task/train/pituitary/brisc2025_train_04443_pi_co_t1.jpg,pituitary
near,6,/kaggle/input/datasets/briscdataset/brisc2025/brisc2025/classification_task/train/pituitary/brisc2025_train_04441_pi_co_t1.jpg,pituitary,/kaggle/input/datasets/briscdataset/brisc2025/brisc2025/classification_task/test/pituitary/brisc2025_test_00902_pi_co_t1.jpg,pituitary
near,4,/kaggle/input/datasets/briscdataset/brisc2025/brisc2025/classification_task/train/pituitary/brisc2025_train_04442_pi_co_t1.jpg,pituitary,/kaggle/input/datasets/briscdataset/brisc2025/brisc2025/classification_task/train/pituitary/brisc2025_train_04443_pi_co_t1.jpg,pituitary
near,5,/kaggle/input/datasets/briscdataset/brisc2025/brisc2025/classification_task/train/pituitary/brisc2025_train_04444_pi_co_t1.jpg,pituitary,/kaggle/input/datasets/briscdataset/brisc2025/brisc2025/classification_task/test/pituitary/brisc2025_test_00903_pi_co_t1.jpg,pituitary
near,6,/kaggle/input/datasets/briscdataset/brisc2025/brisc2025/classification_task/train/pituitary/brisc2025_train_04446_pi_co_t1.jpg,pituitary,/kaggle/input/datasets/briscdataset/brisc2025/brisc2025/classification_task/test/pituitary/brisc2025_test_00904_pi_co_t1.jpg,pituitary
near,3,/kaggle/input/datasets/briscdataset/brisc2025/brisc2025/classification_task/train/pituitary/brisc2025_train_04449_pi_co_t1.jpg,pituitary,/kaggle/input/datasets/briscdataset/brisc2025/brisc2025/classification_task/train/pituitary/brisc2025_train_04451_pi_co_t1.jpg,pituitary
near,5,/kaggle/input/datasets/briscdataset/brisc2025/brisc2025/classification_task/train/pituitary/brisc2025_train_04449_pi_co_t1.jpg,pituitary,/kaggle/input/datasets/briscdataset/brisc2025/brisc2025/classification_task/test/pituitary/brisc2025_test_00906_pi_co_t1.jpg,pituitary
near,4,/kaggle/input/datasets/briscdataset/brisc2025/brisc2025/classification_task/train/pituitary/brisc2025_train_04451_pi_co_t1.jpg,pituitary,/kaggle/input/datasets/briscdataset/brisc2025/brisc2025/classification_task/train/pituitary/brisc2025_train_04452_pi_co_t1.jpg,pituitary
near,4,/kaggle/input/datasets/briscdataset/brisc2025/brisc2025/classification_task/train/pituitary/brisc2025_train_04451_pi_co_t1.jpg,pituitary,/kaggle/input/datasets/briscdataset/brisc2025/brisc2025/classification_task/train/pituitary/brisc2025_train_04453_pi_co_t1.jpg,pituitary
near,2,/kaggle/input/datasets/briscdataset/brisc2025/brisc2025/classification_task/train/pituitary/brisc2025_train_04451_pi_co_t1.jpg,pituitary,/kaggle/input/datasets/briscdataset/brisc2025/brisc2025/classification_task/test/pituitary/brisc2025_test_00906_pi_co_t1.jpg,pituitary
near,2,/kaggle/input/datasets/briscdataset/brisc2025/brisc2025/classification_task/train/pituitary/brisc2025_train_04452_pi_co_t1.jpg,pituitary,/kaggle/input/datasets/briscdataset/brisc2025/brisc2025/classification_task/train/pituitary/brisc2025_train_04453_pi_co_t1.jpg,pituitary
near,6,/kaggle/input/datasets/briscdataset/brisc2025/brisc2025/classification_task/train/pituitary/brisc2025_train_04452_pi_co_t1.jpg,pituitary,/kaggle/input/datasets/briscdataset/brisc2025/brisc2025/classification_task/test/pituitary/brisc2025_test_00906_pi_co_t1.jpg,pituitary
near,6,/kaggle/input/datasets/briscdataset/brisc2025/brisc2025/classification_task/train/pituitary/brisc2025_train_04453_pi_co_t1.jpg,pituitary,/kaggle/input/datasets/briscdataset/brisc2025/brisc2025/classification_task/test/pituitary/brisc2025_test_00906_pi_co_t1.jpg,pituitary
near,6,/kaggle/input/datasets/briscdataset/brisc2025/brisc2025/classification_task/train/pituitary/brisc2025_train_04462_pi_co_t1.jpg,pituitary,/kaggle/input/datasets/briscdataset/brisc2025/brisc2025/classification_task/train/pituitary/brisc2025_train_04463_pi_co_t1.jpg,pituitary
near,3,/kaggle/input/datasets/briscdataset/brisc2025/brisc2025/classification_task/train/pituitary/brisc2025_train_04462_pi_co_t1.jpg,pituitary,/kaggle/input/datasets/briscdataset/brisc2025/brisc2025/classification_task/test/pituitary/brisc2025_test_00909_pi_co_t1.jpg,pituitary
near,6,/kaggle/input/datasets/briscdataset/brisc2025/brisc2025/classification_task/train/pituitary/brisc2025_train_04463_pi_co_t1.jpg,pituitary,/kaggle/input/datasets/briscdataset/brisc2025/brisc2025/classification_task/train/pituitary/brisc2025_train_04464_pi_co_t1.jpg,pituitary
near,4,/kaggle/input/datasets/briscdataset/brisc2025/brisc2025/classification_task/train/pituitary/brisc2025_train_04471_pi_co_t1.jpg,pituitary,/kaggle/input/datasets/briscdataset/brisc2025/brisc2025/classification_task/train/pituitary/brisc2025_train_04472_pi_co_t1.jpg,pituitary
near,6,/kaggle/input/datasets/briscdataset/brisc2025/brisc2025/classification_task/train/pituitary/brisc2025_train_04471_pi_co_t1.jpg,pituitary,/kaggle/input/datasets/briscdataset/brisc2025/brisc2025/classification_task/train/pituitary/brisc2025_train_04473_pi_co_t1.jpg,pituitary
near,6,/kaggle/input/datasets/briscdataset/brisc2025/brisc2025/classification_task/train/pituitary/brisc2025_train_04471_pi_co_t1.jpg,pituitary,/kaggle/input/datasets/briscdataset/brisc2025/brisc2025/classification_task/test/pituitary/brisc2025_test_00913_pi_co_t1.jpg,pituitary
near,4,/kaggle/input/datasets/briscdataset/brisc2025/brisc2025/classification_task/train/pituitary/brisc2025_train_04472_pi_co_t1.jpg,pituitary,/kaggle/input/datasets/briscdataset/brisc2025/brisc2025/classification_task/train/pituitary/brisc2025_train_04473_pi_co_t1.jpg,pituitary
near,6,/kaggle/input/datasets/briscdataset/brisc2025/brisc2025/classification_task/train/pituitary/brisc2025_train_04472_pi_co_t1.jpg,pituitary,/kaggle/input/datasets/briscdataset/brisc2025/brisc2025/classification_task/test/pituitary/brisc2025_test_00913_pi_co_t1.jpg,pituitary
near,4,/kaggle/input/datasets/briscdataset/brisc2025/brisc2025/classification_task/train/pituitary/brisc2025_train_04473_pi_co_t1.jpg,pituitary,/kaggle/input/datasets/briscdataset/brisc2025/brisc2025/classification_task/test/pituitary/brisc2025_test_00913_pi_co_t1.jpg,pituitary
near,6,/kaggle/input/datasets/briscdataset/brisc2025/brisc2025/classification_task/train/pituitary/brisc2025_train_04480_pi_sa_t1.jpg,pituitary,/kaggle/input/datasets/briscdataset/brisc2025/brisc2025/classification_task/train/pituitary/brisc2025_train_04481_pi_sa_t1.jpg,pituitary
near,3,/kaggle/input/datasets/briscdataset/brisc2025/brisc2025/classification_task/train/pituitary/brisc2025_train_04481_pi_sa_t1.jpg,pituitary,/kaggle/input/datasets/briscdataset/brisc2025/brisc2025/classification_task/train/pituitary/brisc2025_train_04482_pi_sa_t1.jpg,pituitary
near,5,/kaggle/input/datasets/briscdataset/brisc2025/brisc2025/classification_task/train/pituitary/brisc2025_train_04481_pi_sa_t1.jpg,pituitary,/kaggle/input/datasets/briscdataset/brisc2025/brisc2025/classification_task/train/pituitary/brisc2025_train_04592_pi_sa_t1.jpg,pituitary
near,4,/kaggle/input/datasets/briscdataset/brisc2025/brisc2025/classification_task/train/pituitary/brisc2025_train_04482_pi_sa_t1.jpg,pituitary,/kaggle/input/datasets/briscdataset/brisc2025/brisc2025/classification_task/train/pituitary/brisc2025_train_04592_pi_sa_t1.jpg,pituitary
near,6,/kaggle/input/datasets/briscdataset/brisc2025/brisc2025/classification_task/train/pituitary/brisc2025_train_04483_pi_sa_t1.jpg,pituitary,/kaggle/input/datasets/briscdataset/brisc2025/brisc2025/classification_task/train/pituitary/brisc2025_train_04488_pi_sa_t1.jpg,pituitary
near,4,/kaggle/input/datasets/briscdataset/brisc2025/brisc2025/classification_task/train/pituitary/brisc2025_train_04484_pi_sa_t1.jpg,pituitary,/kaggle/input/datasets/briscdataset/brisc2025/brisc2025/classification_task/train/pituitary/brisc2025_train_04485_pi_sa_t1.jpg,pituitary
near,6,/kaggle/input/datasets/briscdataset/brisc2025/brisc2025/classification_task/train/pituitary/brisc2025_train_04485_pi_sa_t1.jpg,pituitary,/kaggle/input/datasets/briscdataset/brisc2025/brisc2025/classification_task/train/pituitary/brisc2025_train_04486_pi_sa_t1.jpg,pituitary
near,4,/kaggle/input/datasets/briscdataset/brisc2025/brisc2025/classification_task/train/pituitary/brisc2025_train_04485_pi_sa_t1.jpg,pituitary,/kaggle/input/datasets/briscdataset/brisc2025/brisc2025/classification_task/train/pituitary/brisc2025_train_04529_pi_sa_t1.jpg,pituitary
near,6,/kaggle/input/datasets/briscdataset/brisc2025/brisc2025/classification_task/train/pituitary/brisc2025_train_04485_pi_sa_t1.jpg,pituitary,/kaggle/input/datasets/briscdataset/brisc2025/brisc2025/classification_task/train/pituitary/brisc2025_train_04701_pi_sa_t1.jpg,pituitary
near,6,/kaggle/input/datasets/briscdataset/brisc2025/brisc2025/classification_task/train/pituitary/brisc2025_train_04486_pi_sa_t1.jpg,pituitary,/kaggle/input/datasets/briscdataset/brisc2025/brisc2025/classification_task/train/pituitary/brisc2025_train_04680_pi_sa_t1.jpg,pituitary
near,6,/kaggle/input/datasets/briscdataset/brisc2025/brisc2025/classification_task/train/pituitary/brisc2025_train_04486_pi_sa_t1.jpg,pituitary,/kaggle/input/datasets/briscdataset/brisc2025/brisc2025/classification_task/train/pituitary/brisc2025_train_04682_pi_sa_t1.jpg,pituitary
near,6,/kaggle/input/datasets/briscdataset/brisc2025/brisc2025/classification_task/train/pituitary/brisc2025_train_04487_pi_sa_t1.jpg,pituitary,/kaggle/input/datasets/briscdataset/brisc2025/brisc2025/classification_task/train/pituitary/brisc2025_train_04488_pi_sa_t1.jpg,pituitary
near,6,/kaggle/input/datasets/briscdataset/brisc2025/brisc2025/classification_task/train/pituitary/brisc2025_train_04487_pi_sa_t1.jpg,pituitary,/kaggle/input/datasets/briscdataset/brisc2025/brisc2025/classification_task/train/pituitary/brisc2025_train_04495_pi_sa_t1.jpg,pituitary
near,6,/kaggle/input/datasets/briscdataset/brisc2025/brisc2025/classification_task/train/pituitary/brisc2025_train_04487_pi_sa_t1.jpg,pituitary,/kaggle/input/datasets/briscdataset/brisc2025/brisc2025/classification_task/train/pituitary/brisc2025_train_04497_pi_sa_t1.jpg,pituitary
near,6,/kaggle/input/datasets/briscdataset/brisc2025/brisc2025/classification_task/train/pituitary/brisc2025_train_04488_pi_sa_t1.jpg,pituitary,/kaggle/input/datasets/briscdataset/brisc2025/brisc2025/classification_task/train/pituitary/brisc2025_train_04495_pi_sa_t1.jpg,pituitary
near,5,/kaggle/input/datasets/briscdataset/brisc2025/brisc2025/classification_task/train/pituitary/brisc2025_train_04494_pi_sa_t1.jpg,pituitary,/kaggle/input/datasets/briscdataset/brisc2025/brisc2025/classification_task/train/pituitary/brisc2025_train_04669_pi_sa_t1.jpg,pituitary
near,4,/kaggle/input/datasets/briscdataset/brisc2025/brisc2025/classification_task/train/pituitary/brisc2025_train_04494_pi_sa_t1.jpg,pituitary,/kaggle/input/datasets/briscdataset/brisc2025/brisc2025/classification_task/train/pituitary/brisc2025_train_04670_pi_sa_t1.jpg,pituitary
near,6,/kaggle/input/datasets/briscdataset/brisc2025/brisc2025/classification_task/train/pituitary/brisc2025_train_04495_pi_sa_t1.jpg,pituitary,/kaggle/input/datasets/briscdataset/brisc2025/brisc2025/classification_task/train/pituitary/brisc2025_train_04497_pi_sa_t1.jpg,pituitary
near,6,/kaggle/input/datasets/briscdataset/brisc2025/brisc2025/classification_task/train/pituitary/brisc2025_train_04497_pi_sa_t1.jpg,pituitary,/kaggle/input/datasets/briscdataset/brisc2025/brisc2025/classification_task/train/pituitary/brisc2025_train_04498_pi_sa_t1.jpg,pituitary
near,6,/kaggle/input/datasets/briscdataset/brisc2025/brisc2025/classification_task/train/pituitary/brisc2025_train_04499_pi_sa_t1.jpg,pituitary,/kaggle/input/datasets/briscdataset/brisc2025/brisc2025/classification_task/train/pituitary/brisc2025_train_04504_pi_sa_t1.jpg,pituitary
near,4,/kaggle/input/datasets/briscdataset/brisc2025/brisc2025/classification_task/train/pituitary/brisc2025_train_04501_pi_sa_t1.jpg,pituitary,/kaggle/input/datasets/briscdataset/brisc2025/brisc2025/classification_task/train/pituitary/brisc2025_train_04502_pi_sa_t1.jpg,pituitary
near,6,/kaggle/input/datasets/briscdataset/brisc2025/brisc2025/classification_task/train/pituitary/brisc2025_train_04502_pi_sa_t1.jpg,pituitary,/kaggle/input/datasets/briscdataset/brisc2025/brisc2025/classification_task/train/pituitary/brisc2025_train_04503_pi_sa_t1.jpg,pituitary
near,5,/kaggle/input/datasets/briscdataset/brisc2025/brisc2025/classification_task/train/pituitary/brisc2025_train_04506_pi_sa_t1.jpg,pituitary,/kaggle/input/datasets/briscdataset/brisc2025/brisc2025/classification_task/train/pituitary/brisc2025_train_04507_pi_sa_t1.jpg,pituitary
near,5,/kaggle/input/datasets/briscdataset/brisc2025/brisc2025/classification_task/train/pituitary/brisc2025_train_04506_pi_sa_t1.jpg,pituitary,/kaggle/input/datasets/briscdataset/brisc2025/brisc2025/classification_task/train/pituitary/brisc2025_train_04508_pi_sa_t1.jpg,pituitary
near,4,/kaggle/input/datasets/briscdataset/brisc2025/brisc2025/classification_task/train/pituitary/brisc2025_train_04506_pi_sa_t1.jpg,pituitary,/kaggle/input/datasets/briscdataset/brisc2025/brisc2025/classification_task/train/pituitary/brisc2025_train_04510_pi_sa_t1.jpg,pituitary
near,4,/kaggle/input/datasets/briscdataset/brisc2025/brisc2025/classification_task/train/pituitary/brisc2025_train_04507_pi_sa_t1.jpg,pituitary,/kaggle/input/datasets/briscdataset/brisc2025/brisc2025/classification_task/train/pituitary/brisc2025_train_04508_pi_sa_t1.jpg,pituitary
near,4,/kaggle/input/datasets/briscdataset/brisc2025/brisc2025/classification_task/train/pituitary/brisc2025_train_04507_pi_sa_t1.jpg,pituitary,/kaggle/input/datasets/briscdataset/brisc2025/brisc2025/classification_task/train/pituitary/brisc2025_train_04509_pi_sa_t1.jpg,pituitary
near,6,/kaggle/input/datasets/briscdataset/brisc2025/brisc2025/classification_task/train/pituitary/brisc2025_train_04508_pi_sa_t1.jpg,pituitary,/kaggle/input/datasets/briscdataset/brisc2025/brisc2025/classification_task/train/pituitary/brisc2025_train_04509_pi_sa_t1.jpg,pituitary
near,6,/kaggle/input/datasets/briscdataset/brisc2025/brisc2025/classification_task/train/pituitary/brisc2025_train_04513_pi_sa_t1.jpg,pituitary,/kaggle/input/datasets/briscdataset/brisc2025/brisc2025/classification_task/train/pituitary/brisc2025_train_04514_pi_sa_t1.jpg,pituitary
near,6,/kaggle/input/datasets/briscdataset/brisc2025/brisc2025/classification_task/train/pituitary/brisc2025_train_04514_pi_sa_t1.jpg,pituitary,/kaggle/input/datasets/briscdataset/brisc2025/brisc2025/classification_task/test/pituitary/brisc2025_test_00894_pi_co_t1.jpg,pituitary
near,5,/kaggle/input/datasets/briscdataset/brisc2025/brisc2025/classification_task/train/pituitary/brisc2025_train_04515_pi_sa_t1.jpg,pituitary,/kaggle/input/datasets/briscdataset/brisc2025/brisc2025/classification_task/train/pituitary/brisc2025_train_04516_pi_sa_t1.jpg,pituitary
near,5,/kaggle/input/datasets/briscdataset/brisc2025/brisc2025/classification_task/train/pituitary/brisc2025_train_04515_pi_sa_t1.jpg,pituitary,/kaggle/input/datasets/briscdataset/brisc2025/brisc2025/classification_task/train/pituitary/brisc2025_train_04517_pi_sa_t1.jpg,pituitary
near,4,/kaggle/input/datasets/briscdataset/brisc2025/brisc2025/classification_task/train/pituitary/brisc2025_train_04516_pi_sa_t1.jpg,pituitary,/kaggle/input/datasets/briscdataset/brisc2025/brisc2025/classification_task/train/pituitary/brisc2025_train_04517_pi_sa_t1.jpg,pituitary
near,4,/kaggle/input/datasets/briscdataset/brisc2025/brisc2025/classification_task/train/pituitary/brisc2025_train_04516_pi_sa_t1.jpg,pituitary,/kaggle/input/datasets/briscdataset/brisc2025/brisc2025/classification_task/train/pituitary/brisc2025_train_04518_pi_sa_t1.jpg,pituitary
near,6,/kaggle/input/datasets/briscdataset/brisc2025/brisc2025/classification_task/train/pituitary/brisc2025_train_04516_pi_sa_t1.jpg,pituitary,/kaggle/input/datasets/briscdataset/brisc2025/brisc2025/classification_task/train/pituitary/brisc2025_train_04519_pi_sa_t1.jpg,pituitary
near,6,/kaggle/input/datasets/briscdataset/brisc2025/brisc2025/classification_task/train/pituitary/brisc2025_train_04516_pi_sa_t1.jpg,pituitary,/kaggle/input/datasets/briscdataset/brisc2025/brisc2025/classification_task/train/pituitary/brisc2025_train_04549_pi_sa_t1.jpg,pituitary
near,6,/kaggle/input/datasets/briscdataset/brisc2025/brisc2025/classification_task/train/pituitary/brisc2025_train_04516_pi_sa_t1.jpg,pituitary,/kaggle/input/datasets/briscdataset/brisc2025/brisc2025/classification_task/train/pituitary/brisc2025_train_04755_pi_sa_t1.jpg,pituitary
near,6,/kaggle/input/datasets/briscdataset/brisc2025/brisc2025/classification_task/train/pituitary/brisc2025_train_04517_pi_sa_t1.jpg,pituitary,/kaggle/input/datasets/briscdataset/brisc2025/brisc2025/classification_task/train/pituitary/brisc2025_train_04518_pi_sa_t1.jpg,pituitary
near,4,/kaggle/input/datasets/briscdataset/brisc2025/brisc2025/classification_task/train/pituitary/brisc2025_train_04518_pi_sa_t1.jpg,pituitary,/kaggle/input/datasets/briscdataset/brisc2025/brisc2025/classification_task/train/pituitary/brisc2025_train_04519_pi_sa_t1.jpg,pituitary
near,5,/kaggle/input/datasets/briscdataset/brisc2025/brisc2025/classification_task/train/pituitary/brisc2025_train_04522_pi_sa_t1.jpg,pituitary,/kaggle/input/datasets/briscdataset/brisc2025/brisc2025/classification_task/train/pituitary/brisc2025_train_04523_pi_sa_t1.jpg,pituitary
near,5,/kaggle/input/datasets/briscdataset/brisc2025/brisc2025/classification_task/train/pituitary/brisc2025_train_04523_pi_sa_t1.jpg,pituitary,/kaggle/input/datasets/briscdataset/brisc2025/brisc2025/classification_task/train/pituitary/brisc2025_train_04524_pi_sa_t1.jpg,pituitary
near,4,/kaggle/input/datasets/briscdataset/brisc2025/brisc2025/classification_task/train/pituitary/brisc2025_train_04524_pi_sa_t1.jpg,pituitary,/kaggle/input/datasets/briscdataset/brisc2025/brisc2025/classification_task/train/pituitary/brisc2025_train_04525_pi_sa_t1.jpg,pituitary
near,5,/kaggle/input/datasets/briscdataset/brisc2025/brisc2025/classification_task/train/pituitary/brisc2025_train_04526_pi_sa_t1.jpg,pituitary,/kaggle/input/datasets/briscdataset/brisc2025/brisc2025/classification_task/train/pituitary/brisc2025_train_04527_pi_sa_t1.jpg,pituitary
near,5,/kaggle/input/datasets/briscdataset/brisc2025/brisc2025/classification_task/train/pituitary/brisc2025_train_04526_pi_sa_t1.jpg,pituitary,/kaggle/input/datasets/briscdataset/brisc2025/brisc2025/classification_task/train/pituitary/brisc2025_train_04530_pi_sa_t1.jpg,pituitary
near,2,/kaggle/input/datasets/briscdataset/brisc2025/brisc2025/classification_task/train/pituitary/brisc2025_train_04527_pi_sa_t1.jpg,pituitary,/kaggle/input/datasets/briscdataset/brisc2025/brisc2025/classification_task/train/pituitary/brisc2025_train_04528_pi_sa_t1.jpg,pituitary
near,4,/kaggle/input/datasets/briscdataset/brisc2025/brisc2025/classification_task/train/pituitary/brisc2025_train_04527_pi_sa_t1.jpg,pituitary,/kaggle/input/datasets/briscdataset/brisc2025/brisc2025/classification_task/train/pituitary/brisc2025_train_04529_pi_sa_t1.jpg,pituitary
near,2,/kaggle/input/datasets/briscdataset/brisc2025/brisc2025/classification_task/train/pituitary/brisc2025_train_04527_pi_sa_t1.jpg,pituitary,/kaggle/input/datasets/briscdataset/brisc2025/brisc2025/classification_task/train/pituitary/brisc2025_train_04530_pi_sa_t1.jpg,pituitary
near,4,/kaggle/input/datasets/briscdataset/brisc2025/brisc2025/classification_task/train/pituitary/brisc2025_train_04528_pi_sa_t1.jpg,pituitary,/kaggle/input/datasets/briscdataset/brisc2025/brisc2025/classification_task/train/pituitary/brisc2025_train_04529_pi_sa_t1.jpg,pituitary
near,4,/kaggle/input/datasets/briscdataset/brisc2025/brisc2025/classification_task/train/pituitary/brisc2025_train_04528_pi_sa_t1.jpg,pituitary,/kaggle/input/datasets/briscdataset/brisc2025/brisc2025/classification_task/train/pituitary/brisc2025_train_04530_pi_sa_t1.jpg,pituitary
near,4,/kaggle/input/datasets/briscdataset/brisc2025/brisc2025/classification_task/train/pituitary/brisc2025_train_04529_pi_sa_t1.jpg,pituitary,/kaggle/input/datasets/briscdataset/brisc2025/brisc2025/classification_task/train/pituitary/brisc2025_train_04530_pi_sa_t1.jpg,pituitary
near,6,/kaggle/input/datasets/briscdataset/brisc2025/brisc2025/classification_task/train/pituitary/brisc2025_train_04530_pi_sa_t1.jpg,pituitary,/kaggle/input/datasets/briscdataset/brisc2025/brisc2025/classification_task/train/pituitary/brisc2025_train_04556_pi_sa_t1.jpg,pituitary
near,5,/kaggle/input/datasets/briscdataset/brisc2025/brisc2025/classification_task/train/pituitary/brisc2025_train_04530_pi_sa_t1.jpg,pituitary,/kaggle/input/datasets/briscdataset/brisc2025/brisc2025/classification_task/train/pituitary/brisc2025_train_04560_pi_sa_t1.jpg,pituitary
near,4,/kaggle/input/datasets/briscdataset/brisc2025/brisc2025/classification_task/train/pituitary/brisc2025_train_04531_pi_sa_t1.jpg,pituitary,/kaggle/input/datasets/briscdataset/brisc2025/brisc2025/classification_task/train/pituitary/brisc2025_train_04532_pi_sa_t1.jpg,pituitary
near,6,/kaggle/input/datasets/briscdataset/brisc2025/brisc2025/classification_task/train/pituitary/brisc2025_train_04535_pi_sa_t1.jpg,pituitary,/kaggle/input/datasets/briscdataset/brisc2025/brisc2025/classification_task/train/pituitary/brisc2025_train_04537_pi_sa_t1.jpg,pituitary
near,4,/kaggle/input/datasets/briscdataset/brisc2025/brisc2025/classification_task/train/pituitary/brisc2025_train_04539_pi_sa_t1.jpg,pituitary,/kaggle/input/datasets/briscdataset/brisc2025/brisc2025/classification_task/train/pituitary/brisc2025_train_04540_pi_sa_t1.jpg,pituitary
near,5,/kaggle/input/datasets/briscdataset/brisc2025/brisc2025/classification_task/train/pituitary/brisc2025_train_04540_pi_sa_t1.jpg,pituitary,/kaggle/input/datasets/briscdataset/brisc2025/brisc2025/classification_task/train/pituitary/brisc2025_train_04541_pi_sa_t1.jpg,pituitary
near,3,/kaggle/input/datasets/briscdataset/brisc2025/brisc2025/classification_task/train/pituitary/brisc2025_train_04540_pi_sa_t1.jpg,pituitary,/kaggle/input/datasets/briscdataset/brisc2025/brisc2025/classification_task/train/pituitary/brisc2025_train_04542_pi_sa_t1.jpg,pituitary
near,4,/kaggle/input/datasets/briscdataset/brisc2025/brisc2025/classification_task/train/pituitary/brisc2025_train_04541_pi_sa_t1.jpg,pituitary,/kaggle/input/datasets/briscdataset/brisc2025/brisc2025/classification_task/train/pituitary/brisc2025_train_04542_pi_sa_t1.jpg,pituitary
near,5,/kaggle/input/datasets/briscdataset/brisc2025/brisc2025/classification_task/train/pituitary/brisc2025_train_04542_pi_sa_t1.jpg,pituitary,/kaggle/input/datasets/briscdataset/brisc2025/brisc2025/classification_task/train/pituitary/brisc2025_train_04543_pi_sa_t1.jpg,pituitary
near,6,/kaggle/input/datasets/briscdataset/brisc2025/brisc2025/classification_task/train/pituitary/brisc2025_train_04545_pi_sa_t1.jpg,pituitary,/kaggle/input/datasets/briscdataset/brisc2025/brisc2025/classification_task/train/pituitary/brisc2025_train_04546_pi_sa_t1.jpg,pituitary
near,5,/kaggle/input/datasets/briscdataset/brisc2025/brisc2025/classification_task/train/pituitary/brisc2025_train_04546_pi_sa_t1.jpg,pituitary,/kaggle/input/datasets/briscdataset/brisc2025/brisc2025/classification_task/train/pituitary/brisc2025_train_04547_pi_sa_t1.jpg,pituitary
near,4,/kaggle/input/datasets/briscdataset/brisc2025/brisc2025/classification_task/train/pituitary/brisc2025_train_04546_pi_sa_t1.jpg,pituitary,/kaggle/input/datasets/briscdataset/brisc2025/brisc2025/classification_task/train/pituitary/brisc2025_train_04698_pi_sa_t1.jpg,pituitary
near,3,/kaggle/input/datasets/briscdataset/brisc2025/brisc2025/classification_task/train/pituitary/brisc2025_train_04549_pi_sa_t1.jpg,pituitary,/kaggle/input/datasets/briscdataset/brisc2025/brisc2025/classification_task/train/pituitary/brisc2025_train_04550_pi_sa_t1.jpg,pituitary
near,3,/kaggle/input/datasets/briscdataset/brisc2025/brisc2025/classification_task/train/pituitary/brisc2025_train_04549_pi_sa_t1.jpg,pituitary,/kaggle/input/datasets/briscdataset/brisc2025/brisc2025/classification_task/train/pituitary/brisc2025_train_04551_pi_sa_t1.jpg,pituitary
near,3,/kaggle/input/datasets/briscdataset/brisc2025/brisc2025/classification_task/train/pituitary/brisc2025_train_04549_pi_sa_t1.jpg,pituitary,/kaggle/input/datasets/briscdataset/brisc2025/brisc2025/classification_task/train/pituitary/brisc2025_train_04552_pi_sa_t1.jpg,pituitary
near,6,/kaggle/input/datasets/briscdataset/brisc2025/brisc2025/classification_task/train/pituitary/brisc2025_train_04549_pi_sa_t1.jpg,pituitary,/kaggle/input/datasets/briscdataset/brisc2025/brisc2025/classification_task/train/pituitary/brisc2025_train_04755_pi_sa_t1.jpg,pituitary
near,4,/kaggle/input/datasets/briscdataset/brisc2025/brisc2025/classification_task/train/pituitary/brisc2025_train_04550_pi_sa_t1.jpg,pituitary,/kaggle/input/datasets/briscdataset/brisc2025/brisc2025/classification_task/train/pituitary/brisc2025_train_04552_pi_sa_t1.jpg,pituitary
near,6,/kaggle/input/datasets/briscdataset/brisc2025/brisc2025/classification_task/train/pituitary/brisc2025_train_04550_pi_sa_t1.jpg,pituitary,/kaggle/input/datasets/briscdataset/brisc2025/brisc2025/classification_task/train/pituitary/brisc2025_train_04701_pi_sa_t1.jpg,pituitary
near,4,/kaggle/input/datasets/briscdataset/brisc2025/brisc2025/classification_task/train/pituitary/brisc2025_train_04551_pi_sa_t1.jpg,pituitary,/kaggle/input/datasets/briscdataset/brisc2025/brisc2025/classification_task/train/pituitary/brisc2025_train_04552_pi_sa_t1.jpg,pituitary
near,6,/kaggle/input/datasets/briscdataset/brisc2025/brisc2025/classification_task/train/pituitary/brisc2025_train_04551_pi_sa_t1.jpg,pituitary,/kaggle/input/datasets/briscdataset/brisc2025/brisc2025/classification_task/train/pituitary/brisc2025_train_04701_pi_sa_t1.jpg,pituitary
near,6,/kaggle/input/datasets/briscdataset/brisc2025/brisc2025/classification_task/train/pituitary/brisc2025_train_04555_pi_sa_t1.jpg,pituitary,/kaggle/input/datasets/briscdataset/brisc2025/brisc2025/classification_task/train/pituitary/brisc2025_train_04559_pi_sa_t1.jpg,pituitary
near,6,/kaggle/input/datasets/briscdataset/brisc2025/brisc2025/classification_task/train/pituitary/brisc2025_train_04555_pi_sa_t1.jpg,pituitary,/kaggle/input/datasets/briscdataset/brisc2025/brisc2025/classification_task/train/pituitary/brisc2025_train_04615_pi_sa_t1.jpg,pituitary
near,6,/kaggle/input/datasets/briscdataset/brisc2025/brisc2025/classification_task/train/pituitary/brisc2025_train_04557_pi_sa_t1.jpg,pituitary,/kaggle/input/datasets/briscdataset/brisc2025/brisc2025/classification_task/train/pituitary/brisc2025_train_04559_pi_sa_t1.jpg,pituitary
near,4,/kaggle/input/datasets/briscdataset/brisc2025/brisc2025/classification_task/train/pituitary/brisc2025_train_04558_pi_sa_t1.jpg,pituitary,/kaggle/input/datasets/briscdataset/brisc2025/brisc2025/classification_task/train/pituitary/brisc2025_train_04559_pi_sa_t1.jpg,pituitary
near,6,/kaggle/input/datasets/briscdataset/brisc2025/brisc2025/classification_task/train/pituitary/brisc2025_train_04559_pi_sa_t1.jpg,pituitary,/kaggle/input/datasets/briscdataset/brisc2025/brisc2025/classification_task/train/pituitary/brisc2025_train_04560_pi_sa_t1.jpg,pituitary
near,6,/kaggle/input/datasets/briscdataset/brisc2025/brisc2025/classification_task/train/pituitary/brisc2025_train_04559_pi_sa_t1.jpg,pituitary,/kaggle/input/datasets/briscdataset/brisc2025/brisc2025/classification_task/train/pituitary/brisc2025_train_04610_pi_sa_t1.jpg,pituitary
near,6,/kaggle/input/datasets/briscdataset/brisc2025/brisc2025/classification_task/train/pituitary/brisc2025_train_04561_pi_sa_t1.jpg,pituitary,/kaggle/input/datasets/briscdataset/brisc2025/brisc2025/classification_task/train/pituitary/brisc2025_train_04565_pi_sa_t1.jpg,pituitary
near,6,/kaggle/input/datasets/briscdataset/brisc2025/brisc2025/classification_task/train/pituitary/brisc2025_train_04561_pi_sa_t1.jpg,pituitary,/kaggle/input/datasets/briscdataset/brisc2025/brisc2025/classification_task/train/pituitary/brisc2025_train_04566_pi_sa_t1.jpg,pituitary
near,6,/kaggle/input/datasets/briscdataset/brisc2025/brisc2025/classification_task/train/pituitary/brisc2025_train_04562_pi_sa_t1.jpg,pituitary,/kaggle/input/datasets/briscdataset/brisc2025/brisc2025/classification_task/train/pituitary/brisc2025_train_04564_pi_sa_t1.jpg,pituitary
near,2,/kaggle/input/datasets/briscdataset/brisc2025/brisc2025/classification_task/train/pituitary/brisc2025_train_04562_pi_sa_t1.jpg,pituitary,/kaggle/input/datasets/briscdataset/brisc2025/brisc2025/classification_task/train/pituitary/brisc2025_train_04565_pi_sa_t1.jpg,pituitary
near,4,/kaggle/input/datasets/briscdataset/brisc2025/brisc2025/classification_task/train/pituitary/brisc2025_train_04562_pi_sa_t1.jpg,pituitary,/kaggle/input/datasets/briscdataset/brisc2025/brisc2025/classification_task/train/pituitary/brisc2025_train_04566_pi_sa_t1.jpg,pituitary
near,6,/kaggle/input/datasets/briscdataset/brisc2025/brisc2025/classification_task/train/pituitary/brisc2025_train_04563_pi_sa_t1.jpg,pituitary,/kaggle/input/datasets/briscdataset/brisc2025/brisc2025/classification_task/train/pituitary/brisc2025_train_04564_pi_sa_t1.jpg,pituitary
near,6,/kaggle/input/datasets/briscdataset/brisc2025/brisc2025/classification_task/train/pituitary/brisc2025_train_04564_pi_sa_t1.jpg,pituitary,/kaggle/input/datasets/briscdataset/brisc2025/brisc2025/classification_task/train/pituitary/brisc2025_train_04565_pi_sa_t1.jpg,pituitary
near,2,/kaggle/input/datasets/briscdataset/brisc2025/brisc2025/classification_task/train/pituitary/brisc2025_train_04565_pi_sa_t1.jpg,pituitary,/kaggle/input/datasets/briscdataset/brisc2025/brisc2025/classification_task/train/pituitary/brisc2025_train_04566_pi_sa_t1.jpg,pituitary
near,5,/kaggle/input/datasets/briscdataset/brisc2025/brisc2025/classification_task/train/pituitary/brisc2025_train_04567_pi_sa_t1.jpg,pituitary,/kaggle/input/datasets/briscdataset/brisc2025/brisc2025/classification_task/train/pituitary/brisc2025_train_04568_pi_sa_t1.jpg,pituitary
near,5,/kaggle/input/datasets/briscdataset/brisc2025/brisc2025/classification_task/train/pituitary/brisc2025_train_04571_pi_sa_t1.jpg,pituitary,/kaggle/input/datasets/briscdataset/brisc2025/brisc2025/classification_task/train/pituitary/brisc2025_train_04572_pi_sa_t1.jpg,pituitary
near,5,/kaggle/input/datasets/briscdataset/brisc2025/brisc2025/classification_task/train/pituitary/brisc2025_train_04571_pi_sa_t1.jpg,pituitary,/kaggle/input/datasets/briscdataset/brisc2025/brisc2025/classification_task/train/pituitary/brisc2025_train_04573_pi_sa_t1.jpg,pituitary
near,2,/kaggle/input/datasets/briscdataset/brisc2025/brisc2025/classification_task/train/pituitary/brisc2025_train_04572_pi_sa_t1.jpg,pituitary,/kaggle/input/datasets/briscdataset/brisc2025/brisc2025/classification_task/train/pituitary/brisc2025_train_04573_pi_sa_t1.jpg,pituitary
near,4,/kaggle/input/datasets/briscdataset/brisc2025/brisc2025/classification_task/train/pituitary/brisc2025_train_04572_pi_sa_t1.jpg,pituitary,/kaggle/input/datasets/briscdataset/brisc2025/brisc2025/classification_task/train/pituitary/brisc2025_train_04574_pi_sa_t1.jpg,pituitary
near,2,/kaggle/input/datasets/briscdataset/brisc2025/brisc2025/classification_task/train/pituitary/brisc2025_train_04573_pi_sa_t1.jpg,pituitary,/kaggle/input/datasets/briscdataset/brisc2025/brisc2025/classification_task/train/pituitary/brisc2025_train_04574_pi_sa_t1.jpg,pituitary
near,6,/kaggle/input/datasets/briscdataset/brisc2025/brisc2025/classification_task/train/pituitary/brisc2025_train_04575_pi_sa_t1.jpg,pituitary,/kaggle/input/datasets/briscdataset/brisc2025/brisc2025/classification_task/train/pituitary/brisc2025_train_04578_pi_sa_t1.jpg,pituitary
near,6,/kaggle/input/datasets/briscdataset/brisc2025/brisc2025/classification_task/train/pituitary/brisc2025_train_04576_pi_sa_t1.jpg,pituitary,/kaggle/input/datasets/briscdataset/brisc2025/brisc2025/classification_task/train/pituitary/brisc2025_train_04577_pi_sa_t1.jpg,pituitary
near,6,/kaggle/input/datasets/briscdataset/brisc2025/brisc2025/classification_task/train/pituitary/brisc2025_train_04576_pi_sa_t1.jpg,pituitary,/kaggle/input/datasets/briscdataset/brisc2025/brisc2025/classification_task/train/pituitary/brisc2025_train_04579_pi_sa_t1.jpg,pituitary
near,5,/kaggle/input/datasets/briscdataset/brisc2025/brisc2025/classification_task/train/pituitary/brisc2025_train_04577_pi_sa_t1.jpg,pituitary,/kaggle/input/datasets/briscdataset/brisc2025/brisc2025/classification_task/train/pituitary/brisc2025_train_04578_pi_sa_t1.jpg,pituitary
near,6,/kaggle/input/datasets/briscdataset/brisc2025/brisc2025/classification_task/train/pituitary/brisc2025_train_04577_pi_sa_t1.jpg,pituitary,/kaggle/input/datasets/briscdataset/brisc2025/brisc2025/classification_task/train/pituitary/brisc2025_train_04579_pi_sa_t1.jpg,pituitary
near,5,/kaggle/input/datasets/briscdataset/brisc2025/brisc2025/classification_task/train/pituitary/brisc2025_train_04583_pi_sa_t1.jpg,pituitary,/kaggle/input/datasets/briscdataset/brisc2025/brisc2025/classification_task/train/pituitary/brisc2025_train_04591_pi_sa_t1.jpg,pituitary
near,6,/kaggle/input/datasets/briscdataset/brisc2025/brisc2025/classification_task/train/pituitary/brisc2025_train_04584_pi_sa_t1.jpg,pituitary,/kaggle/input/datasets/briscdataset/brisc2025/brisc2025/classification_task/train/pituitary/brisc2025_train_04609_pi_sa_t1.jpg,pituitary
near,5,/kaggle/input/datasets/briscdataset/brisc2025/brisc2025/classification_task/train/pituitary/brisc2025_train_04585_pi_sa_t1.jpg,pituitary,/kaggle/input/datasets/briscdataset/brisc2025/brisc2025/classification_task/train/pituitary/brisc2025_train_04586_pi_sa_t1.jpg,pituitary
near,4,/kaggle/input/datasets/briscdataset/brisc2025/brisc2025/classification_task/train/pituitary/brisc2025_train_04586_pi_sa_t1.jpg,pituitary,/kaggle/input/datasets/briscdataset/brisc2025/brisc2025/classification_task/train/pituitary/brisc2025_train_04587_pi_sa_t1.jpg,pituitary
near,6,/kaggle/input/datasets/briscdataset/brisc2025/brisc2025/classification_task/train/pituitary/brisc2025_train_04588_pi_sa_t1.jpg,pituitary,/kaggle/input/datasets/briscdataset/brisc2025/brisc2025/classification_task/train/pituitary/brisc2025_train_04755_pi_sa_t1.jpg,pituitary
near,4,/kaggle/input/datasets/briscdataset/brisc2025/brisc2025/classification_task/train/pituitary/brisc2025_train_04589_pi_sa_t1.jpg,pituitary,/kaggle/input/datasets/briscdataset/brisc2025/brisc2025/classification_task/train/pituitary/brisc2025_train_04590_pi_sa_t1.jpg,pituitary
near,5,/kaggle/input/datasets/briscdataset/brisc2025/brisc2025/classification_task/train/pituitary/brisc2025_train_04590_pi_sa_t1.jpg,pituitary,/kaggle/input/datasets/briscdataset/brisc2025/brisc2025/classification_task/train/pituitary/brisc2025_train_04591_pi_sa_t1.jpg,pituitary
near,5,/kaggle/input/datasets/briscdataset/brisc2025/brisc2025/classification_task/train/pituitary/brisc2025_train_04594_pi_sa_t1.jpg,pituitary,/kaggle/input/datasets/briscdataset/brisc2025/brisc2025/classification_task/train/pituitary/brisc2025_train_04669_pi_sa_t1.jpg,pituitary
near,4,/kaggle/input/datasets/briscdataset/brisc2025/brisc2025/classification_task/train/pituitary/brisc2025_train_04594_pi_sa_t1.jpg,pituitary,/kaggle/input/datasets/briscdataset/brisc2025/brisc2025/classification_task/train/pituitary/brisc2025_train_04670_pi_sa_t1.jpg,pituitary
near,4,/kaggle/input/datasets/briscdataset/brisc2025/brisc2025/classification_task/train/pituitary/brisc2025_train_04601_pi_sa_t1.jpg,pituitary,/kaggle/input/datasets/briscdataset/brisc2025/brisc2025/classification_task/train/pituitary/brisc2025_train_04602_pi_sa_t1.jpg,pituitary
near,6,/kaggle/input/datasets/briscdataset/brisc2025/brisc2025/classification_task/train/pituitary/brisc2025_train_04602_pi_sa_t1.jpg,pituitary,/kaggle/input/datasets/briscdataset/brisc2025/brisc2025/classification_task/train/pituitary/brisc2025_train_04603_pi_sa_t1.jpg,pituitary
near,5,/kaggle/input/datasets/briscdataset/brisc2025/brisc2025/classification_task/train/pituitary/brisc2025_train_04602_pi_sa_t1.jpg,pituitary,/kaggle/input/datasets/briscdataset/brisc2025/brisc2025/classification_task/train/pituitary/brisc2025_train_04606_pi_sa_t1.jpg,pituitary
near,6,/kaggle/input/datasets/briscdataset/brisc2025/brisc2025/classification_task/train/pituitary/brisc2025_train_04603_pi_sa_t1.jpg,pituitary,/kaggle/input/datasets/briscdataset/brisc2025/brisc2025/classification_task/train/pituitary/brisc2025_train_04604_pi_sa_t1.jpg,pituitary
near,5,/kaggle/input/datasets/briscdataset/brisc2025/brisc2025/classification_task/train/pituitary/brisc2025_train_04603_pi_sa_t1.jpg,pituitary,/kaggle/input/datasets/briscdataset/brisc2025/brisc2025/classification_task/train/pituitary/brisc2025_train_04605_pi_sa_t1.jpg,pituitary
near,3,/kaggle/input/datasets/briscdataset/brisc2025/brisc2025/classification_task/train/pituitary/brisc2025_train_04604_pi_sa_t1.jpg,pituitary,/kaggle/input/datasets/briscdataset/brisc2025/brisc2025/classification_task/train/pituitary/brisc2025_train_04605_pi_sa_t1.jpg,pituitary
near,4,/kaggle/input/datasets/briscdataset/brisc2025/brisc2025/classification_task/train/pituitary/brisc2025_train_04605_pi_sa_t1.jpg,pituitary,/kaggle/input/datasets/briscdataset/brisc2025/brisc2025/classification_task/train/pituitary/brisc2025_train_04606_pi_sa_t1.jpg,pituitary
near,6,/kaggle/input/datasets/briscdataset/brisc2025/brisc2025/classification_task/train/pituitary/brisc2025_train_04607_pi_sa_t1.jpg,pituitary,/kaggle/input/datasets/briscdataset/brisc2025/brisc2025/classification_task/train/pituitary/brisc2025_train_04608_pi_sa_t1.jpg,pituitary
near,5,/kaggle/input/datasets/briscdataset/brisc2025/brisc2025/classification_task/train/pituitary/brisc2025_train_04609_pi_sa_t1.jpg,pituitary,/kaggle/input/datasets/briscdataset/brisc2025/brisc2025/classification_task/train/pituitary/brisc2025_train_04755_pi_sa_t1.jpg,pituitary
near,3,/kaggle/input/datasets/briscdataset/brisc2025/brisc2025/classification_task/train/pituitary/brisc2025_train_04611_pi_sa_t1.jpg,pituitary,/kaggle/input/datasets/briscdataset/brisc2025/brisc2025/classification_task/train/pituitary/brisc2025_train_04612_pi_sa_t1.jpg,pituitary
near,5,/kaggle/input/datasets/briscdataset/brisc2025/brisc2025/classification_task/train/pituitary/brisc2025_train_04611_pi_sa_t1.jpg,pituitary,/kaggle/input/datasets/briscdataset/brisc2025/brisc2025/classification_task/train/pituitary/brisc2025_train_04614_pi_sa_t1.jpg,pituitary
near,4,/kaggle/input/datasets/briscdataset/brisc2025/brisc2025/classification_task/train/pituitary/brisc2025_train_04612_pi_sa_t1.jpg,pituitary,/kaggle/input/datasets/briscdataset/brisc2025/brisc2025/classification_task/train/pituitary/brisc2025_train_04614_pi_sa_t1.jpg,pituitary
near,2,/kaggle/input/datasets/briscdataset/brisc2025/brisc2025/classification_task/train/pituitary/brisc2025_train_04615_pi_sa_t1.jpg,pituitary,/kaggle/input/datasets/briscdataset/brisc2025/brisc2025/classification_task/train/pituitary/brisc2025_train_04616_pi_sa_t1.jpg,pituitary
near,4,/kaggle/input/datasets/briscdataset/brisc2025/brisc2025/classification_task/train/pituitary/brisc2025_train_04615_pi_sa_t1.jpg,pituitary,/kaggle/input/datasets/briscdataset/brisc2025/brisc2025/classification_task/train/pituitary/brisc2025_train_04618_pi_sa_t1.jpg,pituitary
near,2,/kaggle/input/datasets/briscdataset/brisc2025/brisc2025/classification_task/train/pituitary/brisc2025_train_04615_pi_sa_t1.jpg,pituitary,/kaggle/input/datasets/briscdataset/brisc2025/brisc2025/classification_task/train/pituitary/brisc2025_train_04619_pi_sa_t1.jpg,pituitary
near,4,/kaggle/input/datasets/briscdataset/brisc2025/brisc2025/classification_task/train/pituitary/brisc2025_train_04615_pi_sa_t1.jpg,pituitary,/kaggle/input/datasets/briscdataset/brisc2025/brisc2025/classification_task/train/pituitary/brisc2025_train_04620_pi_sa_t1.jpg,pituitary
near,5,/kaggle/input/datasets/briscdataset/brisc2025/brisc2025/classification_task/train/pituitary/brisc2025_train_04616_pi_sa_t1.jpg,pituitary,/kaggle/input/datasets/briscdataset/brisc2025/brisc2025/classification_task/train/pituitary/brisc2025_train_04617_pi_sa_t1.jpg,pituitary
near,2,/kaggle/input/datasets/briscdataset/brisc2025/brisc2025/classification_task/train/pituitary/brisc2025_train_04616_pi_sa_t1.jpg,pituitary,/kaggle/input/datasets/briscdataset/brisc2025/brisc2025/classification_task/train/pituitary/brisc2025_train_04618_pi_sa_t1.jpg,pituitary
near,2,/kaggle/input/datasets/briscdataset/brisc2025/brisc2025/classification_task/train/pituitary/brisc2025_train_04616_pi_sa_t1.jpg,pituitary,/kaggle/input/datasets/briscdataset/brisc2025/brisc2025/classification_task/train/pituitary/brisc2025_train_04619_pi_sa_t1.jpg,pituitary
near,4,/kaggle/input/datasets/briscdataset/brisc2025/brisc2025/classification_task/train/pituitary/brisc2025_train_04616_pi_sa_t1.jpg,pituitary,/kaggle/input/datasets/briscdataset/brisc2025/brisc2025/classification_task/train/pituitary/brisc2025_train_04620_pi_sa_t1.jpg,pituitary
near,5,/kaggle/input/datasets/briscdataset/brisc2025/brisc2025/classification_task/train/pituitary/brisc2025_train_04617_pi_sa_t1.jpg,pituitary,/kaggle/input/datasets/briscdataset/brisc2025/brisc2025/classification_task/train/pituitary/brisc2025_train_04619_pi_sa_t1.jpg,pituitary
near,4,/kaggle/input/datasets/briscdataset/brisc2025/brisc2025/classification_task/train/pituitary/brisc2025_train_04618_pi_sa_t1.jpg,pituitary,/kaggle/input/datasets/briscdataset/brisc2025/brisc2025/classification_task/train/pituitary/brisc2025_train_04619_pi_sa_t1.jpg,pituitary
near,4,/kaggle/input/datasets/briscdataset/brisc2025/brisc2025/classification_task/train/pituitary/brisc2025_train_04618_pi_sa_t1.jpg,pituitary,/kaggle/input/datasets/briscdataset/brisc2025/brisc2025/classification_task/train/pituitary/brisc2025_train_04620_pi_sa_t1.jpg,pituitary
near,2,/kaggle/input/datasets/briscdataset/brisc2025/brisc2025/classification_task/train/pituitary/brisc2025_train_04619_pi_sa_t1.jpg,pituitary,/kaggle/input/datasets/briscdataset/brisc2025/brisc2025/classification_task/train/pituitary/brisc2025_train_04620_pi_sa_t1.jpg,pituitary
near,6,/kaggle/input/datasets/briscdataset/brisc2025/brisc2025/classification_task/train/pituitary/brisc2025_train_04621_pi_sa_t1.jpg,pituitary,/kaggle/input/datasets/briscdataset/brisc2025/brisc2025/classification_task/train/pituitary/brisc2025_train_04622_pi_sa_t1.jpg,pituitary
near,6,/kaggle/input/datasets/briscdataset/brisc2025/brisc2025/classification_task/train/pituitary/brisc2025_train_04623_pi_sa_t1.jpg,pituitary,/kaggle/input/datasets/briscdataset/brisc2025/brisc2025/classification_task/train/pituitary/brisc2025_train_04624_pi_sa_t1.jpg,pituitary
near,5,/kaggle/input/datasets/briscdataset/brisc2025/brisc2025/classification_task/train/pituitary/brisc2025_train_04631_pi_sa_t1.jpg,pituitary,/kaggle/input/datasets/briscdataset/brisc2025/brisc2025/classification_task/train/pituitary/brisc2025_train_04633_pi_sa_t1.jpg,pituitary
near,6,/kaggle/input/datasets/briscdataset/brisc2025/brisc2025/classification_task/train/pituitary/brisc2025_train_04631_pi_sa_t1.jpg,pituitary,/kaggle/input/datasets/briscdataset/brisc2025/brisc2025/classification_task/train/pituitary/brisc2025_train_04634_pi_sa_t1.jpg,pituitary
near,5,/kaggle/input/datasets/briscdataset/brisc2025/brisc2025/classification_task/train/pituitary/brisc2025_train_04632_pi_sa_t1.jpg,pituitary,/kaggle/input/datasets/briscdataset/brisc2025/brisc2025/classification_task/train/pituitary/brisc2025_train_04633_pi_sa_t1.jpg,pituitary
near,6,/kaggle/input/datasets/briscdataset/brisc2025/brisc2025/classification_task/train/pituitary/brisc2025_train_04632_pi_sa_t1.jpg,pituitary,/kaggle/input/datasets/briscdataset/brisc2025/brisc2025/classification_task/train/pituitary/brisc2025_train_04634_pi_sa_t1.jpg,pituitary
near,5,/kaggle/input/datasets/briscdataset/brisc2025/brisc2025/classification_task/train/pituitary/brisc2025_train_04633_pi_sa_t1.jpg,pituitary,/kaggle/input/datasets/briscdataset/brisc2025/brisc2025/classification_task/train/pituitary/brisc2025_train_04634_pi_sa_t1.jpg,pituitary
near,4,/kaggle/input/datasets/briscdataset/brisc2025/brisc2025/classification_task/train/pituitary/brisc2025_train_04635_pi_sa_t1.jpg,pituitary,/kaggle/input/datasets/briscdataset/brisc2025/brisc2025/classification_task/train/pituitary/brisc2025_train_04636_pi_sa_t1.jpg,pituitary
near,6,/kaggle/input/datasets/briscdataset/brisc2025/brisc2025/classification_task/train/pituitary/brisc2025_train_04636_pi_sa_t1.jpg,pituitary,/kaggle/input/datasets/briscdataset/brisc2025/brisc2025/classification_task/train/pituitary/brisc2025_train_04689_pi_sa_t1.jpg,pituitary
near,5,/kaggle/input/datasets/briscdataset/brisc2025/brisc2025/classification_task/train/pituitary/brisc2025_train_04639_pi_sa_t1.jpg,pituitary,/kaggle/input/datasets/briscdataset/brisc2025/brisc2025/classification_task/train/pituitary/brisc2025_train_04643_pi_sa_t1.jpg,pituitary
near,6,/kaggle/input/datasets/briscdataset/brisc2025/brisc2025/classification_task/train/pituitary/brisc2025_train_04639_pi_sa_t1.jpg,pituitary,/kaggle/input/datasets/briscdataset/brisc2025/brisc2025/classification_task/train/pituitary/brisc2025_train_04644_pi_sa_t1.jpg,pituitary
near,6,/kaggle/input/datasets/briscdataset/brisc2025/brisc2025/classification_task/train/pituitary/brisc2025_train_04640_pi_sa_t1.jpg,pituitary,/kaggle/input/datasets/briscdataset/brisc2025/brisc2025/classification_task/train/pituitary/brisc2025_train_04641_pi_sa_t1.jpg,pituitary
near,4,/kaggle/input/datasets/briscdataset/brisc2025/brisc2025/classification_task/train/pituitary/brisc2025_train_04641_pi_sa_t1.jpg,pituitary,/kaggle/input/datasets/briscdataset/brisc2025/brisc2025/classification_task/train/pituitary/brisc2025_train_04642_pi_sa_t1.jpg,pituitary
near,6,/kaggle/input/datasets/briscdataset/brisc2025/brisc2025/classification_task/train/pituitary/brisc2025_train_04642_pi_sa_t1.jpg,pituitary,/kaggle/input/datasets/briscdataset/brisc2025/brisc2025/classification_task/train/pituitary/brisc2025_train_04643_pi_sa_t1.jpg,pituitary
near,6,/kaggle/input/datasets/briscdataset/brisc2025/brisc2025/classification_task/train/pituitary/brisc2025_train_04646_pi_sa_t1.jpg,pituitary,/kaggle/input/datasets/briscdataset/brisc2025/brisc2025/classification_task/train/pituitary/brisc2025_train_04652_pi_sa_t1.jpg,pituitary
near,4,/kaggle/input/datasets/briscdataset/brisc2025/brisc2025/classification_task/train/pituitary/brisc2025_train_04647_pi_sa_t1.jpg,pituitary,/kaggle/input/datasets/briscdataset/brisc2025/brisc2025/classification_task/train/pituitary/brisc2025_train_04649_pi_sa_t1.jpg,pituitary
near,6,/kaggle/input/datasets/briscdataset/brisc2025/brisc2025/classification_task/train/pituitary/brisc2025_train_04647_pi_sa_t1.jpg,pituitary,/kaggle/input/datasets/briscdataset/brisc2025/brisc2025/classification_task/train/pituitary/brisc2025_train_04650_pi_sa_t1.jpg,pituitary
near,4,/kaggle/input/datasets/briscdataset/brisc2025/brisc2025/classification_task/train/pituitary/brisc2025_train_04647_pi_sa_t1.jpg,pituitary,/kaggle/input/datasets/briscdataset/brisc2025/brisc2025/classification_task/train/pituitary/brisc2025_train_04651_pi_sa_t1.jpg,pituitary
near,4,/kaggle/input/datasets/briscdataset/brisc2025/brisc2025/classification_task/train/pituitary/brisc2025_train_04648_pi_sa_t1.jpg,pituitary,/kaggle/input/datasets/briscdataset/brisc2025/brisc2025/classification_task/train/pituitary/brisc2025_train_04649_pi_sa_t1.jpg,pituitary
near,6,/kaggle/input/datasets/briscdataset/brisc2025/brisc2025/classification_task/train/pituitary/brisc2025_train_04648_pi_sa_t1.jpg,pituitary,/kaggle/input/datasets/briscdataset/brisc2025/brisc2025/classification_task/train/pituitary/brisc2025_train_04650_pi_sa_t1.jpg,pituitary
near,4,/kaggle/input/datasets/briscdataset/brisc2025/brisc2025/classification_task/train/pituitary/brisc2025_train_04648_pi_sa_t1.jpg,pituitary,/kaggle/input/datasets/briscdataset/brisc2025/brisc2025/classification_task/train/pituitary/brisc2025_train_04651_pi_sa_t1.jpg,pituitary
near,6,/kaggle/input/datasets/briscdataset/brisc2025/brisc2025/classification_task/train/pituitary/brisc2025_train_04649_pi_sa_t1.jpg,pituitary,/kaggle/input/datasets/briscdataset/brisc2025/brisc2025/classification_task/train/pituitary/brisc2025_train_04651_pi_sa_t1.jpg,pituitary
near,6,/kaggle/input/datasets/briscdataset/brisc2025/brisc2025/classification_task/train/pituitary/brisc2025_train_04652_pi_sa_t1.jpg,pituitary,/kaggle/input/datasets/briscdataset/brisc2025/brisc2025/classification_task/train/pituitary/brisc2025_train_04653_pi_sa_t1.jpg,pituitary
near,2,/kaggle/input/datasets/briscdataset/brisc2025/brisc2025/classification_task/train/pituitary/brisc2025_train_04655_pi_sa_t1.jpg,pituitary,/kaggle/input/datasets/briscdataset/brisc2025/brisc2025/classification_task/train/pituitary/brisc2025_train_04656_pi_sa_t1.jpg,pituitary
near,5,/kaggle/input/datasets/briscdataset/brisc2025/brisc2025/classification_task/train/pituitary/brisc2025_train_04656_pi_sa_t1.jpg,pituitary,/kaggle/input/datasets/briscdataset/brisc2025/brisc2025/classification_task/train/pituitary/brisc2025_train_04657_pi_sa_t1.jpg,pituitary
near,6,/kaggle/input/datasets/briscdataset/brisc2025/brisc2025/classification_task/train/pituitary/brisc2025_train_04658_pi_sa_t1.jpg,pituitary,/kaggle/input/datasets/briscdataset/brisc2025/brisc2025/classification_task/train/pituitary/brisc2025_train_04659_pi_sa_t1.jpg,pituitary
near,6,/kaggle/input/datasets/briscdataset/brisc2025/brisc2025/classification_task/train/pituitary/brisc2025_train_04660_pi_sa_t1.jpg,pituitary,/kaggle/input/datasets/briscdataset/brisc2025/brisc2025/classification_task/train/pituitary/brisc2025_train_04661_pi_sa_t1.jpg,pituitary
near,6,/kaggle/input/datasets/briscdataset/brisc2025/brisc2025/classification_task/train/pituitary/brisc2025_train_04666_pi_sa_t1.jpg,pituitary,/kaggle/input/datasets/briscdataset/brisc2025/brisc2025/classification_task/train/pituitary/brisc2025_train_04667_pi_sa_t1.jpg,pituitary
near,5,/kaggle/input/datasets/briscdataset/brisc2025/brisc2025/classification_task/train/pituitary/brisc2025_train_04671_pi_sa_t1.jpg,pituitary,/kaggle/input/datasets/briscdataset/brisc2025/brisc2025/classification_task/train/pituitary/brisc2025_train_04672_pi_sa_t1.jpg,pituitary
near,4,/kaggle/input/datasets/briscdataset/brisc2025/brisc2025/classification_task/train/pituitary/brisc2025_train_04671_pi_sa_t1.jpg,pituitary,/kaggle/input/datasets/briscdataset/brisc2025/brisc2025/classification_task/train/pituitary/brisc2025_train_04757_pi_sa_t1.jpg,pituitary
near,6,/kaggle/input/datasets/briscdataset/brisc2025/brisc2025/classification_task/train/pituitary/brisc2025_train_04671_pi_sa_t1.jpg,pituitary,/kaggle/input/datasets/briscdataset/brisc2025/brisc2025/classification_task/train/pituitary/brisc2025_train_04758_pi_sa_t1.jpg,pituitary
near,6,/kaggle/input/datasets/briscdataset/brisc2025/brisc2025/classification_task/train/pituitary/brisc2025_train_04671_pi_sa_t1.jpg,pituitary,/kaggle/input/datasets/briscdataset/brisc2025/brisc2025/classification_task/train/pituitary/brisc2025_train_04760_pi_sa_t1.jpg,pituitary
near,3,/kaggle/input/datasets/briscdataset/brisc2025/brisc2025/classification_task/train/pituitary/brisc2025_train_04674_pi_sa_t1.jpg,pituitary,/kaggle/input/datasets/briscdataset/brisc2025/brisc2025/classification_task/train/pituitary/brisc2025_train_04675_pi_sa_t1.jpg,pituitary
near,6,/kaggle/input/datasets/briscdataset/brisc2025/brisc2025/classification_task/train/pituitary/brisc2025_train_04675_pi_sa_t1.jpg,pituitary,/kaggle/input/datasets/briscdataset/brisc2025/brisc2025/classification_task/train/pituitary/brisc2025_train_04676_pi_sa_t1.jpg,pituitary
near,6,/kaggle/input/datasets/briscdataset/brisc2025/brisc2025/classification_task/train/pituitary/brisc2025_train_04675_pi_sa_t1.jpg,pituitary,/kaggle/input/datasets/briscdataset/brisc2025/brisc2025/classification_task/train/pituitary/brisc2025_train_04677_pi_sa_t1.jpg,pituitary
near,5,/kaggle/input/datasets/briscdataset/brisc2025/brisc2025/classification_task/train/pituitary/brisc2025_train_04678_pi_sa_t1.jpg,pituitary,/kaggle/input/datasets/briscdataset/brisc2025/brisc2025/classification_task/train/pituitary/brisc2025_train_04683_pi_sa_t1.jpg,pituitary
near,5,/kaggle/input/datasets/briscdataset/brisc2025/brisc2025/classification_task/train/pituitary/brisc2025_train_04678_pi_sa_t1.jpg,pituitary,/kaggle/input/datasets/briscdataset/brisc2025/brisc2025/classification_task/train/pituitary/brisc2025_train_04698_pi_sa_t1.jpg,pituitary
near,6,/kaggle/input/datasets/briscdataset/brisc2025/brisc2025/classification_task/train/pituitary/brisc2025_train_04679_pi_sa_t1.jpg,pituitary,/kaggle/input/datasets/briscdataset/brisc2025/brisc2025/classification_task/train/pituitary/brisc2025_train_04682_pi_sa_t1.jpg,pituitary
near,5,/kaggle/input/datasets/briscdataset/brisc2025/brisc2025/classification_task/train/pituitary/brisc2025_train_04679_pi_sa_t1.jpg,pituitary,/kaggle/input/datasets/briscdataset/brisc2025/brisc2025/classification_task/train/pituitary/brisc2025_train_04698_pi_sa_t1.jpg,pituitary
near,4,/kaggle/input/datasets/briscdataset/brisc2025/brisc2025/classification_task/train/pituitary/brisc2025_train_04680_pi_sa_t1.jpg,pituitary,/kaggle/input/datasets/briscdataset/brisc2025/brisc2025/classification_task/train/pituitary/brisc2025_train_04681_pi_sa_t1.jpg,pituitary
near,4,/kaggle/input/datasets/briscdataset/brisc2025/brisc2025/classification_task/train/pituitary/brisc2025_train_04680_pi_sa_t1.jpg,pituitary,/kaggle/input/datasets/briscdataset/brisc2025/brisc2025/classification_task/train/pituitary/brisc2025_train_04682_pi_sa_t1.jpg,pituitary
near,5,/kaggle/input/datasets/briscdataset/brisc2025/brisc2025/classification_task/train/pituitary/brisc2025_train_04680_pi_sa_t1.jpg,pituitary,/kaggle/input/datasets/briscdataset/brisc2025/brisc2025/classification_task/train/pituitary/brisc2025_train_04683_pi_sa_t1.jpg,pituitary
near,6,/kaggle/input/datasets/briscdataset/brisc2025/brisc2025/classification_task/train/pituitary/brisc2025_train_04680_pi_sa_t1.jpg,pituitary,/kaggle/input/datasets/briscdataset/brisc2025/brisc2025/classification_task/train/pituitary/brisc2025_train_04701_pi_sa_t1.jpg,pituitary
near,6,/kaggle/input/datasets/briscdataset/brisc2025/brisc2025/classification_task/train/pituitary/brisc2025_train_04681_pi_sa_t1.jpg,pituitary,/kaggle/input/datasets/briscdataset/brisc2025/brisc2025/classification_task/train/pituitary/brisc2025_train_04682_pi_sa_t1.jpg,pituitary
near,5,/kaggle/input/datasets/briscdataset/brisc2025/brisc2025/classification_task/train/pituitary/brisc2025_train_04682_pi_sa_t1.jpg,pituitary,/kaggle/input/datasets/briscdataset/brisc2025/brisc2025/classification_task/train/pituitary/brisc2025_train_04683_pi_sa_t1.jpg,pituitary
near,5,/kaggle/input/datasets/briscdataset/brisc2025/brisc2025/classification_task/train/pituitary/brisc2025_train_04682_pi_sa_t1.jpg,pituitary,/kaggle/input/datasets/briscdataset/brisc2025/brisc2025/classification_task/train/pituitary/brisc2025_train_04698_pi_sa_t1.jpg,pituitary
near,6,/kaggle/input/datasets/briscdataset/brisc2025/brisc2025/classification_task/train/pituitary/brisc2025_train_04683_pi_sa_t1.jpg,pituitary,/kaggle/input/datasets/briscdataset/brisc2025/brisc2025/classification_task/train/pituitary/brisc2025_train_04698_pi_sa_t1.jpg,pituitary
near,4,/kaggle/input/datasets/briscdataset/brisc2025/brisc2025/classification_task/train/pituitary/brisc2025_train_04686_pi_sa_t1.jpg,pituitary,/kaggle/input/datasets/briscdataset/brisc2025/brisc2025/classification_task/train/pituitary/brisc2025_train_04687_pi_sa_t1.jpg,pituitary
near,3,/kaggle/input/datasets/briscdataset/brisc2025/brisc2025/classification_task/train/pituitary/brisc2025_train_04688_pi_sa_t1.jpg,pituitary,/kaggle/input/datasets/briscdataset/brisc2025/brisc2025/classification_task/train/pituitary/brisc2025_train_04689_pi_sa_t1.jpg,pituitary
near,5,/kaggle/input/datasets/briscdataset/brisc2025/brisc2025/classification_task/train/pituitary/brisc2025_train_04688_pi_sa_t1.jpg,pituitary,/kaggle/input/datasets/briscdataset/brisc2025/brisc2025/classification_task/train/pituitary/brisc2025_train_04690_pi_sa_t1.jpg,pituitary
near,5,/kaggle/input/datasets/briscdataset/brisc2025/brisc2025/classification_task/train/pituitary/brisc2025_train_04688_pi_sa_t1.jpg,pituitary,/kaggle/input/datasets/briscdataset/brisc2025/brisc2025/classification_task/train/pituitary/brisc2025_train_04691_pi_sa_t1.jpg,pituitary
near,6,/kaggle/input/datasets/briscdataset/brisc2025/brisc2025/classification_task/train/pituitary/brisc2025_train_04688_pi_sa_t1.jpg,pituitary,/kaggle/input/datasets/briscdataset/brisc2025/brisc2025/classification_task/train/pituitary/brisc2025_train_04692_pi_sa_t1.jpg,pituitary
near,4,/kaggle/input/datasets/briscdataset/brisc2025/brisc2025/classification_task/train/pituitary/brisc2025_train_04689_pi_sa_t1.jpg,pituitary,/kaggle/input/datasets/briscdataset/brisc2025/brisc2025/classification_task/train/pituitary/brisc2025_train_04690_pi_sa_t1.jpg,pituitary
near,2,/kaggle/input/datasets/briscdataset/brisc2025/brisc2025/classification_task/train/pituitary/brisc2025_train_04689_pi_sa_t1.jpg,pituitary,/kaggle/input/datasets/briscdataset/brisc2025/brisc2025/classification_task/train/pituitary/brisc2025_train_04691_pi_sa_t1.jpg,pituitary
near,5,/kaggle/input/datasets/briscdataset/brisc2025/brisc2025/classification_task/train/pituitary/brisc2025_train_04689_pi_sa_t1.jpg,pituitary,/kaggle/input/datasets/briscdataset/brisc2025/brisc2025/classification_task/train/pituitary/brisc2025_train_04750_pi_sa_t1.jpg,pituitary
near,5,/kaggle/input/datasets/briscdataset/brisc2025/brisc2025/classification_task/train/pituitary/brisc2025_train_04689_pi_sa_t1.jpg,pituitary,/kaggle/input/datasets/briscdataset/brisc2025/brisc2025/classification_task/test/pituitary/brisc2025_test_00919_pi_sa_t1.jpg,pituitary
near,4,/kaggle/input/datasets/briscdataset/brisc2025/brisc2025/classification_task/train/pituitary/brisc2025_train_04690_pi_sa_t1.jpg,pituitary,/kaggle/input/datasets/briscdataset/brisc2025/brisc2025/classification_task/train/pituitary/brisc2025_train_04691_pi_sa_t1.jpg,pituitary
near,5,/kaggle/input/datasets/briscdataset/brisc2025/brisc2025/classification_task/train/pituitary/brisc2025_train_04690_pi_sa_t1.jpg,pituitary,/kaggle/input/datasets/briscdataset/brisc2025/brisc2025/classification_task/train/pituitary/brisc2025_train_04692_pi_sa_t1.jpg,pituitary
near,5,/kaggle/input/datasets/briscdataset/brisc2025/brisc2025/classification_task/train/pituitary/brisc2025_train_04690_pi_sa_t1.jpg,pituitary,/kaggle/input/datasets/briscdataset/brisc2025/brisc2025/classification_task/train/pituitary/brisc2025_train_04750_pi_sa_t1.jpg,pituitary
near,5,/kaggle/input/datasets/briscdataset/brisc2025/brisc2025/classification_task/train/pituitary/brisc2025_train_04690_pi_sa_t1.jpg,pituitary,/kaggle/input/datasets/briscdataset/brisc2025/brisc2025/classification_task/test/pituitary/brisc2025_test_00919_pi_sa_t1.jpg,pituitary
near,5,/kaggle/input/datasets/briscdataset/brisc2025/brisc2025/classification_task/train/pituitary/brisc2025_train_04691_pi_sa_t1.jpg,pituitary,/kaggle/input/datasets/briscdataset/brisc2025/brisc2025/classification_task/train/pituitary/brisc2025_train_04692_pi_sa_t1.jpg,pituitary
near,5,/kaggle/input/datasets/briscdataset/brisc2025/brisc2025/classification_task/train/pituitary/brisc2025_train_04691_pi_sa_t1.jpg,pituitary,/kaggle/input/datasets/briscdataset/brisc2025/brisc2025/classification_task/train/pituitary/brisc2025_train_04750_pi_sa_t1.jpg,pituitary
near,5,/kaggle/input/datasets/briscdataset/brisc2025/brisc2025/classification_task/train/pituitary/brisc2025_train_04691_pi_sa_t1.jpg,pituitary,/kaggle/input/datasets/briscdataset/brisc2025/brisc2025/classification_task/test/pituitary/brisc2025_test_00919_pi_sa_t1.jpg,pituitary
near,6,/kaggle/input/datasets/briscdataset/brisc2025/brisc2025/classification_task/train/pituitary/brisc2025_train_04692_pi_sa_t1.jpg,pituitary,/kaggle/input/datasets/briscdataset/brisc2025/brisc2025/classification_task/train/pituitary/brisc2025_train_04750_pi_sa_t1.jpg,pituitary
near,6,/kaggle/input/datasets/briscdataset/brisc2025/brisc2025/classification_task/train/pituitary/brisc2025_train_04692_pi_sa_t1.jpg,pituitary,/kaggle/input/datasets/briscdataset/brisc2025/brisc2025/classification_task/test/pituitary/brisc2025_test_00919_pi_sa_t1.jpg,pituitary
near,6,/kaggle/input/datasets/briscdataset/brisc2025/brisc2025/classification_task/train/pituitary/brisc2025_train_04694_pi_sa_t1.jpg,pituitary,/kaggle/input/datasets/briscdataset/brisc2025/brisc2025/classification_task/train/pituitary/brisc2025_train_04697_pi_sa_t1.jpg,pituitary
near,6,/kaggle/input/datasets/briscdataset/brisc2025/brisc2025/classification_task/train/pituitary/brisc2025_train_04699_pi_sa_t1.jpg,pituitary,/kaggle/input/datasets/briscdataset/brisc2025/brisc2025/classification_task/train/pituitary/brisc2025_train_04700_pi_sa_t1.jpg,pituitary
near,6,/kaggle/input/datasets/briscdataset/brisc2025/brisc2025/classification_task/train/pituitary/brisc2025_train_04702_pi_sa_t1.jpg,pituitary,/kaggle/input/datasets/briscdataset/brisc2025/brisc2025/classification_task/train/pituitary/brisc2025_train_04703_pi_sa_t1.jpg,pituitary
near,4,/kaggle/input/datasets/briscdataset/brisc2025/brisc2025/classification_task/train/pituitary/brisc2025_train_04708_pi_sa_t1.jpg,pituitary,/kaggle/input/datasets/briscdataset/brisc2025/brisc2025/classification_task/train/pituitary/brisc2025_train_04709_pi_sa_t1.jpg,pituitary
near,4,/kaggle/input/datasets/briscdataset/brisc2025/brisc2025/classification_task/train/pituitary/brisc2025_train_04713_pi_sa_t1.jpg,pituitary,/kaggle/input/datasets/briscdataset/brisc2025/brisc2025/classification_task/train/pituitary/brisc2025_train_04714_pi_sa_t1.jpg,pituitary
near,6,/kaggle/input/datasets/briscdataset/brisc2025/brisc2025/classification_task/train/pituitary/brisc2025_train_04714_pi_sa_t1.jpg,pituitary,/kaggle/input/datasets/briscdataset/brisc2025/brisc2025/classification_task/train/pituitary/brisc2025_train_04715_pi_sa_t1.jpg,pituitary
near,6,/kaggle/input/datasets/briscdataset/brisc2025/brisc2025/classification_task/train/pituitary/brisc2025_train_04715_pi_sa_t1.jpg,pituitary,/kaggle/input/datasets/briscdataset/brisc2025/brisc2025/classification_task/train/pituitary/brisc2025_train_04716_pi_sa_t1.jpg,pituitary
near,2,/kaggle/input/datasets/briscdataset/brisc2025/brisc2025/classification_task/train/pituitary/brisc2025_train_04723_pi_sa_t1.jpg,pituitary,/kaggle/input/datasets/briscdataset/brisc2025/brisc2025/classification_task/train/pituitary/brisc2025_train_04724_pi_sa_t1.jpg,pituitary
near,6,/kaggle/input/datasets/briscdataset/brisc2025/brisc2025/classification_task/train/pituitary/brisc2025_train_04723_pi_sa_t1.jpg,pituitary,/kaggle/input/datasets/briscdataset/brisc2025/brisc2025/classification_task/train/pituitary/brisc2025_train_04750_pi_sa_t1.jpg,pituitary
near,4,/kaggle/input/datasets/briscdataset/brisc2025/brisc2025/classification_task/train/pituitary/brisc2025_train_04725_pi_sa_t1.jpg,pituitary,/kaggle/input/datasets/briscdataset/brisc2025/brisc2025/classification_task/train/pituitary/brisc2025_train_04726_pi_sa_t1.jpg,pituitary
near,6,/kaggle/input/datasets/briscdataset/brisc2025/brisc2025/classification_task/train/pituitary/brisc2025_train_04727_pi_sa_t1.jpg,pituitary,/kaggle/input/datasets/briscdataset/brisc2025/brisc2025/classification_task/train/pituitary/brisc2025_train_04728_pi_sa_t1.jpg,pituitary
near,6,/kaggle/input/datasets/briscdataset/brisc2025/brisc2025/classification_task/train/pituitary/brisc2025_train_04729_pi_sa_t1.jpg,pituitary,/kaggle/input/datasets/briscdataset/brisc2025/brisc2025/classification_task/train/pituitary/brisc2025_train_04730_pi_sa_t1.jpg,pituitary
near,2,/kaggle/input/datasets/briscdataset/brisc2025/brisc2025/classification_task/train/pituitary/brisc2025_train_04729_pi_sa_t1.jpg,pituitary,/kaggle/input/datasets/briscdataset/brisc2025/brisc2025/classification_task/train/pituitary/brisc2025_train_04733_pi_sa_t1.jpg,pituitary
near,4,/kaggle/input/datasets/briscdataset/brisc2025/brisc2025/classification_task/train/pituitary/brisc2025_train_04730_pi_sa_t1.jpg,pituitary,/kaggle/input/datasets/briscdataset/brisc2025/brisc2025/classification_task/train/pituitary/brisc2025_train_04732_pi_sa_t1.jpg,pituitary
near,4,/kaggle/input/datasets/briscdataset/brisc2025/brisc2025/classification_task/train/pituitary/brisc2025_train_04730_pi_sa_t1.jpg,pituitary,/kaggle/input/datasets/briscdataset/brisc2025/brisc2025/classification_task/train/pituitary/brisc2025_train_04733_pi_sa_t1.jpg,pituitary
near,5,/kaggle/input/datasets/briscdataset/brisc2025/brisc2025/classification_task/train/pituitary/brisc2025_train_04731_pi_sa_t1.jpg,pituitary,/kaggle/input/datasets/briscdataset/brisc2025/brisc2025/classification_task/train/pituitary/brisc2025_train_04732_pi_sa_t1.jpg,pituitary
near,5,/kaggle/input/datasets/briscdataset/brisc2025/brisc2025/classification_task/train/pituitary/brisc2025_train_04731_pi_sa_t1.jpg,pituitary,/kaggle/input/datasets/briscdataset/brisc2025/brisc2025/classification_task/train/pituitary/brisc2025_train_04733_pi_sa_t1.jpg,pituitary
near,6,/kaggle/input/datasets/briscdataset/brisc2025/brisc2025/classification_task/train/pituitary/brisc2025_train_04732_pi_sa_t1.jpg,pituitary,/kaggle/input/datasets/briscdataset/brisc2025/brisc2025/classification_task/train/pituitary/brisc2025_train_04733_pi_sa_t1.jpg,pituitary
near,4,/kaggle/input/datasets/briscdataset/brisc2025/brisc2025/classification_task/train/pituitary/brisc2025_train_04734_pi_sa_t1.jpg,pituitary,/kaggle/input/datasets/briscdataset/brisc2025/brisc2025/classification_task/train/pituitary/brisc2025_train_04735_pi_sa_t1.jpg,pituitary
near,5,/kaggle/input/datasets/briscdataset/brisc2025/brisc2025/classification_task/train/pituitary/brisc2025_train_04734_pi_sa_t1.jpg,pituitary,/kaggle/input/datasets/briscdataset/brisc2025/brisc2025/classification_task/train/pituitary/brisc2025_train_04761_pi_sa_t1.jpg,pituitary
near,5,/kaggle/input/datasets/briscdataset/brisc2025/brisc2025/classification_task/train/pituitary/brisc2025_train_04735_pi_sa_t1.jpg,pituitary,/kaggle/input/datasets/briscdataset/brisc2025/brisc2025/classification_task/train/pituitary/brisc2025_train_04736_pi_sa_t1.jpg,pituitary
near,6,/kaggle/input/datasets/briscdataset/brisc2025/brisc2025/classification_task/train/pituitary/brisc2025_train_04739_pi_sa_t1.jpg,pituitary,/kaggle/input/datasets/briscdataset/brisc2025/brisc2025/classification_task/train/pituitary/brisc2025_train_04740_pi_sa_t1.jpg,pituitary
near,6,/kaggle/input/datasets/briscdataset/brisc2025/brisc2025/classification_task/train/pituitary/brisc2025_train_04739_pi_sa_t1.jpg,pituitary,/kaggle/input/datasets/briscdataset/brisc2025/brisc2025/classification_task/test/pituitary/brisc2025_test_00915_pi_sa_t1.jpg,pituitary
near,6,/kaggle/input/datasets/briscdataset/brisc2025/brisc2025/classification_task/train/pituitary/brisc2025_train_04739_pi_sa_t1.jpg,pituitary,/kaggle/input/datasets/briscdataset/brisc2025/brisc2025/classification_task/test/pituitary/brisc2025_test_00916_pi_sa_t1.jpg,pituitary
near,6,/kaggle/input/datasets/briscdataset/brisc2025/brisc2025/classification_task/train/pituitary/brisc2025_train_04740_pi_sa_t1.jpg,pituitary,/kaggle/input/datasets/briscdataset/brisc2025/brisc2025/classification_task/test/pituitary/brisc2025_test_00915_pi_sa_t1.jpg,pituitary
near,6,/kaggle/input/datasets/briscdataset/brisc2025/brisc2025/classification_task/train/pituitary/brisc2025_train_04740_pi_sa_t1.jpg,pituitary,/kaggle/input/datasets/briscdataset/brisc2025/brisc2025/classification_task/test/pituitary/brisc2025_test_00916_pi_sa_t1.jpg,pituitary
near,6,/kaggle/input/datasets/briscdataset/brisc2025/brisc2025/classification_task/train/pituitary/brisc2025_train_04744_pi_sa_t1.jpg,pituitary,/kaggle/input/datasets/briscdataset/brisc2025/brisc2025/classification_task/test/pituitary/brisc2025_test_00917_pi_sa_t1.jpg,pituitary
near,2,/kaggle/input/datasets/briscdataset/brisc2025/brisc2025/classification_task/train/pituitary/brisc2025_train_04746_pi_sa_t1.jpg,pituitary,/kaggle/input/datasets/briscdataset/brisc2025/brisc2025/classification_task/train/pituitary/brisc2025_train_04747_pi_sa_t1.jpg,pituitary
near,2,/kaggle/input/datasets/briscdataset/brisc2025/brisc2025/classification_task/train/pituitary/brisc2025_train_04746_pi_sa_t1.jpg,pituitary,/kaggle/input/datasets/briscdataset/brisc2025/brisc2025/classification_task/train/pituitary/brisc2025_train_04748_pi_sa_t1.jpg,pituitary
near,4,/kaggle/input/datasets/briscdataset/brisc2025/brisc2025/classification_task/train/pituitary/brisc2025_train_04746_pi_sa_t1.jpg,pituitary,/kaggle/input/datasets/briscdataset/brisc2025/brisc2025/classification_task/test/pituitary/brisc2025_test_00918_pi_sa_t1.jpg,pituitary
near,2,/kaggle/input/datasets/briscdataset/brisc2025/brisc2025/classification_task/train/pituitary/brisc2025_train_04747_pi_sa_t1.jpg,pituitary,/kaggle/input/datasets/briscdataset/brisc2025/brisc2025/classification_task/train/pituitary/brisc2025_train_04748_pi_sa_t1.jpg,pituitary
near,2,/kaggle/input/datasets/briscdataset/brisc2025/brisc2025/classification_task/train/pituitary/brisc2025_train_04747_pi_sa_t1.jpg,pituitary,/kaggle/input/datasets/briscdataset/brisc2025/brisc2025/classification_task/test/pituitary/brisc2025_test_00918_pi_sa_t1.jpg,pituitary
near,2,/kaggle/input/datasets/briscdataset/brisc2025/brisc2025/classification_task/train/pituitary/brisc2025_train_04748_pi_sa_t1.jpg,pituitary,/kaggle/input/datasets/briscdataset/brisc2025/brisc2025/classification_task/test/pituitary/brisc2025_test_00918_pi_sa_t1.jpg,pituitary
near,6,/kaggle/input/datasets/briscdataset/brisc2025/brisc2025/classification_task/train/pituitary/brisc2025_train_04750_pi_sa_t1.jpg,pituitary,/kaggle/input/datasets/briscdataset/brisc2025/brisc2025/classification_task/train/pituitary/brisc2025_train_04751_pi_sa_t1.jpg,pituitary
near,2,/kaggle/input/datasets/briscdataset/brisc2025/brisc2025/classification_task/train/pituitary/brisc2025_train_04750_pi_sa_t1.jpg,pituitary,/kaggle/input/datasets/briscdataset/brisc2025/brisc2025/classification_task/test/pituitary/brisc2025_test_00919_pi_sa_t1.jpg,pituitary
near,6,/kaggle/input/datasets/briscdataset/brisc2025/brisc2025/classification_task/train/pituitary/brisc2025_train_04752_pi_sa_t1.jpg,pituitary,/kaggle/input/datasets/briscdataset/brisc2025/brisc2025/classification_task/train/pituitary/brisc2025_train_04753_pi_sa_t1.jpg,pituitary
near,4,/kaggle/input/datasets/briscdataset/brisc2025/brisc2025/classification_task/train/pituitary/brisc2025_train_04752_pi_sa_t1.jpg,pituitary,/kaggle/input/datasets/briscdataset/brisc2025/brisc2025/classification_task/test/pituitary/brisc2025_test_00920_pi_sa_t1.jpg,pituitary
near,2,/kaggle/input/datasets/briscdataset/brisc2025/brisc2025/classification_task/train/pituitary/brisc2025_train_04753_pi_sa_t1.jpg,pituitary,/kaggle/input/datasets/briscdataset/brisc2025/brisc2025/classification_task/test/pituitary/brisc2025_test_00920_pi_sa_t1.jpg,pituitary
near,3,/kaggle/input/datasets/briscdataset/brisc2025/brisc2025/classification_task/train/pituitary/brisc2025_train_04756_pi_sa_t1.jpg,pituitary,/kaggle/input/datasets/briscdataset/brisc2025/brisc2025/classification_task/train/pituitary/brisc2025_train_04757_pi_sa_t1.jpg,pituitary
near,6,/kaggle/input/datasets/briscdataset/brisc2025/brisc2025/classification_task/train/pituitary/brisc2025_train_04757_pi_sa_t1.jpg,pituitary,/kaggle/input/datasets/briscdataset/brisc2025/brisc2025/classification_task/train/pituitary/brisc2025_train_04758_pi_sa_t1.jpg,pituitary
near,6,/kaggle/input/datasets/briscdataset/brisc2025/brisc2025/classification_task/train/pituitary/brisc2025_train_04757_pi_sa_t1.jpg,pituitary,/kaggle/input/datasets/briscdataset/brisc2025/brisc2025/classification_task/train/pituitary/brisc2025_train_04760_pi_sa_t1.jpg,pituitary
near,5,/kaggle/input/datasets/briscdataset/brisc2025/brisc2025/classification_task/train/pituitary/brisc2025_train_04763_pi_sa_t1.jpg,pituitary,/kaggle/input/datasets/briscdataset/brisc2025/brisc2025/classification_task/train/pituitary/brisc2025_train_04764_pi_sa_t1.jpg,pituitary
near,6,/kaggle/input/datasets/briscdataset/brisc2025/brisc2025/classification_task/train/pituitary/brisc2025_train_04765_pi_sa_t1.jpg,pituitary,/kaggle/input/datasets/briscdataset/brisc2025/brisc2025/classification_task/test/pituitary/brisc2025_test_00921_pi_sa_t1.jpg,pituitary
near,6,/kaggle/input/datasets/briscdataset/brisc2025/brisc2025/classification_task/train/pituitary/brisc2025_train_04766_pi_sa_t1.jpg,pituitary,/kaggle/input/datasets/briscdataset/brisc2025/brisc2025/classification_task/train/pituitary/brisc2025_train_04767_pi_sa_t1.jpg,pituitary
near,6,/kaggle/input/datasets/briscdataset/brisc2025/brisc2025/classification_task/train/pituitary/brisc2025_train_04766_pi_sa_t1.jpg,pituitary,/kaggle/input/datasets/briscdataset/brisc2025/brisc2025/classification_task/train/pituitary/brisc2025_train_04768_pi_sa_t1.jpg,pituitary
near,4,/kaggle/input/datasets/briscdataset/brisc2025/brisc2025/classification_task/train/pituitary/brisc2025_train_04766_pi_sa_t1.jpg,pituitary,/kaggle/input/datasets/briscdataset/brisc2025/brisc2025/classification_task/test/pituitary/brisc2025_test_00922_pi_sa_t1.jpg,pituitary
near,6,/kaggle/input/datasets/briscdataset/brisc2025/brisc2025/classification_task/train/pituitary/brisc2025_train_04768_pi_sa_t1.jpg,pituitary,/kaggle/input/datasets/briscdataset/brisc2025/brisc2025/classification_task/train/pituitary/brisc2025_train_04769_pi_sa_t1.jpg,pituitary
near,5,/kaggle/input/datasets/briscdataset/brisc2025/brisc2025/classification_task/train/pituitary/brisc2025_train_04768_pi_sa_t1.jpg,pituitary,/kaggle/input/datasets/briscdataset/brisc2025/brisc2025/classification_task/test/pituitary/brisc2025_test_00921_pi_sa_t1.jpg,pituitary
near,5,/kaggle/input/datasets/briscdataset/brisc2025/brisc2025/classification_task/train/pituitary/brisc2025_train_04769_pi_sa_t1.jpg,pituitary,/kaggle/input/datasets/briscdataset/brisc2025/brisc2025/classification_task/test/pituitary/brisc2025_test_00921_pi_sa_t1.jpg,pituitary
near,6,/kaggle/input/datasets/briscdataset/brisc2025/brisc2025/classification_task/train/pituitary/brisc2025_train_04770_pi_sa_t1.jpg,pituitary,/kaggle/input/datasets/briscdataset/brisc2025/brisc2025/classification_task/train/pituitary/brisc2025_train_04772_pi_sa_t1.jpg,pituitary
near,4,/kaggle/input/datasets/briscdataset/brisc2025/brisc2025/classification_task/train/pituitary/brisc2025_train_04770_pi_sa_t1.jpg,pituitary,/kaggle/input/datasets/briscdataset/brisc2025/brisc2025/classification_task/test/pituitary/brisc2025_test_00923_pi_sa_t1.jpg,pituitary
near,6,/kaggle/input/datasets/briscdataset/brisc2025/brisc2025/classification_task/train/pituitary/brisc2025_train_04770_pi_sa_t1.jpg,pituitary,/kaggle/input/datasets/briscdataset/brisc2025/brisc2025/classification_task/test/pituitary/brisc2025_test_00924_pi_sa_t1.jpg,pituitary
near,5,/kaggle/input/datasets/briscdataset/brisc2025/brisc2025/classification_task/train/pituitary/brisc2025_train_04771_pi_sa_t1.jpg,pituitary,/kaggle/input/datasets/briscdataset/brisc2025/brisc2025/classification_task/train/pituitary/brisc2025_train_04772_pi_sa_t1.jpg,pituitary
near,5,/kaggle/input/datasets/briscdataset/brisc2025/brisc2025/classification_task/train/pituitary/brisc2025_train_04771_pi_sa_t1.jpg,pituitary,/kaggle/input/datasets/briscdataset/brisc2025/brisc2025/classification_task/train/pituitary/brisc2025_train_04773_pi_sa_t1.jpg,pituitary
near,5,/kaggle/input/datasets/briscdataset/brisc2025/brisc2025/classification_task/train/pituitary/brisc2025_train_04771_pi_sa_t1.jpg,pituitary,/kaggle/input/datasets/briscdataset/brisc2025/brisc2025/classification_task/train/pituitary/brisc2025_train_04783_pi_sa_t1.jpg,pituitary
near,5,/kaggle/input/datasets/briscdataset/brisc2025/brisc2025/classification_task/train/pituitary/brisc2025_train_04771_pi_sa_t1.jpg,pituitary,/kaggle/input/datasets/briscdataset/brisc2025/brisc2025/classification_task/train/pituitary/brisc2025_train_04784_pi_sa_t1.jpg,pituitary
near,2,/kaggle/input/datasets/briscdataset/brisc2025/brisc2025/classification_task/train/pituitary/brisc2025_train_04772_pi_sa_t1.jpg,pituitary,/kaggle/input/datasets/briscdataset/brisc2025/brisc2025/classification_task/train/pituitary/brisc2025_train_04773_pi_sa_t1.jpg,pituitary
near,6,/kaggle/input/datasets/briscdataset/brisc2025/brisc2025/classification_task/train/pituitary/brisc2025_train_04772_pi_sa_t1.jpg,pituitary,/kaggle/input/datasets/briscdataset/brisc2025/brisc2025/classification_task/train/pituitary/brisc2025_train_04783_pi_sa_t1.jpg,pituitary
near,6,/kaggle/input/datasets/briscdataset/brisc2025/brisc2025/classification_task/train/pituitary/brisc2025_train_04772_pi_sa_t1.jpg,pituitary,/kaggle/input/datasets/briscdataset/brisc2025/brisc2025/classification_task/train/pituitary/brisc2025_train_04784_pi_sa_t1.jpg,pituitary
near,6,/kaggle/input/datasets/briscdataset/brisc2025/brisc2025/classification_task/train/pituitary/brisc2025_train_04773_pi_sa_t1.jpg,pituitary,/kaggle/input/datasets/briscdataset/brisc2025/brisc2025/classification_task/train/pituitary/brisc2025_train_04783_pi_sa_t1.jpg,pituitary
near,6,/kaggle/input/datasets/briscdataset/brisc2025/brisc2025/classification_task/train/pituitary/brisc2025_train_04773_pi_sa_t1.jpg,pituitary,/kaggle/input/datasets/briscdataset/brisc2025/brisc2025/classification_task/train/pituitary/brisc2025_train_04784_pi_sa_t1.jpg,pituitary
near,5,/kaggle/input/datasets/briscdataset/brisc2025/brisc2025/classification_task/train/pituitary/brisc2025_train_04774_pi_sa_t1.jpg,pituitary,/kaggle/input/datasets/briscdataset/brisc2025/brisc2025/classification_task/test/pituitary/brisc2025_test_00954_pi_sa_t1.jpg,pituitary
near,6,/kaggle/input/datasets/briscdataset/brisc2025/brisc2025/classification_task/train/pituitary/brisc2025_train_04774_pi_sa_t1.jpg,pituitary,/kaggle/input/datasets/briscdataset/brisc2025/brisc2025/classification_task/test/pituitary/brisc2025_test_00998_pi_sa_t1.jpg,pituitary
near,6,/kaggle/input/datasets/briscdataset/brisc2025/brisc2025/classification_task/train/pituitary/brisc2025_train_04775_pi_sa_t1.jpg,pituitary,/kaggle/input/datasets/briscdataset/brisc2025/brisc2025/classification_task/train/pituitary/brisc2025_train_04778_pi_sa_t1.jpg,pituitary
near,4,/kaggle/input/datasets/briscdataset/brisc2025/brisc2025/classification_task/train/pituitary/brisc2025_train_04775_pi_sa_t1.jpg,pituitary,/kaggle/input/datasets/briscdataset/brisc2025/brisc2025/classification_task/train/pituitary/brisc2025_train_04779_pi_sa_t1.jpg,pituitary
near,6,/kaggle/input/datasets/briscdataset/brisc2025/brisc2025/classification_task/train/pituitary/brisc2025_train_04776_pi_sa_t1.jpg,pituitary,/kaggle/input/datasets/briscdataset/brisc2025/brisc2025/classification_task/train/pituitary/brisc2025_train_04962_pi_sa_t1.jpg,pituitary
near,6,/kaggle/input/datasets/briscdataset/brisc2025/brisc2025/classification_task/train/pituitary/brisc2025_train_04776_pi_sa_t1.jpg,pituitary,/kaggle/input/datasets/briscdataset/brisc2025/brisc2025/classification_task/test/pituitary/brisc2025_test_00986_pi_sa_t1.jpg,pituitary
near,6,/kaggle/input/datasets/briscdataset/brisc2025/brisc2025/classification_task/train/pituitary/brisc2025_train_04777_pi_sa_t1.jpg,pituitary,/kaggle/input/datasets/briscdataset/brisc2025/brisc2025/classification_task/train/pituitary/brisc2025_train_04859_pi_sa_t1.jpg,pituitary
near,6,/kaggle/input/datasets/briscdataset/brisc2025/brisc2025/classification_task/train/pituitary/brisc2025_train_04777_pi_sa_t1.jpg,pituitary,/kaggle/input/datasets/briscdataset/brisc2025/brisc2025/classification_task/train/pituitary/brisc2025_train_04937_pi_sa_t1.jpg,pituitary
near,6,/kaggle/input/datasets/briscdataset/brisc2025/brisc2025/classification_task/train/pituitary/brisc2025_train_04777_pi_sa_t1.jpg,pituitary,/kaggle/input/datasets/briscdataset/brisc2025/brisc2025/classification_task/train/pituitary/brisc2025_train_04962_pi_sa_t1.jpg,pituitary
near,5,/kaggle/input/datasets/briscdataset/brisc2025/brisc2025/classification_task/train/pituitary/brisc2025_train_04777_pi_sa_t1.jpg,pituitary,/kaggle/input/datasets/briscdataset/brisc2025/brisc2025/classification_task/train/pituitary/brisc2025_train_04965_pi_sa_t1.jpg,pituitary
near,6,/kaggle/input/datasets/briscdataset/brisc2025/brisc2025/classification_task/train/pituitary/brisc2025_train_04777_pi_sa_t1.jpg,pituitary,/kaggle/input/datasets/briscdataset/brisc2025/brisc2025/classification_task/train/pituitary/brisc2025_train_04989_pi_sa_t1.jpg,pituitary
near,6,/kaggle/input/datasets/briscdataset/brisc2025/brisc2025/classification_task/train/pituitary/brisc2025_train_04777_pi_sa_t1.jpg,pituitary,/kaggle/input/datasets/briscdataset/brisc2025/brisc2025/classification_task/test/pituitary/brisc2025_test_00925_pi_sa_t1.jpg,pituitary
near,6,/kaggle/input/datasets/briscdataset/brisc2025/brisc2025/classification_task/train/pituitary/brisc2025_train_04777_pi_sa_t1.jpg,pituitary,/kaggle/input/datasets/briscdataset/brisc2025/brisc2025/classification_task/test/pituitary/brisc2025_test_00997_pi_sa_t1.jpg,pituitary
near,4,/kaggle/input/datasets/briscdataset/brisc2025/brisc2025/classification_task/train/pituitary/brisc2025_train_04778_pi_sa_t1.jpg,pituitary,/kaggle/input/datasets/briscdataset/brisc2025/brisc2025/classification_task/train/pituitary/brisc2025_train_04779_pi_sa_t1.jpg,pituitary
near,6,/kaggle/input/datasets/briscdataset/brisc2025/brisc2025/classification_task/train/pituitary/brisc2025_train_04778_pi_sa_t1.jpg,pituitary,/kaggle/input/datasets/briscdataset/brisc2025/brisc2025/classification_task/train/pituitary/brisc2025_train_04962_pi_sa_t1.jpg,pituitary
near,6,/kaggle/input/datasets/briscdataset/brisc2025/brisc2025/classification_task/train/pituitary/brisc2025_train_04779_pi_sa_t1.jpg,pituitary,/kaggle/input/datasets/briscdataset/brisc2025/brisc2025/classification_task/train/pituitary/brisc2025_train_04950_pi_sa_t1.jpg,pituitary
near,5,/kaggle/input/datasets/briscdataset/brisc2025/brisc2025/classification_task/train/pituitary/brisc2025_train_04779_pi_sa_t1.jpg,pituitary,/kaggle/input/datasets/briscdataset/brisc2025/brisc2025/classification_task/train/pituitary/brisc2025_train_04951_pi_sa_t1.jpg,pituitary
near,5,/kaggle/input/datasets/briscdataset/brisc2025/brisc2025/classification_task/train/pituitary/brisc2025_train_04779_pi_sa_t1.jpg,pituitary,/kaggle/input/datasets/briscdataset/brisc2025/brisc2025/classification_task/train/pituitary/brisc2025_train_04955_pi_sa_t1.jpg,pituitary
near,6,/kaggle/input/datasets/briscdataset/brisc2025/brisc2025/classification_task/train/pituitary/brisc2025_train_04779_pi_sa_t1.jpg,pituitary,/kaggle/input/datasets/briscdataset/brisc2025/brisc2025/classification_task/train/pituitary/brisc2025_train_04962_pi_sa_t1.jpg,pituitary
near,6,/kaggle/input/datasets/briscdataset/brisc2025/brisc2025/classification_task/train/pituitary/brisc2025_train_04779_pi_sa_t1.jpg,pituitary,/kaggle/input/datasets/briscdataset/brisc2025/brisc2025/classification_task/train/pituitary/brisc2025_train_04986_pi_sa_t1.jpg,pituitary
near,5,/kaggle/input/datasets/briscdataset/brisc2025/brisc2025/classification_task/train/pituitary/brisc2025_train_04779_pi_sa_t1.jpg,pituitary,/kaggle/input/datasets/briscdataset/brisc2025/brisc2025/classification_task/train/pituitary/brisc2025_train_04987_pi_sa_t1.jpg,pituitary
near,6,/kaggle/input/datasets/briscdataset/brisc2025/brisc2025/classification_task/train/pituitary/brisc2025_train_04779_pi_sa_t1.jpg,pituitary,/kaggle/input/datasets/briscdataset/brisc2025/brisc2025/classification_task/train/pituitary/brisc2025_train_04988_pi_sa_t1.jpg,pituitary
near,6,/kaggle/input/datasets/briscdataset/brisc2025/brisc2025/classification_task/train/pituitary/brisc2025_train_04779_pi_sa_t1.jpg,pituitary,/kaggle/input/datasets/briscdataset/brisc2025/brisc2025/classification_task/train/pituitary/brisc2025_train_04989_pi_sa_t1.jpg,pituitary
near,6,/kaggle/input/datasets/briscdataset/brisc2025/brisc2025/classification_task/train/pituitary/brisc2025_train_04779_pi_sa_t1.jpg,pituitary,/kaggle/input/datasets/briscdataset/brisc2025/brisc2025/classification_task/test/pituitary/brisc2025_test_00984_pi_sa_t1.jpg,pituitary
near,4,/kaggle/input/datasets/briscdataset/brisc2025/brisc2025/classification_task/train/pituitary/brisc2025_train_04779_pi_sa_t1.jpg,pituitary,/kaggle/input/datasets/briscdataset/brisc2025/brisc2025/classification_task/test/pituitary/brisc2025_test_00996_pi_sa_t1.jpg,pituitary
near,5,/kaggle/input/datasets/briscdataset/brisc2025/brisc2025/classification_task/train/pituitary/brisc2025_train_04779_pi_sa_t1.jpg,pituitary,/kaggle/input/datasets/briscdataset/brisc2025/brisc2025/classification_task/test/pituitary/brisc2025_test_00998_pi_sa_t1.jpg,pituitary
near,3,/kaggle/input/datasets/briscdataset/brisc2025/brisc2025/classification_task/train/pituitary/brisc2025_train_04780_pi_sa_t1.jpg,pituitary,/kaggle/input/datasets/briscdataset/brisc2025/brisc2025/classification_task/train/pituitary/brisc2025_train_04781_pi_sa_t1.jpg,pituitary
near,6,/kaggle/input/datasets/briscdataset/brisc2025/brisc2025/classification_task/train/pituitary/brisc2025_train_04780_pi_sa_t1.jpg,pituitary,/kaggle/input/datasets/briscdataset/brisc2025/brisc2025/classification_task/train/pituitary/brisc2025_train_04784_pi_sa_t1.jpg,pituitary
near,5,/kaggle/input/datasets/briscdataset/brisc2025/brisc2025/classification_task/train/pituitary/brisc2025_train_04780_pi_sa_t1.jpg,pituitary,/kaggle/input/datasets/briscdataset/brisc2025/brisc2025/classification_task/test/pituitary/brisc2025_test_00927_pi_sa_t1.jpg,pituitary
near,5,/kaggle/input/datasets/briscdataset/brisc2025/brisc2025/classification_task/train/pituitary/brisc2025_train_04781_pi_sa_t1.jpg,pituitary,/kaggle/input/datasets/briscdataset/brisc2025/brisc2025/classification_task/train/pituitary/brisc2025_train_04782_pi_sa_t1.jpg,pituitary
near,4,/kaggle/input/datasets/briscdataset/brisc2025/brisc2025/classification_task/train/pituitary/brisc2025_train_04781_pi_sa_t1.jpg,pituitary,/kaggle/input/datasets/briscdataset/brisc2025/brisc2025/classification_task/test/pituitary/brisc2025_test_00927_pi_sa_t1.jpg,pituitary
near,5,/kaggle/input/datasets/briscdataset/brisc2025/brisc2025/classification_task/train/pituitary/brisc2025_train_04782_pi_sa_t1.jpg,pituitary,/kaggle/input/datasets/briscdataset/brisc2025/brisc2025/classification_task/test/pituitary/brisc2025_test_00927_pi_sa_t1.jpg,pituitary
near,4,/kaggle/input/datasets/briscdataset/brisc2025/brisc2025/classification_task/train/pituitary/brisc2025_train_04783_pi_sa_t1.jpg,pituitary,/kaggle/input/datasets/briscdataset/brisc2025/brisc2025/classification_task/train/pituitary/brisc2025_train_04784_pi_sa_t1.jpg,pituitary
near,6,/kaggle/input/datasets/briscdataset/brisc2025/brisc2025/classification_task/train/pituitary/brisc2025_train_04783_pi_sa_t1.jpg,pituitary,/kaggle/input/datasets/briscdataset/brisc2025/brisc2025/classification_task/train/pituitary/brisc2025_train_04785_pi_sa_t1.jpg,pituitary
near,4,/kaggle/input/datasets/briscdataset/brisc2025/brisc2025/classification_task/train/pituitary/brisc2025_train_04783_pi_sa_t1.jpg,pituitary,/kaggle/input/datasets/briscdataset/brisc2025/brisc2025/classification_task/train/pituitary/brisc2025_train_04803_pi_sa_t1.jpg,pituitary
near,4,/kaggle/input/datasets/briscdataset/brisc2025/brisc2025/classification_task/train/pituitary/brisc2025_train_04783_pi_sa_t1.jpg,pituitary,/kaggle/input/datasets/briscdataset/brisc2025/brisc2025/classification_task/test/pituitary/brisc2025_test_00928_pi_sa_t1.jpg,pituitary
near,2,/kaggle/input/datasets/briscdataset/brisc2025/brisc2025/classification_task/train/pituitary/brisc2025_train_04783_pi_sa_t1.jpg,pituitary,/kaggle/input/datasets/briscdataset/brisc2025/brisc2025/classification_task/test/pituitary/brisc2025_test_00934_pi_sa_t1.jpg,pituitary
near,6,/kaggle/input/datasets/briscdataset/brisc2025/brisc2025/classification_task/train/pituitary/brisc2025_train_04783_pi_sa_t1.jpg,pituitary,/kaggle/input/datasets/briscdataset/brisc2025/brisc2025/classification_task/test/pituitary/brisc2025_test_00959_pi_sa_t1.jpg,pituitary
near,6,/kaggle/input/datasets/briscdataset/brisc2025/brisc2025/classification_task/train/pituitary/brisc2025_train_04784_pi_sa_t1.jpg,pituitary,/kaggle/input/datasets/briscdataset/brisc2025/brisc2025/classification_task/train/pituitary/brisc2025_train_04785_pi_sa_t1.jpg,pituitary
near,6,/kaggle/input/datasets/briscdataset/brisc2025/brisc2025/classification_task/train/pituitary/brisc2025_train_04784_pi_sa_t1.jpg,pituitary,/kaggle/input/datasets/briscdataset/brisc2025/brisc2025/classification_task/train/pituitary/brisc2025_train_04803_pi_sa_t1.jpg,pituitary
near,4,/kaggle/input/datasets/briscdataset/brisc2025/brisc2025/classification_task/train/pituitary/brisc2025_train_04784_pi_sa_t1.jpg,pituitary,/kaggle/input/datasets/briscdataset/brisc2025/brisc2025/classification_task/test/pituitary/brisc2025_test_00934_pi_sa_t1.jpg,pituitary
near,6,/kaggle/input/datasets/briscdataset/brisc2025/brisc2025/classification_task/train/pituitary/brisc2025_train_04785_pi_sa_t1.jpg,pituitary,/kaggle/input/datasets/briscdataset/brisc2025/brisc2025/classification_task/test/pituitary/brisc2025_test_00934_pi_sa_t1.jpg,pituitary
near,4,/kaggle/input/datasets/briscdataset/brisc2025/brisc2025/classification_task/train/pituitary/brisc2025_train_04786_pi_sa_t1.jpg,pituitary,/kaggle/input/datasets/briscdataset/brisc2025/brisc2025/classification_task/train/pituitary/brisc2025_train_04787_pi_sa_t1.jpg,pituitary
near,3,/kaggle/input/datasets/briscdataset/brisc2025/brisc2025/classification_task/train/pituitary/brisc2025_train_04786_pi_sa_t1.jpg,pituitary,/kaggle/input/datasets/briscdataset/brisc2025/brisc2025/classification_task/train/pituitary/brisc2025_train_04788_pi_sa_t1.jpg,pituitary
near,2,/kaggle/input/datasets/briscdataset/brisc2025/brisc2025/classification_task/train/pituitary/brisc2025_train_04786_pi_sa_t1.jpg,pituitary,/kaggle/input/datasets/briscdataset/brisc2025/brisc2025/classification_task/train/pituitary/brisc2025_train_04789_pi_sa_t1.jpg,pituitary
near,6,/kaggle/input/datasets/briscdataset/brisc2025/brisc2025/classification_task/train/pituitary/brisc2025_train_04786_pi_sa_t1.jpg,pituitary,/kaggle/input/datasets/briscdataset/brisc2025/brisc2025/classification_task/train/pituitary/brisc2025_train_04881_pi_sa_t1.jpg,pituitary
near,4,/kaggle/input/datasets/briscdataset/brisc2025/brisc2025/classification_task/train/pituitary/brisc2025_train_04786_pi_sa_t1.jpg,pituitary,/kaggle/input/datasets/briscdataset/brisc2025/brisc2025/classification_task/test/pituitary/brisc2025_test_00929_pi_sa_t1.jpg,pituitary
near,5,/kaggle/input/datasets/briscdataset/brisc2025/brisc2025/classification_task/train/pituitary/brisc2025_train_04787_pi_sa_t1.jpg,pituitary,/kaggle/input/datasets/briscdataset/brisc2025/brisc2025/classification_task/train/pituitary/brisc2025_train_04788_pi_sa_t1.jpg,pituitary
near,2,/kaggle/input/datasets/briscdataset/brisc2025/brisc2025/classification_task/train/pituitary/brisc2025_train_04787_pi_sa_t1.jpg,pituitary,/kaggle/input/datasets/briscdataset/brisc2025/brisc2025/classification_task/train/pituitary/brisc2025_train_04789_pi_sa_t1.jpg,pituitary
near,6,/kaggle/input/datasets/briscdataset/brisc2025/brisc2025/classification_task/train/pituitary/brisc2025_train_04787_pi_sa_t1.jpg,pituitary,/kaggle/input/datasets/briscdataset/brisc2025/brisc2025/classification_task/train/pituitary/brisc2025_train_04843_pi_sa_t1.jpg,pituitary
near,6,/kaggle/input/datasets/briscdataset/brisc2025/brisc2025/classification_task/train/pituitary/brisc2025_train_04787_pi_sa_t1.jpg,pituitary,/kaggle/input/datasets/briscdataset/brisc2025/brisc2025/classification_task/test/pituitary/brisc2025_test_00929_pi_sa_t1.jpg,pituitary
near,3,/kaggle/input/datasets/briscdataset/brisc2025/brisc2025/classification_task/train/pituitary/brisc2025_train_04788_pi_sa_t1.jpg,pituitary,/kaggle/input/datasets/briscdataset/brisc2025/brisc2025/classification_task/train/pituitary/brisc2025_train_04789_pi_sa_t1.jpg,pituitary
near,5,/kaggle/input/datasets/briscdataset/brisc2025/brisc2025/classification_task/train/pituitary/brisc2025_train_04788_pi_sa_t1.jpg,pituitary,/kaggle/input/datasets/briscdataset/brisc2025/brisc2025/classification_task/train/pituitary/brisc2025_train_04843_pi_sa_t1.jpg,pituitary
near,3,/kaggle/input/datasets/briscdataset/brisc2025/brisc2025/classification_task/train/pituitary/brisc2025_train_04788_pi_sa_t1.jpg,pituitary,/kaggle/input/datasets/briscdataset/brisc2025/brisc2025/classification_task/test/pituitary/brisc2025_test_00929_pi_sa_t1.jpg,pituitary
near,6,/kaggle/input/datasets/briscdataset/brisc2025/brisc2025/classification_task/train/pituitary/brisc2025_train_04789_pi_sa_t1.jpg,pituitary,/kaggle/input/datasets/briscdataset/brisc2025/brisc2025/classification_task/train/pituitary/brisc2025_train_04843_pi_sa_t1.jpg,pituitary
near,4,/kaggle/input/datasets/briscdataset/brisc2025/brisc2025/classification_task/train/pituitary/brisc2025_train_04789_pi_sa_t1.jpg,pituitary,/kaggle/input/datasets/briscdataset/brisc2025/brisc2025/classification_task/test/pituitary/brisc2025_test_00929_pi_sa_t1.jpg,pituitary
near,5,/kaggle/input/datasets/briscdataset/brisc2025/brisc2025/classification_task/train/pituitary/brisc2025_train_04791_pi_sa_t1.jpg,pituitary,/kaggle/input/datasets/briscdataset/brisc2025/brisc2025/classification_task/train/pituitary/brisc2025_train_04793_pi_sa_t1.jpg,pituitary
near,5,/kaggle/input/datasets/briscdataset/brisc2025/brisc2025/classification_task/train/pituitary/brisc2025_train_04791_pi_sa_t1.jpg,pituitary,/kaggle/input/datasets/briscdataset/brisc2025/brisc2025/classification_task/test/pituitary/brisc2025_test_00930_pi_sa_t1.jpg,pituitary
near,6,/kaggle/input/datasets/briscdataset/brisc2025/brisc2025/classification_task/train/pituitary/brisc2025_train_04794_pi_sa_t1.jpg,pituitary,/kaggle/input/datasets/briscdataset/brisc2025/brisc2025/classification_task/train/pituitary/brisc2025_train_04954_pi_sa_t1.jpg,pituitary
near,5,/kaggle/input/datasets/briscdataset/brisc2025/brisc2025/classification_task/train/pituitary/brisc2025_train_04794_pi_sa_t1.jpg,pituitary,/kaggle/input/datasets/briscdataset/brisc2025/brisc2025/classification_task/test/pituitary/brisc2025_test_00986_pi_sa_t1.jpg,pituitary
near,6,/kaggle/input/datasets/briscdataset/brisc2025/brisc2025/classification_task/train/pituitary/brisc2025_train_04796_pi_sa_t1.jpg,pituitary,/kaggle/input/datasets/briscdataset/brisc2025/brisc2025/classification_task/train/pituitary/brisc2025_train_04849_pi_sa_t1.jpg,pituitary
near,4,/kaggle/input/datasets/briscdataset/brisc2025/brisc2025/classification_task/train/pituitary/brisc2025_train_04796_pi_sa_t1.jpg,pituitary,/kaggle/input/datasets/briscdataset/brisc2025/brisc2025/classification_task/train/pituitary/brisc2025_train_04958_pi_sa_t1.jpg,pituitary
near,6,/kaggle/input/datasets/briscdataset/brisc2025/brisc2025/classification_task/train/pituitary/brisc2025_train_04796_pi_sa_t1.jpg,pituitary,/kaggle/input/datasets/briscdataset/brisc2025/brisc2025/classification_task/test/pituitary/brisc2025_test_00925_pi_sa_t1.jpg,pituitary
near,5,/kaggle/input/datasets/briscdataset/brisc2025/brisc2025/classification_task/train/pituitary/brisc2025_train_04798_pi_sa_t1.jpg,pituitary,/kaggle/input/datasets/briscdataset/brisc2025/brisc2025/classification_task/train/pituitary/brisc2025_train_04801_pi_sa_t1.jpg,pituitary
near,6,/kaggle/input/datasets/briscdataset/brisc2025/brisc2025/classification_task/train/pituitary/brisc2025_train_04799_pi_sa_t1.jpg,pituitary,/kaggle/input/datasets/briscdataset/brisc2025/brisc2025/classification_task/train/pituitary/brisc2025_train_04800_pi_sa_t1.jpg,pituitary
near,6,/kaggle/input/datasets/briscdataset/brisc2025/brisc2025/classification_task/train/pituitary/brisc2025_train_04799_pi_sa_t1.jpg,pituitary,/kaggle/input/datasets/briscdataset/brisc2025/brisc2025/classification_task/train/pituitary/brisc2025_train_04801_pi_sa_t1.jpg,pituitary
near,4,/kaggle/input/datasets/briscdataset/brisc2025/brisc2025/classification_task/train/pituitary/brisc2025_train_04799_pi_sa_t1.jpg,pituitary,/kaggle/input/datasets/briscdataset/brisc2025/brisc2025/classification_task/test/pituitary/brisc2025_test_00933_pi_sa_t1.jpg,pituitary
near,6,/kaggle/input/datasets/briscdataset/brisc2025/brisc2025/classification_task/train/pituitary/brisc2025_train_04800_pi_sa_t1.jpg,pituitary,/kaggle/input/datasets/briscdataset/brisc2025/brisc2025/classification_task/test/pituitary/brisc2025_test_00933_pi_sa_t1.jpg,pituitary
near,6,/kaggle/input/datasets/briscdataset/brisc2025/brisc2025/classification_task/train/pituitary/brisc2025_train_04801_pi_sa_t1.jpg,pituitary,/kaggle/input/datasets/briscdataset/brisc2025/brisc2025/classification_task/test/pituitary/brisc2025_test_00933_pi_sa_t1.jpg,pituitary
near,4,/kaggle/input/datasets/briscdataset/brisc2025/brisc2025/classification_task/train/pituitary/brisc2025_train_04803_pi_sa_t1.jpg,pituitary,/kaggle/input/datasets/briscdataset/brisc2025/brisc2025/classification_task/test/pituitary/brisc2025_test_00934_pi_sa_t1.jpg,pituitary
near,5,/kaggle/input/datasets/briscdataset/brisc2025/brisc2025/classification_task/train/pituitary/brisc2025_train_04807_pi_sa_t1.jpg,pituitary,/kaggle/input/datasets/briscdataset/brisc2025/brisc2025/classification_task/train/pituitary/brisc2025_train_04808_pi_sa_t1.jpg,pituitary
near,5,/kaggle/input/datasets/briscdataset/brisc2025/brisc2025/classification_task/train/pituitary/brisc2025_train_04807_pi_sa_t1.jpg,pituitary,/kaggle/input/datasets/briscdataset/brisc2025/brisc2025/classification_task/train/pituitary/brisc2025_train_04809_pi_sa_t1.jpg,pituitary
near,6,/kaggle/input/datasets/briscdataset/brisc2025/brisc2025/classification_task/train/pituitary/brisc2025_train_04808_pi_sa_t1.jpg,pituitary,/kaggle/input/datasets/briscdataset/brisc2025/brisc2025/classification_task/train/pituitary/brisc2025_train_04809_pi_sa_t1.jpg,pituitary
near,6,/kaggle/input/datasets/briscdataset/brisc2025/brisc2025/classification_task/train/pituitary/brisc2025_train_04811_pi_sa_t1.jpg,pituitary,/kaggle/input/datasets/briscdataset/brisc2025/brisc2025/classification_task/train/pituitary/brisc2025_train_04812_pi_sa_t1.jpg,pituitary
near,5,/kaggle/input/datasets/briscdataset/brisc2025/brisc2025/classification_task/train/pituitary/brisc2025_train_04813_pi_sa_t1.jpg,pituitary,/kaggle/input/datasets/briscdataset/brisc2025/brisc2025/classification_task/test/pituitary/brisc2025_test_00938_pi_sa_t1.jpg,pituitary
near,5,/kaggle/input/datasets/briscdataset/brisc2025/brisc2025/classification_task/train/pituitary/brisc2025_train_04814_pi_sa_t1.jpg,pituitary,/kaggle/input/datasets/briscdataset/brisc2025/brisc2025/classification_task/train/pituitary/brisc2025_train_04815_pi_sa_t1.jpg,pituitary
near,6,/kaggle/input/datasets/briscdataset/brisc2025/brisc2025/classification_task/train/pituitary/brisc2025_train_04815_pi_sa_t1.jpg,pituitary,/kaggle/input/datasets/briscdataset/brisc2025/brisc2025/classification_task/train/pituitary/brisc2025_train_04844_pi_sa_t1.jpg,pituitary
near,6,/kaggle/input/datasets/briscdataset/brisc2025/brisc2025/classification_task/train/pituitary/brisc2025_train_04815_pi_sa_t1.jpg,pituitary,/kaggle/input/datasets/briscdataset/brisc2025/brisc2025/classification_task/test/pituitary/brisc2025_test_00939_pi_sa_t1.jpg,pituitary
near,3,/kaggle/input/datasets/briscdataset/brisc2025/brisc2025/classification_task/train/pituitary/brisc2025_train_04818_pi_sa_t1.jpg,pituitary,/kaggle/input/datasets/briscdataset/brisc2025/brisc2025/classification_task/test/pituitary/brisc2025_test_00940_pi_sa_t1.jpg,pituitary
near,6,/kaggle/input/datasets/briscdataset/brisc2025/brisc2025/classification_task/train/pituitary/brisc2025_train_04819_pi_sa_t1.jpg,pituitary,/kaggle/input/datasets/briscdataset/brisc2025/brisc2025/classification_task/train/pituitary/brisc2025_train_04820_pi_sa_t1.jpg,pituitary
near,5,/kaggle/input/datasets/briscdataset/brisc2025/brisc2025/classification_task/train/pituitary/brisc2025_train_04819_pi_sa_t1.jpg,pituitary,/kaggle/input/datasets/briscdataset/brisc2025/brisc2025/classification_task/test/pituitary/brisc2025_test_00941_pi_sa_t1.jpg,pituitary
near,4,/kaggle/input/datasets/briscdataset/brisc2025/brisc2025/classification_task/train/pituitary/brisc2025_train_04820_pi_sa_t1.jpg,pituitary,/kaggle/input/datasets/briscdataset/brisc2025/brisc2025/classification_task/train/pituitary/brisc2025_train_04821_pi_sa_t1.jpg,pituitary
near,5,/kaggle/input/datasets/briscdataset/brisc2025/brisc2025/classification_task/train/pituitary/brisc2025_train_04821_pi_sa_t1.jpg,pituitary,/kaggle/input/datasets/briscdataset/brisc2025/brisc2025/classification_task/train/pituitary/brisc2025_train_04843_pi_sa_t1.jpg,pituitary
near,3,/kaggle/input/datasets/briscdataset/brisc2025/brisc2025/classification_task/train/pituitary/brisc2025_train_04822_pi_sa_t1.jpg,pituitary,/kaggle/input/datasets/briscdataset/brisc2025/brisc2025/classification_task/train/pituitary/brisc2025_train_04825_pi_sa_t1.jpg,pituitary
near,4,/kaggle/input/datasets/briscdataset/brisc2025/brisc2025/classification_task/train/pituitary/brisc2025_train_04823_pi_sa_t1.jpg,pituitary,/kaggle/input/datasets/briscdataset/brisc2025/brisc2025/classification_task/test/pituitary/brisc2025_test_00942_pi_sa_t1.jpg,pituitary
near,5,/kaggle/input/datasets/briscdataset/brisc2025/brisc2025/classification_task/train/pituitary/brisc2025_train_04826_pi_sa_t1.jpg,pituitary,/kaggle/input/datasets/briscdataset/brisc2025/brisc2025/classification_task/train/pituitary/brisc2025_train_04827_pi_sa_t1.jpg,pituitary
near,6,/kaggle/input/datasets/briscdataset/brisc2025/brisc2025/classification_task/train/pituitary/brisc2025_train_04826_pi_sa_t1.jpg,pituitary,/kaggle/input/datasets/briscdataset/brisc2025/brisc2025/classification_task/test/pituitary/brisc2025_test_00943_pi_sa_t1.jpg,pituitary
near,5,/kaggle/input/datasets/briscdataset/brisc2025/brisc2025/classification_task/train/pituitary/brisc2025_train_04826_pi_sa_t1.jpg,pituitary,/kaggle/input/datasets/briscdataset/brisc2025/brisc2025/classification_task/test/pituitary/brisc2025_test_00990_pi_sa_t1.jpg,pituitary
near,5,/kaggle/input/datasets/briscdataset/brisc2025/brisc2025/classification_task/train/pituitary/brisc2025_train_04828_pi_sa_t1.jpg,pituitary,/kaggle/input/datasets/briscdataset/brisc2025/brisc2025/classification_task/train/pituitary/brisc2025_train_04829_pi_sa_t1.jpg,pituitary
near,5,/kaggle/input/datasets/briscdataset/brisc2025/brisc2025/classification_task/train/pituitary/brisc2025_train_04830_pi_sa_t1.jpg,pituitary,/kaggle/input/datasets/briscdataset/brisc2025/brisc2025/classification_task/train/pituitary/brisc2025_train_04832_pi_sa_t1.jpg,pituitary
near,6,/kaggle/input/datasets/briscdataset/brisc2025/brisc2025/classification_task/train/pituitary/brisc2025_train_04830_pi_sa_t1.jpg,pituitary,/kaggle/input/datasets/briscdataset/brisc2025/brisc2025/classification_task/train/pituitary/brisc2025_train_04833_pi_sa_t1.jpg,pituitary
near,6,/kaggle/input/datasets/briscdataset/brisc2025/brisc2025/classification_task/train/pituitary/brisc2025_train_04836_pi_sa_t1.jpg,pituitary,/kaggle/input/datasets/briscdataset/brisc2025/brisc2025/classification_task/train/pituitary/brisc2025_train_04957_pi_sa_t1.jpg,pituitary
near,6,/kaggle/input/datasets/briscdataset/brisc2025/brisc2025/classification_task/train/pituitary/brisc2025_train_04837_pi_sa_t1.jpg,pituitary,/kaggle/input/datasets/briscdataset/brisc2025/brisc2025/classification_task/train/pituitary/brisc2025_train_04838_pi_sa_t1.jpg,pituitary
near,6,/kaggle/input/datasets/briscdataset/brisc2025/brisc2025/classification_task/train/pituitary/brisc2025_train_04837_pi_sa_t1.jpg,pituitary,/kaggle/input/datasets/briscdataset/brisc2025/brisc2025/classification_task/train/pituitary/brisc2025_train_04839_pi_sa_t1.jpg,pituitary
near,2,/kaggle/input/datasets/briscdataset/brisc2025/brisc2025/classification_task/train/pituitary/brisc2025_train_04837_pi_sa_t1.jpg,pituitary,/kaggle/input/datasets/briscdataset/brisc2025/brisc2025/classification_task/test/pituitary/brisc2025_test_00947_pi_sa_t1.jpg,pituitary
near,5,/kaggle/input/datasets/briscdataset/brisc2025/brisc2025/classification_task/train/pituitary/brisc2025_train_04838_pi_sa_t1.jpg,pituitary,/kaggle/input/datasets/briscdataset/brisc2025/brisc2025/classification_task/train/pituitary/brisc2025_train_04981_pi_sa_t1.jpg,pituitary
near,6,/kaggle/input/datasets/briscdataset/brisc2025/brisc2025/classification_task/train/pituitary/brisc2025_train_04838_pi_sa_t1.jpg,pituitary,/kaggle/input/datasets/briscdataset/brisc2025/brisc2025/classification_task/train/pituitary/brisc2025_train_04982_pi_sa_t1.jpg,pituitary
near,4,/kaggle/input/datasets/briscdataset/brisc2025/brisc2025/classification_task/train/pituitary/brisc2025_train_04838_pi_sa_t1.jpg,pituitary,/kaggle/input/datasets/briscdataset/brisc2025/brisc2025/classification_task/test/pituitary/brisc2025_test_00947_pi_sa_t1.jpg,pituitary
near,5,/kaggle/input/datasets/briscdataset/brisc2025/brisc2025/classification_task/train/pituitary/brisc2025_train_04839_pi_sa_t1.jpg,pituitary,/kaggle/input/datasets/briscdataset/brisc2025/brisc2025/classification_task/train/pituitary/brisc2025_train_04981_pi_sa_t1.jpg,pituitary
near,6,/kaggle/input/datasets/briscdataset/brisc2025/brisc2025/classification_task/train/pituitary/brisc2025_train_04839_pi_sa_t1.jpg,pituitary,/kaggle/input/datasets/briscdataset/brisc2025/brisc2025/classification_task/train/pituitary/brisc2025_train_04982_pi_sa_t1.jpg,pituitary
near,4,/kaggle/input/datasets/briscdataset/brisc2025/brisc2025/classification_task/train/pituitary/brisc2025_train_04839_pi_sa_t1.jpg,pituitary,/kaggle/input/datasets/briscdataset/brisc2025/brisc2025/classification_task/test/pituitary/brisc2025_test_00947_pi_sa_t1.jpg,pituitary
near,6,/kaggle/input/datasets/briscdataset/brisc2025/brisc2025/classification_task/train/pituitary/brisc2025_train_04843_pi_sa_t1.jpg,pituitary,/kaggle/input/datasets/briscdataset/brisc2025/brisc2025/classification_task/test/pituitary/brisc2025_test_00929_pi_sa_t1.jpg,pituitary
near,2,/kaggle/input/datasets/briscdataset/brisc2025/brisc2025/classification_task/train/pituitary/brisc2025_train_04843_pi_sa_t1.jpg,pituitary,/kaggle/input/datasets/briscdataset/brisc2025/brisc2025/classification_task/test/pituitary/brisc2025_test_00948_pi_sa_t1.jpg,pituitary
near,5,/kaggle/input/datasets/briscdataset/brisc2025/brisc2025/classification_task/train/pituitary/brisc2025_train_04844_pi_sa_t1.jpg,pituitary,/kaggle/input/datasets/briscdataset/brisc2025/brisc2025/classification_task/train/pituitary/brisc2025_train_04879_pi_sa_t1.jpg,pituitary
near,5,/kaggle/input/datasets/briscdataset/brisc2025/brisc2025/classification_task/train/pituitary/brisc2025_train_04844_pi_sa_t1.jpg,pituitary,/kaggle/input/datasets/briscdataset/brisc2025/brisc2025/classification_task/train/pituitary/brisc2025_train_04880_pi_sa_t1.jpg,pituitary
near,6,/kaggle/input/datasets/briscdataset/brisc2025/brisc2025/classification_task/train/pituitary/brisc2025_train_04844_pi_sa_t1.jpg,pituitary,/kaggle/input/datasets/briscdataset/brisc2025/brisc2025/classification_task/test/pituitary/brisc2025_test_00939_pi_sa_t1.jpg,pituitary
near,5,/kaggle/input/datasets/briscdataset/brisc2025/brisc2025/classification_task/train/pituitary/brisc2025_train_04845_pi_sa_t1.jpg,pituitary,/kaggle/input/datasets/briscdataset/brisc2025/brisc2025/classification_task/test/pituitary/brisc2025_test_00949_pi_sa_t1.jpg,pituitary
near,4,/kaggle/input/datasets/briscdataset/brisc2025/brisc2025/classification_task/train/pituitary/brisc2025_train_04846_pi_sa_t1.jpg,pituitary,/kaggle/input/datasets/briscdataset/brisc2025/brisc2025/classification_task/test/pituitary/brisc2025_test_00949_pi_sa_t1.jpg,pituitary
near,6,/kaggle/input/datasets/briscdataset/brisc2025/brisc2025/classification_task/train/pituitary/brisc2025_train_04848_pi_sa_t1.jpg,pituitary,/kaggle/input/datasets/briscdataset/brisc2025/brisc2025/classification_task/train/pituitary/brisc2025_train_04929_pi_sa_t1.jpg,pituitary
near,6,/kaggle/input/datasets/briscdataset/brisc2025/brisc2025/classification_task/train/pituitary/brisc2025_train_04849_pi_sa_t1.jpg,pituitary,/kaggle/input/datasets/briscdataset/brisc2025/brisc2025/classification_task/test/pituitary/brisc2025_test_00950_pi_sa_t1.jpg,pituitary
near,6,/kaggle/input/datasets/briscdataset/brisc2025/brisc2025/classification_task/train/pituitary/brisc2025_train_04851_pi_sa_t1.jpg,pituitary,/kaggle/input/datasets/briscdataset/brisc2025/brisc2025/classification_task/test/pituitary/brisc2025_test_00951_pi_sa_t1.jpg,pituitary
near,6,/kaggle/input/datasets/briscdataset/brisc2025/brisc2025/classification_task/train/pituitary/brisc2025_train_04853_pi_sa_t1.jpg,pituitary,/kaggle/input/datasets/briscdataset/brisc2025/brisc2025/classification_task/train/pituitary/brisc2025_train_04854_pi_sa_t1.jpg,pituitary
near,5,/kaggle/input/datasets/briscdataset/brisc2025/brisc2025/classification_task/train/pituitary/brisc2025_train_04853_pi_sa_t1.jpg,pituitary,/kaggle/input/datasets/briscdataset/brisc2025/brisc2025/classification_task/train/pituitary/brisc2025_train_04857_pi_sa_t1.jpg,pituitary
near,6,/kaggle/input/datasets/briscdataset/brisc2025/brisc2025/classification_task/train/pituitary/brisc2025_train_04853_pi_sa_t1.jpg,pituitary,/kaggle/input/datasets/briscdataset/brisc2025/brisc2025/classification_task/test/pituitary/brisc2025_test_00952_pi_sa_t1.jpg,pituitary
near,6,/kaggle/input/datasets/briscdataset/brisc2025/brisc2025/classification_task/train/pituitary/brisc2025_train_04854_pi_sa_t1.jpg,pituitary,/kaggle/input/datasets/briscdataset/brisc2025/brisc2025/classification_task/train/pituitary/brisc2025_train_04855_pi_sa_t1.jpg,pituitary
near,5,/kaggle/input/datasets/briscdataset/brisc2025/brisc2025/classification_task/train/pituitary/brisc2025_train_04854_pi_sa_t1.jpg,pituitary,/kaggle/input/datasets/briscdataset/brisc2025/brisc2025/classification_task/train/pituitary/brisc2025_train_04857_pi_sa_t1.jpg,pituitary
near,5,/kaggle/input/datasets/briscdataset/brisc2025/brisc2025/classification_task/train/pituitary/brisc2025_train_04854_pi_sa_t1.jpg,pituitary,/kaggle/input/datasets/briscdataset/brisc2025/brisc2025/classification_task/test/pituitary/brisc2025_test_00953_pi_sa_t1.jpg,pituitary
near,6,/kaggle/input/datasets/briscdataset/brisc2025/brisc2025/classification_task/train/pituitary/brisc2025_train_04855_pi_sa_t1.jpg,pituitary,/kaggle/input/datasets/briscdataset/brisc2025/brisc2025/classification_task/test/pituitary/brisc2025_test_00979_pi_sa_t1.jpg,pituitary
near,4,/kaggle/input/datasets/briscdataset/brisc2025/brisc2025/classification_task/train/pituitary/brisc2025_train_04857_pi_sa_t1.jpg,pituitary,/kaggle/input/datasets/briscdataset/brisc2025/brisc2025/classification_task/test/pituitary/brisc2025_test_00953_pi_sa_t1.jpg,pituitary
near,2,/kaggle/input/datasets/briscdataset/brisc2025/brisc2025/classification_task/train/pituitary/brisc2025_train_04858_pi_sa_t1.jpg,pituitary,/kaggle/input/datasets/briscdataset/brisc2025/brisc2025/classification_task/train/pituitary/brisc2025_train_04859_pi_sa_t1.jpg,pituitary
near,6,/kaggle/input/datasets/briscdataset/brisc2025/brisc2025/classification_task/train/pituitary/brisc2025_train_04858_pi_sa_t1.jpg,pituitary,/kaggle/input/datasets/briscdataset/brisc2025/brisc2025/classification_task/train/pituitary/brisc2025_train_04962_pi_sa_t1.jpg,pituitary
near,4,/kaggle/input/datasets/briscdataset/brisc2025/brisc2025/classification_task/train/pituitary/brisc2025_train_04859_pi_sa_t1.jpg,pituitary,/kaggle/input/datasets/briscdataset/brisc2025/brisc2025/classification_task/train/pituitary/brisc2025_train_04962_pi_sa_t1.jpg,pituitary
near,6,/kaggle/input/datasets/briscdataset/brisc2025/brisc2025/classification_task/train/pituitary/brisc2025_train_04859_pi_sa_t1.jpg,pituitary,/kaggle/input/datasets/briscdataset/brisc2025/brisc2025/classification_task/train/pituitary/brisc2025_train_04963_pi_sa_t1.jpg,pituitary
near,6,/kaggle/input/datasets/briscdataset/brisc2025/brisc2025/classification_task/train/pituitary/brisc2025_train_04860_pi_sa_t1.jpg,pituitary,/kaggle/input/datasets/briscdataset/brisc2025/brisc2025/classification_task/test/pituitary/brisc2025_test_00954_pi_sa_t1.jpg,pituitary
near,6,/kaggle/input/datasets/briscdataset/brisc2025/brisc2025/classification_task/train/pituitary/brisc2025_train_04861_pi_sa_t1.jpg,pituitary,/kaggle/input/datasets/briscdataset/brisc2025/brisc2025/classification_task/train/pituitary/brisc2025_train_04863_pi_sa_t1.jpg,pituitary
near,6,/kaggle/input/datasets/briscdataset/brisc2025/brisc2025/classification_task/train/pituitary/brisc2025_train_04864_pi_sa_t1.jpg,pituitary,/kaggle/input/datasets/briscdataset/brisc2025/brisc2025/classification_task/train/pituitary/brisc2025_train_04867_pi_sa_t1.jpg,pituitary
near,5,/kaggle/input/datasets/briscdataset/brisc2025/brisc2025/classification_task/train/pituitary/brisc2025_train_04864_pi_sa_t1.jpg,pituitary,/kaggle/input/datasets/briscdataset/brisc2025/brisc2025/classification_task/train/pituitary/brisc2025_train_04868_pi_sa_t1.jpg,pituitary
near,5,/kaggle/input/datasets/briscdataset/brisc2025/brisc2025/classification_task/train/pituitary/brisc2025_train_04864_pi_sa_t1.jpg,pituitary,/kaggle/input/datasets/briscdataset/brisc2025/brisc2025/classification_task/train/pituitary/brisc2025_train_04874_pi_sa_t1.jpg,pituitary
near,2,/kaggle/input/datasets/briscdataset/brisc2025/brisc2025/classification_task/train/pituitary/brisc2025_train_04865_pi_sa_t1.jpg,pituitary,/kaggle/input/datasets/briscdataset/brisc2025/brisc2025/classification_task/train/pituitary/brisc2025_train_04866_pi_sa_t1.jpg,pituitary
near,5,/kaggle/input/datasets/briscdataset/brisc2025/brisc2025/classification_task/train/pituitary/brisc2025_train_04865_pi_sa_t1.jpg,pituitary,/kaggle/input/datasets/briscdataset/brisc2025/brisc2025/classification_task/train/pituitary/brisc2025_train_04867_pi_sa_t1.jpg,pituitary
near,6,/kaggle/input/datasets/briscdataset/brisc2025/brisc2025/classification_task/train/pituitary/brisc2025_train_04865_pi_sa_t1.jpg,pituitary,/kaggle/input/datasets/briscdataset/brisc2025/brisc2025/classification_task/train/pituitary/brisc2025_train_04868_pi_sa_t1.jpg,pituitary
near,5,/kaggle/input/datasets/briscdataset/brisc2025/brisc2025/classification_task/train/pituitary/brisc2025_train_04865_pi_sa_t1.jpg,pituitary,/kaggle/input/datasets/briscdataset/brisc2025/brisc2025/classification_task/test/pituitary/brisc2025_test_00956_pi_sa_t1.jpg,pituitary
near,5,/kaggle/input/datasets/briscdataset/brisc2025/brisc2025/classification_task/train/pituitary/brisc2025_train_04866_pi_sa_t1.jpg,pituitary,/kaggle/input/datasets/briscdataset/brisc2025/brisc2025/classification_task/train/pituitary/brisc2025_train_04867_pi_sa_t1.jpg,pituitary
near,6,/kaggle/input/datasets/briscdataset/brisc2025/brisc2025/classification_task/train/pituitary/brisc2025_train_04866_pi_sa_t1.jpg,pituitary,/kaggle/input/datasets/briscdataset/brisc2025/brisc2025/classification_task/train/pituitary/brisc2025_train_04868_pi_sa_t1.jpg,pituitary
near,5,/kaggle/input/datasets/briscdataset/brisc2025/brisc2025/classification_task/train/pituitary/brisc2025_train_04866_pi_sa_t1.jpg,pituitary,/kaggle/input/datasets/briscdataset/brisc2025/brisc2025/classification_task/test/pituitary/brisc2025_test_00956_pi_sa_t1.jpg,pituitary
near,3,/kaggle/input/datasets/briscdataset/brisc2025/brisc2025/classification_task/train/pituitary/brisc2025_train_04867_pi_sa_t1.jpg,pituitary,/kaggle/input/datasets/briscdataset/brisc2025/brisc2025/classification_task/train/pituitary/brisc2025_train_04868_pi_sa_t1.jpg,pituitary
near,6,/kaggle/input/datasets/briscdataset/brisc2025/brisc2025/classification_task/train/pituitary/brisc2025_train_04867_pi_sa_t1.jpg,pituitary,/kaggle/input/datasets/briscdataset/brisc2025/brisc2025/classification_task/test/pituitary/brisc2025_test_00956_pi_sa_t1.jpg,pituitary
near,6,/kaggle/input/datasets/briscdataset/brisc2025/brisc2025/classification_task/train/pituitary/brisc2025_train_04869_pi_sa_t1.jpg,pituitary,/kaggle/input/datasets/briscdataset/brisc2025/brisc2025/classification_task/test/pituitary/brisc2025_test_00957_pi_sa_t1.jpg,pituitary
near,6,/kaggle/input/datasets/briscdataset/brisc2025/brisc2025/classification_task/train/pituitary/brisc2025_train_04870_pi_sa_t1.jpg,pituitary,/kaggle/input/datasets/briscdataset/brisc2025/brisc2025/classification_task/train/pituitary/brisc2025_train_04871_pi_sa_t1.jpg,pituitary
near,6,/kaggle/input/datasets/briscdataset/brisc2025/brisc2025/classification_task/train/pituitary/brisc2025_train_04872_pi_sa_t1.jpg,pituitary,/kaggle/input/datasets/briscdataset/brisc2025/brisc2025/classification_task/test/pituitary/brisc2025_test_00958_pi_sa_t1.jpg,pituitary
near,6,/kaggle/input/datasets/briscdataset/brisc2025/brisc2025/classification_task/train/pituitary/brisc2025_train_04875_pi_sa_t1.jpg,pituitary,/kaggle/input/datasets/briscdataset/brisc2025/brisc2025/classification_task/test/pituitary/brisc2025_test_00959_pi_sa_t1.jpg,pituitary
near,2,/kaggle/input/datasets/briscdataset/brisc2025/brisc2025/classification_task/train/pituitary/brisc2025_train_04878_pi_sa_t1.jpg,pituitary,/kaggle/input/datasets/briscdataset/brisc2025/brisc2025/classification_task/train/pituitary/brisc2025_train_04879_pi_sa_t1.jpg,pituitary
near,4,/kaggle/input/datasets/briscdataset/brisc2025/brisc2025/classification_task/train/pituitary/brisc2025_train_04878_pi_sa_t1.jpg,pituitary,/kaggle/input/datasets/briscdataset/brisc2025/brisc2025/classification_task/train/pituitary/brisc2025_train_04880_pi_sa_t1.jpg,pituitary
near,6,/kaggle/input/datasets/briscdataset/brisc2025/brisc2025/classification_task/train/pituitary/brisc2025_train_04878_pi_sa_t1.jpg,pituitary,/kaggle/input/datasets/briscdataset/brisc2025/brisc2025/classification_task/test/pituitary/brisc2025_test_00961_pi_sa_t1.jpg,pituitary
near,2,/kaggle/input/datasets/briscdataset/brisc2025/brisc2025/classification_task/train/pituitary/brisc2025_train_04879_pi_sa_t1.jpg,pituitary,/kaggle/input/datasets/briscdataset/brisc2025/brisc2025/classification_task/train/pituitary/brisc2025_train_04880_pi_sa_t1.jpg,pituitary
near,2,/kaggle/input/datasets/briscdataset/brisc2025/brisc2025/classification_task/train/pituitary/brisc2025_train_04879_pi_sa_t1.jpg,pituitary,/kaggle/input/datasets/briscdataset/brisc2025/brisc2025/classification_task/test/pituitary/brisc2025_test_00960_pi_sa_t1.jpg,pituitary
near,6,/kaggle/input/datasets/briscdataset/brisc2025/brisc2025/classification_task/train/pituitary/brisc2025_train_04879_pi_sa_t1.jpg,pituitary,/kaggle/input/datasets/briscdataset/brisc2025/brisc2025/classification_task/test/pituitary/brisc2025_test_00961_pi_sa_t1.jpg,pituitary
near,6,/kaggle/input/datasets/briscdataset/brisc2025/brisc2025/classification_task/train/pituitary/brisc2025_train_04880_pi_sa_t1.jpg,pituitary,/kaggle/input/datasets/briscdataset/brisc2025/brisc2025/classification_task/train/pituitary/brisc2025_train_04969_pi_sa_t1.jpg,pituitary
near,5,/kaggle/input/datasets/briscdataset/brisc2025/brisc2025/classification_task/train/pituitary/brisc2025_train_04880_pi_sa_t1.jpg,pituitary,/kaggle/input/datasets/briscdataset/brisc2025/brisc2025/classification_task/test/pituitary/brisc2025_test_00939_pi_sa_t1.jpg,pituitary
near,4,/kaggle/input/datasets/briscdataset/brisc2025/brisc2025/classification_task/train/pituitary/brisc2025_train_04880_pi_sa_t1.jpg,pituitary,/kaggle/input/datasets/briscdataset/brisc2025/brisc2025/classification_task/test/pituitary/brisc2025_test_00960_pi_sa_t1.jpg,pituitary
near,6,/kaggle/input/datasets/briscdataset/brisc2025/brisc2025/classification_task/train/pituitary/brisc2025_train_04880_pi_sa_t1.jpg,pituitary,/kaggle/input/datasets/briscdataset/brisc2025/brisc2025/classification_task/test/pituitary/brisc2025_test_00961_pi_sa_t1.jpg,pituitary
near,3,/kaggle/input/datasets/briscdataset/brisc2025/brisc2025/classification_task/train/pituitary/brisc2025_train_04885_pi_sa_t1.jpg,pituitary,/kaggle/input/datasets/briscdataset/brisc2025/brisc2025/classification_task/train/pituitary/brisc2025_train_04886_pi_sa_t1.jpg,pituitary
near,5,/kaggle/input/datasets/briscdataset/brisc2025/brisc2025/classification_task/train/pituitary/brisc2025_train_04886_pi_sa_t1.jpg,pituitary,/kaggle/input/datasets/briscdataset/brisc2025/brisc2025/classification_task/test/pituitary/brisc2025_test_00963_pi_sa_t1.jpg,pituitary
near,3,/kaggle/input/datasets/briscdataset/brisc2025/brisc2025/classification_task/train/pituitary/brisc2025_train_04887_pi_sa_t1.jpg,pituitary,/kaggle/input/datasets/briscdataset/brisc2025/brisc2025/classification_task/train/pituitary/brisc2025_train_04888_pi_sa_t1.jpg,pituitary
near,5,/kaggle/input/datasets/briscdataset/brisc2025/brisc2025/classification_task/train/pituitary/brisc2025_train_04889_pi_sa_t1.jpg,pituitary,/kaggle/input/datasets/briscdataset/brisc2025/brisc2025/classification_task/train/pituitary/brisc2025_train_04893_pi_sa_t1.jpg,pituitary
near,6,/kaggle/input/datasets/briscdataset/brisc2025/brisc2025/classification_task/train/pituitary/brisc2025_train_04890_pi_sa_t1.jpg,pituitary,/kaggle/input/datasets/briscdataset/brisc2025/brisc2025/classification_task/train/pituitary/brisc2025_train_04891_pi_sa_t1.jpg,pituitary
near,6,/kaggle/input/datasets/briscdataset/brisc2025/brisc2025/classification_task/train/pituitary/brisc2025_train_04890_pi_sa_t1.jpg,pituitary,/kaggle/input/datasets/briscdataset/brisc2025/brisc2025/classification_task/train/pituitary/brisc2025_train_04892_pi_sa_t1.jpg,pituitary
near,4,/kaggle/input/datasets/briscdataset/brisc2025/brisc2025/classification_task/train/pituitary/brisc2025_train_04891_pi_sa_t1.jpg,pituitary,/kaggle/input/datasets/briscdataset/brisc2025/brisc2025/classification_task/train/pituitary/brisc2025_train_04892_pi_sa_t1.jpg,pituitary
near,6,/kaggle/input/datasets/briscdataset/brisc2025/brisc2025/classification_task/train/pituitary/brisc2025_train_04891_pi_sa_t1.jpg,pituitary,/kaggle/input/datasets/briscdataset/brisc2025/brisc2025/classification_task/test/pituitary/brisc2025_test_00964_pi_sa_t1.jpg,pituitary
near,6,/kaggle/input/datasets/briscdataset/brisc2025/brisc2025/classification_task/train/pituitary/brisc2025_train_04892_pi_sa_t1.jpg,pituitary,/kaggle/input/datasets/briscdataset/brisc2025/brisc2025/classification_task/test/pituitary/brisc2025_test_00964_pi_sa_t1.jpg,pituitary
near,6,/kaggle/input/datasets/briscdataset/brisc2025/brisc2025/classification_task/train/pituitary/brisc2025_train_04892_pi_sa_t1.jpg,pituitary,/kaggle/input/datasets/briscdataset/brisc2025/brisc2025/classification_task/test/pituitary/brisc2025_test_00965_pi_sa_t1.jpg,pituitary
near,6,/kaggle/input/datasets/briscdataset/brisc2025/brisc2025/classification_task/train/pituitary/brisc2025_train_04893_pi_sa_t1.jpg,pituitary,/kaggle/input/datasets/briscdataset/brisc2025/brisc2025/classification_task/test/pituitary/brisc2025_test_00964_pi_sa_t1.jpg,pituitary
near,4,/kaggle/input/datasets/briscdataset/brisc2025/brisc2025/classification_task/train/pituitary/brisc2025_train_04893_pi_sa_t1.jpg,pituitary,/kaggle/input/datasets/briscdataset/brisc2025/brisc2025/classification_task/test/pituitary/brisc2025_test_00965_pi_sa_t1.jpg,pituitary
near,4,/kaggle/input/datasets/briscdataset/brisc2025/brisc2025/classification_task/train/pituitary/brisc2025_train_04895_pi_sa_t1.jpg,pituitary,/kaggle/input/datasets/briscdataset/brisc2025/brisc2025/classification_task/test/pituitary/brisc2025_test_00966_pi_sa_t1.jpg,pituitary
near,2,/kaggle/input/datasets/briscdataset/brisc2025/brisc2025/classification_task/train/pituitary/brisc2025_train_04902_pi_sa_t1.jpg,pituitary,/kaggle/input/datasets/briscdataset/brisc2025/brisc2025/classification_task/train/pituitary/brisc2025_train_04903_pi_sa_t1.jpg,pituitary
near,5,/kaggle/input/datasets/briscdataset/brisc2025/brisc2025/classification_task/train/pituitary/brisc2025_train_04907_pi_sa_t1.jpg,pituitary,/kaggle/input/datasets/briscdataset/brisc2025/brisc2025/classification_task/train/pituitary/brisc2025_train_04910_pi_sa_t1.jpg,pituitary
near,5,/kaggle/input/datasets/briscdataset/brisc2025/brisc2025/classification_task/train/pituitary/brisc2025_train_04909_pi_sa_t1.jpg,pituitary,/kaggle/input/datasets/briscdataset/brisc2025/brisc2025/classification_task/test/pituitary/brisc2025_test_00970_pi_sa_t1.jpg,pituitary
near,6,/kaggle/input/datasets/briscdataset/brisc2025/brisc2025/classification_task/train/pituitary/brisc2025_train_04912_pi_sa_t1.jpg,pituitary,/kaggle/input/datasets/briscdataset/brisc2025/brisc2025/classification_task/train/pituitary/brisc2025_train_04913_pi_sa_t1.jpg,pituitary
near,5,/kaggle/input/datasets/briscdataset/brisc2025/brisc2025/classification_task/train/pituitary/brisc2025_train_04914_pi_sa_t1.jpg,pituitary,/kaggle/input/datasets/briscdataset/brisc2025/brisc2025/classification_task/train/pituitary/brisc2025_train_04916_pi_sa_t1.jpg,pituitary
near,4,/kaggle/input/datasets/briscdataset/brisc2025/brisc2025/classification_task/train/pituitary/brisc2025_train_04915_pi_sa_t1.jpg,pituitary,/kaggle/input/datasets/briscdataset/brisc2025/brisc2025/classification_task/train/pituitary/brisc2025_train_04916_pi_sa_t1.jpg,pituitary
near,4,/kaggle/input/datasets/briscdataset/brisc2025/brisc2025/classification_task/train/pituitary/brisc2025_train_04917_pi_sa_t1.jpg,pituitary,/kaggle/input/datasets/briscdataset/brisc2025/brisc2025/classification_task/test/pituitary/brisc2025_test_00973_pi_sa_t1.jpg,pituitary
near,4,/kaggle/input/datasets/briscdataset/brisc2025/brisc2025/classification_task/train/pituitary/brisc2025_train_04918_pi_sa_t1.jpg,pituitary,/kaggle/input/datasets/briscdataset/brisc2025/brisc2025/classification_task/train/pituitary/brisc2025_train_04919_pi_sa_t1.jpg,pituitary
near,6,/kaggle/input/datasets/briscdataset/brisc2025/brisc2025/classification_task/train/pituitary/brisc2025_train_04920_pi_sa_t1.jpg,pituitary,/kaggle/input/datasets/briscdataset/brisc2025/brisc2025/classification_task/train/pituitary/brisc2025_train_04923_pi_sa_t1.jpg,pituitary
near,5,/kaggle/input/datasets/briscdataset/brisc2025/brisc2025/classification_task/train/pituitary/brisc2025_train_04920_pi_sa_t1.jpg,pituitary,/kaggle/input/datasets/briscdataset/brisc2025/brisc2025/classification_task/train/pituitary/brisc2025_train_04924_pi_sa_t1.jpg,pituitary
near,5,/kaggle/input/datasets/briscdataset/brisc2025/brisc2025/classification_task/train/pituitary/brisc2025_train_04921_pi_sa_t1.jpg,pituitary,/kaggle/input/datasets/briscdataset/brisc2025/brisc2025/classification_task/test/pituitary/brisc2025_test_00975_pi_sa_t1.jpg,pituitary
near,2,/kaggle/input/datasets/briscdataset/brisc2025/brisc2025/classification_task/train/pituitary/brisc2025_train_04922_pi_sa_t1.jpg,pituitary,/kaggle/input/datasets/briscdataset/brisc2025/brisc2025/classification_task/test/pituitary/brisc2025_test_00975_pi_sa_t1.jpg,pituitary
near,4,/kaggle/input/datasets/briscdataset/brisc2025/brisc2025/classification_task/train/pituitary/brisc2025_train_04924_pi_sa_t1.jpg,pituitary,/kaggle/input/datasets/briscdataset/brisc2025/brisc2025/classification_task/train/pituitary/brisc2025_train_04925_pi_sa_t1.jpg,pituitary
near,4,/kaggle/input/datasets/briscdataset/brisc2025/brisc2025/classification_task/train/pituitary/brisc2025_train_04926_pi_sa_t1.jpg,pituitary,/kaggle/input/datasets/briscdataset/brisc2025/brisc2025/classification_task/test/pituitary/brisc2025_test_00976_pi_sa_t1.jpg,pituitary
near,6,/kaggle/input/datasets/briscdataset/brisc2025/brisc2025/classification_task/train/pituitary/brisc2025_train_04926_pi_sa_t1.jpg,pituitary,/kaggle/input/datasets/briscdataset/brisc2025/brisc2025/classification_task/test/pituitary/brisc2025_test_00977_pi_sa_t1.jpg,pituitary
near,4,/kaggle/input/datasets/briscdataset/brisc2025/brisc2025/classification_task/train/pituitary/brisc2025_train_04927_pi_sa_t1.jpg,pituitary,/kaggle/input/datasets/briscdataset/brisc2025/brisc2025/classification_task/train/pituitary/brisc2025_train_04928_pi_sa_t1.jpg,pituitary
near,5,/kaggle/input/datasets/briscdataset/brisc2025/brisc2025/classification_task/train/pituitary/brisc2025_train_04927_pi_sa_t1.jpg,pituitary,/kaggle/input/datasets/briscdataset/brisc2025/brisc2025/classification_task/test/pituitary/brisc2025_test_00977_pi_sa_t1.jpg,pituitary
near,4,/kaggle/input/datasets/briscdataset/brisc2025/brisc2025/classification_task/train/pituitary/brisc2025_train_04929_pi_sa_t1.jpg,pituitary,/kaggle/input/datasets/briscdataset/brisc2025/brisc2025/classification_task/train/pituitary/brisc2025_train_04930_pi_sa_t1.jpg,pituitary
near,5,/kaggle/input/datasets/briscdataset/brisc2025/brisc2025/classification_task/train/pituitary/brisc2025_train_04929_pi_sa_t1.jpg,pituitary,/kaggle/input/datasets/briscdataset/brisc2025/brisc2025/classification_task/test/pituitary/brisc2025_test_00977_pi_sa_t1.jpg,pituitary
near,3,/kaggle/input/datasets/briscdataset/brisc2025/brisc2025/classification_task/train/pituitary/brisc2025_train_04932_pi_sa_t1.jpg,pituitary,/kaggle/input/datasets/briscdataset/brisc2025/brisc2025/classification_task/train/pituitary/brisc2025_train_04933_pi_sa_t1.jpg,pituitary
near,4,/kaggle/input/datasets/briscdataset/brisc2025/brisc2025/classification_task/train/pituitary/brisc2025_train_04932_pi_sa_t1.jpg,pituitary,/kaggle/input/datasets/briscdataset/brisc2025/brisc2025/classification_task/test/pituitary/brisc2025_test_00979_pi_sa_t1.jpg,pituitary
near,6,/kaggle/input/datasets/briscdataset/brisc2025/brisc2025/classification_task/train/pituitary/brisc2025_train_04934_pi_sa_t1.jpg,pituitary,/kaggle/input/datasets/briscdataset/brisc2025/brisc2025/classification_task/test/pituitary/brisc2025_test_00979_pi_sa_t1.jpg,pituitary
near,4,/kaggle/input/datasets/briscdataset/brisc2025/brisc2025/classification_task/train/pituitary/brisc2025_train_04936_pi_sa_t1.jpg,pituitary,/kaggle/input/datasets/briscdataset/brisc2025/brisc2025/classification_task/train/pituitary/brisc2025_train_04937_pi_sa_t1.jpg,pituitary
near,6,/kaggle/input/datasets/briscdataset/brisc2025/brisc2025/classification_task/train/pituitary/brisc2025_train_04936_pi_sa_t1.jpg,pituitary,/kaggle/input/datasets/briscdataset/brisc2025/brisc2025/classification_task/train/pituitary/brisc2025_train_04938_pi_sa_t1.jpg,pituitary
near,4,/kaggle/input/datasets/briscdataset/brisc2025/brisc2025/classification_task/train/pituitary/brisc2025_train_04936_pi_sa_t1.jpg,pituitary,/kaggle/input/datasets/briscdataset/brisc2025/brisc2025/classification_task/test/pituitary/brisc2025_test_00980_pi_sa_t1.jpg,pituitary
near,6,/kaggle/input/datasets/briscdataset/brisc2025/brisc2025/classification_task/train/pituitary/brisc2025_train_04937_pi_sa_t1.jpg,pituitary,/kaggle/input/datasets/briscdataset/brisc2025/brisc2025/classification_task/train/pituitary/brisc2025_train_04938_pi_sa_t1.jpg,pituitary
near,4,/kaggle/input/datasets/briscdataset/brisc2025/brisc2025/classification_task/train/pituitary/brisc2025_train_04937_pi_sa_t1.jpg,pituitary,/kaggle/input/datasets/briscdataset/brisc2025/brisc2025/classification_task/test/pituitary/brisc2025_test_00980_pi_sa_t1.jpg,pituitary
near,6,/kaggle/input/datasets/briscdataset/brisc2025/brisc2025/classification_task/train/pituitary/brisc2025_train_04938_pi_sa_t1.jpg,pituitary,/kaggle/input/datasets/briscdataset/brisc2025/brisc2025/classification_task/test/pituitary/brisc2025_test_00980_pi_sa_t1.jpg,pituitary
near,4,/kaggle/input/datasets/briscdataset/brisc2025/brisc2025/classification_task/train/pituitary/brisc2025_train_04939_pi_sa_t1.jpg,pituitary,/kaggle/input/datasets/briscdataset/brisc2025/brisc2025/classification_task/train/pituitary/brisc2025_train_04940_pi_sa_t1.jpg,pituitary
near,6,/kaggle/input/datasets/briscdataset/brisc2025/brisc2025/classification_task/train/pituitary/brisc2025_train_04944_pi_sa_t1.jpg,pituitary,/kaggle/input/datasets/briscdataset/brisc2025/brisc2025/classification_task/train/pituitary/brisc2025_train_04945_pi_sa_t1.jpg,pituitary
near,6,/kaggle/input/datasets/briscdataset/brisc2025/brisc2025/classification_task/train/pituitary/brisc2025_train_04944_pi_sa_t1.jpg,pituitary,/kaggle/input/datasets/briscdataset/brisc2025/brisc2025/classification_task/train/pituitary/brisc2025_train_04946_pi_sa_t1.jpg,pituitary
near,2,/kaggle/input/datasets/briscdataset/brisc2025/brisc2025/classification_task/train/pituitary/brisc2025_train_04945_pi_sa_t1.jpg,pituitary,/kaggle/input/datasets/briscdataset/brisc2025/brisc2025/classification_task/train/pituitary/brisc2025_train_04946_pi_sa_t1.jpg,pituitary
near,5,/kaggle/input/datasets/briscdataset/brisc2025/brisc2025/classification_task/train/pituitary/brisc2025_train_04945_pi_sa_t1.jpg,pituitary,/kaggle/input/datasets/briscdataset/brisc2025/brisc2025/classification_task/train/pituitary/brisc2025_train_04947_pi_sa_t1.jpg,pituitary
near,5,/kaggle/input/datasets/briscdataset/brisc2025/brisc2025/classification_task/train/pituitary/brisc2025_train_04946_pi_sa_t1.jpg,pituitary,/kaggle/input/datasets/briscdataset/brisc2025/brisc2025/classification_task/train/pituitary/brisc2025_train_04947_pi_sa_t1.jpg,pituitary
near,5,/kaggle/input/datasets/briscdataset/brisc2025/brisc2025/classification_task/train/pituitary/brisc2025_train_04946_pi_sa_t1.jpg,pituitary,/kaggle/input/datasets/briscdataset/brisc2025/brisc2025/classification_task/train/pituitary/brisc2025_train_04948_pi_sa_t1.jpg,pituitary
near,5,/kaggle/input/datasets/briscdataset/brisc2025/brisc2025/classification_task/train/pituitary/brisc2025_train_04946_pi_sa_t1.jpg,pituitary,/kaggle/input/datasets/briscdataset/brisc2025/brisc2025/classification_task/test/pituitary/brisc2025_test_00983_pi_sa_t1.jpg,pituitary
near,2,/kaggle/input/datasets/briscdataset/brisc2025/brisc2025/classification_task/train/pituitary/brisc2025_train_04947_pi_sa_t1.jpg,pituitary,/kaggle/input/datasets/briscdataset/brisc2025/brisc2025/classification_task/train/pituitary/brisc2025_train_04948_pi_sa_t1.jpg,pituitary
near,6,/kaggle/input/datasets/briscdataset/brisc2025/brisc2025/classification_task/train/pituitary/brisc2025_train_04947_pi_sa_t1.jpg,pituitary,/kaggle/input/datasets/briscdataset/brisc2025/brisc2025/classification_task/test/pituitary/brisc2025_test_00983_pi_sa_t1.jpg,pituitary
near,6,/kaggle/input/datasets/briscdataset/brisc2025/brisc2025/classification_task/train/pituitary/brisc2025_train_04948_pi_sa_t1.jpg,pituitary,/kaggle/input/datasets/briscdataset/brisc2025/brisc2025/classification_task/test/pituitary/brisc2025_test_00983_pi_sa_t1.jpg,pituitary
near,5,/kaggle/input/datasets/briscdataset/brisc2025/brisc2025/classification_task/train/pituitary/brisc2025_train_04950_pi_sa_t1.jpg,pituitary,/kaggle/input/datasets/briscdataset/brisc2025/brisc2025/classification_task/train/pituitary/brisc2025_train_04955_pi_sa_t1.jpg,pituitary
near,2,/kaggle/input/datasets/briscdataset/brisc2025/brisc2025/classification_task/train/pituitary/brisc2025_train_04950_pi_sa_t1.jpg,pituitary,/kaggle/input/datasets/briscdataset/brisc2025/brisc2025/classification_task/test/pituitary/brisc2025_test_00984_pi_sa_t1.jpg,pituitary
near,6,/kaggle/input/datasets/briscdataset/brisc2025/brisc2025/classification_task/train/pituitary/brisc2025_train_04950_pi_sa_t1.jpg,pituitary,/kaggle/input/datasets/briscdataset/brisc2025/brisc2025/classification_task/test/pituitary/brisc2025_test_00996_pi_sa_t1.jpg,pituitary
near,6,/kaggle/input/datasets/briscdataset/brisc2025/brisc2025/classification_task/train/pituitary/brisc2025_train_04951_pi_sa_t1.jpg,pituitary,/kaggle/input/datasets/briscdataset/brisc2025/brisc2025/classification_task/train/pituitary/brisc2025_train_04953_pi_sa_t1.jpg,pituitary
near,6,/kaggle/input/datasets/briscdataset/brisc2025/brisc2025/classification_task/train/pituitary/brisc2025_train_04951_pi_sa_t1.jpg,pituitary,/kaggle/input/datasets/briscdataset/brisc2025/brisc2025/classification_task/train/pituitary/brisc2025_train_04954_pi_sa_t1.jpg,pituitary
near,4,/kaggle/input/datasets/briscdataset/brisc2025/brisc2025/classification_task/train/pituitary/brisc2025_train_04951_pi_sa_t1.jpg,pituitary,/kaggle/input/datasets/briscdataset/brisc2025/brisc2025/classification_task/train/pituitary/brisc2025_train_04955_pi_sa_t1.jpg,pituitary
near,6,/kaggle/input/datasets/briscdataset/brisc2025/brisc2025/classification_task/train/pituitary/brisc2025_train_04951_pi_sa_t1.jpg,pituitary,/kaggle/input/datasets/briscdataset/brisc2025/brisc2025/classification_task/train/pituitary/brisc2025_train_04987_pi_sa_t1.jpg,pituitary
near,5,/kaggle/input/datasets/briscdataset/brisc2025/brisc2025/classification_task/train/pituitary/brisc2025_train_04951_pi_sa_t1.jpg,pituitary,/kaggle/input/datasets/briscdataset/brisc2025/brisc2025/classification_task/test/pituitary/brisc2025_test_00984_pi_sa_t1.jpg,pituitary
near,5,/kaggle/input/datasets/briscdataset/brisc2025/brisc2025/classification_task/train/pituitary/brisc2025_train_04951_pi_sa_t1.jpg,pituitary,/kaggle/input/datasets/briscdataset/brisc2025/brisc2025/classification_task/test/pituitary/brisc2025_test_00996_pi_sa_t1.jpg,pituitary
near,6,/kaggle/input/datasets/briscdataset/brisc2025/brisc2025/classification_task/train/pituitary/brisc2025_train_04951_pi_sa_t1.jpg,pituitary,/kaggle/input/datasets/briscdataset/brisc2025/brisc2025/classification_task/test/pituitary/brisc2025_test_00998_pi_sa_t1.jpg,pituitary
near,6,/kaggle/input/datasets/briscdataset/brisc2025/brisc2025/classification_task/train/pituitary/brisc2025_train_04952_pi_sa_t1.jpg,pituitary,/kaggle/input/datasets/briscdataset/brisc2025/brisc2025/classification_task/train/pituitary/brisc2025_train_04953_pi_sa_t1.jpg,pituitary
near,6,/kaggle/input/datasets/briscdataset/brisc2025/brisc2025/classification_task/train/pituitary/brisc2025_train_04952_pi_sa_t1.jpg,pituitary,/kaggle/input/datasets/briscdataset/brisc2025/brisc2025/classification_task/train/pituitary/brisc2025_train_04987_pi_sa_t1.jpg,pituitary
near,4,/kaggle/input/datasets/briscdataset/brisc2025/brisc2025/classification_task/train/pituitary/brisc2025_train_04952_pi_sa_t1.jpg,pituitary,/kaggle/input/datasets/briscdataset/brisc2025/brisc2025/classification_task/test/pituitary/brisc2025_test_00985_pi_sa_t1.jpg,pituitary
near,6,/kaggle/input/datasets/briscdataset/brisc2025/brisc2025/classification_task/train/pituitary/brisc2025_train_04953_pi_sa_t1.jpg,pituitary,/kaggle/input/datasets/briscdataset/brisc2025/brisc2025/classification_task/train/pituitary/brisc2025_train_04955_pi_sa_t1.jpg,pituitary
near,6,/kaggle/input/datasets/briscdataset/brisc2025/brisc2025/classification_task/train/pituitary/brisc2025_train_04953_pi_sa_t1.jpg,pituitary,/kaggle/input/datasets/briscdataset/brisc2025/brisc2025/classification_task/test/pituitary/brisc2025_test_00985_pi_sa_t1.jpg,pituitary
near,6,/kaggle/input/datasets/briscdataset/brisc2025/brisc2025/classification_task/train/pituitary/brisc2025_train_04953_pi_sa_t1.jpg,pituitary,/kaggle/input/datasets/briscdataset/brisc2025/brisc2025/classification_task/test/pituitary/brisc2025_test_00998_pi_sa_t1.jpg,pituitary
near,6,/kaggle/input/datasets/briscdataset/brisc2025/brisc2025/classification_task/train/pituitary/brisc2025_train_04954_pi_sa_t1.jpg,pituitary,/kaggle/input/datasets/briscdataset/brisc2025/brisc2025/classification_task/train/pituitary/brisc2025_train_04955_pi_sa_t1.jpg,pituitary
near,5,/kaggle/input/datasets/briscdataset/brisc2025/brisc2025/classification_task/train/pituitary/brisc2025_train_04954_pi_sa_t1.jpg,pituitary,/kaggle/input/datasets/briscdataset/brisc2025/brisc2025/classification_task/test/pituitary/brisc2025_test_00984_pi_sa_t1.jpg,pituitary
near,3,/kaggle/input/datasets/briscdataset/brisc2025/brisc2025/classification_task/train/pituitary/brisc2025_train_04955_pi_sa_t1.jpg,pituitary,/kaggle/input/datasets/briscdataset/brisc2025/brisc2025/classification_task/test/pituitary/brisc2025_test_00984_pi_sa_t1.jpg,pituitary
near,3,/kaggle/input/datasets/briscdataset/brisc2025/brisc2025/classification_task/train/pituitary/brisc2025_train_04955_pi_sa_t1.jpg,pituitary,/kaggle/input/datasets/briscdataset/brisc2025/brisc2025/classification_task/test/pituitary/brisc2025_test_00996_pi_sa_t1.jpg,pituitary
near,6,/kaggle/input/datasets/briscdataset/brisc2025/brisc2025/classification_task/train/pituitary/brisc2025_train_04955_pi_sa_t1.jpg,pituitary,/kaggle/input/datasets/briscdataset/brisc2025/brisc2025/classification_task/test/pituitary/brisc2025_test_00998_pi_sa_t1.jpg,pituitary
near,5,/kaggle/input/datasets/briscdataset/brisc2025/brisc2025/classification_task/train/pituitary/brisc2025_train_04956_pi_sa_t1.jpg,pituitary,/kaggle/input/datasets/briscdataset/brisc2025/brisc2025/classification_task/test/pituitary/brisc2025_test_00986_pi_sa_t1.jpg,pituitary
near,6,/kaggle/input/datasets/briscdataset/brisc2025/brisc2025/classification_task/train/pituitary/brisc2025_train_04957_pi_sa_t1.jpg,pituitary,/kaggle/input/datasets/briscdataset/brisc2025/brisc2025/classification_task/train/pituitary/brisc2025_train_04958_pi_sa_t1.jpg,pituitary
near,6,/kaggle/input/datasets/briscdataset/brisc2025/brisc2025/classification_task/train/pituitary/brisc2025_train_04957_pi_sa_t1.jpg,pituitary,/kaggle/input/datasets/briscdataset/brisc2025/brisc2025/classification_task/test/pituitary/brisc2025_test_00987_pi_sa_t1.jpg,pituitary
near,4,/kaggle/input/datasets/briscdataset/brisc2025/brisc2025/classification_task/train/pituitary/brisc2025_train_04958_pi_sa_t1.jpg,pituitary,/kaggle/input/datasets/briscdataset/brisc2025/brisc2025/classification_task/test/pituitary/brisc2025_test_00987_pi_sa_t1.jpg,pituitary
near,6,/kaggle/input/datasets/briscdataset/brisc2025/brisc2025/classification_task/train/pituitary/brisc2025_train_04962_pi_sa_t1.jpg,pituitary,/kaggle/input/datasets/briscdataset/brisc2025/brisc2025/classification_task/train/pituitary/brisc2025_train_04963_pi_sa_t1.jpg,pituitary
near,5,/kaggle/input/datasets/briscdataset/brisc2025/brisc2025/classification_task/train/pituitary/brisc2025_train_04962_pi_sa_t1.jpg,pituitary,/kaggle/input/datasets/briscdataset/brisc2025/brisc2025/classification_task/test/pituitary/brisc2025_test_00988_pi_sa_t1.jpg,pituitary
near,5,/kaggle/input/datasets/briscdataset/brisc2025/brisc2025/classification_task/train/pituitary/brisc2025_train_04962_pi_sa_t1.jpg,pituitary,/kaggle/input/datasets/briscdataset/brisc2025/brisc2025/classification_task/test/pituitary/brisc2025_test_00989_pi_sa_t1.jpg,pituitary
near,3,/kaggle/input/datasets/briscdataset/brisc2025/brisc2025/classification_task/train/pituitary/brisc2025_train_04963_pi_sa_t1.jpg,pituitary,/kaggle/input/datasets/briscdataset/brisc2025/brisc2025/classification_task/test/pituitary/brisc2025_test_00989_pi_sa_t1.jpg,pituitary
near,4,/kaggle/input/datasets/briscdataset/brisc2025/brisc2025/classification_task/train/pituitary/brisc2025_train_04965_pi_sa_t1.jpg,pituitary,/kaggle/input/datasets/briscdataset/brisc2025/brisc2025/classification_task/test/pituitary/brisc2025_test_00989_pi_sa_t1.jpg,pituitary
near,6,/kaggle/input/datasets/briscdataset/brisc2025/brisc2025/classification_task/train/pituitary/brisc2025_train_04966_pi_sa_t1.jpg,pituitary,/kaggle/input/datasets/briscdataset/brisc2025/brisc2025/classification_task/train/pituitary/brisc2025_train_04967_pi_sa_t1.jpg,pituitary
near,6,/kaggle/input/datasets/briscdataset/brisc2025/brisc2025/classification_task/train/pituitary/brisc2025_train_04966_pi_sa_t1.jpg,pituitary,/kaggle/input/datasets/briscdataset/brisc2025/brisc2025/classification_task/train/pituitary/brisc2025_train_04970_pi_sa_t1.jpg,pituitary
near,4,/kaggle/input/datasets/briscdataset/brisc2025/brisc2025/classification_task/train/pituitary/brisc2025_train_04967_pi_sa_t1.jpg,pituitary,/kaggle/input/datasets/briscdataset/brisc2025/brisc2025/classification_task/train/pituitary/brisc2025_train_04968_pi_sa_t1.jpg,pituitary
near,4,/kaggle/input/datasets/briscdataset/brisc2025/brisc2025/classification_task/train/pituitary/brisc2025_train_04967_pi_sa_t1.jpg,pituitary,/kaggle/input/datasets/briscdataset/brisc2025/brisc2025/classification_task/train/pituitary/brisc2025_train_04969_pi_sa_t1.jpg,pituitary
near,4,/kaggle/input/datasets/briscdataset/brisc2025/brisc2025/classification_task/train/pituitary/brisc2025_train_04967_pi_sa_t1.jpg,pituitary,/kaggle/input/datasets/briscdataset/brisc2025/brisc2025/classification_task/test/pituitary/brisc2025_test_00990_pi_sa_t1.jpg,pituitary
near,2,/kaggle/input/datasets/briscdataset/brisc2025/brisc2025/classification_task/train/pituitary/brisc2025_train_04968_pi_sa_t1.jpg,pituitary,/kaggle/input/datasets/briscdataset/brisc2025/brisc2025/classification_task/train/pituitary/brisc2025_train_04969_pi_sa_t1.jpg,pituitary
near,6,/kaggle/input/datasets/briscdataset/brisc2025/brisc2025/classification_task/train/pituitary/brisc2025_train_04968_pi_sa_t1.jpg,pituitary,/kaggle/input/datasets/briscdataset/brisc2025/brisc2025/classification_task/train/pituitary/brisc2025_train_04970_pi_sa_t1.jpg,pituitary
near,4,/kaggle/input/datasets/briscdataset/brisc2025/brisc2025/classification_task/train/pituitary/brisc2025_train_04968_pi_sa_t1.jpg,pituitary,/kaggle/input/datasets/briscdataset/brisc2025/brisc2025/classification_task/test/pituitary/brisc2025_test_00990_pi_sa_t1.jpg,pituitary
near,6,/kaggle/input/datasets/briscdataset/brisc2025/brisc2025/classification_task/train/pituitary/brisc2025_train_04969_pi_sa_t1.jpg,pituitary,/kaggle/input/datasets/briscdataset/brisc2025/brisc2025/classification_task/train/pituitary/brisc2025_train_04970_pi_sa_t1.jpg,pituitary
near,4,/kaggle/input/datasets/briscdataset/brisc2025/brisc2025/classification_task/train/pituitary/brisc2025_train_04969_pi_sa_t1.jpg,pituitary,/kaggle/input/datasets/briscdataset/brisc2025/brisc2025/classification_task/test/pituitary/brisc2025_test_00990_pi_sa_t1.jpg,pituitary
near,5,/kaggle/input/datasets/briscdataset/brisc2025/brisc2025/classification_task/train/pituitary/brisc2025_train_04971_pi_sa_t1.jpg,pituitary,/kaggle/input/datasets/briscdataset/brisc2025/brisc2025/classification_task/train/pituitary/brisc2025_train_04972_pi_sa_t1.jpg,pituitary
near,4,/kaggle/input/datasets/briscdataset/brisc2025/brisc2025/classification_task/train/pituitary/brisc2025_train_04971_pi_sa_t1.jpg,pituitary,/kaggle/input/datasets/briscdataset/brisc2025/brisc2025/classification_task/test/pituitary/brisc2025_test_00991_pi_sa_t1.jpg,pituitary
near,5,/kaggle/input/datasets/briscdataset/brisc2025/brisc2025/classification_task/train/pituitary/brisc2025_train_04972_pi_sa_t1.jpg,pituitary,/kaggle/input/datasets/briscdataset/brisc2025/brisc2025/classification_task/train/pituitary/brisc2025_train_04973_pi_sa_t1.jpg,pituitary
near,5,/kaggle/input/datasets/briscdataset/brisc2025/brisc2025/classification_task/train/pituitary/brisc2025_train_04972_pi_sa_t1.jpg,pituitary,/kaggle/input/datasets/briscdataset/brisc2025/brisc2025/classification_task/test/pituitary/brisc2025_test_00991_pi_sa_t1.jpg,pituitary
near,6,/kaggle/input/datasets/briscdataset/brisc2025/brisc2025/classification_task/train/pituitary/brisc2025_train_04974_pi_sa_t1.jpg,pituitary,/kaggle/input/datasets/briscdataset/brisc2025/brisc2025/classification_task/train/pituitary/brisc2025_train_04975_pi_sa_t1.jpg,pituitary
near,5,/kaggle/input/datasets/briscdataset/brisc2025/brisc2025/classification_task/train/pituitary/brisc2025_train_04974_pi_sa_t1.jpg,pituitary,/kaggle/input/datasets/briscdataset/brisc2025/brisc2025/classification_task/test/pituitary/brisc2025_test_00993_pi_sa_t1.jpg,pituitary
near,6,/kaggle/input/datasets/briscdataset/brisc2025/brisc2025/classification_task/train/pituitary/brisc2025_train_04975_pi_sa_t1.jpg,pituitary,/kaggle/input/datasets/briscdataset/brisc2025/brisc2025/classification_task/train/pituitary/brisc2025_train_04987_pi_sa_t1.jpg,pituitary
near,4,/kaggle/input/datasets/briscdataset/brisc2025/brisc2025/classification_task/train/pituitary/brisc2025_train_04976_pi_sa_t1.jpg,pituitary,/kaggle/input/datasets/briscdataset/brisc2025/brisc2025/classification_task/train/pituitary/brisc2025_train_04977_pi_sa_t1.jpg,pituitary
near,4,/kaggle/input/datasets/briscdataset/brisc2025/brisc2025/classification_task/train/pituitary/brisc2025_train_04976_pi_sa_t1.jpg,pituitary,/kaggle/input/datasets/briscdataset/brisc2025/brisc2025/classification_task/train/pituitary/brisc2025_train_04978_pi_sa_t1.jpg,pituitary
near,4,/kaggle/input/datasets/briscdataset/brisc2025/brisc2025/classification_task/train/pituitary/brisc2025_train_04976_pi_sa_t1.jpg,pituitary,/kaggle/input/datasets/briscdataset/brisc2025/brisc2025/classification_task/train/pituitary/brisc2025_train_04979_pi_sa_t1.jpg,pituitary
near,4,/kaggle/input/datasets/briscdataset/brisc2025/brisc2025/classification_task/train/pituitary/brisc2025_train_04976_pi_sa_t1.jpg,pituitary,/kaggle/input/datasets/briscdataset/brisc2025/brisc2025/classification_task/test/pituitary/brisc2025_test_00993_pi_sa_t1.jpg,pituitary
near,2,/kaggle/input/datasets/briscdataset/brisc2025/brisc2025/classification_task/train/pituitary/brisc2025_train_04977_pi_sa_t1.jpg,pituitary,/kaggle/input/datasets/briscdataset/brisc2025/brisc2025/classification_task/train/pituitary/brisc2025_train_04978_pi_sa_t1.jpg,pituitary
near,4,/kaggle/input/datasets/briscdataset/brisc2025/brisc2025/classification_task/train/pituitary/brisc2025_train_04977_pi_sa_t1.jpg,pituitary,/kaggle/input/datasets/briscdataset/brisc2025/brisc2025/classification_task/train/pituitary/brisc2025_train_04979_pi_sa_t1.jpg,pituitary
near,4,/kaggle/input/datasets/briscdataset/brisc2025/brisc2025/classification_task/train/pituitary/brisc2025_train_04977_pi_sa_t1.jpg,pituitary,/kaggle/input/datasets/briscdataset/brisc2025/brisc2025/classification_task/test/pituitary/brisc2025_test_00993_pi_sa_t1.jpg,pituitary
near,4,/kaggle/input/datasets/briscdataset/brisc2025/brisc2025/classification_task/train/pituitary/brisc2025_train_04978_pi_sa_t1.jpg,pituitary,/kaggle/input/datasets/briscdataset/brisc2025/brisc2025/classification_task/train/pituitary/brisc2025_train_04979_pi_sa_t1.jpg,pituitary
near,6,/kaggle/input/datasets/briscdataset/brisc2025/brisc2025/classification_task/train/pituitary/brisc2025_train_04978_pi_sa_t1.jpg,pituitary,/kaggle/input/datasets/briscdataset/brisc2025/brisc2025/classification_task/test/pituitary/brisc2025_test_00993_pi_sa_t1.jpg,pituitary
near,4,/kaggle/input/datasets/briscdataset/brisc2025/brisc2025/classification_task/train/pituitary/brisc2025_train_04979_pi_sa_t1.jpg,pituitary,/kaggle/input/datasets/briscdataset/brisc2025/brisc2025/classification_task/test/pituitary/brisc2025_test_00993_pi_sa_t1.jpg,pituitary
near,6,/kaggle/input/datasets/briscdataset/brisc2025/brisc2025/classification_task/train/pituitary/brisc2025_train_04980_pi_sa_t1.jpg,pituitary,/kaggle/input/datasets/briscdataset/brisc2025/brisc2025/classification_task/test/pituitary/brisc2025_test_00995_pi_sa_t1.jpg,pituitary
near,5,/kaggle/input/datasets/briscdataset/brisc2025/brisc2025/classification_task/train/pituitary/brisc2025_train_04981_pi_sa_t1.jpg,pituitary,/kaggle/input/datasets/briscdataset/brisc2025/brisc2025/classification_task/train/pituitary/brisc2025_train_04982_pi_sa_t1.jpg,pituitary
near,6,/kaggle/input/datasets/briscdataset/brisc2025/brisc2025/classification_task/train/pituitary/brisc2025_train_04983_pi_sa_t1.jpg,pituitary,/kaggle/input/datasets/briscdataset/brisc2025/brisc2025/classification_task/train/pituitary/brisc2025_train_04991_pi_sa_t1.jpg,pituitary
near,6,/kaggle/input/datasets/briscdataset/brisc2025/brisc2025/classification_task/train/pituitary/brisc2025_train_04983_pi_sa_t1.jpg,pituitary,/kaggle/input/datasets/briscdataset/brisc2025/brisc2025/classification_task/test/pituitary/brisc2025_test_00995_pi_sa_t1.jpg,pituitary
near,4,/kaggle/input/datasets/briscdataset/brisc2025/brisc2025/classification_task/train/pituitary/brisc2025_train_04984_pi_sa_t1.jpg,pituitary,/kaggle/input/datasets/briscdataset/brisc2025/brisc2025/classification_task/train/pituitary/brisc2025_train_04985_pi_sa_t1.jpg,pituitary
near,6,/kaggle/input/datasets/briscdataset/brisc2025/brisc2025/classification_task/train/pituitary/brisc2025_train_04985_pi_sa_t1.jpg,pituitary,/kaggle/input/datasets/briscdataset/brisc2025/brisc2025/classification_task/test/pituitary/brisc2025_test_00954_pi_sa_t1.jpg,pituitary
near,5,/kaggle/input/datasets/briscdataset/brisc2025/brisc2025/classification_task/train/pituitary/brisc2025_train_04986_pi_sa_t1.jpg,pituitary,/kaggle/input/datasets/briscdataset/brisc2025/brisc2025/classification_task/test/pituitary/brisc2025_test_00998_pi_sa_t1.jpg,pituitary
near,6,/kaggle/input/datasets/briscdataset/brisc2025/brisc2025/classification_task/train/pituitary/brisc2025_train_04987_pi_sa_t1.jpg,pituitary,/kaggle/input/datasets/briscdataset/brisc2025/brisc2025/classification_task/test/pituitary/brisc2025_test_00998_pi_sa_t1.jpg,pituitary
near,2,/kaggle/input/datasets/briscdataset/brisc2025/brisc2025/classification_task/train/pituitary/brisc2025_train_04988_pi_sa_t1.jpg,pituitary,/kaggle/input/datasets/briscdataset/brisc2025/brisc2025/classification_task/train/pituitary/brisc2025_train_04989_pi_sa_t1.jpg,pituitary
near,5,/kaggle/input/datasets/briscdataset/brisc2025/brisc2025/classification_task/train/pituitary/brisc2025_train_04988_pi_sa_t1.jpg,pituitary,/kaggle/input/datasets/briscdataset/brisc2025/brisc2025/classification_task/train/pituitary/brisc2025_train_04990_pi_sa_t1.jpg,pituitary
near,5,/kaggle/input/datasets/briscdataset/brisc2025/brisc2025/classification_task/train/pituitary/brisc2025_train_04988_pi_sa_t1.jpg,pituitary,/kaggle/input/datasets/briscdataset/brisc2025/brisc2025/classification_task/train/pituitary/brisc2025_train_04991_pi_sa_t1.jpg,pituitary
near,4,/kaggle/input/datasets/briscdataset/brisc2025/brisc2025/classification_task/train/pituitary/brisc2025_train_04988_pi_sa_t1.jpg,pituitary,/kaggle/input/datasets/briscdataset/brisc2025/brisc2025/classification_task/test/pituitary/brisc2025_test_00997_pi_sa_t1.jpg,pituitary
near,5,/kaggle/input/datasets/briscdataset/brisc2025/brisc2025/classification_task/train/pituitary/brisc2025_train_04989_pi_sa_t1.jpg,pituitary,/kaggle/input/datasets/briscdataset/brisc2025/brisc2025/classification_task/train/pituitary/brisc2025_train_04990_pi_sa_t1.jpg,pituitary
near,5,/kaggle/input/datasets/briscdataset/brisc2025/brisc2025/classification_task/train/pituitary/brisc2025_train_04989_pi_sa_t1.jpg,pituitary,/kaggle/input/datasets/briscdataset/brisc2025/brisc2025/classification_task/train/pituitary/brisc2025_train_04991_pi_sa_t1.jpg,pituitary
near,2,/kaggle/input/datasets/briscdataset/brisc2025/brisc2025/classification_task/train/pituitary/brisc2025_train_04989_pi_sa_t1.jpg,pituitary,/kaggle/input/datasets/briscdataset/brisc2025/brisc2025/classification_task/test/pituitary/brisc2025_test_00997_pi_sa_t1.jpg,pituitary
near,2,/kaggle/input/datasets/briscdataset/brisc2025/brisc2025/classification_task/train/pituitary/brisc2025_train_04990_pi_sa_t1.jpg,pituitary,/kaggle/input/datasets/briscdataset/brisc2025/brisc2025/classification_task/train/pituitary/brisc2025_train_04991_pi_sa_t1.jpg,pituitary
near,6,/kaggle/input/datasets/briscdataset/brisc2025/brisc2025/classification_task/train/pituitary/brisc2025_train_04991_pi_sa_t1.jpg,pituitary,/kaggle/input/datasets/briscdataset/brisc2025/brisc2025/classification_task/test/pituitary/brisc2025_test_00998_pi_sa_t1.jpg,pituitary
near,4,/kaggle/input/datasets/briscdataset/brisc2025/brisc2025/classification_task/train/pituitary/brisc2025_train_04993_pi_sa_t1.jpg,pituitary,/kaggle/input/datasets/briscdataset/brisc2025/brisc2025/classification_task/train/pituitary/brisc2025_train_04994_pi_sa_t1.jpg,pituitary
near,6,/kaggle/input/datasets/briscdataset/brisc2025/brisc2025/classification_task/train/pituitary/brisc2025_train_04994_pi_sa_t1.jpg,pituitary,/kaggle/input/datasets/briscdataset/brisc2025/brisc2025/classification_task/test/pituitary/brisc2025_test_00999_pi_sa_t1.jpg,pituitary
near,5,/kaggle/input/datasets/briscdataset/brisc2025/brisc2025/classification_task/train/pituitary/brisc2025_train_04996_pi_sa_t1.jpg,pituitary,/kaggle/input/datasets/briscdataset/brisc2025/brisc2025/classification_task/train/pituitary/brisc2025_train_04997_pi_sa_t1.jpg,pituitary
near,4,/kaggle/input/datasets/briscdataset/brisc2025/brisc2025/classification_task/train/pituitary/brisc2025_train_04997_pi_sa_t1.jpg,pituitary,/kaggle/input/datasets/briscdataset/brisc2025/brisc2025/classification_task/train/pituitary/brisc2025_train_04998_pi_sa_t1.jpg,pituitary
near,6,/kaggle/input/datasets/briscdataset/brisc2025/brisc2025/classification_task/train/pituitary/brisc2025_train_04997_pi_sa_t1.jpg,pituitary,/kaggle/input/datasets/briscdataset/brisc2025/brisc2025/classification_task/test/pituitary/brisc2025_test_00925_pi_sa_t1.jpg,pituitary
near,4,/kaggle/input/datasets/briscdataset/brisc2025/brisc2025/classification_task/train/pituitary/brisc2025_train_04997_pi_sa_t1.jpg,pituitary,/kaggle/input/datasets/briscdataset/brisc2025/brisc2025/classification_task/test/pituitary/brisc2025_test_01000_pi_sa_t1.jpg,pituitary
near,5,/kaggle/input/datasets/briscdataset/brisc2025/brisc2025/classification_task/train/pituitary/brisc2025_train_04998_pi_sa_t1.jpg,pituitary,/kaggle/input/datasets/briscdataset/brisc2025/brisc2025/classification_task/train/pituitary/brisc2025_train_04999_pi_sa_t1.jpg,pituitary
near,2,/kaggle/input/datasets/briscdataset/brisc2025/brisc2025/classification_task/train/pituitary/brisc2025_train_04998_pi_sa_t1.jpg,pituitary,/kaggle/input/datasets/briscdataset/brisc2025/brisc2025/classification_task/test/pituitary/brisc2025_test_01000_pi_sa_t1.jpg,pituitary
near,2,/kaggle/input/datasets/briscdataset/brisc2025/brisc2025/classification_task/test/glioma/brisc2025_test_00017_gl_ax_t1.jpg,glioma,/kaggle/input/datasets/briscdataset/brisc2025/brisc2025/classification_task/test/meningioma/brisc2025_test_00359_me_ax_t1.jpg,meningioma
near,6,/kaggle/input/datasets/briscdataset/brisc2025/brisc2025/classification_task/test/glioma/brisc2025_test_00021_gl_ax_t1.jpg,glioma,/kaggle/input/datasets/briscdataset/brisc2025/brisc2025/classification_task/test/glioma/brisc2025_test_00023_gl_ax_t1.jpg,glioma
near,6,/kaggle/input/datasets/briscdataset/brisc2025/brisc2025/classification_task/test/glioma/brisc2025_test_00038_gl_ax_t1.jpg,glioma,/kaggle/input/datasets/briscdataset/brisc2025/brisc2025/classification_task/test/glioma/brisc2025_test_00069_gl_ax_t1.jpg,glioma
near,6,/kaggle/input/datasets/briscdataset/brisc2025/brisc2025/classification_task/test/glioma/brisc2025_test_00040_gl_ax_t1.jpg,glioma,/kaggle/input/datasets/briscdataset/brisc2025/brisc2025/classification_task/test/no_tumor/brisc2025_test_00602_no_ax_t1.jpg,no_tumor
near,5,/kaggle/input/datasets/briscdataset/brisc2025/brisc2025/classification_task/test/glioma/brisc2025_test_00060_gl_ax_t1.jpg,glioma,/kaggle/input/datasets/briscdataset/brisc2025/brisc2025/classification_task/test/glioma/brisc2025_test_00061_gl_ax_t1.jpg,glioma
near,6,/kaggle/input/datasets/briscdataset/brisc2025/brisc2025/classification_task/test/glioma/brisc2025_test_00072_gl_ax_t1.jpg,glioma,/kaggle/input/datasets/briscdataset/brisc2025/brisc2025/classification_task/test/glioma/brisc2025_test_00073_gl_ax_t1.jpg,glioma
near,4,/kaggle/input/datasets/briscdataset/brisc2025/brisc2025/classification_task/test/glioma/brisc2025_test_00074_gl_ax_t1.jpg,glioma,/kaggle/input/datasets/briscdataset/brisc2025/brisc2025/classification_task/test/glioma/brisc2025_test_00075_gl_ax_t1.jpg,glioma
near,5,/kaggle/input/datasets/briscdataset/brisc2025/brisc2025/classification_task/test/glioma/brisc2025_test_00157_gl_co_t1.jpg,glioma,/kaggle/input/datasets/briscdataset/brisc2025/brisc2025/classification_task/test/glioma/brisc2025_test_00158_gl_co_t1.jpg,glioma
near,6,/kaggle/input/datasets/briscdataset/brisc2025/brisc2025/classification_task/test/glioma/brisc2025_test_00159_gl_co_t1.jpg,glioma,/kaggle/input/datasets/briscdataset/brisc2025/brisc2025/classification_task/test/glioma/brisc2025_test_00160_gl_co_t1.jpg,glioma
near,6,/kaggle/input/datasets/briscdataset/brisc2025/brisc2025/classification_task/test/glioma/brisc2025_test_00161_gl_co_t1.jpg,glioma,/kaggle/input/datasets/briscdataset/brisc2025/brisc2025/classification_task/test/glioma/brisc2025_test_00239_gl_sa_t1.jpg,glioma
near,5,/kaggle/input/datasets/briscdataset/brisc2025/brisc2025/classification_task/test/glioma/brisc2025_test_00164_gl_co_t1.jpg,glioma,/kaggle/input/datasets/briscdataset/brisc2025/brisc2025/classification_task/test/glioma/brisc2025_test_00165_gl_co_t1.jpg,glioma
near,4,/kaggle/input/datasets/briscdataset/brisc2025/brisc2025/classification_task/test/glioma/brisc2025_test_00171_gl_sa_t1.jpg,glioma,/kaggle/input/datasets/briscdataset/brisc2025/brisc2025/classification_task/test/glioma/brisc2025_test_00172_gl_sa_t1.jpg,glioma
near,6,/kaggle/input/datasets/briscdataset/brisc2025/brisc2025/classification_task/test/glioma/brisc2025_test_00173_gl_sa_t1.jpg,glioma,/kaggle/input/datasets/briscdataset/brisc2025/brisc2025/classification_task/test/glioma/brisc2025_test_00206_gl_sa_t1.jpg,glioma
near,4,/kaggle/input/datasets/briscdataset/brisc2025/brisc2025/classification_task/test/glioma/brisc2025_test_00173_gl_sa_t1.jpg,glioma,/kaggle/input/datasets/briscdataset/brisc2025/brisc2025/classification_task/test/glioma/brisc2025_test_00224_gl_sa_t1.jpg,glioma
near,6,/kaggle/input/datasets/briscdataset/brisc2025/brisc2025/classification_task/test/glioma/brisc2025_test_00179_gl_sa_t1.jpg,glioma,/kaggle/input/datasets/briscdataset/brisc2025/brisc2025/classification_task/test/glioma/brisc2025_test_00200_gl_sa_t1.jpg,glioma
near,2,/kaggle/input/datasets/briscdataset/brisc2025/brisc2025/classification_task/test/glioma/brisc2025_test_00187_gl_sa_t1.jpg,glioma,/kaggle/input/datasets/briscdataset/brisc2025/brisc2025/classification_task/test/glioma/brisc2025_test_00188_gl_sa_t1.jpg,glioma
near,5,/kaggle/input/datasets/briscdataset/brisc2025/brisc2025/classification_task/test/glioma/brisc2025_test_00187_gl_sa_t1.jpg,glioma,/kaggle/input/datasets/briscdataset/brisc2025/brisc2025/classification_task/test/glioma/brisc2025_test_00237_gl_sa_t1.jpg,glioma
near,6,/kaggle/input/datasets/briscdataset/brisc2025/brisc2025/classification_task/test/glioma/brisc2025_test_00198_gl_sa_t1.jpg,glioma,/kaggle/input/datasets/briscdataset/brisc2025/brisc2025/classification_task/test/glioma/brisc2025_test_00199_gl_sa_t1.jpg,glioma
near,6,/kaggle/input/datasets/briscdataset/brisc2025/brisc2025/classification_task/test/glioma/brisc2025_test_00212_gl_sa_t1.jpg,glioma,/kaggle/input/datasets/briscdataset/brisc2025/brisc2025/classification_task/test/glioma/brisc2025_test_00213_gl_sa_t1.jpg,glioma
near,5,/kaggle/input/datasets/briscdataset/brisc2025/brisc2025/classification_task/test/glioma/brisc2025_test_00241_gl_sa_t1.jpg,glioma,/kaggle/input/datasets/briscdataset/brisc2025/brisc2025/classification_task/test/glioma/brisc2025_test_00242_gl_sa_t1.jpg,glioma
near,2,/kaggle/input/datasets/briscdataset/brisc2025/brisc2025/classification_task/test/meningioma/brisc2025_test_00261_me_ax_t1.jpg,meningioma,/kaggle/input/datasets/briscdataset/brisc2025/brisc2025/classification_task/test/meningioma/brisc2025_test_00314_me_ax_t1.jpg,meningioma
near,3,/kaggle/input/datasets/briscdataset/brisc2025/brisc2025/classification_task/test/meningioma/brisc2025_test_00265_me_ax_t1.jpg,meningioma,/kaggle/input/datasets/briscdataset/brisc2025/brisc2025/classification_task/test/meningioma/brisc2025_test_00305_me_ax_t1.jpg,meningioma
near,4,/kaggle/input/datasets/briscdataset/brisc2025/brisc2025/classification_task/test/meningioma/brisc2025_test_00277_me_ax_t1.jpg,meningioma,/kaggle/input/datasets/briscdataset/brisc2025/brisc2025/classification_task/test/meningioma/brisc2025_test_00322_me_ax_t1.jpg,meningioma
near,6,/kaggle/input/datasets/briscdataset/brisc2025/brisc2025/classification_task/test/meningioma/brisc2025_test_00288_me_ax_t1.jpg,meningioma,/kaggle/input/datasets/briscdataset/brisc2025/brisc2025/classification_task/test/meningioma/brisc2025_test_00296_me_ax_t1.jpg,meningioma
near,2,/kaggle/input/datasets/briscdataset/brisc2025/brisc2025/classification_task/test/meningioma/brisc2025_test_00371_me_ax_t1.jpg,meningioma,/kaggle/input/datasets/briscdataset/brisc2025/brisc2025/classification_task/test/meningioma/brisc2025_test_00376_me_ax_t1.jpg,meningioma
near,5,/kaggle/input/datasets/briscdataset/brisc2025/brisc2025/classification_task/test/meningioma/brisc2025_test_00371_me_ax_t1.jpg,meningioma,/kaggle/input/datasets/briscdataset/brisc2025/brisc2025/classification_task/test/meningioma/brisc2025_test_00546_me_sa_t1.jpg,meningioma
near,4,/kaggle/input/datasets/briscdataset/brisc2025/brisc2025/classification_task/test/meningioma/brisc2025_test_00375_me_ax_t1.jpg,meningioma,/kaggle/input/datasets/briscdataset/brisc2025/brisc2025/classification_task/test/meningioma/brisc2025_test_00378_me_ax_t1.jpg,meningioma
near,2,/kaggle/input/datasets/briscdataset/brisc2025/brisc2025/classification_task/test/meningioma/brisc2025_test_00396_me_co_t1.jpg,meningioma,/kaggle/input/datasets/briscdataset/brisc2025/brisc2025/classification_task/test/meningioma/brisc2025_test_00401_me_co_t1.jpg,meningioma
near,2,/kaggle/input/datasets/briscdataset/brisc2025/brisc2025/classification_task/test/meningioma/brisc2025_test_00400_me_co_t1.jpg,meningioma,/kaggle/input/datasets/briscdataset/brisc2025/brisc2025/classification_task/test/meningioma/brisc2025_test_00417_me_co_t1.jpg,meningioma
near,4,/kaggle/input/datasets/briscdataset/brisc2025/brisc2025/classification_task/test/meningioma/brisc2025_test_00481_me_sa_t1.jpg,meningioma,/kaggle/input/datasets/briscdataset/brisc2025/brisc2025/classification_task/test/meningioma/brisc2025_test_00486_me_sa_t1.jpg,meningioma
near,3,/kaggle/input/datasets/briscdataset/brisc2025/brisc2025/classification_task/test/no_tumor/brisc2025_test_00575_no_ax_t1.jpg,no_tumor,/kaggle/input/datasets/briscdataset/brisc2025/brisc2025/classification_task/test/no_tumor/brisc2025_test_00576_no_ax_t1.jpg,no_tumor
near,4,/kaggle/input/datasets/briscdataset/brisc2025/brisc2025/classification_task/test/no_tumor/brisc2025_test_00580_no_ax_t1.jpg,no_tumor,/kaggle/input/datasets/briscdataset/brisc2025/brisc2025/classification_task/test/no_tumor/brisc2025_test_00581_no_ax_t1.jpg,no_tumor
near,2,/kaggle/input/datasets/briscdataset/brisc2025/brisc2025/classification_task/test/no_tumor/brisc2025_test_00652_no_co_t1.jpg,no_tumor,/kaggle/input/datasets/briscdataset/brisc2025/brisc2025/classification_task/test/no_tumor/brisc2025_test_00653_no_co_t1.jpg,no_tumor
near,6,/kaggle/input/datasets/briscdataset/brisc2025/brisc2025/classification_task/test/no_tumor/brisc2025_test_00665_no_sa_t1.jpg,no_tumor,/kaggle/input/datasets/briscdataset/brisc2025/brisc2025/classification_task/test/no_tumor/brisc2025_test_00697_no_sa_t1.jpg,no_tumor
near,6,/kaggle/input/datasets/briscdataset/brisc2025/brisc2025/classification_task/test/no_tumor/brisc2025_test_00667_no_sa_t1.jpg,no_tumor,/kaggle/input/datasets/briscdataset/brisc2025/brisc2025/classification_task/test/no_tumor/brisc2025_test_00694_no_sa_t1.jpg,no_tumor
near,6,/kaggle/input/datasets/briscdataset/brisc2025/brisc2025/classification_task/test/no_tumor/brisc2025_test_00671_no_sa_t1.jpg,no_tumor,/kaggle/input/datasets/briscdataset/brisc2025/brisc2025/classification_task/test/no_tumor/brisc2025_test_00690_no_sa_t1.jpg,no_tumor
near,2,/kaggle/input/datasets/briscdataset/brisc2025/brisc2025/classification_task/test/no_tumor/brisc2025_test_00674_no_sa_t1.jpg,no_tumor,/kaggle/input/datasets/briscdataset/brisc2025/brisc2025/classification_task/test/no_tumor/brisc2025_test_00675_no_sa_t1.jpg,no_tumor
near,6,/kaggle/input/datasets/briscdataset/brisc2025/brisc2025/classification_task/test/no_tumor/brisc2025_test_00679_no_sa_t1.jpg,no_tumor,/kaggle/input/datasets/briscdataset/brisc2025/brisc2025/classification_task/test/no_tumor/brisc2025_test_00685_no_sa_t1.jpg,no_tumor
near,5,/kaggle/input/datasets/briscdataset/brisc2025/brisc2025/classification_task/test/no_tumor/brisc2025_test_00680_no_sa_t1.jpg,no_tumor,/kaggle/input/datasets/briscdataset/brisc2025/brisc2025/classification_task/test/no_tumor/brisc2025_test_00687_no_sa_t1.jpg,no_tumor
near,4,/kaggle/input/datasets/briscdataset/brisc2025/brisc2025/classification_task/test/pituitary/brisc2025_test_00915_pi_sa_t1.jpg,pituitary,/kaggle/input/datasets/briscdataset/brisc2025/brisc2025/classification_task/test/pituitary/brisc2025_test_00916_pi_sa_t1.jpg,pituitary
near,5,/kaggle/input/datasets/briscdataset/brisc2025/brisc2025/classification_task/test/pituitary/brisc2025_test_00921_pi_sa_t1.jpg,pituitary,/kaggle/input/datasets/briscdataset/brisc2025/brisc2025/classification_task/test/pituitary/brisc2025_test_00922_pi_sa_t1.jpg,pituitary
near,6,/kaggle/input/datasets/briscdataset/brisc2025/brisc2025/classification_task/test/pituitary/brisc2025_test_00923_pi_sa_t1.jpg,pituitary,/kaggle/input/datasets/briscdataset/brisc2025/brisc2025/classification_task/test/pituitary/brisc2025_test_00924_pi_sa_t1.jpg,pituitary
near,6,/kaggle/input/datasets/briscdataset/brisc2025/brisc2025/classification_task/test/pituitary/brisc2025_test_00925_pi_sa_t1.jpg,pituitary,/kaggle/input/datasets/briscdataset/brisc2025/brisc2025/classification_task/test/pituitary/brisc2025_test_01000_pi_sa_t1.jpg,pituitary
near,6,/kaggle/input/datasets/briscdataset/brisc2025/brisc2025/classification_task/test/pituitary/brisc2025_test_00926_pi_sa_t1.jpg,pituitary,/kaggle/input/datasets/briscdataset/brisc2025/brisc2025/classification_task/test/pituitary/brisc2025_test_00927_pi_sa_t1.jpg,pituitary
near,6,/kaggle/input/datasets/briscdataset/brisc2025/brisc2025/classification_task/test/pituitary/brisc2025_test_00928_pi_sa_t1.jpg,pituitary,/kaggle/input/datasets/briscdataset/brisc2025/brisc2025/classification_task/test/pituitary/brisc2025_test_00934_pi_sa_t1.jpg,pituitary
near,5,/kaggle/input/datasets/briscdataset/brisc2025/brisc2025/classification_task/test/pituitary/brisc2025_test_00939_pi_sa_t1.jpg,pituitary,/kaggle/input/datasets/briscdataset/brisc2025/brisc2025/classification_task/test/pituitary/brisc2025_test_00961_pi_sa_t1.jpg,pituitary
near,6,/kaggle/input/datasets/briscdataset/brisc2025/brisc2025/classification_task/test/pituitary/brisc2025_test_00960_pi_sa_t1.jpg,pituitary,/kaggle/input/datasets/briscdataset/brisc2025/brisc2025/classification_task/test/pituitary/brisc2025_test_00961_pi_sa_t1.jpg,pituitary
near,6,/kaggle/input/datasets/briscdataset/brisc2025/brisc2025/classification_task/test/pituitary/brisc2025_test_00962_pi_sa_t1.jpg,pituitary,/kaggle/input/datasets/briscdataset/brisc2025/brisc2025/classification_task/test/pituitary/brisc2025_test_00963_pi_sa_t1.jpg,pituitary
near,4,/kaggle/input/datasets/briscdataset/brisc2025/brisc2025/classification_task/test/pituitary/brisc2025_test_00984_pi_sa_t1.jpg,pituitary,/kaggle/input/datasets/briscdataset/brisc2025/brisc2025/classification_task/test/pituitary/brisc2025_test_00996_pi_sa_t1.jpg,pituitary
near,5,/kaggle/input/datasets/briscdataset/brisc2025/brisc2025/classification_task/test/pituitary/brisc2025_test_00996_pi_sa_t1.jpg,pituitary,/kaggle/input/datasets/briscdataset/brisc2025/brisc2025/classification_task/test/pituitary/brisc2025_test_00998_pi_sa_t1.jpg,pituitary
