kind,hamming,path_a,label_a,path_b,label_b
exact,0,/kaggle/input/datasets/denizkavi1/brain-tumor/2/1152.png,glioma,/kaggle/input/datasets/denizkavi1/brain-tumor/2/1164.png,glioma
exact,0,/kaggle/input/datasets/denizkavi1/brain-tumor/2/1154.png,glioma,/kaggle/input/datasets/denizkavi1/brain-tumor/2/1158.png,glioma
exact,0,/kaggle/input/datasets/denizkavi1/brain-tumor/2/1162.png,glioma,/kaggle/input/datasets/denizkavi1/brain-tumor/2/1173.png,glioma
exact,0,/kaggle/input/datasets/denizkavi1/brain-tumor/2/1162.png,glioma,/kaggle/input/datasets/denizkavi1/brain-tumor/2/1177.png,glioma
exact,0,/kaggle/input/datasets/denizkavi1/brain-tumor/2/1173.png,glioma,/kaggle/input/datasets/denizkavi1/brain-tumor/2/1177.png,glioma
exact,0,/kaggle/input/datasets/denizkavi1/brain-tumor/2/1184.png,glioma,/kaggle/input/datasets/denizkavi1/brain-tumor/2/1207.png,glioma
exact,0,/kaggle/input/datasets/denizkavi1/brain-tumor/2/1224.png,glioma,/kaggle/input/datasets/denizkavi1/brain-tumor/2/1233.png,glioma
exact,0,/kaggle/input/datasets/denizkavi1/brain-tumor/2/2727.png,glioma,/kaggle/input/datasets/denizkavi1/brain-tumor/2/2730.png,glioma
exact,0,/kaggle/input/datasets/denizkavi1/brain-tumor/2/334.png,glioma,/kaggle/input/datasets/denizkavi1/brain-tumor/2/372.png,glioma
exact,0,/kaggle/input/datasets/denizkavi1/brain-tumor/2/696.png,glioma,/kaggle/input/datasets/denizkavi1/brain-tumor/2/707.png,glioma
exact,0,/kaggle/input/datasets/denizkavi1/brain-tumor/2/696.png,glioma,/kaggle/input/datasets/denizkavi1/brain-tumor/2/715.png,glioma
exact,0,/kaggle/input/datasets/denizkavi1/brain-tumor/2/707.png,glioma,/kaggle/input/datasets/denizkavi1/brain-tumor/2/715.png,glioma
exact,0,/kaggle/input/datasets/denizkavi1/brain-tumor/2/868.png,glioma,/kaggle/input/datasets/denizkavi1/brain-tumor/2/878.png,glioma
exact,0,/kaggle/input/datasets/denizkavi1/brain-tumor/1/2817.png,meningioma,/kaggle/input/datasets/denizkavi1/brain-tumor/1/2823.png,meningioma
exact,0,/kaggle/input/datasets/denizkavi1/brain-tumor/1/2817.png,meningioma,/kaggle/input/datasets/denizkavi1/brain-tumor/1/2825.png,meningioma
exact,0,/kaggle/input/datasets/denizkavi1/brain-tumor/1/2823.png,meningioma,/kaggle/input/datasets/denizkavi1/brain-tumor/1/2825.png,meningioma
exact,0,/kaggle/input/datasets/denizkavi1/brain-tumor/1/2857.png,meningioma,/kaggle/input/datasets/denizkavi1/brain-tumor/1/2874.png,meningioma
exact,0,/kaggle/input/datasets/denizkavi1/brain-tumor/3/1420.png,pituitary,/kaggle/input/datasets/denizkavi1/brain-tumor/3/1430.png,pituitary
exact,0,/kaggle/input/datasets/denizkavi1/brain-tumor/3/1636.png,pituitary,/kaggle/input/datasets/denizkavi1/brain-tumor/3/1680.png,pituitary
exact,0,/kaggle/input/datasets/denizkavi1/brain-tumor/3/2085.png,pituitary,/kaggle/input/datasets/denizkavi1/brain-tumor/3/2096.png,pituitary
exact,0,/kaggle/input/datasets/denizkavi1/brain-tumor/3/2105.png,pituitary,/kaggle/input/datasets/denizkavi1/brain-tumor/3/2108.png,pituitary
exact,0,/kaggle/input/datasets/denizkavi1/brain-tumor/3/2105.png,pituitary,/kaggle/input/datasets/denizkavi1/brain-tumor/3/2118.png,pituitary
exact,0,/kaggle/input/datasets/denizkavi1/brain-tumor/3/2108.png,pituitary,/kaggle/input/datasets/denizkavi1/brain-tumor/3/2118.png,pituitary
exact,0,/kaggle/input/datasets/denizkavi1/brain-tumor/3/2229.png,pituitary,/kaggle/input/datasets/denizkavi1/brain-tumor/3/2230.png,pituitary
near,6,/kaggle/input/datasets/denizkavi1/brain-tumor/2/0.png,glioma,/kaggle/input/datasets/denizkavi1/brain-tumor/2/3.png,glioma
near,5,/kaggle/input/datasets/denizkavi1/brain-tumor/2/100.png,glioma,/kaggle/input/datasets/denizkavi1/brain-tumor/2/99.png,glioma
near,2,/kaggle/input/datasets/denizkavi1/brain-tumor/2/101.png,glioma,/kaggle/input/datasets/denizkavi1/brain-tumor/2/92.png,glioma
near,4,/kaggle/input/datasets/denizkavi1/brain-tumor/2/101.png,glioma,/kaggle/input/datasets/denizkavi1/brain-tumor/2/98.png,glioma
near,3,/kaggle/input/datasets/denizkavi1/brain-tumor/2/102.png,glioma,/kaggle/input/datasets/denizkavi1/brain-tumor/2/107.png,glioma
near,4,/kaggle/input/datasets/denizkavi1/brain-tumor/2/103.png,glioma,/kaggle/input/datasets/denizkavi1/brain-tumor/2/107.png,glioma
near,6,/kaggle/input/datasets/denizkavi1/brain-tumor/2/103.png,glioma,/kaggle/input/datasets/denizkavi1/brain-tumor/1/2547.png,meningioma
near,6,/kaggle/input/datasets/denizkavi1/brain-tumor/2/106.png,glioma,/kaggle/input/datasets/denizkavi1/brain-tumor/2/110.png,glioma
near,5,/kaggle/input/datasets/denizkavi1/brain-tumor/2/106.png,glioma,/kaggle/input/datasets/denizkavi1/brain-tumor/2/114.png,glioma
near,2,/kaggle/input/datasets/denizkavi1/brain-tumor/2/106.png,glioma,/kaggle/input/datasets/denizkavi1/brain-tumor/2/120.png,glioma
near,6,/kaggle/input/datasets/denizkavi1/brain-tumor/2/106.png,glioma,/kaggle/input/datasets/denizkavi1/brain-tumor/2/425.png,glioma
near,6,/kaggle/input/datasets/denizkavi1/brain-tumor/2/107.png,glioma,/kaggle/input/datasets/denizkavi1/brain-tumor/1/2547.png,meningioma
near,6,/kaggle/input/datasets/denizkavi1/brain-tumor/2/1074.png,glioma,/kaggle/input/datasets/denizkavi1/brain-tumor/2/1077.png,glioma
near,4,/kaggle/input/datasets/denizkavi1/brain-tumor/2/1075.png,glioma,/kaggle/input/datasets/denizkavi1/brain-tumor/2/1089.png,glioma
near,5,/kaggle/input/datasets/denizkavi1/brain-tumor/2/1075.png,glioma,/kaggle/input/datasets/denizkavi1/brain-tumor/2/1143.png,glioma
near,4,/kaggle/input/datasets/denizkavi1/brain-tumor/2/1076.png,glioma,/kaggle/input/datasets/denizkavi1/brain-tumor/2/1085.png,glioma
near,5,/kaggle/input/datasets/denizkavi1/brain-tumor/2/1076.png,glioma,/kaggle/input/datasets/denizkavi1/brain-tumor/2/1103.png,glioma
near,5,/kaggle/input/datasets/denizkavi1/brain-tumor/2/1078.png,glioma,/kaggle/input/datasets/denizkavi1/brain-tumor/2/1095.png,glioma
near,6,/kaggle/input/datasets/denizkavi1/brain-tumor/2/1080.png,glioma,/kaggle/input/datasets/denizkavi1/brain-tumor/2/1090.png,glioma
near,5,/kaggle/input/datasets/denizkavi1/brain-tumor/2/1080.png,glioma,/kaggle/input/datasets/denizkavi1/brain-tumor/2/1091.png,glioma
near,4,/kaggle/input/datasets/denizkavi1/brain-tumor/2/1083.png,glioma,/kaggle/input/datasets/denizkavi1/brain-tumor/2/1090.png,glioma
near,6,/kaggle/input/datasets/denizkavi1/brain-tumor/2/1084.png,glioma,/kaggle/input/datasets/denizkavi1/brain-tumor/2/1178.png,glioma
near,5,/kaggle/input/datasets/denizkavi1/brain-tumor/2/1085.png,glioma,/kaggle/input/datasets/denizkavi1/brain-tumor/2/1099.png,glioma
near,5,/kaggle/input/datasets/denizkavi1/brain-tumor/2/1085.png,glioma,/kaggle/input/datasets/denizkavi1/brain-tumor/2/1103.png,glioma
near,4,/kaggle/input/datasets/denizkavi1/brain-tumor/2/1087.png,glioma,/kaggle/input/datasets/denizkavi1/brain-tumor/2/1094.png,glioma
near,6,/kaggle/input/datasets/denizkavi1/brain-tumor/2/1088.png,glioma,/kaggle/input/datasets/denizkavi1/brain-tumor/2/1103.png,glioma
near,3,/kaggle/input/datasets/denizkavi1/brain-tumor/2/1089.png,glioma,/kaggle/input/datasets/denizkavi1/brain-tumor/2/1097.png,glioma
near,6,/kaggle/input/datasets/denizkavi1/brain-tumor/2/1092.png,glioma,/kaggle/input/datasets/denizkavi1/brain-tumor/2/2722.png,glioma
near,6,/kaggle/input/datasets/denizkavi1/brain-tumor/2/11.png,glioma,/kaggle/input/datasets/denizkavi1/brain-tumor/2/14.png,glioma
near,6,/kaggle/input/datasets/denizkavi1/brain-tumor/2/11.png,glioma,/kaggle/input/datasets/denizkavi1/brain-tumor/2/7.png,glioma
near,3,/kaggle/input/datasets/denizkavi1/brain-tumor/2/1107.png,glioma,/kaggle/input/datasets/denizkavi1/brain-tumor/2/1133.png,glioma
near,4,/kaggle/input/datasets/denizkavi1/brain-tumor/2/1107.png,glioma,/kaggle/input/datasets/denizkavi1/brain-tumor/2/1139.png,glioma
near,3,/kaggle/input/datasets/denizkavi1/brain-tumor/2/1108.png,glioma,/kaggle/input/datasets/denizkavi1/brain-tumor/2/1129.png,glioma
near,5,/kaggle/input/datasets/denizkavi1/brain-tumor/2/1108.png,glioma,/kaggle/input/datasets/denizkavi1/brain-tumor/2/1145.png,glioma
near,4,/kaggle/input/datasets/denizkavi1/brain-tumor/2/1108.png,glioma,/kaggle/input/datasets/denizkavi1/brain-tumor/2/1160.png,glioma
near,2,/kaggle/input/datasets/denizkavi1/brain-tumor/2/1108.png,glioma,/kaggle/input/datasets/denizkavi1/brain-tumor/2/1162.png,glioma
near,2,/kaggle/input/datasets/denizkavi1/brain-tumor/2/1108.png,glioma,/kaggle/input/datasets/denizkavi1/brain-tumor/2/1173.png,glioma
near,2,/kaggle/input/datasets/denizkavi1/brain-tumor/2/1108.png,glioma,/kaggle/input/datasets/denizkavi1/brain-tumor/2/1177.png,glioma
near,6,/kaggle/input/datasets/denizkavi1/brain-tumor/2/1108.png,glioma,/kaggle/input/datasets/denizkavi1/brain-tumor/1/2939.png,meningioma
near,6,/kaggle/input/datasets/denizkavi1/brain-tumor/2/1108.png,glioma,/kaggle/input/datasets/denizkavi1/brain-tumor/1/3001.png,meningioma
near,5,/kaggle/input/datasets/denizkavi1/brain-tumor/2/1109.png,glioma,/kaggle/input/datasets/denizkavi1/brain-tumor/2/1111.png,glioma
near,6,/kaggle/input/datasets/denizkavi1/brain-tumor/2/1109.png,glioma,/kaggle/input/datasets/denizkavi1/brain-tumor/2/1144.png,glioma
near,6,/kaggle/input/datasets/denizkavi1/brain-tumor/2/1110.png,glioma,/kaggle/input/datasets/denizkavi1/brain-tumor/2/1116.png,glioma
near,4,/kaggle/input/datasets/denizkavi1/brain-tumor/2/1110.png,glioma,/kaggle/input/datasets/denizkavi1/brain-tumor/2/1140.png,glioma
near,5,/kaggle/input/datasets/denizkavi1/brain-tumor/2/1110.png,glioma,/kaggle/input/datasets/denizkavi1/brain-tumor/2/1260.png,glioma
near,6,/kaggle/input/datasets/denizkavi1/brain-tumor/2/1110.png,glioma,/kaggle/input/datasets/denizkavi1/brain-tumor/2/1282.png,glioma
near,5,/kaggle/input/datasets/denizkavi1/brain-tumor/2/1111.png,glioma,/kaggle/input/datasets/denizkavi1/brain-tumor/2/1141.png,glioma
near,3,/kaggle/input/datasets/denizkavi1/brain-tumor/2/1111.png,glioma,/kaggle/input/datasets/denizkavi1/brain-tumor/2/1144.png,glioma
near,4,/kaggle/input/datasets/denizkavi1/brain-tumor/2/1112.png,glioma,/kaggle/input/datasets/denizkavi1/brain-tumor/2/1135.png,glioma
near,6,/kaggle/input/datasets/denizkavi1/brain-tumor/2/1112.png,glioma,/kaggle/input/datasets/denizkavi1/brain-tumor/2/1148.png,glioma
near,6,/kaggle/input/datasets/denizkavi1/brain-tumor/2/1113.png,glioma,/kaggle/input/datasets/denizkavi1/brain-tumor/2/1133.png,glioma
near,3,/kaggle/input/datasets/denizkavi1/brain-tumor/2/1114.png,glioma,/kaggle/input/datasets/denizkavi1/brain-tumor/2/1134.png,glioma
near,6,/kaggle/input/datasets/denizkavi1/brain-tumor/2/1114.png,glioma,/kaggle/input/datasets/denizkavi1/brain-tumor/2/1138.png,glioma
near,6,/kaggle/input/datasets/denizkavi1/brain-tumor/2/1115.png,glioma,/kaggle/input/datasets/denizkavi1/brain-tumor/2/1142.png,glioma
near,5,/kaggle/input/datasets/denizkavi1/brain-tumor/2/1117.png,glioma,/kaggle/input/datasets/denizkavi1/brain-tumor/2/1121.png,glioma
near,5,/kaggle/input/datasets/denizkavi1/brain-tumor/2/1117.png,glioma,/kaggle/input/datasets/denizkavi1/brain-tumor/2/1133.png,glioma
near,4,/kaggle/input/datasets/denizkavi1/brain-tumor/2/1117.png,glioma,/kaggle/input/datasets/denizkavi1/brain-tumor/2/1139.png,glioma
near,4,/kaggle/input/datasets/denizkavi1/brain-tumor/2/1119.png,glioma,/kaggle/input/datasets/denizkavi1/brain-tumor/2/1141.png,glioma
near,6,/kaggle/input/datasets/denizkavi1/brain-tumor/2/1119.png,glioma,/kaggle/input/datasets/denizkavi1/brain-tumor/2/1144.png,glioma
near,6,/kaggle/input/datasets/denizkavi1/brain-tumor/2/1119.png,glioma,/kaggle/input/datasets/denizkavi1/brain-tumor/2/1334.png,glioma
near,5,/kaggle/input/datasets/denizkavi1/brain-tumor/2/1119.png,glioma,/kaggle/input/datasets/denizkavi1/brain-tumor/2/1351.png,glioma
near,6,/kaggle/input/datasets/denizkavi1/brain-tumor/2/1119.png,glioma,/kaggle/input/datasets/denizkavi1/brain-tumor/2/527.png,glioma
near,4,/kaggle/input/datasets/denizkavi1/brain-tumor/2/1122.png,glioma,/kaggle/input/datasets/denizkavi1/brain-tumor/2/1123.png,glioma
near,6,/kaggle/input/datasets/denizkavi1/brain-tumor/2/1122.png,glioma,/kaggle/input/datasets/denizkavi1/brain-tumor/2/1227.png,glioma
near,6,/kaggle/input/datasets/denizkavi1/brain-tumor/2/1122.png,glioma,/kaggle/input/datasets/denizkavi1/brain-tumor/2/559.png,glioma
near,6,/kaggle/input/datasets/denizkavi1/brain-tumor/2/1126.png,glioma,/kaggle/input/datasets/denizkavi1/brain-tumor/2/1150.png,glioma
near,4,/kaggle/input/datasets/denizkavi1/brain-tumor/2/1127.png,glioma,/kaggle/input/datasets/denizkavi1/brain-tumor/2/1276.png,glioma
near,4,/kaggle/input/datasets/denizkavi1/brain-tumor/2/1129.png,glioma,/kaggle/input/datasets/denizkavi1/brain-tumor/2/1145.png,glioma
near,5,/kaggle/input/datasets/denizkavi1/brain-tumor/2/1129.png,glioma,/kaggle/input/datasets/denizkavi1/brain-tumor/2/1160.png,glioma
near,3,/kaggle/input/datasets/denizkavi1/brain-tumor/2/1129.png,glioma,/kaggle/input/datasets/denizkavi1/brain-tumor/2/1162.png,glioma
near,3,/kaggle/input/datasets/denizkavi1/brain-tumor/2/1129.png,glioma,/kaggle/input/datasets/denizkavi1/brain-tumor/2/1173.png,glioma
near,3,/kaggle/input/datasets/denizkavi1/brain-tumor/2/1129.png,glioma,/kaggle/input/datasets/denizkavi1/brain-tumor/2/1177.png,glioma
near,6,/kaggle/input/datasets/denizkavi1/brain-tumor/2/1129.png,glioma,/kaggle/input/datasets/denizkavi1/brain-tumor/2/519.png,glioma
near,4,/kaggle/input/datasets/denizkavi1/brain-tumor/2/1130.png,glioma,/kaggle/input/datasets/denizkavi1/brain-tumor/2/1132.png,glioma
near,4,/kaggle/input/datasets/denizkavi1/brain-tumor/2/1130.png,glioma,/kaggle/input/datasets/denizkavi1/brain-tumor/2/1136.png,glioma
near,5,/kaggle/input/datasets/denizkavi1/brain-tumor/2/1130.png,glioma,/kaggle/input/datasets/denizkavi1/brain-tumor/2/1140.png,glioma
near,6,/kaggle/input/datasets/denizkavi1/brain-tumor/2/1130.png,glioma,/kaggle/input/datasets/denizkavi1/brain-tumor/2/1169.png,glioma
near,5,/kaggle/input/datasets/denizkavi1/brain-tumor/2/1130.png,glioma,/kaggle/input/datasets/denizkavi1/brain-tumor/2/1272.png,glioma
near,3,/kaggle/input/datasets/denizkavi1/brain-tumor/2/1132.png,glioma,/kaggle/input/datasets/denizkavi1/brain-tumor/2/1140.png,glioma
near,6,/kaggle/input/datasets/denizkavi1/brain-tumor/2/1132.png,glioma,/kaggle/input/datasets/denizkavi1/brain-tumor/2/1169.png,glioma
near,6,/kaggle/input/datasets/denizkavi1/brain-tumor/2/1132.png,glioma,/kaggle/input/datasets/denizkavi1/brain-tumor/1/2770.png,meningioma
near,3,/kaggle/input/datasets/denizkavi1/brain-tumor/2/1133.png,glioma,/kaggle/input/datasets/denizkavi1/brain-tumor/2/1139.png,glioma
near,5,/kaggle/input/datasets/denizkavi1/brain-tumor/2/1136.png,glioma,/kaggle/input/datasets/denizkavi1/brain-tumor/2/1272.png,glioma
near,6,/kaggle/input/datasets/denizkavi1/brain-tumor/2/1136.png,glioma,/kaggle/input/datasets/denizkavi1/brain-tumor/2/1277.png,glioma
near,5,/kaggle/input/datasets/denizkavi1/brain-tumor/2/1137.png,glioma,/kaggle/input/datasets/denizkavi1/brain-tumor/2/1143.png,glioma
near,4,/kaggle/input/datasets/denizkavi1/brain-tumor/2/1138.png,glioma,/kaggle/input/datasets/denizkavi1/brain-tumor/2/1148.png,glioma
near,6,/kaggle/input/datasets/denizkavi1/brain-tumor/2/1138.png,glioma,/kaggle/input/datasets/denizkavi1/brain-tumor/2/1242.png,glioma
near,3,/kaggle/input/datasets/denizkavi1/brain-tumor/2/114.png,glioma,/kaggle/input/datasets/denizkavi1/brain-tumor/2/120.png,glioma
near,5,/kaggle/input/datasets/denizkavi1/brain-tumor/2/1140.png,glioma,/kaggle/input/datasets/denizkavi1/brain-tumor/2/1169.png,glioma
near,6,/kaggle/input/datasets/denizkavi1/brain-tumor/2/1140.png,glioma,/kaggle/input/datasets/denizkavi1/brain-tumor/2/1282.png,glioma
near,2,/kaggle/input/datasets/denizkavi1/brain-tumor/2/1141.png,glioma,/kaggle/input/datasets/denizkavi1/brain-tumor/2/1144.png,glioma
near,5,/kaggle/input/datasets/denizkavi1/brain-tumor/2/1145.png,glioma,/kaggle/input/datasets/denizkavi1/brain-tumor/2/1162.png,glioma
near,5,/kaggle/input/datasets/denizkavi1/brain-tumor/2/1145.png,glioma,/kaggle/input/datasets/denizkavi1/brain-tumor/2/1173.png,glioma
near,5,/kaggle/input/datasets/denizkavi1/brain-tumor/2/1145.png,glioma,/kaggle/input/datasets/denizkavi1/brain-tumor/2/1177.png,glioma
near,5,/kaggle/input/datasets/denizkavi1/brain-tumor/2/1149.png,glioma,/kaggle/input/datasets/denizkavi1/brain-tumor/2/1276.png,glioma
near,5,/kaggle/input/datasets/denizkavi1/brain-tumor/2/115.png,glioma,/kaggle/input/datasets/denizkavi1/brain-tumor/2/887.png,glioma
near,3,/kaggle/input/datasets/denizkavi1/brain-tumor/2/1151.png,glioma,/kaggle/input/datasets/denizkavi1/brain-tumor/2/1161.png,glioma
near,5,/kaggle/input/datasets/denizkavi1/brain-tumor/2/1151.png,glioma,/kaggle/input/datasets/denizkavi1/brain-tumor/2/1175.png,glioma
near,4,/kaggle/input/datasets/denizkavi1/brain-tumor/2/1151.png,glioma,/kaggle/input/datasets/denizkavi1/brain-tumor/2/1185.png,glioma
near,6,/kaggle/input/datasets/denizkavi1/brain-tumor/2/1151.png,glioma,/kaggle/input/datasets/denizkavi1/brain-tumor/2/1189.png,glioma
near,6,/kaggle/input/datasets/denizkavi1/brain-tumor/2/1151.png,glioma,/kaggle/input/datasets/denizkavi1/brain-tumor/2/1194.png,glioma
near,6,/kaggle/input/datasets/denizkavi1/brain-tumor/2/1151.png,glioma,/kaggle/input/datasets/denizkavi1/brain-tumor/2/1195.png,glioma
near,5,/kaggle/input/datasets/denizkavi1/brain-tumor/2/1151.png,glioma,/kaggle/input/datasets/denizkavi1/brain-tumor/2/1316.png,glioma
near,5,/kaggle/input/datasets/denizkavi1/brain-tumor/2/1151.png,glioma,/kaggle/input/datasets/denizkavi1/brain-tumor/2/1340.png,glioma
near,6,/kaggle/input/datasets/denizkavi1/brain-tumor/2/1152.png,glioma,/kaggle/input/datasets/denizkavi1/brain-tumor/2/1169.png,glioma
near,6,/kaggle/input/datasets/denizkavi1/brain-tumor/2/1152.png,glioma,/kaggle/input/datasets/denizkavi1/brain-tumor/2/1176.png,glioma
near,6,/kaggle/input/datasets/denizkavi1/brain-tumor/2/1153.png,glioma,/kaggle/input/datasets/denizkavi1/brain-tumor/2/1170.png,glioma
near,6,/kaggle/input/datasets/denizkavi1/brain-tumor/2/1154.png,glioma,/kaggle/input/datasets/denizkavi1/brain-tumor/2/1155.png,glioma
near,2,/kaggle/input/datasets/denizkavi1/brain-tumor/2/1154.png,glioma,/kaggle/input/datasets/denizkavi1/brain-tumor/2/1156.png,glioma
near,4,/kaggle/input/datasets/denizkavi1/brain-tumor/2/1154.png,glioma,/kaggle/input/datasets/denizkavi1/brain-tumor/2/1174.png,glioma
near,6,/kaggle/input/datasets/denizkavi1/brain-tumor/2/1155.png,glioma,/kaggle/input/datasets/denizkavi1/brain-tumor/2/1156.png,glioma
near,6,/kaggle/input/datasets/denizkavi1/brain-tumor/2/1155.png,glioma,/kaggle/input/datasets/denizkavi1/brain-tumor/2/1158.png,glioma
near,3,/kaggle/input/datasets/denizkavi1/brain-tumor/2/1155.png,glioma,/kaggle/input/datasets/denizkavi1/brain-tumor/2/1163.png,glioma
near,3,/kaggle/input/datasets/denizkavi1/brain-tumor/2/1155.png,glioma,/kaggle/input/datasets/denizkavi1/brain-tumor/2/1168.png,glioma
near,2,/kaggle/input/datasets/denizkavi1/brain-tumor/2/1155.png,glioma,/kaggle/input/datasets/denizkavi1/brain-tumor/2/1174.png,glioma
near,2,/kaggle/input/datasets/denizkavi1/brain-tumor/2/1156.png,glioma,/kaggle/input/datasets/denizkavi1/brain-tumor/2/1158.png,glioma
near,6,/kaggle/input/datasets/denizkavi1/brain-tumor/2/1156.png,glioma,/kaggle/input/datasets/denizkavi1/brain-tumor/2/1161.png,glioma
near,4,/kaggle/input/datasets/denizkavi1/brain-tumor/2/1156.png,glioma,/kaggle/input/datasets/denizkavi1/brain-tumor/2/1174.png,glioma
near,6,/kaggle/input/datasets/denizkavi1/brain-tumor/2/1156.png,glioma,/kaggle/input/datasets/denizkavi1/brain-tumor/2/1175.png,glioma
near,2,/kaggle/input/datasets/denizkavi1/brain-tumor/2/1157.png,glioma,/kaggle/input/datasets/denizkavi1/brain-tumor/2/1166.png,glioma
near,4,/kaggle/input/datasets/denizkavi1/brain-tumor/2/1158.png,glioma,/kaggle/input/datasets/denizkavi1/brain-tumor/2/1174.png,glioma
near,2,/kaggle/input/datasets/denizkavi1/brain-tumor/2/1160.png,glioma,/kaggle/input/datasets/denizkavi1/brain-tumor/2/1162.png,glioma
near,2,/kaggle/input/datasets/denizkavi1/brain-tumor/2/1160.png,glioma,/kaggle/input/datasets/denizkavi1/brain-tumor/2/1173.png,glioma
near,2,/kaggle/input/datasets/denizkavi1/brain-tumor/2/1160.png,glioma,/kaggle/input/datasets/denizkavi1/brain-tumor/2/1177.png,glioma
near,5,/kaggle/input/datasets/denizkavi1/brain-tumor/2/1160.png,glioma,/kaggle/input/datasets/denizkavi1/brain-tumor/2/529.png,glioma
near,6,/kaggle/input/datasets/denizkavi1/brain-tumor/2/1160.png,glioma,/kaggle/input/datasets/denizkavi1/brain-tumor/1/2939.png,meningioma
near,2,/kaggle/input/datasets/denizkavi1/brain-tumor/2/1161.png,glioma,/kaggle/input/datasets/denizkavi1/brain-tumor/2/1175.png,glioma
near,5,/kaggle/input/datasets/denizkavi1/brain-tumor/2/1161.png,glioma,/kaggle/input/datasets/denizkavi1/brain-tumor/2/1185.png,glioma
near,6,/kaggle/input/datasets/denizkavi1/brain-tumor/2/1161.png,glioma,/kaggle/input/datasets/denizkavi1/brain-tumor/2/1294.png,glioma
near,6,/kaggle/input/datasets/denizkavi1/brain-tumor/2/1161.png,glioma,/kaggle/input/datasets/denizkavi1/brain-tumor/2/1316.png,glioma
near,6,/kaggle/input/datasets/denizkavi1/brain-tumor/2/1161.png,glioma,/kaggle/input/datasets/denizkavi1/brain-tumor/2/1340.png,glioma
near,6,/kaggle/input/datasets/denizkavi1/brain-tumor/2/1162.png,glioma,/kaggle/input/datasets/denizkavi1/brain-tumor/1/2776.png,meningioma
near,6,/kaggle/input/datasets/denizkavi1/brain-tumor/2/1162.png,glioma,/kaggle/input/datasets/denizkavi1/brain-tumor/1/2792.png,meningioma
near,5,/kaggle/input/datasets/denizkavi1/brain-tumor/2/1162.png,glioma,/kaggle/input/datasets/denizkavi1/brain-tumor/1/2904.png,meningioma
near,6,/kaggle/input/datasets/denizkavi1/brain-tumor/2/1162.png,glioma,/kaggle/input/datasets/denizkavi1/brain-tumor/1/3001.png,meningioma
near,4,/kaggle/input/datasets/denizkavi1/brain-tumor/2/1163.png,glioma,/kaggle/input/datasets/denizkavi1/brain-tumor/2/1168.png,glioma
near,6,/kaggle/input/datasets/denizkavi1/brain-tumor/2/1163.png,glioma,/kaggle/input/datasets/denizkavi1/brain-tumor/2/1171.png,glioma
near,3,/kaggle/input/datasets/denizkavi1/brain-tumor/2/1163.png,glioma,/kaggle/input/datasets/denizkavi1/brain-tumor/2/1174.png,glioma
near,6,/kaggle/input/datasets/denizkavi1/brain-tumor/2/1164.png,glioma,/kaggle/input/datasets/denizkavi1/brain-tumor/2/1169.png,glioma
near,6,/kaggle/input/datasets/denizkavi1/brain-tumor/2/1164.png,glioma,/kaggle/input/datasets/denizkavi1/brain-tumor/2/1176.png,glioma
near,4,/kaggle/input/datasets/denizkavi1/brain-tumor/2/1165.png,glioma,/kaggle/input/datasets/denizkavi1/brain-tumor/2/1167.png,glioma
near,6,/kaggle/input/datasets/denizkavi1/brain-tumor/2/1166.png,glioma,/kaggle/input/datasets/denizkavi1/brain-tumor/2/1176.png,glioma
near,3,/kaggle/input/datasets/denizkavi1/brain-tumor/2/1168.png,glioma,/kaggle/input/datasets/denizkavi1/brain-tumor/2/1174.png,glioma
near,6,/kaggle/input/datasets/denizkavi1/brain-tumor/2/1169.png,glioma,/kaggle/input/datasets/denizkavi1/brain-tumor/2/1311.png,glioma
near,6,/kaggle/input/datasets/denizkavi1/brain-tumor/2/1169.png,glioma,/kaggle/input/datasets/denizkavi1/brain-tumor/1/2770.png,meningioma
near,6,/kaggle/input/datasets/denizkavi1/brain-tumor/2/117.png,glioma,/kaggle/input/datasets/denizkavi1/brain-tumor/2/129.png,glioma
near,3,/kaggle/input/datasets/denizkavi1/brain-tumor/2/1171.png,glioma,/kaggle/input/datasets/denizkavi1/brain-tumor/2/1179.png,glioma
near,6,/kaggle/input/datasets/denizkavi1/brain-tumor/2/1173.png,glioma,/kaggle/input/datasets/denizkavi1/brain-tumor/1/2776.png,meningioma
near,6,/kaggle/input/datasets/denizkavi1/brain-tumor/2/1173.png,glioma,/kaggle/input/datasets/denizkavi1/brain-tumor/1/2792.png,meningioma
near,5,/kaggle/input/datasets/denizkavi1/brain-tumor/2/1173.png,glioma,/kaggle/input/datasets/denizkavi1/brain-tumor/1/2904.png,meningioma
near,6,/kaggle/input/datasets/denizkavi1/brain-tumor/2/1173.png,glioma,/kaggle/input/datasets/denizkavi1/brain-tumor/1/3001.png,meningioma
near,6,/kaggle/input/datasets/denizkavi1/brain-tumor/2/1177.png,glioma,/kaggle/input/datasets/denizkavi1/brain-tumor/1/2776.png,meningioma
near,6,/kaggle/input/datasets/denizkavi1/brain-tumor/2/1177.png,glioma,/kaggle/input/datasets/denizkavi1/brain-tumor/1/2792.png,meningioma
near,5,/kaggle/input/datasets/denizkavi1/brain-tumor/2/1177.png,glioma,/kaggle/input/datasets/denizkavi1/brain-tumor/1/2904.png,meningioma
near,6,/kaggle/input/datasets/denizkavi1/brain-tumor/2/1177.png,glioma,/kaggle/input/datasets/denizkavi1/brain-tumor/1/3001.png,meningioma
near,4,/kaggle/input/datasets/denizkavi1/brain-tumor/2/1178.png,glioma,/kaggle/input/datasets/denizkavi1/brain-tumor/2/1190.png,glioma
near,6,/kaggle/input/datasets/denizkavi1/brain-tumor/2/118.png,glioma,/kaggle/input/datasets/denizkavi1/brain-tumor/2/141.png,glioma
near,5,/kaggle/input/datasets/denizkavi1/brain-tumor/2/1180.png,glioma,/kaggle/input/datasets/denizkavi1/brain-tumor/2/1199.png,glioma
near,4,/kaggle/input/datasets/denizkavi1/brain-tumor/2/1182.png,glioma,/kaggle/input/datasets/denizkavi1/brain-tumor/2/1203.png,glioma
near,4,/kaggle/input/datasets/denizkavi1/brain-tumor/2/1183.png,glioma,/kaggle/input/datasets/denizkavi1/brain-tumor/2/1198.png,glioma
near,6,/kaggle/input/datasets/denizkavi1/brain-tumor/2/1184.png,glioma,/kaggle/input/datasets/denizkavi1/brain-tumor/2/1192.png,glioma
near,4,/kaggle/input/datasets/denizkavi1/brain-tumor/2/1184.png,glioma,/kaggle/input/datasets/denizkavi1/brain-tumor/2/1193.png,glioma
near,4,/kaggle/input/datasets/denizkavi1/brain-tumor/2/1184.png,glioma,/kaggle/input/datasets/denizkavi1/brain-tumor/2/1194.png,glioma
near,2,/kaggle/input/datasets/denizkavi1/brain-tumor/2/1184.png,glioma,/kaggle/input/datasets/denizkavi1/brain-tumor/2/1200.png,glioma
near,2,/kaggle/input/datasets/denizkavi1/brain-tumor/2/1184.png,glioma,/kaggle/input/datasets/denizkavi1/brain-tumor/2/1214.png,glioma
near,5,/kaggle/input/datasets/denizkavi1/brain-tumor/2/1184.png,glioma,/kaggle/input/datasets/denizkavi1/brain-tumor/2/1289.png,glioma
near,5,/kaggle/input/datasets/denizkavi1/brain-tumor/2/1184.png,glioma,/kaggle/input/datasets/denizkavi1/brain-tumor/2/1294.png,glioma
near,3,/kaggle/input/datasets/denizkavi1/brain-tumor/2/1184.png,glioma,/kaggle/input/datasets/denizkavi1/brain-tumor/2/1316.png,glioma
near,5,/kaggle/input/datasets/denizkavi1/brain-tumor/2/1184.png,glioma,/kaggle/input/datasets/denizkavi1/brain-tumor/2/1340.png,glioma
near,4,/kaggle/input/datasets/denizkavi1/brain-tumor/2/1185.png,glioma,/kaggle/input/datasets/denizkavi1/brain-tumor/2/1194.png,glioma
near,6,/kaggle/input/datasets/denizkavi1/brain-tumor/2/1185.png,glioma,/kaggle/input/datasets/denizkavi1/brain-tumor/2/1195.png,glioma
near,5,/kaggle/input/datasets/denizkavi1/brain-tumor/2/1185.png,glioma,/kaggle/input/datasets/denizkavi1/brain-tumor/2/1316.png,glioma
near,3,/kaggle/input/datasets/denizkavi1/brain-tumor/2/1185.png,glioma,/kaggle/input/datasets/denizkavi1/brain-tumor/2/1340.png,glioma
near,6,/kaggle/input/datasets/denizkavi1/brain-tumor/2/1187.png,glioma,/kaggle/input/datasets/denizkavi1/brain-tumor/2/1208.png,glioma
near,4,/kaggle/input/datasets/denizkavi1/brain-tumor/2/1189.png,glioma,/kaggle/input/datasets/denizkavi1/brain-tumor/2/1195.png,glioma
near,5,/kaggle/input/datasets/denizkavi1/brain-tumor/2/119.png,glioma,/kaggle/input/datasets/denizkavi1/brain-tumor/2/144.png,glioma
near,2,/kaggle/input/datasets/denizkavi1/brain-tumor/2/1192.png,glioma,/kaggle/input/datasets/denizkavi1/brain-tumor/2/1193.png,glioma
near,4,/kaggle/input/datasets/denizkavi1/brain-tumor/2/1192.png,glioma,/kaggle/input/datasets/denizkavi1/brain-tumor/2/1200.png,glioma
near,3,/kaggle/input/datasets/denizkavi1/brain-tumor/2/1192.png,glioma,/kaggle/input/datasets/denizkavi1/brain-tumor/2/1202.png,glioma
near,6,/kaggle/input/datasets/denizkavi1/brain-tumor/2/1192.png,glioma,/kaggle/input/datasets/denizkavi1/brain-tumor/2/1207.png,glioma
near,6,/kaggle/input/datasets/denizkavi1/brain-tumor/2/1192.png,glioma,/kaggle/input/datasets/denizkavi1/brain-tumor/2/1214.png,glioma
near,5,/kaggle/input/datasets/denizkavi1/brain-tumor/2/1192.png,glioma,/kaggle/input/datasets/denizkavi1/brain-tumor/2/1289.png,glioma
near,5,/kaggle/input/datasets/denizkavi1/brain-tumor/2/1192.png,glioma,/kaggle/input/datasets/denizkavi1/brain-tumor/2/1294.png,glioma
near,2,/kaggle/input/datasets/denizkavi1/brain-tumor/2/1193.png,glioma,/kaggle/input/datasets/denizkavi1/brain-tumor/2/1200.png,glioma
near,3,/kaggle/input/datasets/denizkavi1/brain-tumor/2/1193.png,glioma,/kaggle/input/datasets/denizkavi1/brain-tumor/2/1202.png,glioma
near,4,/kaggle/input/datasets/denizkavi1/brain-tumor/2/1193.png,glioma,/kaggle/input/datasets/denizkavi1/brain-tumor/2/1207.png,glioma
near,4,/kaggle/input/datasets/denizkavi1/brain-tumor/2/1193.png,glioma,/kaggle/input/datasets/denizkavi1/brain-tumor/2/1214.png,glioma
near,6,/kaggle/input/datasets/denizkavi1/brain-tumor/2/1193.png,glioma,/kaggle/input/datasets/denizkavi1/brain-tumor/2/43.png,glioma
near,6,/kaggle/input/datasets/denizkavi1/brain-tumor/2/1194.png,glioma,/kaggle/input/datasets/denizkavi1/brain-tumor/2/1200.png,glioma
near,4,/kaggle/input/datasets/denizkavi1/brain-tumor/2/1194.png,glioma,/kaggle/input/datasets/denizkavi1/brain-tumor/2/1207.png,glioma
near,6,/kaggle/input/datasets/denizkavi1/brain-tumor/2/1194.png,glioma,/kaggle/input/datasets/denizkavi1/brain-tumor/2/1214.png,glioma
near,5,/kaggle/input/datasets/denizkavi1/brain-tumor/2/1194.png,glioma,/kaggle/input/datasets/denizkavi1/brain-tumor/2/1294.png,glioma
near,3,/kaggle/input/datasets/denizkavi1/brain-tumor/2/1194.png,glioma,/kaggle/input/datasets/denizkavi1/brain-tumor/2/1316.png,glioma
near,1,/kaggle/input/datasets/denizkavi1/brain-tumor/2/1194.png,glioma,/kaggle/input/datasets/denizkavi1/brain-tumor/2/1340.png,glioma
near,6,/kaggle/input/datasets/denizkavi1/brain-tumor/2/1194.png,glioma,/kaggle/input/datasets/denizkavi1/brain-tumor/2/467.png,glioma
near,6,/kaggle/input/datasets/denizkavi1/brain-tumor/2/1196.png,glioma,/kaggle/input/datasets/denizkavi1/brain-tumor/2/1203.png,glioma
near,6,/kaggle/input/datasets/denizkavi1/brain-tumor/2/1198.png,glioma,/kaggle/input/datasets/denizkavi1/brain-tumor/2/646.png,glioma
near,6,/kaggle/input/datasets/denizkavi1/brain-tumor/2/12.png,glioma,/kaggle/input/datasets/denizkavi1/brain-tumor/2/2.png,glioma
near,5,/kaggle/input/datasets/denizkavi1/brain-tumor/2/1200.png,glioma,/kaggle/input/datasets/denizkavi1/brain-tumor/2/1202.png,glioma
near,2,/kaggle/input/datasets/denizkavi1/brain-tumor/2/1200.png,glioma,/kaggle/input/datasets/denizkavi1/brain-tumor/2/1207.png,glioma
near,4,/kaggle/input/datasets/denizkavi1/brain-tumor/2/1200.png,glioma,/kaggle/input/datasets/denizkavi1/brain-tumor/2/1214.png,glioma
near,5,/kaggle/input/datasets/denizkavi1/brain-tumor/2/1200.png,glioma,/kaggle/input/datasets/denizkavi1/brain-tumor/2/1289.png,glioma
near,5,/kaggle/input/datasets/denizkavi1/brain-tumor/2/1200.png,glioma,/kaggle/input/datasets/denizkavi1/brain-tumor/2/1294.png,glioma
near,5,/kaggle/input/datasets/denizkavi1/brain-tumor/2/1200.png,glioma,/kaggle/input/datasets/denizkavi1/brain-tumor/2/1316.png,glioma
near,6,/kaggle/input/datasets/denizkavi1/brain-tumor/2/1201.png,glioma,/kaggle/input/datasets/denizkavi1/brain-tumor/2/473.png,glioma
near,6,/kaggle/input/datasets/denizkavi1/brain-tumor/2/1201.png,glioma,/kaggle/input/datasets/denizkavi1/brain-tumor/1/2903.png,meningioma
near,5,/kaggle/input/datasets/denizkavi1/brain-tumor/2/1204.png,glioma,/kaggle/input/datasets/denizkavi1/brain-tumor/2/1211.png,glioma
near,2,/kaggle/input/datasets/denizkavi1/brain-tumor/2/1207.png,glioma,/kaggle/input/datasets/denizkavi1/brain-tumor/2/1214.png,glioma
near,5,/kaggle/input/datasets/denizkavi1/brain-tumor/2/1207.png,glioma,/kaggle/input/datasets/denizkavi1/brain-tumor/2/1289.png,glioma
near,5,/kaggle/input/datasets/denizkavi1/brain-tumor/2/1207.png,glioma,/kaggle/input/datasets/denizkavi1/brain-tumor/2/1294.png,glioma
near,3,/kaggle/input/datasets/denizkavi1/brain-tumor/2/1207.png,glioma,/kaggle/input/datasets/denizkavi1/brain-tumor/2/1316.png,glioma
near,5,/kaggle/input/datasets/denizkavi1/brain-tumor/2/1207.png,glioma,/kaggle/input/datasets/denizkavi1/brain-tumor/2/1340.png,glioma
near,5,/kaggle/input/datasets/denizkavi1/brain-tumor/2/121.png,glioma,/kaggle/input/datasets/denizkavi1/brain-tumor/1/2457.png,meningioma
near,5,/kaggle/input/datasets/denizkavi1/brain-tumor/2/1214.png,glioma,/kaggle/input/datasets/denizkavi1/brain-tumor/2/1316.png,glioma
near,2,/kaggle/input/datasets/denizkavi1/brain-tumor/2/1215.png,glioma,/kaggle/input/datasets/denizkavi1/brain-tumor/2/1231.png,glioma
near,5,/kaggle/input/datasets/denizkavi1/brain-tumor/2/1215.png,glioma,/kaggle/input/datasets/denizkavi1/brain-tumor/2/504.png,glioma
near,5,/kaggle/input/datasets/denizkavi1/brain-tumor/2/1215.png,glioma,/kaggle/input/datasets/denizkavi1/brain-tumor/2/546.png,glioma
near,4,/kaggle/input/datasets/denizkavi1/brain-tumor/2/1215.png,glioma,/kaggle/input/datasets/denizkavi1/brain-tumor/2/555.png,glioma
near,5,/kaggle/input/datasets/denizkavi1/brain-tumor/2/1215.png,glioma,/kaggle/input/datasets/denizkavi1/brain-tumor/2/562.png,glioma
near,3,/kaggle/input/datasets/denizkavi1/brain-tumor/2/1215.png,glioma,/kaggle/input/datasets/denizkavi1/brain-tumor/1/2857.png,meningioma
near,6,/kaggle/input/datasets/denizkavi1/brain-tumor/2/1215.png,glioma,/kaggle/input/datasets/denizkavi1/brain-tumor/1/2867.png,meningioma
near,3,/kaggle/input/datasets/denizkavi1/brain-tumor/2/1215.png,glioma,/kaggle/input/datasets/denizkavi1/brain-tumor/1/2874.png,meningioma
near,1,/kaggle/input/datasets/denizkavi1/brain-tumor/2/1216.png,glioma,/kaggle/input/datasets/denizkavi1/brain-tumor/2/1232.png,glioma
near,5,/kaggle/input/datasets/denizkavi1/brain-tumor/2/1216.png,glioma,/kaggle/input/datasets/denizkavi1/brain-tumor/2/1251.png,glioma
near,5,/kaggle/input/datasets/denizkavi1/brain-tumor/2/1218.png,glioma,/kaggle/input/datasets/denizkavi1/brain-tumor/2/1228.png,glioma
near,6,/kaggle/input/datasets/denizkavi1/brain-tumor/2/1218.png,glioma,/kaggle/input/datasets/denizkavi1/brain-tumor/2/1232.png,glioma
near,5,/kaggle/input/datasets/denizkavi1/brain-tumor/2/122.png,glioma,/kaggle/input/datasets/denizkavi1/brain-tumor/2/128.png,glioma
near,4,/kaggle/input/datasets/denizkavi1/brain-tumor/2/1220.png,glioma,/kaggle/input/datasets/denizkavi1/brain-tumor/2/1228.png,glioma
near,6,/kaggle/input/datasets/denizkavi1/brain-tumor/2/1220.png,glioma,/kaggle/input/datasets/denizkavi1/brain-tumor/1/2345.png,meningioma
near,4,/kaggle/input/datasets/denizkavi1/brain-tumor/2/1221.png,glioma,/kaggle/input/datasets/denizkavi1/brain-tumor/2/1250.png,glioma
near,6,/kaggle/input/datasets/denizkavi1/brain-tumor/2/1222.png,glioma,/kaggle/input/datasets/denizkavi1/brain-tumor/2/1247.png,glioma
near,6,/kaggle/input/datasets/denizkavi1/brain-tumor/2/1223.png,glioma,/kaggle/input/datasets/denizkavi1/brain-tumor/2/1242.png,glioma
near,6,/kaggle/input/datasets/denizkavi1/brain-tumor/2/1224.png,glioma,/kaggle/input/datasets/denizkavi1/brain-tumor/2/1229.png,glioma
near,4,/kaggle/input/datasets/denizkavi1/brain-tumor/2/1224.png,glioma,/kaggle/input/datasets/denizkavi1/brain-tumor/2/1230.png,glioma
near,4,/kaggle/input/datasets/denizkavi1/brain-tumor/2/1224.png,glioma,/kaggle/input/datasets/denizkavi1/brain-tumor/2/1252.png,glioma
near,4,/kaggle/input/datasets/denizkavi1/brain-tumor/2/1225.png,glioma,/kaggle/input/datasets/denizkavi1/brain-tumor/2/1234.png,glioma
near,6,/kaggle/input/datasets/denizkavi1/brain-tumor/2/1225.png,glioma,/kaggle/input/datasets/denizkavi1/brain-tumor/2/1249.png,glioma
near,4,/kaggle/input/datasets/denizkavi1/brain-tumor/2/1227.png,glioma,/kaggle/input/datasets/denizkavi1/brain-tumor/2/1242.png,glioma
near,2,/kaggle/input/datasets/denizkavi1/brain-tumor/2/1229.png,glioma,/kaggle/input/datasets/denizkavi1/brain-tumor/2/1230.png,glioma
near,6,/kaggle/input/datasets/denizkavi1/brain-tumor/2/1229.png,glioma,/kaggle/input/datasets/denizkavi1/brain-tumor/2/1233.png,glioma
near,5,/kaggle/input/datasets/denizkavi1/brain-tumor/2/1229.png,glioma,/kaggle/input/datasets/denizkavi1/brain-tumor/1/2772.png,meningioma
near,4,/kaggle/input/datasets/denizkavi1/brain-tumor/2/1230.png,glioma,/kaggle/input/datasets/denizkavi1/brain-tumor/2/1233.png,glioma
near,6,/kaggle/input/datasets/denizkavi1/brain-tumor/2/1230.png,glioma,/kaggle/input/datasets/denizkavi1/brain-tumor/2/1252.png,glioma
near,6,/kaggle/input/datasets/denizkavi1/brain-tumor/2/1230.png,glioma,/kaggle/input/datasets/denizkavi1/brain-tumor/2/1933.png,glioma
near,5,/kaggle/input/datasets/denizkavi1/brain-tumor/2/1231.png,glioma,/kaggle/input/datasets/denizkavi1/brain-tumor/2/546.png,glioma
near,4,/kaggle/input/datasets/denizkavi1/brain-tumor/2/1231.png,glioma,/kaggle/input/datasets/denizkavi1/brain-tumor/2/555.png,glioma
near,5,/kaggle/input/datasets/denizkavi1/brain-tumor/2/1231.png,glioma,/kaggle/input/datasets/denizkavi1/brain-tumor/2/669.png,glioma
near,3,/kaggle/input/datasets/denizkavi1/brain-tumor/2/1231.png,glioma,/kaggle/input/datasets/denizkavi1/brain-tumor/1/2857.png,meningioma
near,6,/kaggle/input/datasets/denizkavi1/brain-tumor/2/1231.png,glioma,/kaggle/input/datasets/denizkavi1/brain-tumor/1/2867.png,meningioma
near,3,/kaggle/input/datasets/denizkavi1/brain-tumor/2/1231.png,glioma,/kaggle/input/datasets/denizkavi1/brain-tumor/1/2874.png,meningioma
near,4,/kaggle/input/datasets/denizkavi1/brain-tumor/2/1232.png,glioma,/kaggle/input/datasets/denizkavi1/brain-tumor/2/1251.png,glioma
near,6,/kaggle/input/datasets/denizkavi1/brain-tumor/2/1232.png,glioma,/kaggle/input/datasets/denizkavi1/brain-tumor/2/677.png,glioma
near,4,/kaggle/input/datasets/denizkavi1/brain-tumor/2/1233.png,glioma,/kaggle/input/datasets/denizkavi1/brain-tumor/2/1252.png,glioma
near,6,/kaggle/input/datasets/denizkavi1/brain-tumor/2/1235.png,glioma,/kaggle/input/datasets/denizkavi1/brain-tumor/1/2875.png,meningioma
near,4,/kaggle/input/datasets/denizkavi1/brain-tumor/2/1236.png,glioma,/kaggle/input/datasets/denizkavi1/brain-tumor/2/1239.png,glioma
near,4,/kaggle/input/datasets/denizkavi1/brain-tumor/2/1237.png,glioma,/kaggle/input/datasets/denizkavi1/brain-tumor/2/1245.png,glioma
near,5,/kaggle/input/datasets/denizkavi1/brain-tumor/2/1238.png,glioma,/kaggle/input/datasets/denizkavi1/brain-tumor/2/1252.png,glioma
near,6,/kaggle/input/datasets/denizkavi1/brain-tumor/2/124.png,glioma,/kaggle/input/datasets/denizkavi1/brain-tumor/2/142.png,glioma
near,6,/kaggle/input/datasets/denizkavi1/brain-tumor/2/124.png,glioma,/kaggle/input/datasets/denizkavi1/brain-tumor/2/201.png,glioma
near,6,/kaggle/input/datasets/denizkavi1/brain-tumor/2/124.png,glioma,/kaggle/input/datasets/denizkavi1/brain-tumor/2/245.png,glioma
near,6,/kaggle/input/datasets/denizkavi1/brain-tumor/2/124.png,glioma,/kaggle/input/datasets/denizkavi1/brain-tumor/2/259.png,glioma
near,6,/kaggle/input/datasets/denizkavi1/brain-tumor/2/124.png,glioma,/kaggle/input/datasets/denizkavi1/brain-tumor/2/403.png,glioma
near,6,/kaggle/input/datasets/denizkavi1/brain-tumor/2/124.png,glioma,/kaggle/input/datasets/denizkavi1/brain-tumor/2/442.png,glioma
near,6,/kaggle/input/datasets/denizkavi1/brain-tumor/2/124.png,glioma,/kaggle/input/datasets/denizkavi1/brain-tumor/1/2515.png,meningioma
near,4,/kaggle/input/datasets/denizkavi1/brain-tumor/2/124.png,glioma,/kaggle/input/datasets/denizkavi1/brain-tumor/1/2520.png,meningioma
near,4,/kaggle/input/datasets/denizkavi1/brain-tumor/2/124.png,glioma,/kaggle/input/datasets/denizkavi1/brain-tumor/1/2525.png,meningioma
near,6,/kaggle/input/datasets/denizkavi1/brain-tumor/2/124.png,glioma,/kaggle/input/datasets/denizkavi1/brain-tumor/1/2626.png,meningioma
near,6,/kaggle/input/datasets/denizkavi1/brain-tumor/2/124.png,glioma,/kaggle/input/datasets/denizkavi1/brain-tumor/1/2629.png,meningioma
near,4,/kaggle/input/datasets/denizkavi1/brain-tumor/2/1244.png,glioma,/kaggle/input/datasets/denizkavi1/brain-tumor/2/1269.png,glioma
near,2,/kaggle/input/datasets/denizkavi1/brain-tumor/2/1244.png,glioma,/kaggle/input/datasets/denizkavi1/brain-tumor/2/1278.png,glioma
near,2,/kaggle/input/datasets/denizkavi1/brain-tumor/2/1244.png,glioma,/kaggle/input/datasets/denizkavi1/brain-tumor/2/1283.png,glioma
near,4,/kaggle/input/datasets/denizkavi1/brain-tumor/2/125.png,glioma,/kaggle/input/datasets/denizkavi1/brain-tumor/2/138.png,glioma
near,6,/kaggle/input/datasets/denizkavi1/brain-tumor/2/1251.png,glioma,/kaggle/input/datasets/denizkavi1/brain-tumor/2/677.png,glioma
near,2,/kaggle/input/datasets/denizkavi1/brain-tumor/2/1256.png,glioma,/kaggle/input/datasets/denizkavi1/brain-tumor/2/1261.png,glioma
near,2,/kaggle/input/datasets/denizkavi1/brain-tumor/2/1256.png,glioma,/kaggle/input/datasets/denizkavi1/brain-tumor/2/1262.png,glioma
near,5,/kaggle/input/datasets/denizkavi1/brain-tumor/2/1256.png,glioma,/kaggle/input/datasets/denizkavi1/brain-tumor/2/1360.png,glioma
near,6,/kaggle/input/datasets/denizkavi1/brain-tumor/2/1256.png,glioma,/kaggle/input/datasets/denizkavi1/brain-tumor/2/559.png,glioma
near,6,/kaggle/input/datasets/denizkavi1/brain-tumor/2/1256.png,glioma,/kaggle/input/datasets/denizkavi1/brain-tumor/2/722.png,glioma
near,4,/kaggle/input/datasets/denizkavi1/brain-tumor/2/1258.png,glioma,/kaggle/input/datasets/denizkavi1/brain-tumor/2/1259.png,glioma
near,5,/kaggle/input/datasets/denizkavi1/brain-tumor/2/1258.png,glioma,/kaggle/input/datasets/denizkavi1/brain-tumor/2/1266.png,glioma
near,6,/kaggle/input/datasets/denizkavi1/brain-tumor/2/1259.png,glioma,/kaggle/input/datasets/denizkavi1/brain-tumor/2/1273.png,glioma
near,6,/kaggle/input/datasets/denizkavi1/brain-tumor/2/126.png,glioma,/kaggle/input/datasets/denizkavi1/brain-tumor/2/239.png,glioma
near,6,/kaggle/input/datasets/denizkavi1/brain-tumor/2/126.png,glioma,/kaggle/input/datasets/denizkavi1/brain-tumor/2/252.png,glioma
near,6,/kaggle/input/datasets/denizkavi1/brain-tumor/2/126.png,glioma,/kaggle/input/datasets/denizkavi1/brain-tumor/2/264.png,glioma
near,6,/kaggle/input/datasets/denizkavi1/brain-tumor/2/126.png,glioma,/kaggle/input/datasets/denizkavi1/brain-tumor/2/266.png,glioma
near,6,/kaggle/input/datasets/denizkavi1/brain-tumor/2/126.png,glioma,/kaggle/input/datasets/denizkavi1/brain-tumor/2/296.png,glioma
near,6,/kaggle/input/datasets/denizkavi1/brain-tumor/2/126.png,glioma,/kaggle/input/datasets/denizkavi1/brain-tumor/2/429.png,glioma
near,5,/kaggle/input/datasets/denizkavi1/brain-tumor/2/126.png,glioma,/kaggle/input/datasets/denizkavi1/brain-tumor/2/435.png,glioma
near,6,/kaggle/input/datasets/denizkavi1/brain-tumor/2/126.png,glioma,/kaggle/input/datasets/denizkavi1/brain-tumor/2/436.png,glioma
near,6,/kaggle/input/datasets/denizkavi1/brain-tumor/2/126.png,glioma,/kaggle/input/datasets/denizkavi1/brain-tumor/2/438.png,glioma
near,6,/kaggle/input/datasets/denizkavi1/brain-tumor/2/126.png,glioma,/kaggle/input/datasets/denizkavi1/brain-tumor/2/860.png,glioma
near,5,/kaggle/input/datasets/denizkavi1/brain-tumor/2/126.png,glioma,/kaggle/input/datasets/denizkavi1/brain-tumor/1/2550.png,meningioma
near,6,/kaggle/input/datasets/denizkavi1/brain-tumor/2/126.png,glioma,/kaggle/input/datasets/denizkavi1/brain-tumor/1/2679.png,meningioma
near,6,/kaggle/input/datasets/denizkavi1/brain-tumor/2/126.png,glioma,/kaggle/input/datasets/denizkavi1/brain-tumor/1/2684.png,meningioma
near,6,/kaggle/input/datasets/denizkavi1/brain-tumor/2/126.png,glioma,/kaggle/input/datasets/denizkavi1/brain-tumor/1/2694.png,meningioma
near,4,/kaggle/input/datasets/denizkavi1/brain-tumor/2/1261.png,glioma,/kaggle/input/datasets/denizkavi1/brain-tumor/2/1262.png,glioma
near,6,/kaggle/input/datasets/denizkavi1/brain-tumor/2/1261.png,glioma,/kaggle/input/datasets/denizkavi1/brain-tumor/2/722.png,glioma
near,5,/kaggle/input/datasets/denizkavi1/brain-tumor/2/1262.png,glioma,/kaggle/input/datasets/denizkavi1/brain-tumor/2/1360.png,glioma
near,4,/kaggle/input/datasets/denizkavi1/brain-tumor/2/1262.png,glioma,/kaggle/input/datasets/denizkavi1/brain-tumor/2/559.png,glioma
near,5,/kaggle/input/datasets/denizkavi1/brain-tumor/2/1262.png,glioma,/kaggle/input/datasets/denizkavi1/brain-tumor/2/646.png,glioma
near,6,/kaggle/input/datasets/denizkavi1/brain-tumor/2/1262.png,glioma,/kaggle/input/datasets/denizkavi1/brain-tumor/2/722.png,glioma
near,4,/kaggle/input/datasets/denizkavi1/brain-tumor/2/1269.png,glioma,/kaggle/input/datasets/denizkavi1/brain-tumor/2/1278.png,glioma
near,4,/kaggle/input/datasets/denizkavi1/brain-tumor/2/1269.png,glioma,/kaggle/input/datasets/denizkavi1/brain-tumor/2/1283.png,glioma
near,4,/kaggle/input/datasets/denizkavi1/brain-tumor/2/1272.png,glioma,/kaggle/input/datasets/denizkavi1/brain-tumor/2/1282.png,glioma
near,6,/kaggle/input/datasets/denizkavi1/brain-tumor/2/1275.png,glioma,/kaggle/input/datasets/denizkavi1/brain-tumor/2/1285.png,glioma
near,2,/kaggle/input/datasets/denizkavi1/brain-tumor/2/1278.png,glioma,/kaggle/input/datasets/denizkavi1/brain-tumor/2/1283.png,glioma
near,4,/kaggle/input/datasets/denizkavi1/brain-tumor/2/1284.png,glioma,/kaggle/input/datasets/denizkavi1/brain-tumor/2/1292.png,glioma
near,4,/kaggle/input/datasets/denizkavi1/brain-tumor/2/1284.png,glioma,/kaggle/input/datasets/denizkavi1/brain-tumor/2/1307.png,glioma
near,6,/kaggle/input/datasets/denizkavi1/brain-tumor/2/1284.png,glioma,/kaggle/input/datasets/denizkavi1/brain-tumor/2/1311.png,glioma
near,6,/kaggle/input/datasets/denizkavi1/brain-tumor/2/1284.png,glioma,/kaggle/input/datasets/denizkavi1/brain-tumor/1/2807.png,meningioma
near,4,/kaggle/input/datasets/denizkavi1/brain-tumor/2/1286.png,glioma,/kaggle/input/datasets/denizkavi1/brain-tumor/2/1312.png,glioma
near,3,/kaggle/input/datasets/denizkavi1/brain-tumor/2/1287.png,glioma,/kaggle/input/datasets/denizkavi1/brain-tumor/2/1297.png,glioma
near,6,/kaggle/input/datasets/denizkavi1/brain-tumor/2/1287.png,glioma,/kaggle/input/datasets/denizkavi1/brain-tumor/2/1323.png,glioma
near,5,/kaggle/input/datasets/denizkavi1/brain-tumor/2/1287.png,glioma,/kaggle/input/datasets/denizkavi1/brain-tumor/2/1326.png,glioma
near,6,/kaggle/input/datasets/denizkavi1/brain-tumor/2/1288.png,glioma,/kaggle/input/datasets/denizkavi1/brain-tumor/2/1298.png,glioma
near,5,/kaggle/input/datasets/denizkavi1/brain-tumor/2/1288.png,glioma,/kaggle/input/datasets/denizkavi1/brain-tumor/2/1305.png,glioma
near,5,/kaggle/input/datasets/denizkavi1/brain-tumor/2/1288.png,glioma,/kaggle/input/datasets/denizkavi1/brain-tumor/2/1319.png,glioma
near,2,/kaggle/input/datasets/denizkavi1/brain-tumor/2/1288.png,glioma,/kaggle/input/datasets/denizkavi1/brain-tumor/2/1322.png,glioma
near,5,/kaggle/input/datasets/denizkavi1/brain-tumor/2/1288.png,glioma,/kaggle/input/datasets/denizkavi1/brain-tumor/2/1324.png,glioma
near,2,/kaggle/input/datasets/denizkavi1/brain-tumor/2/1289.png,glioma,/kaggle/input/datasets/denizkavi1/brain-tumor/2/1294.png,glioma
near,4,/kaggle/input/datasets/denizkavi1/brain-tumor/2/1289.png,glioma,/kaggle/input/datasets/denizkavi1/brain-tumor/2/1316.png,glioma
near,6,/kaggle/input/datasets/denizkavi1/brain-tumor/2/1289.png,glioma,/kaggle/input/datasets/denizkavi1/brain-tumor/2/1340.png,glioma
near,6,/kaggle/input/datasets/denizkavi1/brain-tumor/2/1290.png,glioma,/kaggle/input/datasets/denizkavi1/brain-tumor/2/510.png,glioma
near,4,/kaggle/input/datasets/denizkavi1/brain-tumor/2/1292.png,glioma,/kaggle/input/datasets/denizkavi1/brain-tumor/2/1307.png,glioma
near,6,/kaggle/input/datasets/denizkavi1/brain-tumor/2/1292.png,glioma,/kaggle/input/datasets/denizkavi1/brain-tumor/2/1320.png,glioma
near,4,/kaggle/input/datasets/denizkavi1/brain-tumor/2/1292.png,glioma,/kaggle/input/datasets/denizkavi1/brain-tumor/1/2807.png,meningioma
near,2,/kaggle/input/datasets/denizkavi1/brain-tumor/2/1294.png,glioma,/kaggle/input/datasets/denizkavi1/brain-tumor/2/1316.png,glioma
near,4,/kaggle/input/datasets/denizkavi1/brain-tumor/2/1294.png,glioma,/kaggle/input/datasets/denizkavi1/brain-tumor/2/1340.png,glioma
near,5,/kaggle/input/datasets/denizkavi1/brain-tumor/2/1295.png,glioma,/kaggle/input/datasets/denizkavi1/brain-tumor/2/1332.png,glioma
near,3,/kaggle/input/datasets/denizkavi1/brain-tumor/2/1296.png,glioma,/kaggle/input/datasets/denizkavi1/brain-tumor/2/1314.png,glioma
near,5,/kaggle/input/datasets/denizkavi1/brain-tumor/2/1297.png,glioma,/kaggle/input/datasets/denizkavi1/brain-tumor/2/1323.png,glioma
near,4,/kaggle/input/datasets/denizkavi1/brain-tumor/2/1297.png,glioma,/kaggle/input/datasets/denizkavi1/brain-tumor/2/1326.png,glioma
near,5,/kaggle/input/datasets/denizkavi1/brain-tumor/2/1298.png,glioma,/kaggle/input/datasets/denizkavi1/brain-tumor/2/1324.png,glioma
near,2,/kaggle/input/datasets/denizkavi1/brain-tumor/2/1299.png,glioma,/kaggle/input/datasets/denizkavi1/brain-tumor/2/1303.png,glioma
near,6,/kaggle/input/datasets/denizkavi1/brain-tumor/2/13.png,glioma,/kaggle/input/datasets/denizkavi1/brain-tumor/2/6.png,glioma
near,6,/kaggle/input/datasets/denizkavi1/brain-tumor/2/1300.png,glioma,/kaggle/input/datasets/denizkavi1/brain-tumor/2/1301.png,glioma
near,6,/kaggle/input/datasets/denizkavi1/brain-tumor/2/1302.png,glioma,/kaggle/input/datasets/denizkavi1/brain-tumor/2/1304.png,glioma
near,6,/kaggle/input/datasets/denizkavi1/brain-tumor/2/1303.png,glioma,/kaggle/input/datasets/denizkavi1/brain-tumor/2/1323.png,glioma
near,5,/kaggle/input/datasets/denizkavi1/brain-tumor/2/1303.png,glioma,/kaggle/input/datasets/denizkavi1/brain-tumor/2/1326.png,glioma
near,2,/kaggle/input/datasets/denizkavi1/brain-tumor/2/1305.png,glioma,/kaggle/input/datasets/denizkavi1/brain-tumor/2/1319.png,glioma
near,5,/kaggle/input/datasets/denizkavi1/brain-tumor/2/1305.png,glioma,/kaggle/input/datasets/denizkavi1/brain-tumor/2/1322.png,glioma
near,4,/kaggle/input/datasets/denizkavi1/brain-tumor/2/1305.png,glioma,/kaggle/input/datasets/denizkavi1/brain-tumor/2/1324.png,glioma
near,6,/kaggle/input/datasets/denizkavi1/brain-tumor/2/1307.png,glioma,/kaggle/input/datasets/denizkavi1/brain-tumor/2/1320.png,glioma
near,6,/kaggle/input/datasets/denizkavi1/brain-tumor/2/1307.png,glioma,/kaggle/input/datasets/denizkavi1/brain-tumor/1/2807.png,meningioma
near,6,/kaggle/input/datasets/denizkavi1/brain-tumor/2/1309.png,glioma,/kaggle/input/datasets/denizkavi1/brain-tumor/2/1317.png,glioma
near,6,/kaggle/input/datasets/denizkavi1/brain-tumor/2/131.png,glioma,/kaggle/input/datasets/denizkavi1/brain-tumor/1/2521.png,meningioma
near,6,/kaggle/input/datasets/denizkavi1/brain-tumor/2/1311.png,glioma,/kaggle/input/datasets/denizkavi1/brain-tumor/2/529.png,glioma
near,4,/kaggle/input/datasets/denizkavi1/brain-tumor/2/1315.png,glioma,/kaggle/input/datasets/denizkavi1/brain-tumor/2/1327.png,glioma
near,2,/kaggle/input/datasets/denizkavi1/brain-tumor/2/1316.png,glioma,/kaggle/input/datasets/denizkavi1/brain-tumor/2/1340.png,glioma
near,5,/kaggle/input/datasets/denizkavi1/brain-tumor/2/1319.png,glioma,/kaggle/input/datasets/denizkavi1/brain-tumor/2/1322.png,glioma
near,4,/kaggle/input/datasets/denizkavi1/brain-tumor/2/1319.png,glioma,/kaggle/input/datasets/denizkavi1/brain-tumor/2/1324.png,glioma
near,6,/kaggle/input/datasets/denizkavi1/brain-tumor/2/1320.png,glioma,/kaggle/input/datasets/denizkavi1/brain-tumor/2/1321.png,glioma
near,5,/kaggle/input/datasets/denizkavi1/brain-tumor/2/1320.png,glioma,/kaggle/input/datasets/denizkavi1/brain-tumor/1/2890.png,meningioma
near,5,/kaggle/input/datasets/denizkavi1/brain-tumor/2/1322.png,glioma,/kaggle/input/datasets/denizkavi1/brain-tumor/2/1324.png,glioma
near,6,/kaggle/input/datasets/denizkavi1/brain-tumor/2/1322.png,glioma,/kaggle/input/datasets/denizkavi1/brain-tumor/1/2866.png,meningioma
near,1,/kaggle/input/datasets/denizkavi1/brain-tumor/2/1323.png,glioma,/kaggle/input/datasets/denizkavi1/brain-tumor/2/1326.png,glioma
near,2,/kaggle/input/datasets/denizkavi1/brain-tumor/2/1330.png,glioma,/kaggle/input/datasets/denizkavi1/brain-tumor/2/1353.png,glioma
near,6,/kaggle/input/datasets/denizkavi1/brain-tumor/2/1330.png,glioma,/kaggle/input/datasets/denizkavi1/brain-tumor/2/1362.png,glioma
near,6,/kaggle/input/datasets/denizkavi1/brain-tumor/2/1334.png,glioma,/kaggle/input/datasets/denizkavi1/brain-tumor/2/1350.png,glioma
near,3,/kaggle/input/datasets/denizkavi1/brain-tumor/2/1334.png,glioma,/kaggle/input/datasets/denizkavi1/brain-tumor/2/1351.png,glioma
near,5,/kaggle/input/datasets/denizkavi1/brain-tumor/2/1334.png,glioma,/kaggle/input/datasets/denizkavi1/brain-tumor/2/1356.png,glioma
near,5,/kaggle/input/datasets/denizkavi1/brain-tumor/2/1336.png,glioma,/kaggle/input/datasets/denizkavi1/brain-tumor/2/1350.png,glioma
near,6,/kaggle/input/datasets/denizkavi1/brain-tumor/2/1336.png,glioma,/kaggle/input/datasets/denizkavi1/brain-tumor/2/1351.png,glioma
near,4,/kaggle/input/datasets/denizkavi1/brain-tumor/2/1336.png,glioma,/kaggle/input/datasets/denizkavi1/brain-tumor/2/1356.png,glioma
near,5,/kaggle/input/datasets/denizkavi1/brain-tumor/2/1337.png,glioma,/kaggle/input/datasets/denizkavi1/brain-tumor/2/1362.png,glioma
near,4,/kaggle/input/datasets/denizkavi1/brain-tumor/2/1338.png,glioma,/kaggle/input/datasets/denizkavi1/brain-tumor/2/1360.png,glioma
near,6,/kaggle/input/datasets/denizkavi1/brain-tumor/2/1340.png,glioma,/kaggle/input/datasets/denizkavi1/brain-tumor/2/2719.png,glioma
near,6,/kaggle/input/datasets/denizkavi1/brain-tumor/2/1344.png,glioma,/kaggle/input/datasets/denizkavi1/brain-tumor/2/1357.png,glioma
near,4,/kaggle/input/datasets/denizkavi1/brain-tumor/2/1344.png,glioma,/kaggle/input/datasets/denizkavi1/brain-tumor/2/1358.png,glioma
near,4,/kaggle/input/datasets/denizkavi1/brain-tumor/2/1346.png,glioma,/kaggle/input/datasets/denizkavi1/brain-tumor/2/1351.png,glioma
near,6,/kaggle/input/datasets/denizkavi1/brain-tumor/2/1346.png,glioma,/kaggle/input/datasets/denizkavi1/brain-tumor/2/1356.png,glioma
near,6,/kaggle/input/datasets/denizkavi1/brain-tumor/2/1346.png,glioma,/kaggle/input/datasets/denizkavi1/brain-tumor/2/1357.png,glioma
near,3,/kaggle/input/datasets/denizkavi1/brain-tumor/2/1350.png,glioma,/kaggle/input/datasets/denizkavi1/brain-tumor/2/1356.png,glioma
near,4,/kaggle/input/datasets/denizkavi1/brain-tumor/2/1351.png,glioma,/kaggle/input/datasets/denizkavi1/brain-tumor/2/1356.png,glioma
near,6,/kaggle/input/datasets/denizkavi1/brain-tumor/2/1351.png,glioma,/kaggle/input/datasets/denizkavi1/brain-tumor/2/1357.png,glioma
near,5,/kaggle/input/datasets/denizkavi1/brain-tumor/2/1353.png,glioma,/kaggle/input/datasets/denizkavi1/brain-tumor/2/1355.png,glioma
near,6,/kaggle/input/datasets/denizkavi1/brain-tumor/2/1353.png,glioma,/kaggle/input/datasets/denizkavi1/brain-tumor/2/1362.png,glioma
near,6,/kaggle/input/datasets/denizkavi1/brain-tumor/2/1357.png,glioma,/kaggle/input/datasets/denizkavi1/brain-tumor/2/1358.png,glioma
near,6,/kaggle/input/datasets/denizkavi1/brain-tumor/2/136.png,glioma,/kaggle/input/datasets/denizkavi1/brain-tumor/1/2557.png,meningioma
near,6,/kaggle/input/datasets/denizkavi1/brain-tumor/2/1365.png,glioma,/kaggle/input/datasets/denizkavi1/brain-tumor/2/1369.png,glioma
near,4,/kaggle/input/datasets/denizkavi1/brain-tumor/2/1365.png,glioma,/kaggle/input/datasets/denizkavi1/brain-tumor/2/1370.png,glioma
near,6,/kaggle/input/datasets/denizkavi1/brain-tumor/2/1367.png,glioma,/kaggle/input/datasets/denizkavi1/brain-tumor/2/1370.png,glioma
near,6,/kaggle/input/datasets/denizkavi1/brain-tumor/2/1367.png,glioma,/kaggle/input/datasets/denizkavi1/brain-tumor/2/1373.png,glioma
near,5,/kaggle/input/datasets/denizkavi1/brain-tumor/2/1368.png,glioma,/kaggle/input/datasets/denizkavi1/brain-tumor/2/1372.png,glioma
near,6,/kaggle/input/datasets/denizkavi1/brain-tumor/2/1369.png,glioma,/kaggle/input/datasets/denizkavi1/brain-tumor/2/1370.png,glioma
near,5,/kaggle/input/datasets/denizkavi1/brain-tumor/2/137.png,glioma,/kaggle/input/datasets/denizkavi1/brain-tumor/2/144.png,glioma
near,6,/kaggle/input/datasets/denizkavi1/brain-tumor/2/1370.png,glioma,/kaggle/input/datasets/denizkavi1/brain-tumor/2/490.png,glioma
near,5,/kaggle/input/datasets/denizkavi1/brain-tumor/2/1371.png,glioma,/kaggle/input/datasets/denizkavi1/brain-tumor/2/1373.png,glioma
near,4,/kaggle/input/datasets/denizkavi1/brain-tumor/2/1377.png,glioma,/kaggle/input/datasets/denizkavi1/brain-tumor/2/476.png,glioma
near,4,/kaggle/input/datasets/denizkavi1/brain-tumor/2/1378.png,glioma,/kaggle/input/datasets/denizkavi1/brain-tumor/2/508.png,glioma
near,6,/kaggle/input/datasets/denizkavi1/brain-tumor/2/142.png,glioma,/kaggle/input/datasets/denizkavi1/brain-tumor/2/245.png,glioma
near,6,/kaggle/input/datasets/denizkavi1/brain-tumor/2/142.png,glioma,/kaggle/input/datasets/denizkavi1/brain-tumor/2/442.png,glioma
near,6,/kaggle/input/datasets/denizkavi1/brain-tumor/2/142.png,glioma,/kaggle/input/datasets/denizkavi1/brain-tumor/1/2513.png,meningioma
near,6,/kaggle/input/datasets/denizkavi1/brain-tumor/2/142.png,glioma,/kaggle/input/datasets/denizkavi1/brain-tumor/1/2515.png,meningioma
near,6,/kaggle/input/datasets/denizkavi1/brain-tumor/2/142.png,glioma,/kaggle/input/datasets/denizkavi1/brain-tumor/1/2667.png,meningioma
near,6,/kaggle/input/datasets/denizkavi1/brain-tumor/2/145.png,glioma,/kaggle/input/datasets/denizkavi1/brain-tumor/2/159.png,glioma
near,6,/kaggle/input/datasets/denizkavi1/brain-tumor/2/145.png,glioma,/kaggle/input/datasets/denizkavi1/brain-tumor/2/357.png,glioma
near,6,/kaggle/input/datasets/denizkavi1/brain-tumor/2/145.png,glioma,/kaggle/input/datasets/denizkavi1/brain-tumor/2/376.png,glioma
near,6,/kaggle/input/datasets/denizkavi1/brain-tumor/2/146.png,glioma,/kaggle/input/datasets/denizkavi1/brain-tumor/2/158.png,glioma
near,5,/kaggle/input/datasets/denizkavi1/brain-tumor/2/146.png,glioma,/kaggle/input/datasets/denizkavi1/brain-tumor/2/239.png,glioma
near,3,/kaggle/input/datasets/denizkavi1/brain-tumor/2/146.png,glioma,/kaggle/input/datasets/denizkavi1/brain-tumor/2/240.png,glioma
near,6,/kaggle/input/datasets/denizkavi1/brain-tumor/2/146.png,glioma,/kaggle/input/datasets/denizkavi1/brain-tumor/2/277.png,glioma
near,6,/kaggle/input/datasets/denizkavi1/brain-tumor/2/146.png,glioma,/kaggle/input/datasets/denizkavi1/brain-tumor/2/290.png,glioma
near,3,/kaggle/input/datasets/denizkavi1/brain-tumor/2/146.png,glioma,/kaggle/input/datasets/denizkavi1/brain-tumor/2/296.png,glioma
near,2,/kaggle/input/datasets/denizkavi1/brain-tumor/2/146.png,glioma,/kaggle/input/datasets/denizkavi1/brain-tumor/2/422.png,glioma
near,6,/kaggle/input/datasets/denizkavi1/brain-tumor/2/146.png,glioma,/kaggle/input/datasets/denizkavi1/brain-tumor/2/435.png,glioma
near,6,/kaggle/input/datasets/denizkavi1/brain-tumor/2/147.png,glioma,/kaggle/input/datasets/denizkavi1/brain-tumor/2/172.png,glioma
near,6,/kaggle/input/datasets/denizkavi1/brain-tumor/2/148.png,glioma,/kaggle/input/datasets/denizkavi1/brain-tumor/2/172.png,glioma
near,4,/kaggle/input/datasets/denizkavi1/brain-tumor/2/148.png,glioma,/kaggle/input/datasets/denizkavi1/brain-tumor/2/174.png,glioma
near,4,/kaggle/input/datasets/denizkavi1/brain-tumor/2/148.png,glioma,/kaggle/input/datasets/denizkavi1/brain-tumor/1/2546.png,meningioma
near,4,/kaggle/input/datasets/denizkavi1/brain-tumor/2/149.png,glioma,/kaggle/input/datasets/denizkavi1/brain-tumor/2/159.png,glioma
near,6,/kaggle/input/datasets/denizkavi1/brain-tumor/2/149.png,glioma,/kaggle/input/datasets/denizkavi1/brain-tumor/2/376.png,glioma
near,5,/kaggle/input/datasets/denizkavi1/brain-tumor/2/152.png,glioma,/kaggle/input/datasets/denizkavi1/brain-tumor/3/1064.png,pituitary
near,6,/kaggle/input/datasets/denizkavi1/brain-tumor/2/153.png,glioma,/kaggle/input/datasets/denizkavi1/brain-tumor/2/173.png,glioma
near,6,/kaggle/input/datasets/denizkavi1/brain-tumor/2/153.png,glioma,/kaggle/input/datasets/denizkavi1/brain-tumor/1/2564.png,meningioma
near,6,/kaggle/input/datasets/denizkavi1/brain-tumor/2/155.png,glioma,/kaggle/input/datasets/denizkavi1/brain-tumor/2/392.png,glioma
near,5,/kaggle/input/datasets/denizkavi1/brain-tumor/2/156.png,glioma,/kaggle/input/datasets/denizkavi1/brain-tumor/2/292.png,glioma
near,6,/kaggle/input/datasets/denizkavi1/brain-tumor/2/156.png,glioma,/kaggle/input/datasets/denizkavi1/brain-tumor/2/314.png,glioma
near,5,/kaggle/input/datasets/denizkavi1/brain-tumor/2/157.png,glioma,/kaggle/input/datasets/denizkavi1/brain-tumor/2/251.png,glioma
near,6,/kaggle/input/datasets/denizkavi1/brain-tumor/2/158.png,glioma,/kaggle/input/datasets/denizkavi1/brain-tumor/2/422.png,glioma
near,5,/kaggle/input/datasets/denizkavi1/brain-tumor/2/158.png,glioma,/kaggle/input/datasets/denizkavi1/brain-tumor/2/445.png,glioma
near,6,/kaggle/input/datasets/denizkavi1/brain-tumor/2/159.png,glioma,/kaggle/input/datasets/denizkavi1/brain-tumor/1/2513.png,meningioma
near,6,/kaggle/input/datasets/denizkavi1/brain-tumor/2/16.png,glioma,/kaggle/input/datasets/denizkavi1/brain-tumor/2/4.png,glioma
near,6,/kaggle/input/datasets/denizkavi1/brain-tumor/2/160.png,glioma,/kaggle/input/datasets/denizkavi1/brain-tumor/2/240.png,glioma
near,6,/kaggle/input/datasets/denizkavi1/brain-tumor/2/160.png,glioma,/kaggle/input/datasets/denizkavi1/brain-tumor/2/352.png,glioma
near,5,/kaggle/input/datasets/denizkavi1/brain-tumor/2/163.png,glioma,/kaggle/input/datasets/denizkavi1/brain-tumor/2/382.png,glioma
near,6,/kaggle/input/datasets/denizkavi1/brain-tumor/2/163.png,glioma,/kaggle/input/datasets/denizkavi1/brain-tumor/2/413.png,glioma
near,6,/kaggle/input/datasets/denizkavi1/brain-tumor/2/164.png,glioma,/kaggle/input/datasets/denizkavi1/brain-tumor/2/171.png,glioma
near,6,/kaggle/input/datasets/denizkavi1/brain-tumor/2/164.png,glioma,/kaggle/input/datasets/denizkavi1/brain-tumor/2/1965.png,glioma
near,5,/kaggle/input/datasets/denizkavi1/brain-tumor/2/166.png,glioma,/kaggle/input/datasets/denizkavi1/brain-tumor/2/1931.png,glioma
near,5,/kaggle/input/datasets/denizkavi1/brain-tumor/2/166.png,glioma,/kaggle/input/datasets/denizkavi1/brain-tumor/2/230.png,glioma
near,6,/kaggle/input/datasets/denizkavi1/brain-tumor/2/169.png,glioma,/kaggle/input/datasets/denizkavi1/brain-tumor/2/171.png,glioma
near,6,/kaggle/input/datasets/denizkavi1/brain-tumor/2/169.png,glioma,/kaggle/input/datasets/denizkavi1/brain-tumor/2/285.png,glioma
near,6,/kaggle/input/datasets/denizkavi1/brain-tumor/2/169.png,glioma,/kaggle/input/datasets/denizkavi1/brain-tumor/2/436.png,glioma
near,6,/kaggle/input/datasets/denizkavi1/brain-tumor/2/169.png,glioma,/kaggle/input/datasets/denizkavi1/brain-tumor/2/438.png,glioma
near,4,/kaggle/input/datasets/denizkavi1/brain-tumor/2/172.png,glioma,/kaggle/input/datasets/denizkavi1/brain-tumor/2/174.png,glioma
near,5,/kaggle/input/datasets/denizkavi1/brain-tumor/2/172.png,glioma,/kaggle/input/datasets/denizkavi1/brain-tumor/1/2549.png,meningioma
near,6,/kaggle/input/datasets/denizkavi1/brain-tumor/2/172.png,glioma,/kaggle/input/datasets/denizkavi1/brain-tumor/1/2584.png,meningioma
near,6,/kaggle/input/datasets/denizkavi1/brain-tumor/2/172.png,glioma,/kaggle/input/datasets/denizkavi1/brain-tumor/1/2681.png,meningioma
near,6,/kaggle/input/datasets/denizkavi1/brain-tumor/2/173.png,glioma,/kaggle/input/datasets/denizkavi1/brain-tumor/2/412.png,glioma
near,6,/kaggle/input/datasets/denizkavi1/brain-tumor/2/177.png,glioma,/kaggle/input/datasets/denizkavi1/brain-tumor/1/2652.png,meningioma
near,6,/kaggle/input/datasets/denizkavi1/brain-tumor/2/177.png,glioma,/kaggle/input/datasets/denizkavi1/brain-tumor/1/2663.png,meningioma
near,6,/kaggle/input/datasets/denizkavi1/brain-tumor/2/18.png,glioma,/kaggle/input/datasets/denizkavi1/brain-tumor/2/20.png,glioma
near,6,/kaggle/input/datasets/denizkavi1/brain-tumor/2/18.png,glioma,/kaggle/input/datasets/denizkavi1/brain-tumor/2/43.png,glioma
near,4,/kaggle/input/datasets/denizkavi1/brain-tumor/2/180.png,glioma,/kaggle/input/datasets/denizkavi1/brain-tumor/2/186.png,glioma
near,2,/kaggle/input/datasets/denizkavi1/brain-tumor/2/180.png,glioma,/kaggle/input/datasets/denizkavi1/brain-tumor/2/199.png,glioma
near,6,/kaggle/input/datasets/denizkavi1/brain-tumor/2/181.png,glioma,/kaggle/input/datasets/denizkavi1/brain-tumor/2/1928.png,glioma
near,6,/kaggle/input/datasets/denizkavi1/brain-tumor/2/181.png,glioma,/kaggle/input/datasets/denizkavi1/brain-tumor/2/403.png,glioma
near,6,/kaggle/input/datasets/denizkavi1/brain-tumor/2/181.png,glioma,/kaggle/input/datasets/denizkavi1/brain-tumor/1/2584.png,meningioma
near,5,/kaggle/input/datasets/denizkavi1/brain-tumor/2/181.png,glioma,/kaggle/input/datasets/denizkavi1/brain-tumor/1/2652.png,meningioma
near,6,/kaggle/input/datasets/denizkavi1/brain-tumor/2/181.png,glioma,/kaggle/input/datasets/denizkavi1/brain-tumor/1/2667.png,meningioma
near,5,/kaggle/input/datasets/denizkavi1/brain-tumor/2/183.png,glioma,/kaggle/input/datasets/denizkavi1/brain-tumor/2/186.png,glioma
near,2,/kaggle/input/datasets/denizkavi1/brain-tumor/2/184.png,glioma,/kaggle/input/datasets/denizkavi1/brain-tumor/2/188.png,glioma
near,4,/kaggle/input/datasets/denizkavi1/brain-tumor/2/1842.png,glioma,/kaggle/input/datasets/denizkavi1/brain-tumor/2/1866.png,glioma
near,6,/kaggle/input/datasets/denizkavi1/brain-tumor/2/1844.png,glioma,/kaggle/input/datasets/denizkavi1/brain-tumor/2/1853.png,glioma
near,6,/kaggle/input/datasets/denizkavi1/brain-tumor/2/1844.png,glioma,/kaggle/input/datasets/denizkavi1/brain-tumor/1/3014.png,meningioma
near,6,/kaggle/input/datasets/denizkavi1/brain-tumor/2/1848.png,glioma,/kaggle/input/datasets/denizkavi1/brain-tumor/2/2723.png,glioma
near,6,/kaggle/input/datasets/denizkavi1/brain-tumor/2/1849.png,glioma,/kaggle/input/datasets/denizkavi1/brain-tumor/2/1857.png,glioma
near,4,/kaggle/input/datasets/denizkavi1/brain-tumor/2/1849.png,glioma,/kaggle/input/datasets/denizkavi1/brain-tumor/2/2756.png,glioma
near,6,/kaggle/input/datasets/denizkavi1/brain-tumor/2/185.png,glioma,/kaggle/input/datasets/denizkavi1/brain-tumor/1/2576.png,meningioma
near,6,/kaggle/input/datasets/denizkavi1/brain-tumor/2/185.png,glioma,/kaggle/input/datasets/denizkavi1/brain-tumor/1/2584.png,meningioma
near,4,/kaggle/input/datasets/denizkavi1/brain-tumor/2/1850.png,glioma,/kaggle/input/datasets/denizkavi1/brain-tumor/2/1882.png,glioma
near,3,/kaggle/input/datasets/denizkavi1/brain-tumor/2/1850.png,glioma,/kaggle/input/datasets/denizkavi1/brain-tumor/2/2751.png,glioma
near,3,/kaggle/input/datasets/denizkavi1/brain-tumor/2/1852.png,glioma,/kaggle/input/datasets/denizkavi1/brain-tumor/2/1860.png,glioma
near,6,/kaggle/input/datasets/denizkavi1/brain-tumor/2/1853.png,glioma,/kaggle/input/datasets/denizkavi1/brain-tumor/2/917.png,glioma
near,4,/kaggle/input/datasets/denizkavi1/brain-tumor/2/186.png,glioma,/kaggle/input/datasets/denizkavi1/brain-tumor/2/199.png,glioma
near,2,/kaggle/input/datasets/denizkavi1/brain-tumor/2/1865.png,glioma,/kaggle/input/datasets/denizkavi1/brain-tumor/2/2759.png,glioma
near,6,/kaggle/input/datasets/denizkavi1/brain-tumor/2/1865.png,glioma,/kaggle/input/datasets/denizkavi1/brain-tumor/1/2310.png,meningioma
near,6,/kaggle/input/datasets/denizkavi1/brain-tumor/2/1866.png,glioma,/kaggle/input/datasets/denizkavi1/brain-tumor/2/2751.png,glioma
near,6,/kaggle/input/datasets/denizkavi1/brain-tumor/2/1866.png,glioma,/kaggle/input/datasets/denizkavi1/brain-tumor/2/2756.png,glioma
near,6,/kaggle/input/datasets/denizkavi1/brain-tumor/2/1869.png,glioma,/kaggle/input/datasets/denizkavi1/brain-tumor/2/1874.png,glioma
near,4,/kaggle/input/datasets/denizkavi1/brain-tumor/2/187.png,glioma,/kaggle/input/datasets/denizkavi1/brain-tumor/2/202.png,glioma
near,6,/kaggle/input/datasets/denizkavi1/brain-tumor/2/187.png,glioma,/kaggle/input/datasets/denizkavi1/brain-tumor/2/252.png,glioma
near,6,/kaggle/input/datasets/denizkavi1/brain-tumor/2/1871.png,glioma,/kaggle/input/datasets/denizkavi1/brain-tumor/2/1906.png,glioma
near,6,/kaggle/input/datasets/denizkavi1/brain-tumor/2/1875.png,glioma,/kaggle/input/datasets/denizkavi1/brain-tumor/1/2335.png,meningioma
near,6,/kaggle/input/datasets/denizkavi1/brain-tumor/2/1876.png,glioma,/kaggle/input/datasets/denizkavi1/brain-tumor/2/1894.png,glioma
near,2,/kaggle/input/datasets/denizkavi1/brain-tumor/2/1877.png,glioma,/kaggle/input/datasets/denizkavi1/brain-tumor/2/1879.png,glioma
near,6,/kaggle/input/datasets/denizkavi1/brain-tumor/2/1877.png,glioma,/kaggle/input/datasets/denizkavi1/brain-tumor/2/2759.png,glioma
near,6,/kaggle/input/datasets/denizkavi1/brain-tumor/2/1880.png,glioma,/kaggle/input/datasets/denizkavi1/brain-tumor/2/1885.png,glioma
near,5,/kaggle/input/datasets/denizkavi1/brain-tumor/2/1880.png,glioma,/kaggle/input/datasets/denizkavi1/brain-tumor/2/1887.png,glioma
near,6,/kaggle/input/datasets/denizkavi1/brain-tumor/2/1883.png,glioma,/kaggle/input/datasets/denizkavi1/brain-tumor/2/803.png,glioma
near,5,/kaggle/input/datasets/denizkavi1/brain-tumor/2/1884.png,glioma,/kaggle/input/datasets/denizkavi1/brain-tumor/2/1885.png,glioma
near,6,/kaggle/input/datasets/denizkavi1/brain-tumor/2/1884.png,glioma,/kaggle/input/datasets/denizkavi1/brain-tumor/2/1887.png,glioma
near,1,/kaggle/input/datasets/denizkavi1/brain-tumor/2/1885.png,glioma,/kaggle/input/datasets/denizkavi1/brain-tumor/2/1887.png,glioma
near,4,/kaggle/input/datasets/denizkavi1/brain-tumor/2/1886.png,glioma,/kaggle/input/datasets/denizkavi1/brain-tumor/2/229.png,glioma
near,6,/kaggle/input/datasets/denizkavi1/brain-tumor/2/1888.png,glioma,/kaggle/input/datasets/denizkavi1/brain-tumor/2/1891.png,glioma
near,4,/kaggle/input/datasets/denizkavi1/brain-tumor/2/1888.png,glioma,/kaggle/input/datasets/denizkavi1/brain-tumor/2/1898.png,glioma
near,2,/kaggle/input/datasets/denizkavi1/brain-tumor/2/189.png,glioma,/kaggle/input/datasets/denizkavi1/brain-tumor/2/201.png,glioma
near,4,/kaggle/input/datasets/denizkavi1/brain-tumor/2/189.png,glioma,/kaggle/input/datasets/denizkavi1/brain-tumor/2/203.png,glioma
near,2,/kaggle/input/datasets/denizkavi1/brain-tumor/2/189.png,glioma,/kaggle/input/datasets/denizkavi1/brain-tumor/2/209.png,glioma
near,4,/kaggle/input/datasets/denizkavi1/brain-tumor/2/189.png,glioma,/kaggle/input/datasets/denizkavi1/brain-tumor/2/228.png,glioma
near,5,/kaggle/input/datasets/denizkavi1/brain-tumor/2/189.png,glioma,/kaggle/input/datasets/denizkavi1/brain-tumor/1/2434.png,meningioma
near,6,/kaggle/input/datasets/denizkavi1/brain-tumor/2/189.png,glioma,/kaggle/input/datasets/denizkavi1/brain-tumor/1/2515.png,meningioma
near,6,/kaggle/input/datasets/denizkavi1/brain-tumor/2/189.png,glioma,/kaggle/input/datasets/denizkavi1/brain-tumor/1/2525.png,meningioma
near,6,/kaggle/input/datasets/denizkavi1/brain-tumor/2/189.png,glioma,/kaggle/input/datasets/denizkavi1/brain-tumor/1/2594.png,meningioma
near,6,/kaggle/input/datasets/denizkavi1/brain-tumor/2/1890.png,glioma,/kaggle/input/datasets/denizkavi1/brain-tumor/1/2489.png,meningioma
near,6,/kaggle/input/datasets/denizkavi1/brain-tumor/2/1899.png,glioma,/kaggle/input/datasets/denizkavi1/brain-tumor/2/1947.png,glioma
near,6,/kaggle/input/datasets/denizkavi1/brain-tumor/2/19.png,glioma,/kaggle/input/datasets/denizkavi1/brain-tumor/2/887.png,glioma
near,6,/kaggle/input/datasets/denizkavi1/brain-tumor/2/190.png,glioma,/kaggle/input/datasets/denizkavi1/brain-tumor/2/193.png,glioma
near,5,/kaggle/input/datasets/denizkavi1/brain-tumor/2/190.png,glioma,/kaggle/input/datasets/denizkavi1/brain-tumor/2/204.png,glioma
near,6,/kaggle/input/datasets/denizkavi1/brain-tumor/2/1900.png,glioma,/kaggle/input/datasets/denizkavi1/brain-tumor/2/1934.png,glioma
near,6,/kaggle/input/datasets/denizkavi1/brain-tumor/2/1901.png,glioma,/kaggle/input/datasets/denizkavi1/brain-tumor/2/1922.png,glioma
near,6,/kaggle/input/datasets/denizkavi1/brain-tumor/2/1902.png,glioma,/kaggle/input/datasets/denizkavi1/brain-tumor/2/422.png,glioma
near,6,/kaggle/input/datasets/denizkavi1/brain-tumor/2/1902.png,glioma,/kaggle/input/datasets/denizkavi1/brain-tumor/2/435.png,glioma
near,5,/kaggle/input/datasets/denizkavi1/brain-tumor/2/1902.png,glioma,/kaggle/input/datasets/denizkavi1/brain-tumor/2/908.png,glioma
near,6,/kaggle/input/datasets/denizkavi1/brain-tumor/2/1902.png,glioma,/kaggle/input/datasets/denizkavi1/brain-tumor/1/2574.png,meningioma
near,6,/kaggle/input/datasets/denizkavi1/brain-tumor/2/1903.png,glioma,/kaggle/input/datasets/denizkavi1/brain-tumor/2/1912.png,glioma
near,4,/kaggle/input/datasets/denizkavi1/brain-tumor/2/1904.png,glioma,/kaggle/input/datasets/denizkavi1/brain-tumor/2/404.png,glioma
near,5,/kaggle/input/datasets/denizkavi1/brain-tumor/2/1905.png,glioma,/kaggle/input/datasets/denizkavi1/brain-tumor/2/252.png,glioma
near,5,/kaggle/input/datasets/denizkavi1/brain-tumor/2/1905.png,glioma,/kaggle/input/datasets/denizkavi1/brain-tumor/2/264.png,glioma
near,6,/kaggle/input/datasets/denizkavi1/brain-tumor/2/1905.png,glioma,/kaggle/input/datasets/denizkavi1/brain-tumor/1/2550.png,meningioma
near,4,/kaggle/input/datasets/denizkavi1/brain-tumor/2/1905.png,glioma,/kaggle/input/datasets/denizkavi1/brain-tumor/1/2559.png,meningioma
near,3,/kaggle/input/datasets/denizkavi1/brain-tumor/2/1905.png,glioma,/kaggle/input/datasets/denizkavi1/brain-tumor/1/2659.png,meningioma
near,5,/kaggle/input/datasets/denizkavi1/brain-tumor/2/1907.png,glioma,/kaggle/input/datasets/denizkavi1/brain-tumor/2/444.png,glioma
near,6,/kaggle/input/datasets/denizkavi1/brain-tumor/2/1910.png,glioma,/kaggle/input/datasets/denizkavi1/brain-tumor/2/1913.png,glioma
near,5,/kaggle/input/datasets/denizkavi1/brain-tumor/2/1914.png,glioma,/kaggle/input/datasets/denizkavi1/brain-tumor/2/403.png,glioma
near,6,/kaggle/input/datasets/denizkavi1/brain-tumor/2/1914.png,glioma,/kaggle/input/datasets/denizkavi1/brain-tumor/1/2683.png,meningioma
near,6,/kaggle/input/datasets/denizkavi1/brain-tumor/2/1916.png,glioma,/kaggle/input/datasets/denizkavi1/brain-tumor/2/1922.png,glioma
near,6,/kaggle/input/datasets/denizkavi1/brain-tumor/2/1918.png,glioma,/kaggle/input/datasets/denizkavi1/brain-tumor/2/1921.png,glioma
near,6,/kaggle/input/datasets/denizkavi1/brain-tumor/2/1918.png,glioma,/kaggle/input/datasets/denizkavi1/brain-tumor/1/2417.png,meningioma
near,4,/kaggle/input/datasets/denizkavi1/brain-tumor/2/1919.png,glioma,/kaggle/input/datasets/denizkavi1/brain-tumor/2/1926.png,glioma
near,6,/kaggle/input/datasets/denizkavi1/brain-tumor/2/1919.png,glioma,/kaggle/input/datasets/denizkavi1/brain-tumor/3/1003.png,pituitary
near,6,/kaggle/input/datasets/denizkavi1/brain-tumor/2/1919.png,glioma,/kaggle/input/datasets/denizkavi1/brain-tumor/3/1006.png,pituitary
near,5,/kaggle/input/datasets/denizkavi1/brain-tumor/2/1919.png,glioma,/kaggle/input/datasets/denizkavi1/brain-tumor/3/1650.png,pituitary
near,6,/kaggle/input/datasets/denizkavi1/brain-tumor/2/1919.png,glioma,/kaggle/input/datasets/denizkavi1/brain-tumor/3/1807.png,pituitary
near,5,/kaggle/input/datasets/denizkavi1/brain-tumor/2/1919.png,glioma,/kaggle/input/datasets/denizkavi1/brain-tumor/3/967.png,pituitary
near,6,/kaggle/input/datasets/denizkavi1/brain-tumor/2/1919.png,glioma,/kaggle/input/datasets/denizkavi1/brain-tumor/3/983.png,pituitary
near,6,/kaggle/input/datasets/denizkavi1/brain-tumor/2/1919.png,glioma,/kaggle/input/datasets/denizkavi1/brain-tumor/3/992.png,pituitary
near,5,/kaggle/input/datasets/denizkavi1/brain-tumor/2/1919.png,glioma,/kaggle/input/datasets/denizkavi1/brain-tumor/3/995.png,pituitary
near,6,/kaggle/input/datasets/denizkavi1/brain-tumor/2/1920.png,glioma,/kaggle/input/datasets/denizkavi1/brain-tumor/2/1929.png,glioma
near,6,/kaggle/input/datasets/denizkavi1/brain-tumor/2/1926.png,glioma,/kaggle/input/datasets/denizkavi1/brain-tumor/3/1003.png,pituitary
near,5,/kaggle/input/datasets/denizkavi1/brain-tumor/2/1926.png,glioma,/kaggle/input/datasets/denizkavi1/brain-tumor/3/995.png,pituitary
near,6,/kaggle/input/datasets/denizkavi1/brain-tumor/2/1927.png,glioma,/kaggle/input/datasets/denizkavi1/brain-tumor/2/352.png,glioma
near,6,/kaggle/input/datasets/denizkavi1/brain-tumor/2/1928.png,glioma,/kaggle/input/datasets/denizkavi1/brain-tumor/1/2429.png,meningioma
near,6,/kaggle/input/datasets/denizkavi1/brain-tumor/2/1928.png,glioma,/kaggle/input/datasets/denizkavi1/brain-tumor/1/2584.png,meningioma
near,6,/kaggle/input/datasets/denizkavi1/brain-tumor/2/1928.png,glioma,/kaggle/input/datasets/denizkavi1/brain-tumor/1/2681.png,meningioma
near,4,/kaggle/input/datasets/denizkavi1/brain-tumor/2/1929.png,glioma,/kaggle/input/datasets/denizkavi1/brain-tumor/2/1934.png,glioma
near,4,/kaggle/input/datasets/denizkavi1/brain-tumor/2/1929.png,glioma,/kaggle/input/datasets/denizkavi1/brain-tumor/2/440.png,glioma
near,6,/kaggle/input/datasets/denizkavi1/brain-tumor/2/1931.png,glioma,/kaggle/input/datasets/denizkavi1/brain-tumor/2/230.png,glioma
near,6,/kaggle/input/datasets/denizkavi1/brain-tumor/2/1931.png,glioma,/kaggle/input/datasets/denizkavi1/brain-tumor/1/2579.png,meningioma
near,6,/kaggle/input/datasets/denizkavi1/brain-tumor/2/1934.png,glioma,/kaggle/input/datasets/denizkavi1/brain-tumor/2/1943.png,glioma
near,6,/kaggle/input/datasets/denizkavi1/brain-tumor/2/1934.png,glioma,/kaggle/input/datasets/denizkavi1/brain-tumor/2/414.png,glioma
near,4,/kaggle/input/datasets/denizkavi1/brain-tumor/2/1934.png,glioma,/kaggle/input/datasets/denizkavi1/brain-tumor/2/440.png,glioma
near,5,/kaggle/input/datasets/denizkavi1/brain-tumor/2/1934.png,glioma,/kaggle/input/datasets/denizkavi1/brain-tumor/1/2547.png,meningioma
near,6,/kaggle/input/datasets/denizkavi1/brain-tumor/2/1935.png,glioma,/kaggle/input/datasets/denizkavi1/brain-tumor/2/342.png,glioma
near,6,/kaggle/input/datasets/denizkavi1/brain-tumor/2/1936.png,glioma,/kaggle/input/datasets/denizkavi1/brain-tumor/2/237.png,glioma
near,6,/kaggle/input/datasets/denizkavi1/brain-tumor/2/1937.png,glioma,/kaggle/input/datasets/denizkavi1/brain-tumor/2/1968.png,glioma
near,4,/kaggle/input/datasets/denizkavi1/brain-tumor/2/1938.png,glioma,/kaggle/input/datasets/denizkavi1/brain-tumor/2/1956.png,glioma
near,4,/kaggle/input/datasets/denizkavi1/brain-tumor/2/1939.png,glioma,/kaggle/input/datasets/denizkavi1/brain-tumor/1/2522.png,meningioma
near,6,/kaggle/input/datasets/denizkavi1/brain-tumor/2/1940.png,glioma,/kaggle/input/datasets/denizkavi1/brain-tumor/2/195.png,glioma
near,2,/kaggle/input/datasets/denizkavi1/brain-tumor/2/1941.png,glioma,/kaggle/input/datasets/denizkavi1/brain-tumor/2/1964.png,glioma
near,5,/kaggle/input/datasets/denizkavi1/brain-tumor/2/1943.png,glioma,/kaggle/input/datasets/denizkavi1/brain-tumor/2/1954.png,glioma
near,6,/kaggle/input/datasets/denizkavi1/brain-tumor/2/1943.png,glioma,/kaggle/input/datasets/denizkavi1/brain-tumor/2/404.png,glioma
near,6,/kaggle/input/datasets/denizkavi1/brain-tumor/2/1943.png,glioma,/kaggle/input/datasets/denizkavi1/brain-tumor/1/2688.png,meningioma
near,6,/kaggle/input/datasets/denizkavi1/brain-tumor/2/1944.png,glioma,/kaggle/input/datasets/denizkavi1/brain-tumor/2/1949.png,glioma
near,6,/kaggle/input/datasets/denizkavi1/brain-tumor/2/1944.png,glioma,/kaggle/input/datasets/denizkavi1/brain-tumor/1/2605.png,meningioma
near,6,/kaggle/input/datasets/denizkavi1/brain-tumor/2/1948.png,glioma,/kaggle/input/datasets/denizkavi1/brain-tumor/2/1961.png,glioma
near,4,/kaggle/input/datasets/denizkavi1/brain-tumor/2/1949.png,glioma,/kaggle/input/datasets/denizkavi1/brain-tumor/2/1966.png,glioma
near,4,/kaggle/input/datasets/denizkavi1/brain-tumor/2/1954.png,glioma,/kaggle/input/datasets/denizkavi1/brain-tumor/2/1958.png,glioma
near,3,/kaggle/input/datasets/denizkavi1/brain-tumor/2/1955.png,glioma,/kaggle/input/datasets/denizkavi1/brain-tumor/2/1961.png,glioma
near,2,/kaggle/input/datasets/denizkavi1/brain-tumor/2/1957.png,glioma,/kaggle/input/datasets/denizkavi1/brain-tumor/2/1968.png,glioma
near,5,/kaggle/input/datasets/denizkavi1/brain-tumor/2/1959.png,glioma,/kaggle/input/datasets/denizkavi1/brain-tumor/1/2573.png,meningioma
near,6,/kaggle/input/datasets/denizkavi1/brain-tumor/2/1959.png,glioma,/kaggle/input/datasets/denizkavi1/brain-tumor/1/2598.png,meningioma
near,6,/kaggle/input/datasets/denizkavi1/brain-tumor/2/1967.png,glioma,/kaggle/input/datasets/denizkavi1/brain-tumor/2/359.png,glioma
near,5,/kaggle/input/datasets/denizkavi1/brain-tumor/2/1970.png,glioma,/kaggle/input/datasets/denizkavi1/brain-tumor/2/1974.png,glioma
near,5,/kaggle/input/datasets/denizkavi1/brain-tumor/2/1970.png,glioma,/kaggle/input/datasets/denizkavi1/brain-tumor/1/2522.png,meningioma
near,6,/kaggle/input/datasets/denizkavi1/brain-tumor/2/1970.png,glioma,/kaggle/input/datasets/denizkavi1/brain-tumor/1/2655.png,meningioma
near,5,/kaggle/input/datasets/denizkavi1/brain-tumor/2/1971.png,glioma,/kaggle/input/datasets/denizkavi1/brain-tumor/2/1994.png,glioma
near,1,/kaggle/input/datasets/denizkavi1/brain-tumor/2/1974.png,glioma,/kaggle/input/datasets/denizkavi1/brain-tumor/1/2655.png,meningioma
near,5,/kaggle/input/datasets/denizkavi1/brain-tumor/2/1976.png,glioma,/kaggle/input/datasets/denizkavi1/brain-tumor/2/1993.png,glioma
near,6,/kaggle/input/datasets/denizkavi1/brain-tumor/2/1976.png,glioma,/kaggle/input/datasets/denizkavi1/brain-tumor/2/1996.png,glioma
near,5,/kaggle/input/datasets/denizkavi1/brain-tumor/2/1976.png,glioma,/kaggle/input/datasets/denizkavi1/brain-tumor/1/2426.png,meningioma
near,6,/kaggle/input/datasets/denizkavi1/brain-tumor/2/1978.png,glioma,/kaggle/input/datasets/denizkavi1/brain-tumor/2/1987.png,glioma
near,6,/kaggle/input/datasets/denizkavi1/brain-tumor/2/1980.png,glioma,/kaggle/input/datasets/denizkavi1/brain-tumor/2/1991.png,glioma
near,6,/kaggle/input/datasets/denizkavi1/brain-tumor/2/1981.png,glioma,/kaggle/input/datasets/denizkavi1/brain-tumor/2/1994.png,glioma
near,4,/kaggle/input/datasets/denizkavi1/brain-tumor/2/1982.png,glioma,/kaggle/input/datasets/denizkavi1/brain-tumor/2/1990.png,glioma
near,5,/kaggle/input/datasets/denizkavi1/brain-tumor/2/199.png,glioma,/kaggle/input/datasets/denizkavi1/brain-tumor/2/200.png,glioma
near,4,/kaggle/input/datasets/denizkavi1/brain-tumor/2/1993.png,glioma,/kaggle/input/datasets/denizkavi1/brain-tumor/1/2426.png,meningioma
near,5,/kaggle/input/datasets/denizkavi1/brain-tumor/2/1996.png,glioma,/kaggle/input/datasets/denizkavi1/brain-tumor/1/2434.png,meningioma
near,5,/kaggle/input/datasets/denizkavi1/brain-tumor/2/1996.png,glioma,/kaggle/input/datasets/denizkavi1/brain-tumor/1/2459.png,meningioma
near,6,/kaggle/input/datasets/denizkavi1/brain-tumor/2/1996.png,glioma,/kaggle/input/datasets/denizkavi1/brain-tumor/1/2469.png,meningioma
near,6,/kaggle/input/datasets/denizkavi1/brain-tumor/2/1996.png,glioma,/kaggle/input/datasets/denizkavi1/brain-tumor/1/2594.png,meningioma
near,6,/kaggle/input/datasets/denizkavi1/brain-tumor/2/2.png,glioma,/kaggle/input/datasets/denizkavi1/brain-tumor/2/896.png,glioma
near,4,/kaggle/input/datasets/denizkavi1/brain-tumor/2/20.png,glioma,/kaggle/input/datasets/denizkavi1/brain-tumor/2/43.png,glioma
near,6,/kaggle/input/datasets/denizkavi1/brain-tumor/2/20.png,glioma,/kaggle/input/datasets/denizkavi1/brain-tumor/2/46.png,glioma
near,2,/kaggle/input/datasets/denizkavi1/brain-tumor/2/201.png,glioma,/kaggle/input/datasets/denizkavi1/brain-tumor/2/203.png,glioma
near,4,/kaggle/input/datasets/denizkavi1/brain-tumor/2/201.png,glioma,/kaggle/input/datasets/denizkavi1/brain-tumor/2/209.png,glioma
near,4,/kaggle/input/datasets/denizkavi1/brain-tumor/2/201.png,glioma,/kaggle/input/datasets/denizkavi1/brain-tumor/2/228.png,glioma
near,5,/kaggle/input/datasets/denizkavi1/brain-tumor/2/201.png,glioma,/kaggle/input/datasets/denizkavi1/brain-tumor/2/425.png,glioma
near,6,/kaggle/input/datasets/denizkavi1/brain-tumor/2/201.png,glioma,/kaggle/input/datasets/denizkavi1/brain-tumor/1/2515.png,meningioma
near,6,/kaggle/input/datasets/denizkavi1/brain-tumor/2/201.png,glioma,/kaggle/input/datasets/denizkavi1/brain-tumor/1/2525.png,meningioma
near,6,/kaggle/input/datasets/denizkavi1/brain-tumor/2/201.png,glioma,/kaggle/input/datasets/denizkavi1/brain-tumor/1/2594.png,meningioma
near,6,/kaggle/input/datasets/denizkavi1/brain-tumor/2/201.png,glioma,/kaggle/input/datasets/denizkavi1/brain-tumor/3/1821.png,pituitary
near,4,/kaggle/input/datasets/denizkavi1/brain-tumor/2/202.png,glioma,/kaggle/input/datasets/denizkavi1/brain-tumor/2/264.png,glioma
near,6,/kaggle/input/datasets/denizkavi1/brain-tumor/2/202.png,glioma,/kaggle/input/datasets/denizkavi1/brain-tumor/2/296.png,glioma
near,6,/kaggle/input/datasets/denizkavi1/brain-tumor/2/202.png,glioma,/kaggle/input/datasets/denizkavi1/brain-tumor/2/335.png,glioma
near,6,/kaggle/input/datasets/denizkavi1/brain-tumor/2/203.png,glioma,/kaggle/input/datasets/denizkavi1/brain-tumor/2/209.png,glioma
near,6,/kaggle/input/datasets/denizkavi1/brain-tumor/2/203.png,glioma,/kaggle/input/datasets/denizkavi1/brain-tumor/2/228.png,glioma
near,4,/kaggle/input/datasets/denizkavi1/brain-tumor/2/209.png,glioma,/kaggle/input/datasets/denizkavi1/brain-tumor/2/228.png,glioma
near,5,/kaggle/input/datasets/denizkavi1/brain-tumor/2/209.png,glioma,/kaggle/input/datasets/denizkavi1/brain-tumor/1/2434.png,meningioma
near,4,/kaggle/input/datasets/denizkavi1/brain-tumor/2/210.png,glioma,/kaggle/input/datasets/denizkavi1/brain-tumor/2/225.png,glioma
near,4,/kaggle/input/datasets/denizkavi1/brain-tumor/2/210.png,glioma,/kaggle/input/datasets/denizkavi1/brain-tumor/2/236.png,glioma
near,6,/kaggle/input/datasets/denizkavi1/brain-tumor/2/212.png,glioma,/kaggle/input/datasets/denizkavi1/brain-tumor/2/215.png,glioma
near,4,/kaggle/input/datasets/denizkavi1/brain-tumor/2/213.png,glioma,/kaggle/input/datasets/denizkavi1/brain-tumor/2/220.png,glioma
near,5,/kaggle/input/datasets/denizkavi1/brain-tumor/2/214.png,glioma,/kaggle/input/datasets/denizkavi1/brain-tumor/2/233.png,glioma
near,5,/kaggle/input/datasets/denizkavi1/brain-tumor/2/218.png,glioma,/kaggle/input/datasets/denizkavi1/brain-tumor/2/235.png,glioma
near,5,/kaggle/input/datasets/denizkavi1/brain-tumor/2/218.png,glioma,/kaggle/input/datasets/denizkavi1/brain-tumor/1/2520.png,meningioma
near,5,/kaggle/input/datasets/denizkavi1/brain-tumor/2/219.png,glioma,/kaggle/input/datasets/denizkavi1/brain-tumor/2/242.png,glioma
near,4,/kaggle/input/datasets/denizkavi1/brain-tumor/2/222.png,glioma,/kaggle/input/datasets/denizkavi1/brain-tumor/2/227.png,glioma
near,6,/kaggle/input/datasets/denizkavi1/brain-tumor/2/222.png,glioma,/kaggle/input/datasets/denizkavi1/brain-tumor/2/234.png,glioma
near,5,/kaggle/input/datasets/denizkavi1/brain-tumor/2/222.png,glioma,/kaggle/input/datasets/denizkavi1/brain-tumor/2/254.png,glioma
near,6,/kaggle/input/datasets/denizkavi1/brain-tumor/2/222.png,glioma,/kaggle/input/datasets/denizkavi1/brain-tumor/2/358.png,glioma
near,6,/kaggle/input/datasets/denizkavi1/brain-tumor/2/223.png,glioma,/kaggle/input/datasets/denizkavi1/brain-tumor/1/2463.png,meningioma
near,4,/kaggle/input/datasets/denizkavi1/brain-tumor/2/225.png,glioma,/kaggle/input/datasets/denizkavi1/brain-tumor/2/236.png,glioma
near,4,/kaggle/input/datasets/denizkavi1/brain-tumor/2/226.png,glioma,/kaggle/input/datasets/denizkavi1/brain-tumor/2/860.png,glioma
near,4,/kaggle/input/datasets/denizkavi1/brain-tumor/2/227.png,glioma,/kaggle/input/datasets/denizkavi1/brain-tumor/2/234.png,glioma
near,5,/kaggle/input/datasets/denizkavi1/brain-tumor/2/227.png,glioma,/kaggle/input/datasets/denizkavi1/brain-tumor/2/254.png,glioma
near,6,/kaggle/input/datasets/denizkavi1/brain-tumor/2/23.png,glioma,/kaggle/input/datasets/denizkavi1/brain-tumor/2/42.png,glioma
near,3,/kaggle/input/datasets/denizkavi1/brain-tumor/2/234.png,glioma,/kaggle/input/datasets/denizkavi1/brain-tumor/2/254.png,glioma
near,6,/kaggle/input/datasets/denizkavi1/brain-tumor/2/234.png,glioma,/kaggle/input/datasets/denizkavi1/brain-tumor/2/358.png,glioma
near,6,/kaggle/input/datasets/denizkavi1/brain-tumor/2/234.png,glioma,/kaggle/input/datasets/denizkavi1/brain-tumor/2/361.png,glioma
near,6,/kaggle/input/datasets/denizkavi1/brain-tumor/2/234.png,glioma,/kaggle/input/datasets/denizkavi1/brain-tumor/2/366.png,glioma
near,6,/kaggle/input/datasets/denizkavi1/brain-tumor/2/234.png,glioma,/kaggle/input/datasets/denizkavi1/brain-tumor/2/367.png,glioma
near,6,/kaggle/input/datasets/denizkavi1/brain-tumor/2/234.png,glioma,/kaggle/input/datasets/denizkavi1/brain-tumor/2/369.png,glioma
near,5,/kaggle/input/datasets/denizkavi1/brain-tumor/2/234.png,glioma,/kaggle/input/datasets/denizkavi1/brain-tumor/2/425.png,glioma
near,6,/kaggle/input/datasets/denizkavi1/brain-tumor/2/234.png,glioma,/kaggle/input/datasets/denizkavi1/brain-tumor/2/436.png,glioma
near,4,/kaggle/input/datasets/denizkavi1/brain-tumor/2/234.png,glioma,/kaggle/input/datasets/denizkavi1/brain-tumor/2/442.png,glioma
near,6,/kaggle/input/datasets/denizkavi1/brain-tumor/2/234.png,glioma,/kaggle/input/datasets/denizkavi1/brain-tumor/1/2513.png,meningioma
near,6,/kaggle/input/datasets/denizkavi1/brain-tumor/2/234.png,glioma,/kaggle/input/datasets/denizkavi1/brain-tumor/1/2667.png,meningioma
near,5,/kaggle/input/datasets/denizkavi1/brain-tumor/2/234.png,glioma,/kaggle/input/datasets/denizkavi1/brain-tumor/1/2669.png,meningioma
near,5,/kaggle/input/datasets/denizkavi1/brain-tumor/2/235.png,glioma,/kaggle/input/datasets/denizkavi1/brain-tumor/1/2468.png,meningioma
near,4,/kaggle/input/datasets/denizkavi1/brain-tumor/2/235.png,glioma,/kaggle/input/datasets/denizkavi1/brain-tumor/1/2520.png,meningioma
near,6,/kaggle/input/datasets/denizkavi1/brain-tumor/2/235.png,glioma,/kaggle/input/datasets/denizkavi1/brain-tumor/1/2525.png,meningioma
near,5,/kaggle/input/datasets/denizkavi1/brain-tumor/2/237.png,glioma,/kaggle/input/datasets/denizkavi1/brain-tumor/2/412.png,glioma
near,6,/kaggle/input/datasets/denizkavi1/brain-tumor/2/237.png,glioma,/kaggle/input/datasets/denizkavi1/brain-tumor/1/2457.png,meningioma
near,6,/kaggle/input/datasets/denizkavi1/brain-tumor/2/239.png,glioma,/kaggle/input/datasets/denizkavi1/brain-tumor/2/240.png,glioma
near,6,/kaggle/input/datasets/denizkavi1/brain-tumor/2/239.png,glioma,/kaggle/input/datasets/denizkavi1/brain-tumor/2/296.png,glioma
near,6,/kaggle/input/datasets/denizkavi1/brain-tumor/2/240.png,glioma,/kaggle/input/datasets/denizkavi1/brain-tumor/2/296.png,glioma
near,5,/kaggle/input/datasets/denizkavi1/brain-tumor/2/240.png,glioma,/kaggle/input/datasets/denizkavi1/brain-tumor/2/422.png,glioma
near,6,/kaggle/input/datasets/denizkavi1/brain-tumor/2/243.png,glioma,/kaggle/input/datasets/denizkavi1/brain-tumor/2/268.png,glioma
near,6,/kaggle/input/datasets/denizkavi1/brain-tumor/2/245.png,glioma,/kaggle/input/datasets/denizkavi1/brain-tumor/2/252.png,glioma
near,4,/kaggle/input/datasets/denizkavi1/brain-tumor/2/245.png,glioma,/kaggle/input/datasets/denizkavi1/brain-tumor/2/259.png,glioma
near,4,/kaggle/input/datasets/denizkavi1/brain-tumor/2/245.png,glioma,/kaggle/input/datasets/denizkavi1/brain-tumor/2/266.png,glioma
near,6,/kaggle/input/datasets/denizkavi1/brain-tumor/2/245.png,glioma,/kaggle/input/datasets/denizkavi1/brain-tumor/2/442.png,glioma
near,6,/kaggle/input/datasets/denizkavi1/brain-tumor/2/245.png,glioma,/kaggle/input/datasets/denizkavi1/brain-tumor/1/2520.png,meningioma
near,6,/kaggle/input/datasets/denizkavi1/brain-tumor/2/245.png,glioma,/kaggle/input/datasets/denizkavi1/brain-tumor/1/2576.png,meningioma
near,6,/kaggle/input/datasets/denizkavi1/brain-tumor/2/252.png,glioma,/kaggle/input/datasets/denizkavi1/brain-tumor/2/259.png,glioma
near,6,/kaggle/input/datasets/denizkavi1/brain-tumor/2/252.png,glioma,/kaggle/input/datasets/denizkavi1/brain-tumor/2/262.png,glioma
near,4,/kaggle/input/datasets/denizkavi1/brain-tumor/2/252.png,glioma,/kaggle/input/datasets/denizkavi1/brain-tumor/2/264.png,glioma
near,4,/kaggle/input/datasets/denizkavi1/brain-tumor/2/252.png,glioma,/kaggle/input/datasets/denizkavi1/brain-tumor/2/266.png,glioma
near,6,/kaggle/input/datasets/denizkavi1/brain-tumor/2/252.png,glioma,/kaggle/input/datasets/denizkavi1/brain-tumor/1/2659.png,meningioma
near,6,/kaggle/input/datasets/denizkavi1/brain-tumor/2/253.png,glioma,/kaggle/input/datasets/denizkavi1/brain-tumor/2/299.png,glioma
near,6,/kaggle/input/datasets/denizkavi1/brain-tumor/2/254.png,glioma,/kaggle/input/datasets/denizkavi1/brain-tumor/2/425.png,glioma
near,5,/kaggle/input/datasets/denizkavi1/brain-tumor/2/257.png,glioma,/kaggle/input/datasets/denizkavi1/brain-tumor/2/269.png,glioma
near,6,/kaggle/input/datasets/denizkavi1/brain-tumor/2/257.png,glioma,/kaggle/input/datasets/denizkavi1/brain-tumor/2/429.png,glioma
near,6,/kaggle/input/datasets/denizkavi1/brain-tumor/2/257.png,glioma,/kaggle/input/datasets/denizkavi1/brain-tumor/2/436.png,glioma
near,6,/kaggle/input/datasets/denizkavi1/brain-tumor/2/257.png,glioma,/kaggle/input/datasets/denizkavi1/brain-tumor/1/2513.png,meningioma
near,6,/kaggle/input/datasets/denizkavi1/brain-tumor/2/257.png,glioma,/kaggle/input/datasets/denizkavi1/brain-tumor/1/2702.png,meningioma
near,6,/kaggle/input/datasets/denizkavi1/brain-tumor/2/258.png,glioma,/kaggle/input/datasets/denizkavi1/brain-tumor/2/269.png,glioma
near,6,/kaggle/input/datasets/denizkavi1/brain-tumor/2/258.png,glioma,/kaggle/input/datasets/denizkavi1/brain-tumor/2/271.png,glioma
near,4,/kaggle/input/datasets/denizkavi1/brain-tumor/2/259.png,glioma,/kaggle/input/datasets/denizkavi1/brain-tumor/2/266.png,glioma
near,5,/kaggle/input/datasets/denizkavi1/brain-tumor/2/259.png,glioma,/kaggle/input/datasets/denizkavi1/brain-tumor/1/2501.png,meningioma
near,6,/kaggle/input/datasets/denizkavi1/brain-tumor/2/259.png,glioma,/kaggle/input/datasets/denizkavi1/brain-tumor/1/2520.png,meningioma
near,6,/kaggle/input/datasets/denizkavi1/brain-tumor/2/259.png,glioma,/kaggle/input/datasets/denizkavi1/brain-tumor/1/2576.png,meningioma
near,6,/kaggle/input/datasets/denizkavi1/brain-tumor/2/259.png,glioma,/kaggle/input/datasets/denizkavi1/brain-tumor/1/2626.png,meningioma
near,4,/kaggle/input/datasets/denizkavi1/brain-tumor/2/261.png,glioma,/kaggle/input/datasets/denizkavi1/brain-tumor/2/295.png,glioma
near,6,/kaggle/input/datasets/denizkavi1/brain-tumor/2/262.png,glioma,/kaggle/input/datasets/denizkavi1/brain-tumor/2/266.png,glioma
near,6,/kaggle/input/datasets/denizkavi1/brain-tumor/2/262.png,glioma,/kaggle/input/datasets/denizkavi1/brain-tumor/2/335.png,glioma
near,6,/kaggle/input/datasets/denizkavi1/brain-tumor/2/264.png,glioma,/kaggle/input/datasets/denizkavi1/brain-tumor/2/266.png,glioma
near,6,/kaggle/input/datasets/denizkavi1/brain-tumor/2/264.png,glioma,/kaggle/input/datasets/denizkavi1/brain-tumor/2/296.png,glioma
near,6,/kaggle/input/datasets/denizkavi1/brain-tumor/2/264.png,glioma,/kaggle/input/datasets/denizkavi1/brain-tumor/2/335.png,glioma
near,5,/kaggle/input/datasets/denizkavi1/brain-tumor/2/264.png,glioma,/kaggle/input/datasets/denizkavi1/brain-tumor/2/435.png,glioma
near,6,/kaggle/input/datasets/denizkavi1/brain-tumor/2/264.png,glioma,/kaggle/input/datasets/denizkavi1/brain-tumor/2/860.png,glioma
near,5,/kaggle/input/datasets/denizkavi1/brain-tumor/2/264.png,glioma,/kaggle/input/datasets/denizkavi1/brain-tumor/1/2430.png,meningioma
near,5,/kaggle/input/datasets/denizkavi1/brain-tumor/2/264.png,glioma,/kaggle/input/datasets/denizkavi1/brain-tumor/1/2559.png,meningioma
near,4,/kaggle/input/datasets/denizkavi1/brain-tumor/2/264.png,glioma,/kaggle/input/datasets/denizkavi1/brain-tumor/1/2659.png,meningioma
near,6,/kaggle/input/datasets/denizkavi1/brain-tumor/2/264.png,glioma,/kaggle/input/datasets/denizkavi1/brain-tumor/1/2684.png,meningioma
near,4,/kaggle/input/datasets/denizkavi1/brain-tumor/2/265.png,glioma,/kaggle/input/datasets/denizkavi1/brain-tumor/2/385.png,glioma
near,6,/kaggle/input/datasets/denizkavi1/brain-tumor/2/266.png,glioma,/kaggle/input/datasets/denizkavi1/brain-tumor/2/442.png,glioma
near,6,/kaggle/input/datasets/denizkavi1/brain-tumor/2/266.png,glioma,/kaggle/input/datasets/denizkavi1/brain-tumor/1/2520.png,meningioma
near,6,/kaggle/input/datasets/denizkavi1/brain-tumor/2/266.png,glioma,/kaggle/input/datasets/denizkavi1/brain-tumor/1/2576.png,meningioma
near,6,/kaggle/input/datasets/denizkavi1/brain-tumor/2/266.png,glioma,/kaggle/input/datasets/denizkavi1/brain-tumor/1/2578.png,meningioma
near,5,/kaggle/input/datasets/denizkavi1/brain-tumor/2/266.png,glioma,/kaggle/input/datasets/denizkavi1/brain-tumor/1/2587.png,meningioma
near,6,/kaggle/input/datasets/denizkavi1/brain-tumor/2/266.png,glioma,/kaggle/input/datasets/denizkavi1/brain-tumor/1/2667.png,meningioma
near,5,/kaggle/input/datasets/denizkavi1/brain-tumor/2/2708.png,glioma,/kaggle/input/datasets/denizkavi1/brain-tumor/2/2710.png,glioma
near,5,/kaggle/input/datasets/denizkavi1/brain-tumor/2/2714.png,glioma,/kaggle/input/datasets/denizkavi1/brain-tumor/1/2463.png,meningioma
near,5,/kaggle/input/datasets/denizkavi1/brain-tumor/2/2717.png,glioma,/kaggle/input/datasets/denizkavi1/brain-tumor/2/2723.png,glioma
near,6,/kaggle/input/datasets/denizkavi1/brain-tumor/2/2719.png,glioma,/kaggle/input/datasets/denizkavi1/brain-tumor/2/2744.png,glioma
near,6,/kaggle/input/datasets/denizkavi1/brain-tumor/2/2720.png,glioma,/kaggle/input/datasets/denizkavi1/brain-tumor/2/461.png,glioma
near,4,/kaggle/input/datasets/denizkavi1/brain-tumor/2/2720.png,glioma,/kaggle/input/datasets/denizkavi1/brain-tumor/1/2793.png,meningioma
near,5,/kaggle/input/datasets/denizkavi1/brain-tumor/2/2720.png,glioma,/kaggle/input/datasets/denizkavi1/brain-tumor/1/2794.png,meningioma
near,6,/kaggle/input/datasets/denizkavi1/brain-tumor/2/2720.png,glioma,/kaggle/input/datasets/denizkavi1/brain-tumor/1/2797.png,meningioma
near,4,/kaggle/input/datasets/denizkavi1/brain-tumor/2/2720.png,glioma,/kaggle/input/datasets/denizkavi1/brain-tumor/1/2810.png,meningioma
near,1,/kaggle/input/datasets/denizkavi1/brain-tumor/2/2721.png,glioma,/kaggle/input/datasets/denizkavi1/brain-tumor/2/2741.png,glioma
near,5,/kaggle/input/datasets/denizkavi1/brain-tumor/2/2721.png,glioma,/kaggle/input/datasets/denizkavi1/brain-tumor/2/2748.png,glioma
near,5,/kaggle/input/datasets/denizkavi1/brain-tumor/2/2727.png,glioma,/kaggle/input/datasets/denizkavi1/brain-tumor/2/2736.png,glioma
near,6,/kaggle/input/datasets/denizkavi1/brain-tumor/2/273.png,glioma,/kaggle/input/datasets/denizkavi1/brain-tumor/2/342.png,glioma
near,5,/kaggle/input/datasets/denizkavi1/brain-tumor/2/2730.png,glioma,/kaggle/input/datasets/denizkavi1/brain-tumor/2/2736.png,glioma
near,5,/kaggle/input/datasets/denizkavi1/brain-tumor/2/2731.png,glioma,/kaggle/input/datasets/denizkavi1/brain-tumor/2/2747.png,glioma
near,6,/kaggle/input/datasets/denizkavi1/brain-tumor/2/2731.png,glioma,/kaggle/input/datasets/denizkavi1/brain-tumor/1/2777.png,meningioma
near,6,/kaggle/input/datasets/denizkavi1/brain-tumor/2/2733.png,glioma,/kaggle/input/datasets/denizkavi1/brain-tumor/2/2748.png,glioma
near,6,/kaggle/input/datasets/denizkavi1/brain-tumor/2/2736.png,glioma,/kaggle/input/datasets/denizkavi1/brain-tumor/2/2739.png,glioma
near,5,/kaggle/input/datasets/denizkavi1/brain-tumor/2/274.png,glioma,/kaggle/input/datasets/denizkavi1/brain-tumor/2/304.png,glioma
near,4,/kaggle/input/datasets/denizkavi1/brain-tumor/2/2741.png,glioma,/kaggle/input/datasets/denizkavi1/brain-tumor/2/2748.png,glioma
near,4,/kaggle/input/datasets/denizkavi1/brain-tumor/2/2745.png,glioma,/kaggle/input/datasets/denizkavi1/brain-tumor/2/2747.png,glioma
near,6,/kaggle/input/datasets/denizkavi1/brain-tumor/2/2746.png,glioma,/kaggle/input/datasets/denizkavi1/brain-tumor/2/2749.png,glioma
near,6,/kaggle/input/datasets/denizkavi1/brain-tumor/2/2759.png,glioma,/kaggle/input/datasets/denizkavi1/brain-tumor/1/2310.png,meningioma
near,6,/kaggle/input/datasets/denizkavi1/brain-tumor/2/276.png,glioma,/kaggle/input/datasets/denizkavi1/brain-tumor/2/278.png,glioma
near,5,/kaggle/input/datasets/denizkavi1/brain-tumor/2/276.png,glioma,/kaggle/input/datasets/denizkavi1/brain-tumor/2/299.png,glioma
near,6,/kaggle/input/datasets/denizkavi1/brain-tumor/2/276.png,glioma,/kaggle/input/datasets/denizkavi1/brain-tumor/2/430.png,glioma
near,6,/kaggle/input/datasets/denizkavi1/brain-tumor/2/276.png,glioma,/kaggle/input/datasets/denizkavi1/brain-tumor/2/436.png,glioma
near,6,/kaggle/input/datasets/denizkavi1/brain-tumor/2/278.png,glioma,/kaggle/input/datasets/denizkavi1/brain-tumor/3/2257.png,pituitary
near,4,/kaggle/input/datasets/denizkavi1/brain-tumor/2/281.png,glioma,/kaggle/input/datasets/denizkavi1/brain-tumor/2/289.png,glioma
near,4,/kaggle/input/datasets/denizkavi1/brain-tumor/2/283.png,glioma,/kaggle/input/datasets/denizkavi1/brain-tumor/2/288.png,glioma
near,6,/kaggle/input/datasets/denizkavi1/brain-tumor/2/283.png,glioma,/kaggle/input/datasets/denizkavi1/brain-tumor/2/295.png,glioma
near,6,/kaggle/input/datasets/denizkavi1/brain-tumor/2/283.png,glioma,/kaggle/input/datasets/denizkavi1/brain-tumor/2/297.png,glioma
near,5,/kaggle/input/datasets/denizkavi1/brain-tumor/2/284.png,glioma,/kaggle/input/datasets/denizkavi1/brain-tumor/2/286.png,glioma
near,4,/kaggle/input/datasets/denizkavi1/brain-tumor/2/284.png,glioma,/kaggle/input/datasets/denizkavi1/brain-tumor/2/408.png,glioma
near,5,/kaggle/input/datasets/denizkavi1/brain-tumor/2/286.png,glioma,/kaggle/input/datasets/denizkavi1/brain-tumor/2/386.png,glioma
near,6,/kaggle/input/datasets/denizkavi1/brain-tumor/2/287.png,glioma,/kaggle/input/datasets/denizkavi1/brain-tumor/2/291.png,glioma
near,5,/kaggle/input/datasets/denizkavi1/brain-tumor/2/287.png,glioma,/kaggle/input/datasets/denizkavi1/brain-tumor/2/433.png,glioma
near,6,/kaggle/input/datasets/denizkavi1/brain-tumor/2/29.png,glioma,/kaggle/input/datasets/denizkavi1/brain-tumor/2/52.png,glioma
near,3,/kaggle/input/datasets/denizkavi1/brain-tumor/2/290.png,glioma,/kaggle/input/datasets/denizkavi1/brain-tumor/2/335.png,glioma
near,6,/kaggle/input/datasets/denizkavi1/brain-tumor/2/290.png,glioma,/kaggle/input/datasets/denizkavi1/brain-tumor/2/422.png,glioma
near,6,/kaggle/input/datasets/denizkavi1/brain-tumor/2/294.png,glioma,/kaggle/input/datasets/denizkavi1/brain-tumor/2/296.png,glioma
near,6,/kaggle/input/datasets/denizkavi1/brain-tumor/2/294.png,glioma,/kaggle/input/datasets/denizkavi1/brain-tumor/2/429.png,glioma
near,4,/kaggle/input/datasets/denizkavi1/brain-tumor/2/294.png,glioma,/kaggle/input/datasets/denizkavi1/brain-tumor/2/860.png,glioma
near,6,/kaggle/input/datasets/denizkavi1/brain-tumor/2/295.png,glioma,/kaggle/input/datasets/denizkavi1/brain-tumor/2/297.png,glioma
near,6,/kaggle/input/datasets/denizkavi1/brain-tumor/2/296.png,glioma,/kaggle/input/datasets/denizkavi1/brain-tumor/2/335.png,glioma
near,6,/kaggle/input/datasets/denizkavi1/brain-tumor/2/296.png,glioma,/kaggle/input/datasets/denizkavi1/brain-tumor/2/408.png,glioma
near,3,/kaggle/input/datasets/denizkavi1/brain-tumor/2/296.png,glioma,/kaggle/input/datasets/denizkavi1/brain-tumor/2/422.png,glioma
near,6,/kaggle/input/datasets/denizkavi1/brain-tumor/2/296.png,glioma,/kaggle/input/datasets/denizkavi1/brain-tumor/2/860.png,glioma
near,6,/kaggle/input/datasets/denizkavi1/brain-tumor/2/296.png,glioma,/kaggle/input/datasets/denizkavi1/brain-tumor/1/2684.png,meningioma
near,4,/kaggle/input/datasets/denizkavi1/brain-tumor/2/299.png,glioma,/kaggle/input/datasets/denizkavi1/brain-tumor/2/305.png,glioma
near,2,/kaggle/input/datasets/denizkavi1/brain-tumor/2/3.png,glioma,/kaggle/input/datasets/denizkavi1/brain-tumor/2/8.png,glioma
near,6,/kaggle/input/datasets/denizkavi1/brain-tumor/2/3.png,glioma,/kaggle/input/datasets/denizkavi1/brain-tumor/3/1020.png,pituitary
near,6,/kaggle/input/datasets/denizkavi1/brain-tumor/2/301.png,glioma,/kaggle/input/datasets/denizkavi1/brain-tumor/2/309.png,glioma
near,6,/kaggle/input/datasets/denizkavi1/brain-tumor/2/303.png,glioma,/kaggle/input/datasets/denizkavi1/brain-tumor/2/306.png,glioma
near,6,/kaggle/input/datasets/denizkavi1/brain-tumor/2/303.png,glioma,/kaggle/input/datasets/denizkavi1/brain-tumor/2/307.png,glioma
near,6,/kaggle/input/datasets/denizkavi1/brain-tumor/2/303.png,glioma,/kaggle/input/datasets/denizkavi1/brain-tumor/2/311.png,glioma
near,6,/kaggle/input/datasets/denizkavi1/brain-tumor/2/305.png,glioma,/kaggle/input/datasets/denizkavi1/brain-tumor/2/417.png,glioma
near,6,/kaggle/input/datasets/denizkavi1/brain-tumor/2/306.png,glioma,/kaggle/input/datasets/denizkavi1/brain-tumor/2/307.png,glioma
near,4,/kaggle/input/datasets/denizkavi1/brain-tumor/2/313.png,glioma,/kaggle/input/datasets/denizkavi1/brain-tumor/2/315.png,glioma
near,6,/kaggle/input/datasets/denizkavi1/brain-tumor/2/316.png,glioma,/kaggle/input/datasets/denizkavi1/brain-tumor/2/331.png,glioma
near,6,/kaggle/input/datasets/denizkavi1/brain-tumor/2/316.png,glioma,/kaggle/input/datasets/denizkavi1/brain-tumor/1/2583.png,meningioma
near,4,/kaggle/input/datasets/denizkavi1/brain-tumor/2/317.png,glioma,/kaggle/input/datasets/denizkavi1/brain-tumor/2/325.png,glioma
near,6,/kaggle/input/datasets/denizkavi1/brain-tumor/2/317.png,glioma,/kaggle/input/datasets/denizkavi1/brain-tumor/2/334.png,glioma
near,5,/kaggle/input/datasets/denizkavi1/brain-tumor/2/317.png,glioma,/kaggle/input/datasets/denizkavi1/brain-tumor/2/345.png,glioma
near,4,/kaggle/input/datasets/denizkavi1/brain-tumor/2/317.png,glioma,/kaggle/input/datasets/denizkavi1/brain-tumor/2/346.png,glioma
near,6,/kaggle/input/datasets/denizkavi1/brain-tumor/2/317.png,glioma,/kaggle/input/datasets/denizkavi1/brain-tumor/2/352.png,glioma
near,6,/kaggle/input/datasets/denizkavi1/brain-tumor/2/317.png,glioma,/kaggle/input/datasets/denizkavi1/brain-tumor/2/372.png,glioma
near,5,/kaggle/input/datasets/denizkavi1/brain-tumor/2/318.png,glioma,/kaggle/input/datasets/denizkavi1/brain-tumor/2/331.png,glioma
near,5,/kaggle/input/datasets/denizkavi1/brain-tumor/2/318.png,glioma,/kaggle/input/datasets/denizkavi1/brain-tumor/1/2621.png,meningioma
near,6,/kaggle/input/datasets/denizkavi1/brain-tumor/2/320.png,glioma,/kaggle/input/datasets/denizkavi1/brain-tumor/2/337.png,glioma
near,5,/kaggle/input/datasets/denizkavi1/brain-tumor/2/321.png,glioma,/kaggle/input/datasets/denizkavi1/brain-tumor/2/336.png,glioma
near,6,/kaggle/input/datasets/denizkavi1/brain-tumor/2/323.png,glioma,/kaggle/input/datasets/denizkavi1/brain-tumor/1/2619.png,meningioma
near,3,/kaggle/input/datasets/denizkavi1/brain-tumor/2/325.png,glioma,/kaggle/input/datasets/denizkavi1/brain-tumor/2/345.png,glioma
near,4,/kaggle/input/datasets/denizkavi1/brain-tumor/2/325.png,glioma,/kaggle/input/datasets/denizkavi1/brain-tumor/2/346.png,glioma
near,2,/kaggle/input/datasets/denizkavi1/brain-tumor/2/327.png,glioma,/kaggle/input/datasets/denizkavi1/brain-tumor/2/349.png,glioma
near,6,/kaggle/input/datasets/denizkavi1/brain-tumor/2/33.png,glioma,/kaggle/input/datasets/denizkavi1/brain-tumor/2/763.png,glioma
near,6,/kaggle/input/datasets/denizkavi1/brain-tumor/2/33.png,glioma,/kaggle/input/datasets/denizkavi1/brain-tumor/2/770.png,glioma
near,6,/kaggle/input/datasets/denizkavi1/brain-tumor/2/33.png,glioma,/kaggle/input/datasets/denizkavi1/brain-tumor/2/789.png,glioma
near,6,/kaggle/input/datasets/denizkavi1/brain-tumor/2/331.png,glioma,/kaggle/input/datasets/denizkavi1/brain-tumor/1/2684.png,meningioma
near,3,/kaggle/input/datasets/denizkavi1/brain-tumor/2/332.png,glioma,/kaggle/input/datasets/denizkavi1/brain-tumor/2/344.png,glioma
near,4,/kaggle/input/datasets/denizkavi1/brain-tumor/2/334.png,glioma,/kaggle/input/datasets/denizkavi1/brain-tumor/2/346.png,glioma
near,4,/kaggle/input/datasets/denizkavi1/brain-tumor/2/334.png,glioma,/kaggle/input/datasets/denizkavi1/brain-tumor/2/352.png,glioma
near,5,/kaggle/input/datasets/denizkavi1/brain-tumor/2/335.png,glioma,/kaggle/input/datasets/denizkavi1/brain-tumor/2/342.png,glioma
near,5,/kaggle/input/datasets/denizkavi1/brain-tumor/2/335.png,glioma,/kaggle/input/datasets/denizkavi1/brain-tumor/2/422.png,glioma
near,6,/kaggle/input/datasets/denizkavi1/brain-tumor/2/342.png,glioma,/kaggle/input/datasets/denizkavi1/brain-tumor/2/343.png,glioma
near,6,/kaggle/input/datasets/denizkavi1/brain-tumor/2/342.png,glioma,/kaggle/input/datasets/denizkavi1/brain-tumor/2/446.png,glioma
near,5,/kaggle/input/datasets/denizkavi1/brain-tumor/2/345.png,glioma,/kaggle/input/datasets/denizkavi1/brain-tumor/2/346.png,glioma
near,6,/kaggle/input/datasets/denizkavi1/brain-tumor/2/346.png,glioma,/kaggle/input/datasets/denizkavi1/brain-tumor/2/352.png,glioma
near,4,/kaggle/input/datasets/denizkavi1/brain-tumor/2/346.png,glioma,/kaggle/input/datasets/denizkavi1/brain-tumor/2/372.png,glioma
near,3,/kaggle/input/datasets/denizkavi1/brain-tumor/2/350.png,glioma,/kaggle/input/datasets/denizkavi1/brain-tumor/2/377.png,glioma
near,5,/kaggle/input/datasets/denizkavi1/brain-tumor/2/351.png,glioma,/kaggle/input/datasets/denizkavi1/brain-tumor/2/360.png,glioma
near,2,/kaggle/input/datasets/denizkavi1/brain-tumor/2/351.png,glioma,/kaggle/input/datasets/denizkavi1/brain-tumor/2/363.png,glioma
near,4,/kaggle/input/datasets/denizkavi1/brain-tumor/2/352.png,glioma,/kaggle/input/datasets/denizkavi1/brain-tumor/2/372.png,glioma
near,6,/kaggle/input/datasets/denizkavi1/brain-tumor/2/354.png,glioma,/kaggle/input/datasets/denizkavi1/brain-tumor/3/991.png,pituitary
near,4,/kaggle/input/datasets/denizkavi1/brain-tumor/2/356.png,glioma,/kaggle/input/datasets/denizkavi1/brain-tumor/2/364.png,glioma
near,6,/kaggle/input/datasets/denizkavi1/brain-tumor/2/356.png,glioma,/kaggle/input/datasets/denizkavi1/brain-tumor/2/378.png,glioma
near,4,/kaggle/input/datasets/denizkavi1/brain-tumor/2/358.png,glioma,/kaggle/input/datasets/denizkavi1/brain-tumor/2/361.png,glioma
near,4,/kaggle/input/datasets/denizkavi1/brain-tumor/2/358.png,glioma,/kaggle/input/datasets/denizkavi1/brain-tumor/2/365.png,glioma
near,4,/kaggle/input/datasets/denizkavi1/brain-tumor/2/358.png,glioma,/kaggle/input/datasets/denizkavi1/brain-tumor/2/366.png,glioma
near,4,/kaggle/input/datasets/denizkavi1/brain-tumor/2/358.png,glioma,/kaggle/input/datasets/denizkavi1/brain-tumor/2/367.png,glioma
near,2,/kaggle/input/datasets/denizkavi1/brain-tumor/2/358.png,glioma,/kaggle/input/datasets/denizkavi1/brain-tumor/2/378.png,glioma
near,5,/kaggle/input/datasets/denizkavi1/brain-tumor/2/359.png,glioma,/kaggle/input/datasets/denizkavi1/brain-tumor/2/373.png,glioma
near,6,/kaggle/input/datasets/denizkavi1/brain-tumor/2/359.png,glioma,/kaggle/input/datasets/denizkavi1/brain-tumor/2/623.png,glioma
near,6,/kaggle/input/datasets/denizkavi1/brain-tumor/2/36.png,glioma,/kaggle/input/datasets/denizkavi1/brain-tumor/2/38.png,glioma
near,6,/kaggle/input/datasets/denizkavi1/brain-tumor/2/361.png,glioma,/kaggle/input/datasets/denizkavi1/brain-tumor/2/365.png,glioma
near,2,/kaggle/input/datasets/denizkavi1/brain-tumor/2/361.png,glioma,/kaggle/input/datasets/denizkavi1/brain-tumor/2/366.png,glioma
near,4,/kaggle/input/datasets/denizkavi1/brain-tumor/2/361.png,glioma,/kaggle/input/datasets/denizkavi1/brain-tumor/2/367.png,glioma
near,6,/kaggle/input/datasets/denizkavi1/brain-tumor/2/361.png,glioma,/kaggle/input/datasets/denizkavi1/brain-tumor/2/369.png,glioma
near,4,/kaggle/input/datasets/denizkavi1/brain-tumor/2/361.png,glioma,/kaggle/input/datasets/denizkavi1/brain-tumor/2/378.png,glioma
near,6,/kaggle/input/datasets/denizkavi1/brain-tumor/2/361.png,glioma,/kaggle/input/datasets/denizkavi1/brain-tumor/1/2520.png,meningioma
near,4,/kaggle/input/datasets/denizkavi1/brain-tumor/2/362.png,glioma,/kaggle/input/datasets/denizkavi1/brain-tumor/2/375.png,glioma
near,6,/kaggle/input/datasets/denizkavi1/brain-tumor/2/362.png,glioma,/kaggle/input/datasets/denizkavi1/brain-tumor/3/1033.png,pituitary
near,6,/kaggle/input/datasets/denizkavi1/brain-tumor/2/362.png,glioma,/kaggle/input/datasets/denizkavi1/brain-tumor/3/1048.png,pituitary
near,4,/kaggle/input/datasets/denizkavi1/brain-tumor/2/362.png,glioma,/kaggle/input/datasets/denizkavi1/brain-tumor/3/999.png,pituitary
near,6,/kaggle/input/datasets/denizkavi1/brain-tumor/2/365.png,glioma,/kaggle/input/datasets/denizkavi1/brain-tumor/2/366.png,glioma
near,6,/kaggle/input/datasets/denizkavi1/brain-tumor/2/365.png,glioma,/kaggle/input/datasets/denizkavi1/brain-tumor/2/378.png,glioma
near,6,/kaggle/input/datasets/denizkavi1/brain-tumor/2/366.png,glioma,/kaggle/input/datasets/denizkavi1/brain-tumor/2/367.png,glioma
near,4,/kaggle/input/datasets/denizkavi1/brain-tumor/2/366.png,glioma,/kaggle/input/datasets/denizkavi1/brain-tumor/2/369.png,glioma
near,6,/kaggle/input/datasets/denizkavi1/brain-tumor/2/366.png,glioma,/kaggle/input/datasets/denizkavi1/brain-tumor/2/378.png,glioma
near,4,/kaggle/input/datasets/denizkavi1/brain-tumor/2/367.png,glioma,/kaggle/input/datasets/denizkavi1/brain-tumor/2/378.png,glioma
near,4,/kaggle/input/datasets/denizkavi1/brain-tumor/2/368.png,glioma,/kaggle/input/datasets/denizkavi1/brain-tumor/2/369.png,glioma
near,4,/kaggle/input/datasets/denizkavi1/brain-tumor/2/368.png,glioma,/kaggle/input/datasets/denizkavi1/brain-tumor/2/380.png,glioma
near,5,/kaggle/input/datasets/denizkavi1/brain-tumor/2/369.png,glioma,/kaggle/input/datasets/denizkavi1/brain-tumor/1/2669.png,meningioma
near,6,/kaggle/input/datasets/denizkavi1/brain-tumor/2/374.png,glioma,/kaggle/input/datasets/denizkavi1/brain-tumor/2/376.png,glioma
near,6,/kaggle/input/datasets/denizkavi1/brain-tumor/2/374.png,glioma,/kaggle/input/datasets/denizkavi1/brain-tumor/2/381.png,glioma
near,6,/kaggle/input/datasets/denizkavi1/brain-tumor/2/375.png,glioma,/kaggle/input/datasets/denizkavi1/brain-tumor/3/1033.png,pituitary
near,6,/kaggle/input/datasets/denizkavi1/brain-tumor/2/375.png,glioma,/kaggle/input/datasets/denizkavi1/brain-tumor/3/1036.png,pituitary
near,4,/kaggle/input/datasets/denizkavi1/brain-tumor/2/375.png,glioma,/kaggle/input/datasets/denizkavi1/brain-tumor/3/1048.png,pituitary
near,6,/kaggle/input/datasets/denizkavi1/brain-tumor/2/375.png,glioma,/kaggle/input/datasets/denizkavi1/brain-tumor/3/2260.png,pituitary
near,5,/kaggle/input/datasets/denizkavi1/brain-tumor/2/375.png,glioma,/kaggle/input/datasets/denizkavi1/brain-tumor/3/983.png,pituitary
near,5,/kaggle/input/datasets/denizkavi1/brain-tumor/2/375.png,glioma,/kaggle/input/datasets/denizkavi1/brain-tumor/3/992.png,pituitary
near,4,/kaggle/input/datasets/denizkavi1/brain-tumor/2/375.png,glioma,/kaggle/input/datasets/denizkavi1/brain-tumor/3/999.png,pituitary
near,6,/kaggle/input/datasets/denizkavi1/brain-tumor/2/378.png,glioma,/kaggle/input/datasets/denizkavi1/brain-tumor/1/2520.png,meningioma
near,6,/kaggle/input/datasets/denizkavi1/brain-tumor/2/38.png,glioma,/kaggle/input/datasets/denizkavi1/brain-tumor/2/58.png,glioma
near,6,/kaggle/input/datasets/denizkavi1/brain-tumor/2/381.png,glioma,/kaggle/input/datasets/denizkavi1/brain-tumor/2/387.png,glioma
near,4,/kaggle/input/datasets/denizkavi1/brain-tumor/2/382.png,glioma,/kaggle/input/datasets/denizkavi1/brain-tumor/2/391.png,glioma
near,5,/kaggle/input/datasets/denizkavi1/brain-tumor/2/383.png,glioma,/kaggle/input/datasets/denizkavi1/brain-tumor/2/392.png,glioma
near,6,/kaggle/input/datasets/denizkavi1/brain-tumor/2/383.png,glioma,/kaggle/input/datasets/denizkavi1/brain-tumor/2/414.png,glioma
near,6,/kaggle/input/datasets/denizkavi1/brain-tumor/2/383.png,glioma,/kaggle/input/datasets/denizkavi1/brain-tumor/1/2674.png,meningioma
near,5,/kaggle/input/datasets/denizkavi1/brain-tumor/2/384.png,glioma,/kaggle/input/datasets/denizkavi1/brain-tumor/2/403.png,glioma
near,6,/kaggle/input/datasets/denizkavi1/brain-tumor/2/384.png,glioma,/kaggle/input/datasets/denizkavi1/brain-tumor/2/407.png,glioma
near,6,/kaggle/input/datasets/denizkavi1/brain-tumor/2/384.png,glioma,/kaggle/input/datasets/denizkavi1/brain-tumor/1/2501.png,meningioma
near,6,/kaggle/input/datasets/denizkavi1/brain-tumor/2/388.png,glioma,/kaggle/input/datasets/denizkavi1/brain-tumor/2/392.png,glioma
near,5,/kaggle/input/datasets/denizkavi1/brain-tumor/2/388.png,glioma,/kaggle/input/datasets/denizkavi1/brain-tumor/2/414.png,glioma
near,5,/kaggle/input/datasets/denizkavi1/brain-tumor/2/392.png,glioma,/kaggle/input/datasets/denizkavi1/brain-tumor/2/414.png,glioma
near,6,/kaggle/input/datasets/denizkavi1/brain-tumor/2/392.png,glioma,/kaggle/input/datasets/denizkavi1/brain-tumor/2/434.png,glioma
near,6,/kaggle/input/datasets/denizkavi1/brain-tumor/2/398.png,glioma,/kaggle/input/datasets/denizkavi1/brain-tumor/2/408.png,glioma
near,6,/kaggle/input/datasets/denizkavi1/brain-tumor/2/4.png,glioma,/kaggle/input/datasets/denizkavi1/brain-tumor/2/919.png,glioma
near,6,/kaggle/input/datasets/denizkavi1/brain-tumor/2/401.png,glioma,/kaggle/input/datasets/denizkavi1/brain-tumor/1/2463.png,meningioma
near,6,/kaggle/input/datasets/denizkavi1/brain-tumor/2/403.png,glioma,/kaggle/input/datasets/denizkavi1/brain-tumor/2/442.png,glioma
near,6,/kaggle/input/datasets/denizkavi1/brain-tumor/2/403.png,glioma,/kaggle/input/datasets/denizkavi1/brain-tumor/1/2513.png,meningioma
near,6,/kaggle/input/datasets/denizkavi1/brain-tumor/2/403.png,glioma,/kaggle/input/datasets/denizkavi1/brain-tumor/1/2516.png,meningioma
near,6,/kaggle/input/datasets/denizkavi1/brain-tumor/2/403.png,glioma,/kaggle/input/datasets/denizkavi1/brain-tumor/1/2632.png,meningioma
near,6,/kaggle/input/datasets/denizkavi1/brain-tumor/2/403.png,glioma,/kaggle/input/datasets/denizkavi1/brain-tumor/1/2667.png,meningioma
near,6,/kaggle/input/datasets/denizkavi1/brain-tumor/2/404.png,glioma,/kaggle/input/datasets/denizkavi1/brain-tumor/2/414.png,glioma
near,6,/kaggle/input/datasets/denizkavi1/brain-tumor/2/405.png,glioma,/kaggle/input/datasets/denizkavi1/brain-tumor/2/410.png,glioma
near,6,/kaggle/input/datasets/denizkavi1/brain-tumor/2/405.png,glioma,/kaggle/input/datasets/denizkavi1/brain-tumor/2/419.png,glioma
near,6,/kaggle/input/datasets/denizkavi1/brain-tumor/2/408.png,glioma,/kaggle/input/datasets/denizkavi1/brain-tumor/2/414.png,glioma
near,4,/kaggle/input/datasets/denizkavi1/brain-tumor/2/41.png,glioma,/kaggle/input/datasets/denizkavi1/brain-tumor/2/50.png,glioma
near,5,/kaggle/input/datasets/denizkavi1/brain-tumor/2/414.png,glioma,/kaggle/input/datasets/denizkavi1/brain-tumor/1/2547.png,meningioma
near,6,/kaggle/input/datasets/denizkavi1/brain-tumor/2/414.png,glioma,/kaggle/input/datasets/denizkavi1/brain-tumor/1/2674.png,meningioma
near,4,/kaggle/input/datasets/denizkavi1/brain-tumor/2/420.png,glioma,/kaggle/input/datasets/denizkavi1/brain-tumor/2/424.png,glioma
near,6,/kaggle/input/datasets/denizkavi1/brain-tumor/2/420.png,glioma,/kaggle/input/datasets/denizkavi1/brain-tumor/3/1067.png,pituitary
near,4,/kaggle/input/datasets/denizkavi1/brain-tumor/2/421.png,glioma,/kaggle/input/datasets/denizkavi1/brain-tumor/2/439.png,glioma
near,6,/kaggle/input/datasets/denizkavi1/brain-tumor/2/422.png,glioma,/kaggle/input/datasets/denizkavi1/brain-tumor/2/435.png,glioma
near,5,/kaggle/input/datasets/denizkavi1/brain-tumor/2/425.png,glioma,/kaggle/input/datasets/denizkavi1/brain-tumor/2/442.png,glioma
near,6,/kaggle/input/datasets/denizkavi1/brain-tumor/2/425.png,glioma,/kaggle/input/datasets/denizkavi1/brain-tumor/1/2501.png,meningioma
near,6,/kaggle/input/datasets/denizkavi1/brain-tumor/2/428.png,glioma,/kaggle/input/datasets/denizkavi1/brain-tumor/2/446.png,glioma
near,4,/kaggle/input/datasets/denizkavi1/brain-tumor/2/429.png,glioma,/kaggle/input/datasets/denizkavi1/brain-tumor/2/438.png,glioma
near,6,/kaggle/input/datasets/denizkavi1/brain-tumor/2/429.png,glioma,/kaggle/input/datasets/denizkavi1/brain-tumor/1/2679.png,meningioma
near,6,/kaggle/input/datasets/denizkavi1/brain-tumor/2/429.png,glioma,/kaggle/input/datasets/denizkavi1/brain-tumor/1/2694.png,meningioma
near,4,/kaggle/input/datasets/denizkavi1/brain-tumor/2/429.png,glioma,/kaggle/input/datasets/denizkavi1/brain-tumor/1/2702.png,meningioma
near,6,/kaggle/input/datasets/denizkavi1/brain-tumor/2/43.png,glioma,/kaggle/input/datasets/denizkavi1/brain-tumor/2/46.png,glioma
near,6,/kaggle/input/datasets/denizkavi1/brain-tumor/2/430.png,glioma,/kaggle/input/datasets/denizkavi1/brain-tumor/3/1058.png,pituitary
near,6,/kaggle/input/datasets/denizkavi1/brain-tumor/2/430.png,glioma,/kaggle/input/datasets/denizkavi1/brain-tumor/3/1806.png,pituitary
near,6,/kaggle/input/datasets/denizkavi1/brain-tumor/2/435.png,glioma,/kaggle/input/datasets/denizkavi1/brain-tumor/1/2430.png,meningioma
near,6,/kaggle/input/datasets/denizkavi1/brain-tumor/2/435.png,glioma,/kaggle/input/datasets/denizkavi1/brain-tumor/1/2437.png,meningioma
near,5,/kaggle/input/datasets/denizkavi1/brain-tumor/2/435.png,glioma,/kaggle/input/datasets/denizkavi1/brain-tumor/1/2590.png,meningioma
near,5,/kaggle/input/datasets/denizkavi1/brain-tumor/2/436.png,glioma,/kaggle/input/datasets/denizkavi1/brain-tumor/1/2456.png,meningioma
near,2,/kaggle/input/datasets/denizkavi1/brain-tumor/2/436.png,glioma,/kaggle/input/datasets/denizkavi1/brain-tumor/1/2513.png,meningioma
near,6,/kaggle/input/datasets/denizkavi1/brain-tumor/2/436.png,glioma,/kaggle/input/datasets/denizkavi1/brain-tumor/1/2516.png,meningioma
near,6,/kaggle/input/datasets/denizkavi1/brain-tumor/2/436.png,glioma,/kaggle/input/datasets/denizkavi1/brain-tumor/1/2667.png,meningioma
near,6,/kaggle/input/datasets/denizkavi1/brain-tumor/2/436.png,glioma,/kaggle/input/datasets/denizkavi1/brain-tumor/1/2694.png,meningioma
near,3,/kaggle/input/datasets/denizkavi1/brain-tumor/2/437.png,glioma,/kaggle/input/datasets/denizkavi1/brain-tumor/2/448.png,glioma
near,6,/kaggle/input/datasets/denizkavi1/brain-tumor/2/438.png,glioma,/kaggle/input/datasets/denizkavi1/brain-tumor/1/2429.png,meningioma
near,5,/kaggle/input/datasets/denizkavi1/brain-tumor/2/438.png,glioma,/kaggle/input/datasets/denizkavi1/brain-tumor/1/2473.png,meningioma
near,6,/kaggle/input/datasets/denizkavi1/brain-tumor/2/442.png,glioma,/kaggle/input/datasets/denizkavi1/brain-tumor/1/2513.png,meningioma
near,6,/kaggle/input/datasets/denizkavi1/brain-tumor/2/442.png,glioma,/kaggle/input/datasets/denizkavi1/brain-tumor/1/2520.png,meningioma
near,6,/kaggle/input/datasets/denizkavi1/brain-tumor/2/442.png,glioma,/kaggle/input/datasets/denizkavi1/brain-tumor/1/2667.png,meningioma
near,6,/kaggle/input/datasets/denizkavi1/brain-tumor/2/445.png,glioma,/kaggle/input/datasets/denizkavi1/brain-tumor/1/2583.png,meningioma
near,6,/kaggle/input/datasets/denizkavi1/brain-tumor/2/450.png,glioma,/kaggle/input/datasets/denizkavi1/brain-tumor/2/453.png,glioma
near,5,/kaggle/input/datasets/denizkavi1/brain-tumor/2/451.png,glioma,/kaggle/input/datasets/denizkavi1/brain-tumor/2/458.png,glioma
near,4,/kaggle/input/datasets/denizkavi1/brain-tumor/2/452.png,glioma,/kaggle/input/datasets/denizkavi1/brain-tumor/2/453.png,glioma
near,4,/kaggle/input/datasets/denizkavi1/brain-tumor/2/46.png,glioma,/kaggle/input/datasets/denizkavi1/brain-tumor/2/53.png,glioma
near,5,/kaggle/input/datasets/denizkavi1/brain-tumor/2/461.png,glioma,/kaggle/input/datasets/denizkavi1/brain-tumor/2/495.png,glioma
near,4,/kaggle/input/datasets/denizkavi1/brain-tumor/2/462.png,glioma,/kaggle/input/datasets/denizkavi1/brain-tumor/2/476.png,glioma
near,6,/kaggle/input/datasets/denizkavi1/brain-tumor/2/462.png,glioma,/kaggle/input/datasets/denizkavi1/brain-tumor/2/496.png,glioma
near,3,/kaggle/input/datasets/denizkavi1/brain-tumor/2/464.png,glioma,/kaggle/input/datasets/denizkavi1/brain-tumor/2/467.png,glioma
near,2,/kaggle/input/datasets/denizkavi1/brain-tumor/2/464.png,glioma,/kaggle/input/datasets/denizkavi1/brain-tumor/2/510.png,glioma
near,5,/kaggle/input/datasets/denizkavi1/brain-tumor/2/467.png,glioma,/kaggle/input/datasets/denizkavi1/brain-tumor/2/510.png,glioma
near,3,/kaggle/input/datasets/denizkavi1/brain-tumor/2/469.png,glioma,/kaggle/input/datasets/denizkavi1/brain-tumor/2/494.png,glioma
near,4,/kaggle/input/datasets/denizkavi1/brain-tumor/2/470.png,glioma,/kaggle/input/datasets/denizkavi1/brain-tumor/2/472.png,glioma
near,6,/kaggle/input/datasets/denizkavi1/brain-tumor/2/470.png,glioma,/kaggle/input/datasets/denizkavi1/brain-tumor/1/2836.png,meningioma
near,4,/kaggle/input/datasets/denizkavi1/brain-tumor/2/472.png,glioma,/kaggle/input/datasets/denizkavi1/brain-tumor/2/508.png,glioma
near,6,/kaggle/input/datasets/denizkavi1/brain-tumor/2/477.png,glioma,/kaggle/input/datasets/denizkavi1/brain-tumor/2/485.png,glioma
near,6,/kaggle/input/datasets/denizkavi1/brain-tumor/2/481.png,glioma,/kaggle/input/datasets/denizkavi1/brain-tumor/2/490.png,glioma
near,6,/kaggle/input/datasets/denizkavi1/brain-tumor/2/485.png,glioma,/kaggle/input/datasets/denizkavi1/brain-tumor/2/495.png,glioma
near,3,/kaggle/input/datasets/denizkavi1/brain-tumor/2/489.png,glioma,/kaggle/input/datasets/denizkavi1/brain-tumor/2/509.png,glioma
near,4,/kaggle/input/datasets/denizkavi1/brain-tumor/2/491.png,glioma,/kaggle/input/datasets/denizkavi1/brain-tumor/2/499.png,glioma
near,4,/kaggle/input/datasets/denizkavi1/brain-tumor/2/497.png,glioma,/kaggle/input/datasets/denizkavi1/brain-tumor/2/507.png,glioma
near,6,/kaggle/input/datasets/denizkavi1/brain-tumor/2/504.png,glioma,/kaggle/input/datasets/denizkavi1/brain-tumor/1/2857.png,meningioma
near,6,/kaggle/input/datasets/denizkavi1/brain-tumor/2/504.png,glioma,/kaggle/input/datasets/denizkavi1/brain-tumor/1/2874.png,meningioma
near,2,/kaggle/input/datasets/denizkavi1/brain-tumor/2/514.png,glioma,/kaggle/input/datasets/denizkavi1/brain-tumor/2/524.png,glioma
near,6,/kaggle/input/datasets/denizkavi1/brain-tumor/2/514.png,glioma,/kaggle/input/datasets/denizkavi1/brain-tumor/2/530.png,glioma
near,6,/kaggle/input/datasets/denizkavi1/brain-tumor/2/514.png,glioma,/kaggle/input/datasets/denizkavi1/brain-tumor/2/532.png,glioma
near,4,/kaggle/input/datasets/denizkavi1/brain-tumor/2/515.png,glioma,/kaggle/input/datasets/denizkavi1/brain-tumor/2/522.png,glioma
near,4,/kaggle/input/datasets/denizkavi1/brain-tumor/2/516.png,glioma,/kaggle/input/datasets/denizkavi1/brain-tumor/2/531.png,glioma
near,5,/kaggle/input/datasets/denizkavi1/brain-tumor/2/518.png,glioma,/kaggle/input/datasets/denizkavi1/brain-tumor/2/519.png,glioma
near,3,/kaggle/input/datasets/denizkavi1/brain-tumor/2/518.png,glioma,/kaggle/input/datasets/denizkavi1/brain-tumor/2/536.png,glioma
near,6,/kaggle/input/datasets/denizkavi1/brain-tumor/2/519.png,glioma,/kaggle/input/datasets/denizkavi1/brain-tumor/2/522.png,glioma
near,4,/kaggle/input/datasets/denizkavi1/brain-tumor/2/519.png,glioma,/kaggle/input/datasets/denizkavi1/brain-tumor/2/536.png,glioma
near,6,/kaggle/input/datasets/denizkavi1/brain-tumor/2/524.png,glioma,/kaggle/input/datasets/denizkavi1/brain-tumor/2/532.png,glioma
near,2,/kaggle/input/datasets/denizkavi1/brain-tumor/2/525.png,glioma,/kaggle/input/datasets/denizkavi1/brain-tumor/2/528.png,glioma
near,6,/kaggle/input/datasets/denizkavi1/brain-tumor/2/525.png,glioma,/kaggle/input/datasets/denizkavi1/brain-tumor/2/538.png,glioma
near,6,/kaggle/input/datasets/denizkavi1/brain-tumor/2/525.png,glioma,/kaggle/input/datasets/denizkavi1/brain-tumor/1/2939.png,meningioma
near,6,/kaggle/input/datasets/denizkavi1/brain-tumor/2/525.png,glioma,/kaggle/input/datasets/denizkavi1/brain-tumor/1/2940.png,meningioma
near,6,/kaggle/input/datasets/denizkavi1/brain-tumor/2/526.png,glioma,/kaggle/input/datasets/denizkavi1/brain-tumor/2/543.png,glioma
near,4,/kaggle/input/datasets/denizkavi1/brain-tumor/2/526.png,glioma,/kaggle/input/datasets/denizkavi1/brain-tumor/2/544.png,glioma
near,5,/kaggle/input/datasets/denizkavi1/brain-tumor/2/527.png,glioma,/kaggle/input/datasets/denizkavi1/brain-tumor/2/544.png,glioma
near,6,/kaggle/input/datasets/denizkavi1/brain-tumor/2/528.png,glioma,/kaggle/input/datasets/denizkavi1/brain-tumor/2/535.png,glioma
near,4,/kaggle/input/datasets/denizkavi1/brain-tumor/2/528.png,glioma,/kaggle/input/datasets/denizkavi1/brain-tumor/2/538.png,glioma
near,5,/kaggle/input/datasets/denizkavi1/brain-tumor/2/528.png,glioma,/kaggle/input/datasets/denizkavi1/brain-tumor/1/2321.png,meningioma
near,5,/kaggle/input/datasets/denizkavi1/brain-tumor/2/528.png,glioma,/kaggle/input/datasets/denizkavi1/brain-tumor/1/2330.png,meningioma
near,6,/kaggle/input/datasets/denizkavi1/brain-tumor/2/528.png,glioma,/kaggle/input/datasets/denizkavi1/brain-tumor/1/2939.png,meningioma
near,6,/kaggle/input/datasets/denizkavi1/brain-tumor/2/528.png,glioma,/kaggle/input/datasets/denizkavi1/brain-tumor/1/2940.png,meningioma
near,6,/kaggle/input/datasets/denizkavi1/brain-tumor/2/529.png,glioma,/kaggle/input/datasets/denizkavi1/brain-tumor/1/2926.png,meningioma
near,5,/kaggle/input/datasets/denizkavi1/brain-tumor/2/529.png,glioma,/kaggle/input/datasets/denizkavi1/brain-tumor/1/2930.png,meningioma
near,6,/kaggle/input/datasets/denizkavi1/brain-tumor/2/529.png,glioma,/kaggle/input/datasets/denizkavi1/brain-tumor/1/2931.png,meningioma
near,5,/kaggle/input/datasets/denizkavi1/brain-tumor/2/529.png,glioma,/kaggle/input/datasets/denizkavi1/brain-tumor/1/2939.png,meningioma
near,6,/kaggle/input/datasets/denizkavi1/brain-tumor/2/530.png,glioma,/kaggle/input/datasets/denizkavi1/brain-tumor/2/532.png,glioma
near,4,/kaggle/input/datasets/denizkavi1/brain-tumor/2/535.png,glioma,/kaggle/input/datasets/denizkavi1/brain-tumor/2/538.png,glioma
near,5,/kaggle/input/datasets/denizkavi1/brain-tumor/2/535.png,glioma,/kaggle/input/datasets/denizkavi1/brain-tumor/2/545.png,glioma
near,4,/kaggle/input/datasets/denizkavi1/brain-tumor/2/537.png,glioma,/kaggle/input/datasets/denizkavi1/brain-tumor/2/539.png,glioma
near,6,/kaggle/input/datasets/denizkavi1/brain-tumor/2/538.png,glioma,/kaggle/input/datasets/denizkavi1/brain-tumor/1/2940.png,meningioma
near,2,/kaggle/input/datasets/denizkavi1/brain-tumor/2/541.png,glioma,/kaggle/input/datasets/denizkavi1/brain-tumor/2/558.png,glioma
near,4,/kaggle/input/datasets/denizkavi1/brain-tumor/2/542.png,glioma,/kaggle/input/datasets/denizkavi1/brain-tumor/1/2919.png,meningioma
near,6,/kaggle/input/datasets/denizkavi1/brain-tumor/2/542.png,glioma,/kaggle/input/datasets/denizkavi1/brain-tumor/1/2921.png,meningioma
near,3,/kaggle/input/datasets/denizkavi1/brain-tumor/2/546.png,glioma,/kaggle/input/datasets/denizkavi1/brain-tumor/2/555.png,glioma
near,6,/kaggle/input/datasets/denizkavi1/brain-tumor/2/546.png,glioma,/kaggle/input/datasets/denizkavi1/brain-tumor/2/562.png,glioma
near,6,/kaggle/input/datasets/denizkavi1/brain-tumor/2/546.png,glioma,/kaggle/input/datasets/denizkavi1/brain-tumor/2/669.png,glioma
near,4,/kaggle/input/datasets/denizkavi1/brain-tumor/2/546.png,glioma,/kaggle/input/datasets/denizkavi1/brain-tumor/1/2857.png,meningioma
near,5,/kaggle/input/datasets/denizkavi1/brain-tumor/2/546.png,glioma,/kaggle/input/datasets/denizkavi1/brain-tumor/1/2867.png,meningioma
near,4,/kaggle/input/datasets/denizkavi1/brain-tumor/2/546.png,glioma,/kaggle/input/datasets/denizkavi1/brain-tumor/1/2874.png,meningioma
near,3,/kaggle/input/datasets/denizkavi1/brain-tumor/2/549.png,glioma,/kaggle/input/datasets/denizkavi1/brain-tumor/2/550.png,glioma
near,6,/kaggle/input/datasets/denizkavi1/brain-tumor/2/549.png,glioma,/kaggle/input/datasets/denizkavi1/brain-tumor/2/577.png,glioma
near,4,/kaggle/input/datasets/denizkavi1/brain-tumor/2/55.png,glioma,/kaggle/input/datasets/denizkavi1/brain-tumor/2/59.png,glioma
near,4,/kaggle/input/datasets/denizkavi1/brain-tumor/2/553.png,glioma,/kaggle/input/datasets/denizkavi1/brain-tumor/2/556.png,glioma
near,5,/kaggle/input/datasets/denizkavi1/brain-tumor/2/555.png,glioma,/kaggle/input/datasets/denizkavi1/brain-tumor/2/562.png,glioma
near,6,/kaggle/input/datasets/denizkavi1/brain-tumor/2/555.png,glioma,/kaggle/input/datasets/denizkavi1/brain-tumor/2/821.png,glioma
near,3,/kaggle/input/datasets/denizkavi1/brain-tumor/2/555.png,glioma,/kaggle/input/datasets/denizkavi1/brain-tumor/1/2857.png,meningioma
near,6,/kaggle/input/datasets/denizkavi1/brain-tumor/2/555.png,glioma,/kaggle/input/datasets/denizkavi1/brain-tumor/1/2867.png,meningioma
near,3,/kaggle/input/datasets/denizkavi1/brain-tumor/2/555.png,glioma,/kaggle/input/datasets/denizkavi1/brain-tumor/1/2874.png,meningioma
near,6,/kaggle/input/datasets/denizkavi1/brain-tumor/2/557.png,glioma,/kaggle/input/datasets/denizkavi1/brain-tumor/2/561.png,glioma
near,6,/kaggle/input/datasets/denizkavi1/brain-tumor/2/557.png,glioma,/kaggle/input/datasets/denizkavi1/brain-tumor/2/596.png,glioma
near,6,/kaggle/input/datasets/denizkavi1/brain-tumor/2/559.png,glioma,/kaggle/input/datasets/denizkavi1/brain-tumor/2/698.png,glioma
near,6,/kaggle/input/datasets/denizkavi1/brain-tumor/2/559.png,glioma,/kaggle/input/datasets/denizkavi1/brain-tumor/2/722.png,glioma
near,5,/kaggle/input/datasets/denizkavi1/brain-tumor/2/560.png,glioma,/kaggle/input/datasets/denizkavi1/brain-tumor/2/562.png,glioma
near,6,/kaggle/input/datasets/denizkavi1/brain-tumor/2/562.png,glioma,/kaggle/input/datasets/denizkavi1/brain-tumor/1/2857.png,meningioma
near,6,/kaggle/input/datasets/denizkavi1/brain-tumor/2/562.png,glioma,/kaggle/input/datasets/denizkavi1/brain-tumor/1/2874.png,meningioma
near,2,/kaggle/input/datasets/denizkavi1/brain-tumor/2/563.png,glioma,/kaggle/input/datasets/denizkavi1/brain-tumor/2/566.png,glioma
near,4,/kaggle/input/datasets/denizkavi1/brain-tumor/2/563.png,glioma,/kaggle/input/datasets/denizkavi1/brain-tumor/2/579.png,glioma
near,4,/kaggle/input/datasets/denizkavi1/brain-tumor/2/563.png,glioma,/kaggle/input/datasets/denizkavi1/brain-tumor/2/608.png,glioma
near,4,/kaggle/input/datasets/denizkavi1/brain-tumor/2/564.png,glioma,/kaggle/input/datasets/denizkavi1/brain-tumor/2/573.png,glioma
near,6,/kaggle/input/datasets/denizkavi1/brain-tumor/2/566.png,glioma,/kaggle/input/datasets/denizkavi1/brain-tumor/2/579.png,glioma
near,2,/kaggle/input/datasets/denizkavi1/brain-tumor/2/566.png,glioma,/kaggle/input/datasets/denizkavi1/brain-tumor/2/608.png,glioma
near,6,/kaggle/input/datasets/denizkavi1/brain-tumor/2/567.png,glioma,/kaggle/input/datasets/denizkavi1/brain-tumor/2/572.png,glioma
near,4,/kaggle/input/datasets/denizkavi1/brain-tumor/2/572.png,glioma,/kaggle/input/datasets/denizkavi1/brain-tumor/2/586.png,glioma
near,5,/kaggle/input/datasets/denizkavi1/brain-tumor/2/578.png,glioma,/kaggle/input/datasets/denizkavi1/brain-tumor/2/582.png,glioma
near,6,/kaggle/input/datasets/denizkavi1/brain-tumor/2/581.png,glioma,/kaggle/input/datasets/denizkavi1/brain-tumor/2/606.png,glioma
near,5,/kaggle/input/datasets/denizkavi1/brain-tumor/2/585.png,glioma,/kaggle/input/datasets/denizkavi1/brain-tumor/2/886.png,glioma
near,2,/kaggle/input/datasets/denizkavi1/brain-tumor/2/585.png,glioma,/kaggle/input/datasets/denizkavi1/brain-tumor/2/910.png,glioma
near,6,/kaggle/input/datasets/denizkavi1/brain-tumor/2/587.png,glioma,/kaggle/input/datasets/denizkavi1/brain-tumor/2/594.png,glioma
near,6,/kaggle/input/datasets/denizkavi1/brain-tumor/2/587.png,glioma,/kaggle/input/datasets/denizkavi1/brain-tumor/2/599.png,glioma
near,6,/kaggle/input/datasets/denizkavi1/brain-tumor/2/588.png,glioma,/kaggle/input/datasets/denizkavi1/brain-tumor/2/912.png,glioma
near,2,/kaggle/input/datasets/denizkavi1/brain-tumor/2/590.png,glioma,/kaggle/input/datasets/denizkavi1/brain-tumor/2/593.png,glioma
near,6,/kaggle/input/datasets/denizkavi1/brain-tumor/2/590.png,glioma,/kaggle/input/datasets/denizkavi1/brain-tumor/2/597.png,glioma
near,4,/kaggle/input/datasets/denizkavi1/brain-tumor/2/593.png,glioma,/kaggle/input/datasets/denizkavi1/brain-tumor/2/597.png,glioma
near,4,/kaggle/input/datasets/denizkavi1/brain-tumor/2/597.png,glioma,/kaggle/input/datasets/denizkavi1/brain-tumor/2/602.png,glioma
near,4,/kaggle/input/datasets/denizkavi1/brain-tumor/2/6.png,glioma,/kaggle/input/datasets/denizkavi1/brain-tumor/2/919.png,glioma
near,4,/kaggle/input/datasets/denizkavi1/brain-tumor/2/601.png,glioma,/kaggle/input/datasets/denizkavi1/brain-tumor/2/603.png,glioma
near,6,/kaggle/input/datasets/denizkavi1/brain-tumor/2/602.png,glioma,/kaggle/input/datasets/denizkavi1/brain-tumor/2/605.png,glioma
near,6,/kaggle/input/datasets/denizkavi1/brain-tumor/2/607.png,glioma,/kaggle/input/datasets/denizkavi1/brain-tumor/2/854.png,glioma
near,3,/kaggle/input/datasets/denizkavi1/brain-tumor/2/609.png,glioma,/kaggle/input/datasets/denizkavi1/brain-tumor/2/632.png,glioma
near,5,/kaggle/input/datasets/denizkavi1/brain-tumor/2/609.png,glioma,/kaggle/input/datasets/denizkavi1/brain-tumor/2/636.png,glioma
near,6,/kaggle/input/datasets/denizkavi1/brain-tumor/2/609.png,glioma,/kaggle/input/datasets/denizkavi1/brain-tumor/2/641.png,glioma
near,6,/kaggle/input/datasets/denizkavi1/brain-tumor/2/61.png,glioma,/kaggle/input/datasets/denizkavi1/brain-tumor/2/72.png,glioma
near,4,/kaggle/input/datasets/denizkavi1/brain-tumor/2/61.png,glioma,/kaggle/input/datasets/denizkavi1/brain-tumor/2/77.png,glioma
near,6,/kaggle/input/datasets/denizkavi1/brain-tumor/2/610.png,glioma,/kaggle/input/datasets/denizkavi1/brain-tumor/2/630.png,glioma
near,3,/kaggle/input/datasets/denizkavi1/brain-tumor/2/610.png,glioma,/kaggle/input/datasets/denizkavi1/brain-tumor/2/637.png,glioma
near,6,/kaggle/input/datasets/denizkavi1/brain-tumor/2/611.png,glioma,/kaggle/input/datasets/denizkavi1/brain-tumor/1/2463.png,meningioma
near,6,/kaggle/input/datasets/denizkavi1/brain-tumor/2/612.png,glioma,/kaggle/input/datasets/denizkavi1/brain-tumor/1/2330.png,meningioma
near,6,/kaggle/input/datasets/denizkavi1/brain-tumor/2/615.png,glioma,/kaggle/input/datasets/denizkavi1/brain-tumor/2/622.png,glioma
near,5,/kaggle/input/datasets/denizkavi1/brain-tumor/2/616.png,glioma,/kaggle/input/datasets/denizkavi1/brain-tumor/2/632.png,glioma
near,5,/kaggle/input/datasets/denizkavi1/brain-tumor/2/616.png,glioma,/kaggle/input/datasets/denizkavi1/brain-tumor/2/636.png,glioma
near,6,/kaggle/input/datasets/denizkavi1/brain-tumor/2/617.png,glioma,/kaggle/input/datasets/denizkavi1/brain-tumor/2/619.png,glioma
near,6,/kaggle/input/datasets/denizkavi1/brain-tumor/2/617.png,glioma,/kaggle/input/datasets/denizkavi1/brain-tumor/2/626.png,glioma
near,6,/kaggle/input/datasets/denizkavi1/brain-tumor/2/617.png,glioma,/kaggle/input/datasets/denizkavi1/brain-tumor/2/628.png,glioma
near,4,/kaggle/input/datasets/denizkavi1/brain-tumor/2/618.png,glioma,/kaggle/input/datasets/denizkavi1/brain-tumor/2/641.png,glioma
near,6,/kaggle/input/datasets/denizkavi1/brain-tumor/2/62.png,glioma,/kaggle/input/datasets/denizkavi1/brain-tumor/2/63.png,glioma
near,6,/kaggle/input/datasets/denizkavi1/brain-tumor/2/626.png,glioma,/kaggle/input/datasets/denizkavi1/brain-tumor/2/628.png,glioma
near,5,/kaggle/input/datasets/denizkavi1/brain-tumor/2/628.png,glioma,/kaggle/input/datasets/denizkavi1/brain-tumor/2/631.png,glioma
near,2,/kaggle/input/datasets/denizkavi1/brain-tumor/2/632.png,glioma,/kaggle/input/datasets/denizkavi1/brain-tumor/2/636.png,glioma
near,3,/kaggle/input/datasets/denizkavi1/brain-tumor/2/646.png,glioma,/kaggle/input/datasets/denizkavi1/brain-tumor/2/678.png,glioma
near,6,/kaggle/input/datasets/denizkavi1/brain-tumor/2/65.png,glioma,/kaggle/input/datasets/denizkavi1/brain-tumor/2/93.png,glioma
near,4,/kaggle/input/datasets/denizkavi1/brain-tumor/2/65.png,glioma,/kaggle/input/datasets/denizkavi1/brain-tumor/2/99.png,glioma
near,6,/kaggle/input/datasets/denizkavi1/brain-tumor/2/650.png,glioma,/kaggle/input/datasets/denizkavi1/brain-tumor/2/658.png,glioma
near,2,/kaggle/input/datasets/denizkavi1/brain-tumor/2/650.png,glioma,/kaggle/input/datasets/denizkavi1/brain-tumor/2/668.png,glioma
near,6,/kaggle/input/datasets/denizkavi1/brain-tumor/2/650.png,glioma,/kaggle/input/datasets/denizkavi1/brain-tumor/2/670.png,glioma
near,6,/kaggle/input/datasets/denizkavi1/brain-tumor/2/652.png,glioma,/kaggle/input/datasets/denizkavi1/brain-tumor/2/670.png,glioma
near,6,/kaggle/input/datasets/denizkavi1/brain-tumor/2/656.png,glioma,/kaggle/input/datasets/denizkavi1/brain-tumor/2/657.png,glioma
near,6,/kaggle/input/datasets/denizkavi1/brain-tumor/2/656.png,glioma,/kaggle/input/datasets/denizkavi1/brain-tumor/2/677.png,glioma
near,6,/kaggle/input/datasets/denizkavi1/brain-tumor/2/656.png,glioma,/kaggle/input/datasets/denizkavi1/brain-tumor/2/680.png,glioma
near,6,/kaggle/input/datasets/denizkavi1/brain-tumor/2/657.png,glioma,/kaggle/input/datasets/denizkavi1/brain-tumor/2/672.png,glioma
near,6,/kaggle/input/datasets/denizkavi1/brain-tumor/2/657.png,glioma,/kaggle/input/datasets/denizkavi1/brain-tumor/2/677.png,glioma
near,6,/kaggle/input/datasets/denizkavi1/brain-tumor/2/658.png,glioma,/kaggle/input/datasets/denizkavi1/brain-tumor/2/668.png,glioma
near,2,/kaggle/input/datasets/denizkavi1/brain-tumor/2/658.png,glioma,/kaggle/input/datasets/denizkavi1/brain-tumor/2/670.png,glioma
near,4,/kaggle/input/datasets/denizkavi1/brain-tumor/2/659.png,glioma,/kaggle/input/datasets/denizkavi1/brain-tumor/2/667.png,glioma
near,6,/kaggle/input/datasets/denizkavi1/brain-tumor/2/66.png,glioma,/kaggle/input/datasets/denizkavi1/brain-tumor/2/96.png,glioma
near,4,/kaggle/input/datasets/denizkavi1/brain-tumor/2/663.png,glioma,/kaggle/input/datasets/denizkavi1/brain-tumor/2/672.png,glioma
near,6,/kaggle/input/datasets/denizkavi1/brain-tumor/2/664.png,glioma,/kaggle/input/datasets/denizkavi1/brain-tumor/2/681.png,glioma
near,5,/kaggle/input/datasets/denizkavi1/brain-tumor/2/666.png,glioma,/kaggle/input/datasets/denizkavi1/brain-tumor/2/721.png,glioma
near,6,/kaggle/input/datasets/denizkavi1/brain-tumor/2/668.png,glioma,/kaggle/input/datasets/denizkavi1/brain-tumor/2/670.png,glioma
near,6,/kaggle/input/datasets/denizkavi1/brain-tumor/2/669.png,glioma,/kaggle/input/datasets/denizkavi1/brain-tumor/1/2857.png,meningioma
near,6,/kaggle/input/datasets/denizkavi1/brain-tumor/2/669.png,glioma,/kaggle/input/datasets/denizkavi1/brain-tumor/1/2874.png,meningioma
near,6,/kaggle/input/datasets/denizkavi1/brain-tumor/2/671.png,glioma,/kaggle/input/datasets/denizkavi1/brain-tumor/2/673.png,glioma
near,4,/kaggle/input/datasets/denizkavi1/brain-tumor/2/675.png,glioma,/kaggle/input/datasets/denizkavi1/brain-tumor/2/683.png,glioma
near,3,/kaggle/input/datasets/denizkavi1/brain-tumor/2/675.png,glioma,/kaggle/input/datasets/denizkavi1/brain-tumor/2/868.png,glioma
near,3,/kaggle/input/datasets/denizkavi1/brain-tumor/2/675.png,glioma,/kaggle/input/datasets/denizkavi1/brain-tumor/2/878.png,glioma
near,4,/kaggle/input/datasets/denizkavi1/brain-tumor/2/68.png,glioma,/kaggle/input/datasets/denizkavi1/brain-tumor/2/84.png,glioma
near,5,/kaggle/input/datasets/denizkavi1/brain-tumor/2/685.png,glioma,/kaggle/input/datasets/denizkavi1/brain-tumor/2/694.png,glioma
near,3,/kaggle/input/datasets/denizkavi1/brain-tumor/2/686.png,glioma,/kaggle/input/datasets/denizkavi1/brain-tumor/2/702.png,glioma
near,6,/kaggle/input/datasets/denizkavi1/brain-tumor/2/687.png,glioma,/kaggle/input/datasets/denizkavi1/brain-tumor/2/718.png,glioma
near,5,/kaggle/input/datasets/denizkavi1/brain-tumor/2/689.png,glioma,/kaggle/input/datasets/denizkavi1/brain-tumor/2/719.png,glioma
near,5,/kaggle/input/datasets/denizkavi1/brain-tumor/2/69.png,glioma,/kaggle/input/datasets/denizkavi1/brain-tumor/1/3040.png,meningioma
near,2,/kaggle/input/datasets/denizkavi1/brain-tumor/2/690.png,glioma,/kaggle/input/datasets/denizkavi1/brain-tumor/2/705.png,glioma
near,6,/kaggle/input/datasets/denizkavi1/brain-tumor/2/694.png,glioma,/kaggle/input/datasets/denizkavi1/brain-tumor/2/724.png,glioma
near,6,/kaggle/input/datasets/denizkavi1/brain-tumor/2/695.png,glioma,/kaggle/input/datasets/denizkavi1/brain-tumor/2/699.png,glioma
near,6,/kaggle/input/datasets/denizkavi1/brain-tumor/2/696.png,glioma,/kaggle/input/datasets/denizkavi1/brain-tumor/2/704.png,glioma
near,2,/kaggle/input/datasets/denizkavi1/brain-tumor/2/696.png,glioma,/kaggle/input/datasets/denizkavi1/brain-tumor/2/710.png,glioma
near,6,/kaggle/input/datasets/denizkavi1/brain-tumor/2/697.png,glioma,/kaggle/input/datasets/denizkavi1/brain-tumor/2/721.png,glioma
near,6,/kaggle/input/datasets/denizkavi1/brain-tumor/2/698.png,glioma,/kaggle/input/datasets/denizkavi1/brain-tumor/2/722.png,glioma
near,6,/kaggle/input/datasets/denizkavi1/brain-tumor/2/699.png,glioma,/kaggle/input/datasets/denizkavi1/brain-tumor/2/711.png,glioma
near,5,/kaggle/input/datasets/denizkavi1/brain-tumor/2/700.png,glioma,/kaggle/input/datasets/denizkavi1/brain-tumor/2/738.png,glioma
near,5,/kaggle/input/datasets/denizkavi1/brain-tumor/2/703.png,glioma,/kaggle/input/datasets/denizkavi1/brain-tumor/2/723.png,glioma
near,6,/kaggle/input/datasets/denizkavi1/brain-tumor/2/704.png,glioma,/kaggle/input/datasets/denizkavi1/brain-tumor/2/707.png,glioma
near,6,/kaggle/input/datasets/denizkavi1/brain-tumor/2/704.png,glioma,/kaggle/input/datasets/denizkavi1/brain-tumor/2/710.png,glioma
near,6,/kaggle/input/datasets/denizkavi1/brain-tumor/2/704.png,glioma,/kaggle/input/datasets/denizkavi1/brain-tumor/2/715.png,glioma
near,2,/kaggle/input/datasets/denizkavi1/brain-tumor/2/704.png,glioma,/kaggle/input/datasets/denizkavi1/brain-tumor/2/722.png,glioma
near,2,/kaggle/input/datasets/denizkavi1/brain-tumor/2/707.png,glioma,/kaggle/input/datasets/denizkavi1/brain-tumor/2/710.png,glioma
near,2,/kaggle/input/datasets/denizkavi1/brain-tumor/2/708.png,glioma,/kaggle/input/datasets/denizkavi1/brain-tumor/2/719.png,glioma
near,2,/kaggle/input/datasets/denizkavi1/brain-tumor/2/710.png,glioma,/kaggle/input/datasets/denizkavi1/brain-tumor/2/715.png,glioma
near,5,/kaggle/input/datasets/denizkavi1/brain-tumor/2/717.png,glioma,/kaggle/input/datasets/denizkavi1/brain-tumor/2/723.png,glioma
near,5,/kaggle/input/datasets/denizkavi1/brain-tumor/2/718.png,glioma,/kaggle/input/datasets/denizkavi1/brain-tumor/2/723.png,glioma
near,3,/kaggle/input/datasets/denizkavi1/brain-tumor/2/727.png,glioma,/kaggle/input/datasets/denizkavi1/brain-tumor/2/746.png,glioma
near,6,/kaggle/input/datasets/denizkavi1/brain-tumor/2/727.png,glioma,/kaggle/input/datasets/denizkavi1/brain-tumor/2/747.png,glioma
near,3,/kaggle/input/datasets/denizkavi1/brain-tumor/2/728.png,glioma,/kaggle/input/datasets/denizkavi1/brain-tumor/2/734.png,glioma
near,2,/kaggle/input/datasets/denizkavi1/brain-tumor/2/728.png,glioma,/kaggle/input/datasets/denizkavi1/brain-tumor/2/750.png,glioma
near,6,/kaggle/input/datasets/denizkavi1/brain-tumor/2/73.png,glioma,/kaggle/input/datasets/denizkavi1/brain-tumor/2/80.png,glioma
near,6,/kaggle/input/datasets/denizkavi1/brain-tumor/2/73.png,glioma,/kaggle/input/datasets/denizkavi1/brain-tumor/2/88.png,glioma
near,4,/kaggle/input/datasets/denizkavi1/brain-tumor/2/731.png,glioma,/kaggle/input/datasets/denizkavi1/brain-tumor/2/741.png,glioma
near,6,/kaggle/input/datasets/denizkavi1/brain-tumor/2/731.png,glioma,/kaggle/input/datasets/denizkavi1/brain-tumor/2/908.png,glioma
near,5,/kaggle/input/datasets/denizkavi1/brain-tumor/2/734.png,glioma,/kaggle/input/datasets/denizkavi1/brain-tumor/2/750.png,glioma
near,6,/kaggle/input/datasets/denizkavi1/brain-tumor/2/735.png,glioma,/kaggle/input/datasets/denizkavi1/brain-tumor/2/736.png,glioma
near,6,/kaggle/input/datasets/denizkavi1/brain-tumor/2/735.png,glioma,/kaggle/input/datasets/denizkavi1/brain-tumor/1/2981.png,meningioma
near,6,/kaggle/input/datasets/denizkavi1/brain-tumor/2/735.png,glioma,/kaggle/input/datasets/denizkavi1/brain-tumor/3/1678.png,pituitary
near,6,/kaggle/input/datasets/denizkavi1/brain-tumor/2/739.png,glioma,/kaggle/input/datasets/denizkavi1/brain-tumor/2/744.png,glioma
near,5,/kaggle/input/datasets/denizkavi1/brain-tumor/2/746.png,glioma,/kaggle/input/datasets/denizkavi1/brain-tumor/2/747.png,glioma
near,6,/kaggle/input/datasets/denizkavi1/brain-tumor/2/755.png,glioma,/kaggle/input/datasets/denizkavi1/brain-tumor/2/757.png,glioma
near,5,/kaggle/input/datasets/denizkavi1/brain-tumor/2/756.png,glioma,/kaggle/input/datasets/denizkavi1/brain-tumor/2/758.png,glioma
near,3,/kaggle/input/datasets/denizkavi1/brain-tumor/2/757.png,glioma,/kaggle/input/datasets/denizkavi1/brain-tumor/2/776.png,glioma
near,4,/kaggle/input/datasets/denizkavi1/brain-tumor/2/759.png,glioma,/kaggle/input/datasets/denizkavi1/brain-tumor/2/780.png,glioma
near,6,/kaggle/input/datasets/denizkavi1/brain-tumor/2/763.png,glioma,/kaggle/input/datasets/denizkavi1/brain-tumor/2/770.png,glioma
near,4,/kaggle/input/datasets/denizkavi1/brain-tumor/2/763.png,glioma,/kaggle/input/datasets/denizkavi1/brain-tumor/2/789.png,glioma
near,6,/kaggle/input/datasets/denizkavi1/brain-tumor/2/770.png,glioma,/kaggle/input/datasets/denizkavi1/brain-tumor/2/789.png,glioma
near,6,/kaggle/input/datasets/denizkavi1/brain-tumor/2/78.png,glioma,/kaggle/input/datasets/denizkavi1/brain-tumor/2/85.png,glioma
near,6,/kaggle/input/datasets/denizkavi1/brain-tumor/2/790.png,glioma,/kaggle/input/datasets/denizkavi1/brain-tumor/2/795.png,glioma
near,6,/kaggle/input/datasets/denizkavi1/brain-tumor/2/793.png,glioma,/kaggle/input/datasets/denizkavi1/brain-tumor/2/809.png,glioma
near,5,/kaggle/input/datasets/denizkavi1/brain-tumor/2/796.png,glioma,/kaggle/input/datasets/denizkavi1/brain-tumor/2/802.png,glioma
near,6,/kaggle/input/datasets/denizkavi1/brain-tumor/2/797.png,glioma,/kaggle/input/datasets/denizkavi1/brain-tumor/2/808.png,glioma
near,6,/kaggle/input/datasets/denizkavi1/brain-tumor/2/797.png,glioma,/kaggle/input/datasets/denizkavi1/brain-tumor/2/826.png,glioma
near,5,/kaggle/input/datasets/denizkavi1/brain-tumor/2/799.png,glioma,/kaggle/input/datasets/denizkavi1/brain-tumor/2/807.png,glioma
near,6,/kaggle/input/datasets/denizkavi1/brain-tumor/2/80.png,glioma,/kaggle/input/datasets/denizkavi1/brain-tumor/2/88.png,glioma
near,5,/kaggle/input/datasets/denizkavi1/brain-tumor/2/801.png,glioma,/kaggle/input/datasets/denizkavi1/brain-tumor/2/827.png,glioma
near,6,/kaggle/input/datasets/denizkavi1/brain-tumor/2/802.png,glioma,/kaggle/input/datasets/denizkavi1/brain-tumor/2/819.png,glioma
near,6,/kaggle/input/datasets/denizkavi1/brain-tumor/2/802.png,glioma,/kaggle/input/datasets/denizkavi1/brain-tumor/2/912.png,glioma
near,5,/kaggle/input/datasets/denizkavi1/brain-tumor/2/802.png,glioma,/kaggle/input/datasets/denizkavi1/brain-tumor/2/914.png,glioma
near,4,/kaggle/input/datasets/denizkavi1/brain-tumor/2/803.png,glioma,/kaggle/input/datasets/denizkavi1/brain-tumor/2/819.png,glioma
near,5,/kaggle/input/datasets/denizkavi1/brain-tumor/2/806.png,glioma,/kaggle/input/datasets/denizkavi1/brain-tumor/2/826.png,glioma
near,4,/kaggle/input/datasets/denizkavi1/brain-tumor/2/810.png,glioma,/kaggle/input/datasets/denizkavi1/brain-tumor/2/815.png,glioma
near,3,/kaggle/input/datasets/denizkavi1/brain-tumor/2/814.png,glioma,/kaggle/input/datasets/denizkavi1/brain-tumor/2/821.png,glioma
near,6,/kaggle/input/datasets/denizkavi1/brain-tumor/2/814.png,glioma,/kaggle/input/datasets/denizkavi1/brain-tumor/1/2868.png,meningioma
near,6,/kaggle/input/datasets/denizkavi1/brain-tumor/2/815.png,glioma,/kaggle/input/datasets/denizkavi1/brain-tumor/2/816.png,glioma
near,5,/kaggle/input/datasets/denizkavi1/brain-tumor/2/816.png,glioma,/kaggle/input/datasets/denizkavi1/brain-tumor/1/2495.png,meningioma
near,4,/kaggle/input/datasets/denizkavi1/brain-tumor/2/82.png,glioma,/kaggle/input/datasets/denizkavi1/brain-tumor/2/95.png,glioma
near,4,/kaggle/input/datasets/denizkavi1/brain-tumor/2/822.png,glioma,/kaggle/input/datasets/denizkavi1/brain-tumor/2/823.png,glioma
near,4,/kaggle/input/datasets/denizkavi1/brain-tumor/2/830.png,glioma,/kaggle/input/datasets/denizkavi1/brain-tumor/2/834.png,glioma
near,6,/kaggle/input/datasets/denizkavi1/brain-tumor/2/831.png,glioma,/kaggle/input/datasets/denizkavi1/brain-tumor/2/844.png,glioma
near,4,/kaggle/input/datasets/denizkavi1/brain-tumor/2/835.png,glioma,/kaggle/input/datasets/denizkavi1/brain-tumor/2/839.png,glioma
near,6,/kaggle/input/datasets/denizkavi1/brain-tumor/2/841.png,glioma,/kaggle/input/datasets/denizkavi1/brain-tumor/2/843.png,glioma
near,6,/kaggle/input/datasets/denizkavi1/brain-tumor/2/846.png,glioma,/kaggle/input/datasets/denizkavi1/brain-tumor/2/849.png,glioma
near,2,/kaggle/input/datasets/denizkavi1/brain-tumor/2/847.png,glioma,/kaggle/input/datasets/denizkavi1/brain-tumor/2/876.png,glioma
near,4,/kaggle/input/datasets/denizkavi1/brain-tumor/2/848.png,glioma,/kaggle/input/datasets/denizkavi1/brain-tumor/2/882.png,glioma
near,6,/kaggle/input/datasets/denizkavi1/brain-tumor/2/853.png,glioma,/kaggle/input/datasets/denizkavi1/brain-tumor/2/861.png,glioma
near,4,/kaggle/input/datasets/denizkavi1/brain-tumor/2/858.png,glioma,/kaggle/input/datasets/denizkavi1/brain-tumor/2/867.png,glioma
near,3,/kaggle/input/datasets/denizkavi1/brain-tumor/2/858.png,glioma,/kaggle/input/datasets/denizkavi1/brain-tumor/2/875.png,glioma
near,6,/kaggle/input/datasets/denizkavi1/brain-tumor/2/859.png,glioma,/kaggle/input/datasets/denizkavi1/brain-tumor/2/865.png,glioma
near,5,/kaggle/input/datasets/denizkavi1/brain-tumor/2/860.png,glioma,/kaggle/input/datasets/denizkavi1/brain-tumor/1/2430.png,meningioma
near,6,/kaggle/input/datasets/denizkavi1/brain-tumor/2/861.png,glioma,/kaggle/input/datasets/denizkavi1/brain-tumor/2/872.png,glioma
near,6,/kaggle/input/datasets/denizkavi1/brain-tumor/2/864.png,glioma,/kaggle/input/datasets/denizkavi1/brain-tumor/2/868.png,glioma
near,6,/kaggle/input/datasets/denizkavi1/brain-tumor/2/864.png,glioma,/kaggle/input/datasets/denizkavi1/brain-tumor/2/878.png,glioma
near,6,/kaggle/input/datasets/denizkavi1/brain-tumor/2/864.png,glioma,/kaggle/input/datasets/denizkavi1/brain-tumor/1/2976.png,meningioma
near,6,/kaggle/input/datasets/denizkavi1/brain-tumor/2/868.png,glioma,/kaggle/input/datasets/denizkavi1/brain-tumor/1/2976.png,meningioma
near,4,/kaggle/input/datasets/denizkavi1/brain-tumor/2/872.png,glioma,/kaggle/input/datasets/denizkavi1/brain-tumor/2/873.png,glioma
near,6,/kaggle/input/datasets/denizkavi1/brain-tumor/2/875.png,glioma,/kaggle/input/datasets/denizkavi1/brain-tumor/2/885.png,glioma
near,6,/kaggle/input/datasets/denizkavi1/brain-tumor/2/878.png,glioma,/kaggle/input/datasets/denizkavi1/brain-tumor/1/2976.png,meningioma
near,6,/kaggle/input/datasets/denizkavi1/brain-tumor/2/879.png,glioma,/kaggle/input/datasets/denizkavi1/brain-tumor/2/881.png,glioma
near,5,/kaggle/input/datasets/denizkavi1/brain-tumor/2/880.png,glioma,/kaggle/input/datasets/denizkavi1/brain-tumor/2/885.png,glioma
near,5,/kaggle/input/datasets/denizkavi1/brain-tumor/2/880.png,glioma,/kaggle/input/datasets/denizkavi1/brain-tumor/2/915.png,glioma
near,2,/kaggle/input/datasets/denizkavi1/brain-tumor/2/890.png,glioma,/kaggle/input/datasets/denizkavi1/brain-tumor/2/892.png,glioma
near,4,/kaggle/input/datasets/denizkavi1/brain-tumor/2/890.png,glioma,/kaggle/input/datasets/denizkavi1/brain-tumor/2/907.png,glioma
near,6,/kaggle/input/datasets/denizkavi1/brain-tumor/2/891.png,glioma,/kaggle/input/datasets/denizkavi1/brain-tumor/3/2085.png,pituitary
near,6,/kaggle/input/datasets/denizkavi1/brain-tumor/2/891.png,glioma,/kaggle/input/datasets/denizkavi1/brain-tumor/3/2096.png,pituitary
near,6,/kaggle/input/datasets/denizkavi1/brain-tumor/2/892.png,glioma,/kaggle/input/datasets/denizkavi1/brain-tumor/2/907.png,glioma
near,6,/kaggle/input/datasets/denizkavi1/brain-tumor/2/894.png,glioma,/kaggle/input/datasets/denizkavi1/brain-tumor/2/900.png,glioma
near,5,/kaggle/input/datasets/denizkavi1/brain-tumor/2/895.png,glioma,/kaggle/input/datasets/denizkavi1/brain-tumor/2/897.png,glioma
near,4,/kaggle/input/datasets/denizkavi1/brain-tumor/2/898.png,glioma,/kaggle/input/datasets/denizkavi1/brain-tumor/2/913.png,glioma
near,5,/kaggle/input/datasets/denizkavi1/brain-tumor/2/898.png,glioma,/kaggle/input/datasets/denizkavi1/brain-tumor/2/917.png,glioma
near,5,/kaggle/input/datasets/denizkavi1/brain-tumor/2/90.png,glioma,/kaggle/input/datasets/denizkavi1/brain-tumor/2/98.png,glioma
near,3,/kaggle/input/datasets/denizkavi1/brain-tumor/2/903.png,glioma,/kaggle/input/datasets/denizkavi1/brain-tumor/2/912.png,glioma
near,6,/kaggle/input/datasets/denizkavi1/brain-tumor/2/903.png,glioma,/kaggle/input/datasets/denizkavi1/brain-tumor/2/914.png,glioma
near,6,/kaggle/input/datasets/denizkavi1/brain-tumor/2/907.png,glioma,/kaggle/input/datasets/denizkavi1/brain-tumor/1/2939.png,meningioma
near,2,/kaggle/input/datasets/denizkavi1/brain-tumor/2/92.png,glioma,/kaggle/input/datasets/denizkavi1/brain-tumor/2/98.png,glioma
near,4,/kaggle/input/datasets/denizkavi1/brain-tumor/2/93.png,glioma,/kaggle/input/datasets/denizkavi1/brain-tumor/2/99.png,glioma
near,5,/kaggle/input/datasets/denizkavi1/brain-tumor/1/2300.png,meningioma,/kaggle/input/datasets/denizkavi1/brain-tumor/1/2314.png,meningioma
near,3,/kaggle/input/datasets/denizkavi1/brain-tumor/1/2301.png,meningioma,/kaggle/input/datasets/denizkavi1/brain-tumor/1/2304.png,meningioma
near,6,/kaggle/input/datasets/denizkavi1/brain-tumor/1/2301.png,meningioma,/kaggle/input/datasets/denizkavi1/brain-tumor/1/3018.png,meningioma
near,4,/kaggle/input/datasets/denizkavi1/brain-tumor/1/2303.png,meningioma,/kaggle/input/datasets/denizkavi1/brain-tumor/1/2308.png,meningioma
near,5,/kaggle/input/datasets/denizkavi1/brain-tumor/1/2304.png,meningioma,/kaggle/input/datasets/denizkavi1/brain-tumor/1/3057.png,meningioma
near,4,/kaggle/input/datasets/denizkavi1/brain-tumor/1/2315.png,meningioma,/kaggle/input/datasets/denizkavi1/brain-tumor/1/3049.png,meningioma
near,6,/kaggle/input/datasets/denizkavi1/brain-tumor/1/2320.png,meningioma,/kaggle/input/datasets/denizkavi1/brain-tumor/1/2350.png,meningioma
near,2,/kaggle/input/datasets/denizkavi1/brain-tumor/1/2321.png,meningioma,/kaggle/input/datasets/denizkavi1/brain-tumor/1/2330.png,meningioma
near,6,/kaggle/input/datasets/denizkavi1/brain-tumor/1/2321.png,meningioma,/kaggle/input/datasets/denizkavi1/brain-tumor/1/2344.png,meningioma
near,6,/kaggle/input/datasets/denizkavi1/brain-tumor/1/2321.png,meningioma,/kaggle/input/datasets/denizkavi1/brain-tumor/1/2388.png,meningioma
near,6,/kaggle/input/datasets/denizkavi1/brain-tumor/1/2321.png,meningioma,/kaggle/input/datasets/denizkavi1/brain-tumor/1/2393.png,meningioma
near,6,/kaggle/input/datasets/denizkavi1/brain-tumor/1/2321.png,meningioma,/kaggle/input/datasets/denizkavi1/brain-tumor/1/2944.png,meningioma
near,6,/kaggle/input/datasets/denizkavi1/brain-tumor/1/2321.png,meningioma,/kaggle/input/datasets/denizkavi1/brain-tumor/1/2954.png,meningioma
near,5,/kaggle/input/datasets/denizkavi1/brain-tumor/1/2324.png,meningioma,/kaggle/input/datasets/denizkavi1/brain-tumor/1/2325.png,meningioma
near,6,/kaggle/input/datasets/denizkavi1/brain-tumor/1/2326.png,meningioma,/kaggle/input/datasets/denizkavi1/brain-tumor/1/2329.png,meningioma
near,6,/kaggle/input/datasets/denizkavi1/brain-tumor/1/2328.png,meningioma,/kaggle/input/datasets/denizkavi1/brain-tumor/1/2343.png,meningioma
near,5,/kaggle/input/datasets/denizkavi1/brain-tumor/1/2329.png,meningioma,/kaggle/input/datasets/denizkavi1/brain-tumor/1/2352.png,meningioma
near,4,/kaggle/input/datasets/denizkavi1/brain-tumor/1/2330.png,meningioma,/kaggle/input/datasets/denizkavi1/brain-tumor/1/2344.png,meningioma
near,4,/kaggle/input/datasets/denizkavi1/brain-tumor/1/2330.png,meningioma,/kaggle/input/datasets/denizkavi1/brain-tumor/1/2388.png,meningioma
near,6,/kaggle/input/datasets/denizkavi1/brain-tumor/1/2330.png,meningioma,/kaggle/input/datasets/denizkavi1/brain-tumor/1/2393.png,meningioma
near,6,/kaggle/input/datasets/denizkavi1/brain-tumor/1/2330.png,meningioma,/kaggle/input/datasets/denizkavi1/brain-tumor/1/2567.png,meningioma
near,6,/kaggle/input/datasets/denizkavi1/brain-tumor/1/2330.png,meningioma,/kaggle/input/datasets/denizkavi1/brain-tumor/1/2944.png,meningioma
near,6,/kaggle/input/datasets/denizkavi1/brain-tumor/1/2330.png,meningioma,/kaggle/input/datasets/denizkavi1/brain-tumor/1/2954.png,meningioma
near,4,/kaggle/input/datasets/denizkavi1/brain-tumor/1/2333.png,meningioma,/kaggle/input/datasets/denizkavi1/brain-tumor/1/2351.png,meningioma
near,5,/kaggle/input/datasets/denizkavi1/brain-tumor/1/2334.png,meningioma,/kaggle/input/datasets/denizkavi1/brain-tumor/1/2339.png,meningioma
near,6,/kaggle/input/datasets/denizkavi1/brain-tumor/1/2337.png,meningioma,/kaggle/input/datasets/denizkavi1/brain-tumor/1/2350.png,meningioma
near,5,/kaggle/input/datasets/denizkavi1/brain-tumor/1/2347.png,meningioma,/kaggle/input/datasets/denizkavi1/brain-tumor/1/2355.png,meningioma
near,4,/kaggle/input/datasets/denizkavi1/brain-tumor/1/2362.png,meningioma,/kaggle/input/datasets/denizkavi1/brain-tumor/1/2372.png,meningioma
near,6,/kaggle/input/datasets/denizkavi1/brain-tumor/1/2379.png,meningioma,/kaggle/input/datasets/denizkavi1/brain-tumor/1/3019.png,meningioma
near,6,/kaggle/input/datasets/denizkavi1/brain-tumor/1/2383.png,meningioma,/kaggle/input/datasets/denizkavi1/brain-tumor/1/2384.png,meningioma
near,6,/kaggle/input/datasets/denizkavi1/brain-tumor/1/2385.png,meningioma,/kaggle/input/datasets/denizkavi1/brain-tumor/1/2408.png,meningioma
near,6,/kaggle/input/datasets/denizkavi1/brain-tumor/1/2386.png,meningioma,/kaggle/input/datasets/denizkavi1/brain-tumor/1/2408.png,meningioma
near,2,/kaggle/input/datasets/denizkavi1/brain-tumor/1/2387.png,meningioma,/kaggle/input/datasets/denizkavi1/brain-tumor/1/2416.png,meningioma
near,4,/kaggle/input/datasets/denizkavi1/brain-tumor/1/2388.png,meningioma,/kaggle/input/datasets/denizkavi1/brain-tumor/1/2393.png,meningioma
near,4,/kaggle/input/datasets/denizkavi1/brain-tumor/1/2388.png,meningioma,/kaggle/input/datasets/denizkavi1/brain-tumor/1/2567.png,meningioma
near,6,/kaggle/input/datasets/denizkavi1/brain-tumor/1/2388.png,meningioma,/kaggle/input/datasets/denizkavi1/brain-tumor/1/2954.png,meningioma
near,6,/kaggle/input/datasets/denizkavi1/brain-tumor/1/2389.png,meningioma,/kaggle/input/datasets/denizkavi1/brain-tumor/1/2394.png,meningioma
near,6,/kaggle/input/datasets/denizkavi1/brain-tumor/1/2389.png,meningioma,/kaggle/input/datasets/denizkavi1/brain-tumor/1/2400.png,meningioma
near,6,/kaggle/input/datasets/denizkavi1/brain-tumor/1/2389.png,meningioma,/kaggle/input/datasets/denizkavi1/brain-tumor/1/2414.png,meningioma
near,6,/kaggle/input/datasets/denizkavi1/brain-tumor/1/2391.png,meningioma,/kaggle/input/datasets/denizkavi1/brain-tumor/1/2407.png,meningioma
near,4,/kaggle/input/datasets/denizkavi1/brain-tumor/1/2391.png,meningioma,/kaggle/input/datasets/denizkavi1/brain-tumor/1/2409.png,meningioma
near,6,/kaggle/input/datasets/denizkavi1/brain-tumor/1/2393.png,meningioma,/kaggle/input/datasets/denizkavi1/brain-tumor/1/2526.png,meningioma
near,6,/kaggle/input/datasets/denizkavi1/brain-tumor/1/2393.png,meningioma,/kaggle/input/datasets/denizkavi1/brain-tumor/1/2567.png,meningioma
near,6,/kaggle/input/datasets/denizkavi1/brain-tumor/1/2393.png,meningioma,/kaggle/input/datasets/denizkavi1/brain-tumor/1/2944.png,meningioma
near,4,/kaggle/input/datasets/denizkavi1/brain-tumor/1/2393.png,meningioma,/kaggle/input/datasets/denizkavi1/brain-tumor/1/2954.png,meningioma
near,6,/kaggle/input/datasets/denizkavi1/brain-tumor/1/2394.png,meningioma,/kaggle/input/datasets/denizkavi1/brain-tumor/1/2400.png,meningioma
near,5,/kaggle/input/datasets/denizkavi1/brain-tumor/1/2396.png,meningioma,/kaggle/input/datasets/denizkavi1/brain-tumor/1/2402.png,meningioma
near,5,/kaggle/input/datasets/denizkavi1/brain-tumor/1/2396.png,meningioma,/kaggle/input/datasets/denizkavi1/brain-tumor/1/2411.png,meningioma
near,6,/kaggle/input/datasets/denizkavi1/brain-tumor/1/2397.png,meningioma,/kaggle/input/datasets/denizkavi1/brain-tumor/1/2409.png,meningioma
near,6,/kaggle/input/datasets/denizkavi1/brain-tumor/1/2399.png,meningioma,/kaggle/input/datasets/denizkavi1/brain-tumor/1/2404.png,meningioma
near,4,/kaggle/input/datasets/denizkavi1/brain-tumor/1/2404.png,meningioma,/kaggle/input/datasets/denizkavi1/brain-tumor/1/2413.png,meningioma
near,4,/kaggle/input/datasets/denizkavi1/brain-tumor/1/2418.png,meningioma,/kaggle/input/datasets/denizkavi1/brain-tumor/1/2435.png,meningioma
near,4,/kaggle/input/datasets/denizkavi1/brain-tumor/1/2419.png,meningioma,/kaggle/input/datasets/denizkavi1/brain-tumor/1/2424.png,meningioma
near,5,/kaggle/input/datasets/denizkavi1/brain-tumor/1/2420.png,meningioma,/kaggle/input/datasets/denizkavi1/brain-tumor/1/2443.png,meningioma
near,2,/kaggle/input/datasets/denizkavi1/brain-tumor/1/2422.png,meningioma,/kaggle/input/datasets/denizkavi1/brain-tumor/1/2436.png,meningioma
near,1,/kaggle/input/datasets/denizkavi1/brain-tumor/1/2422.png,meningioma,/kaggle/input/datasets/denizkavi1/brain-tumor/1/2444.png,meningioma
near,2,/kaggle/input/datasets/denizkavi1/brain-tumor/1/2423.png,meningioma,/kaggle/input/datasets/denizkavi1/brain-tumor/1/2427.png,meningioma
near,4,/kaggle/input/datasets/denizkavi1/brain-tumor/1/2426.png,meningioma,/kaggle/input/datasets/denizkavi1/brain-tumor/1/2446.png,meningioma
near,5,/kaggle/input/datasets/denizkavi1/brain-tumor/1/2429.png,meningioma,/kaggle/input/datasets/denizkavi1/brain-tumor/1/2430.png,meningioma
near,5,/kaggle/input/datasets/denizkavi1/brain-tumor/1/2430.png,meningioma,/kaggle/input/datasets/denizkavi1/brain-tumor/1/2450.png,meningioma
near,5,/kaggle/input/datasets/denizkavi1/brain-tumor/1/2430.png,meningioma,/kaggle/input/datasets/denizkavi1/brain-tumor/1/2659.png,meningioma
near,6,/kaggle/input/datasets/denizkavi1/brain-tumor/1/2431.png,meningioma,/kaggle/input/datasets/denizkavi1/brain-tumor/1/2451.png,meningioma
near,4,/kaggle/input/datasets/denizkavi1/brain-tumor/1/2434.png,meningioma,/kaggle/input/datasets/denizkavi1/brain-tumor/1/2459.png,meningioma
near,4,/kaggle/input/datasets/denizkavi1/brain-tumor/1/2434.png,meningioma,/kaggle/input/datasets/denizkavi1/brain-tumor/1/2460.png,meningioma
near,5,/kaggle/input/datasets/denizkavi1/brain-tumor/1/2434.png,meningioma,/kaggle/input/datasets/denizkavi1/brain-tumor/1/2515.png,meningioma
near,5,/kaggle/input/datasets/denizkavi1/brain-tumor/1/2434.png,meningioma,/kaggle/input/datasets/denizkavi1/brain-tumor/1/2525.png,meningioma
near,5,/kaggle/input/datasets/denizkavi1/brain-tumor/1/2434.png,meningioma,/kaggle/input/datasets/denizkavi1/brain-tumor/1/2594.png,meningioma
near,6,/kaggle/input/datasets/denizkavi1/brain-tumor/1/2436.png,meningioma,/kaggle/input/datasets/denizkavi1/brain-tumor/1/2441.png,meningioma
near,3,/kaggle/input/datasets/denizkavi1/brain-tumor/1/2436.png,meningioma,/kaggle/input/datasets/denizkavi1/brain-tumor/1/2444.png,meningioma
near,6,/kaggle/input/datasets/denizkavi1/brain-tumor/1/2438.png,meningioma,/kaggle/input/datasets/denizkavi1/brain-tumor/1/2449.png,meningioma
near,6,/kaggle/input/datasets/denizkavi1/brain-tumor/1/2438.png,meningioma,/kaggle/input/datasets/denizkavi1/brain-tumor/1/2453.png,meningioma
near,6,/kaggle/input/datasets/denizkavi1/brain-tumor/1/2440.png,meningioma,/kaggle/input/datasets/denizkavi1/brain-tumor/1/2452.png,meningioma
near,6,/kaggle/input/datasets/denizkavi1/brain-tumor/1/2440.png,meningioma,/kaggle/input/datasets/denizkavi1/brain-tumor/3/1679.png,pituitary
near,5,/kaggle/input/datasets/denizkavi1/brain-tumor/1/2442.png,meningioma,/kaggle/input/datasets/denizkavi1/brain-tumor/1/2448.png,meningioma
near,5,/kaggle/input/datasets/denizkavi1/brain-tumor/1/2445.png,meningioma,/kaggle/input/datasets/denizkavi1/brain-tumor/1/2454.png,meningioma
near,6,/kaggle/input/datasets/denizkavi1/brain-tumor/1/2449.png,meningioma,/kaggle/input/datasets/denizkavi1/brain-tumor/1/2453.png,meningioma
near,6,/kaggle/input/datasets/denizkavi1/brain-tumor/1/2456.png,meningioma,/kaggle/input/datasets/denizkavi1/brain-tumor/1/2473.png,meningioma
near,3,/kaggle/input/datasets/denizkavi1/brain-tumor/1/2456.png,meningioma,/kaggle/input/datasets/denizkavi1/brain-tumor/1/2513.png,meningioma
near,5,/kaggle/input/datasets/denizkavi1/brain-tumor/1/2456.png,meningioma,/kaggle/input/datasets/denizkavi1/brain-tumor/1/2667.png,meningioma
near,5,/kaggle/input/datasets/denizkavi1/brain-tumor/1/2456.png,meningioma,/kaggle/input/datasets/denizkavi1/brain-tumor/1/2694.png,meningioma
near,5,/kaggle/input/datasets/denizkavi1/brain-tumor/1/2458.png,meningioma,/kaggle/input/datasets/denizkavi1/brain-tumor/1/2461.png,meningioma
near,4,/kaggle/input/datasets/denizkavi1/brain-tumor/1/2459.png,meningioma,/kaggle/input/datasets/denizkavi1/brain-tumor/1/2460.png,meningioma
near,5,/kaggle/input/datasets/denizkavi1/brain-tumor/1/2459.png,meningioma,/kaggle/input/datasets/denizkavi1/brain-tumor/1/2469.png,meningioma
near,5,/kaggle/input/datasets/denizkavi1/brain-tumor/1/2459.png,meningioma,/kaggle/input/datasets/denizkavi1/brain-tumor/1/2525.png,meningioma
near,6,/kaggle/input/datasets/denizkavi1/brain-tumor/1/2459.png,meningioma,/kaggle/input/datasets/denizkavi1/brain-tumor/1/2572.png,meningioma
near,6,/kaggle/input/datasets/denizkavi1/brain-tumor/1/2459.png,meningioma,/kaggle/input/datasets/denizkavi1/brain-tumor/1/2587.png,meningioma
near,5,/kaggle/input/datasets/denizkavi1/brain-tumor/1/2459.png,meningioma,/kaggle/input/datasets/denizkavi1/brain-tumor/1/2608.png,meningioma
near,5,/kaggle/input/datasets/denizkavi1/brain-tumor/1/2460.png,meningioma,/kaggle/input/datasets/denizkavi1/brain-tumor/1/2520.png,meningioma
near,5,/kaggle/input/datasets/denizkavi1/brain-tumor/1/2460.png,meningioma,/kaggle/input/datasets/denizkavi1/brain-tumor/1/2525.png,meningioma
near,5,/kaggle/input/datasets/denizkavi1/brain-tumor/1/2460.png,meningioma,/kaggle/input/datasets/denizkavi1/brain-tumor/1/2621.png,meningioma
near,3,/kaggle/input/datasets/denizkavi1/brain-tumor/1/2462.png,meningioma,/kaggle/input/datasets/denizkavi1/brain-tumor/1/2464.png,meningioma
near,4,/kaggle/input/datasets/denizkavi1/brain-tumor/1/2462.png,meningioma,/kaggle/input/datasets/denizkavi1/brain-tumor/1/2465.png,meningioma
near,2,/kaggle/input/datasets/denizkavi1/brain-tumor/1/2462.png,meningioma,/kaggle/input/datasets/denizkavi1/brain-tumor/1/2470.png,meningioma
near,5,/kaggle/input/datasets/denizkavi1/brain-tumor/1/2464.png,meningioma,/kaggle/input/datasets/denizkavi1/brain-tumor/1/2465.png,meningioma
near,5,/kaggle/input/datasets/denizkavi1/brain-tumor/1/2464.png,meningioma,/kaggle/input/datasets/denizkavi1/brain-tumor/1/2470.png,meningioma
near,4,/kaggle/input/datasets/denizkavi1/brain-tumor/1/2465.png,meningioma,/kaggle/input/datasets/denizkavi1/brain-tumor/1/2470.png,meningioma
near,6,/kaggle/input/datasets/denizkavi1/brain-tumor/1/2468.png,meningioma,/kaggle/input/datasets/denizkavi1/brain-tumor/1/2471.png,meningioma
near,5,/kaggle/input/datasets/denizkavi1/brain-tumor/1/2475.png,meningioma,/kaggle/input/datasets/denizkavi1/brain-tumor/1/2490.png,meningioma
near,4,/kaggle/input/datasets/denizkavi1/brain-tumor/1/2477.png,meningioma,/kaggle/input/datasets/denizkavi1/brain-tumor/1/2482.png,meningioma
near,6,/kaggle/input/datasets/denizkavi1/brain-tumor/1/2477.png,meningioma,/kaggle/input/datasets/denizkavi1/brain-tumor/1/2492.png,meningioma
near,6,/kaggle/input/datasets/denizkavi1/brain-tumor/1/2478.png,meningioma,/kaggle/input/datasets/denizkavi1/brain-tumor/1/2494.png,meningioma
near,4,/kaggle/input/datasets/denizkavi1/brain-tumor/1/2479.png,meningioma,/kaggle/input/datasets/denizkavi1/brain-tumor/1/2488.png,meningioma
near,6,/kaggle/input/datasets/denizkavi1/brain-tumor/1/2484.png,meningioma,/kaggle/input/datasets/denizkavi1/brain-tumor/1/2638.png,meningioma
near,6,/kaggle/input/datasets/denizkavi1/brain-tumor/1/2489.png,meningioma,/kaggle/input/datasets/denizkavi1/brain-tumor/1/2498.png,meningioma
near,5,/kaggle/input/datasets/denizkavi1/brain-tumor/1/2491.png,meningioma,/kaggle/input/datasets/denizkavi1/brain-tumor/1/2492.png,meningioma
near,4,/kaggle/input/datasets/denizkavi1/brain-tumor/1/2491.png,meningioma,/kaggle/input/datasets/denizkavi1/brain-tumor/1/2499.png,meningioma
near,5,/kaggle/input/datasets/denizkavi1/brain-tumor/1/2492.png,meningioma,/kaggle/input/datasets/denizkavi1/brain-tumor/1/2499.png,meningioma
near,5,/kaggle/input/datasets/denizkavi1/brain-tumor/1/2501.png,meningioma,/kaggle/input/datasets/denizkavi1/brain-tumor/1/2513.png,meningioma
near,5,/kaggle/input/datasets/denizkavi1/brain-tumor/1/2501.png,meningioma,/kaggle/input/datasets/denizkavi1/brain-tumor/1/2516.png,meningioma
near,6,/kaggle/input/datasets/denizkavi1/brain-tumor/1/2501.png,meningioma,/kaggle/input/datasets/denizkavi1/brain-tumor/1/2549.png,meningioma
near,5,/kaggle/input/datasets/denizkavi1/brain-tumor/1/2501.png,meningioma,/kaggle/input/datasets/denizkavi1/brain-tumor/1/2584.png,meningioma
near,5,/kaggle/input/datasets/denizkavi1/brain-tumor/1/2501.png,meningioma,/kaggle/input/datasets/denizkavi1/brain-tumor/1/2626.png,meningioma
near,5,/kaggle/input/datasets/denizkavi1/brain-tumor/1/2501.png,meningioma,/kaggle/input/datasets/denizkavi1/brain-tumor/1/2627.png,meningioma
near,6,/kaggle/input/datasets/denizkavi1/brain-tumor/1/2503.png,meningioma,/kaggle/input/datasets/denizkavi1/brain-tumor/1/2511.png,meningioma
near,6,/kaggle/input/datasets/denizkavi1/brain-tumor/1/2505.png,meningioma,/kaggle/input/datasets/denizkavi1/brain-tumor/1/2508.png,meningioma
near,5,/kaggle/input/datasets/denizkavi1/brain-tumor/1/2510.png,meningioma,/kaggle/input/datasets/denizkavi1/brain-tumor/1/2512.png,meningioma
near,6,/kaggle/input/datasets/denizkavi1/brain-tumor/1/2513.png,meningioma,/kaggle/input/datasets/denizkavi1/brain-tumor/1/2515.png,meningioma
near,4,/kaggle/input/datasets/denizkavi1/brain-tumor/1/2513.png,meningioma,/kaggle/input/datasets/denizkavi1/brain-tumor/1/2516.png,meningioma
near,6,/kaggle/input/datasets/denizkavi1/brain-tumor/1/2513.png,meningioma,/kaggle/input/datasets/denizkavi1/brain-tumor/1/2520.png,meningioma
near,6,/kaggle/input/datasets/denizkavi1/brain-tumor/1/2513.png,meningioma,/kaggle/input/datasets/denizkavi1/brain-tumor/1/2525.png,meningioma
near,6,/kaggle/input/datasets/denizkavi1/brain-tumor/1/2513.png,meningioma,/kaggle/input/datasets/denizkavi1/brain-tumor/1/2626.png,meningioma
near,6,/kaggle/input/datasets/denizkavi1/brain-tumor/1/2513.png,meningioma,/kaggle/input/datasets/denizkavi1/brain-tumor/1/2629.png,meningioma
near,4,/kaggle/input/datasets/denizkavi1/brain-tumor/1/2513.png,meningioma,/kaggle/input/datasets/denizkavi1/brain-tumor/1/2667.png,meningioma
near,6,/kaggle/input/datasets/denizkavi1/brain-tumor/1/2513.png,meningioma,/kaggle/input/datasets/denizkavi1/brain-tumor/1/2694.png,meningioma
near,6,/kaggle/input/datasets/denizkavi1/brain-tumor/1/2513.png,meningioma,/kaggle/input/datasets/denizkavi1/brain-tumor/1/2702.png,meningioma
near,6,/kaggle/input/datasets/denizkavi1/brain-tumor/1/2514.png,meningioma,/kaggle/input/datasets/denizkavi1/brain-tumor/1/2592.png,meningioma
near,6,/kaggle/input/datasets/denizkavi1/brain-tumor/1/2514.png,meningioma,/kaggle/input/datasets/denizkavi1/brain-tumor/1/2679.png,meningioma
near,4,/kaggle/input/datasets/denizkavi1/brain-tumor/1/2515.png,meningioma,/kaggle/input/datasets/denizkavi1/brain-tumor/1/2520.png,meningioma
near,2,/kaggle/input/datasets/denizkavi1/brain-tumor/1/2515.png,meningioma,/kaggle/input/datasets/denizkavi1/brain-tumor/1/2525.png,meningioma
near,4,/kaggle/input/datasets/denizkavi1/brain-tumor/1/2515.png,meningioma,/kaggle/input/datasets/denizkavi1/brain-tumor/1/2594.png,meningioma
near,6,/kaggle/input/datasets/denizkavi1/brain-tumor/1/2515.png,meningioma,/kaggle/input/datasets/denizkavi1/brain-tumor/1/2626.png,meningioma
near,4,/kaggle/input/datasets/denizkavi1/brain-tumor/1/2515.png,meningioma,/kaggle/input/datasets/denizkavi1/brain-tumor/1/2629.png,meningioma
near,6,/kaggle/input/datasets/denizkavi1/brain-tumor/1/2516.png,meningioma,/kaggle/input/datasets/denizkavi1/brain-tumor/1/2626.png,meningioma
near,6,/kaggle/input/datasets/denizkavi1/brain-tumor/1/2516.png,meningioma,/kaggle/input/datasets/denizkavi1/brain-tumor/1/2667.png,meningioma
near,6,/kaggle/input/datasets/denizkavi1/brain-tumor/1/2518.png,meningioma,/kaggle/input/datasets/denizkavi1/brain-tumor/1/2523.png,meningioma
near,2,/kaggle/input/datasets/denizkavi1/brain-tumor/1/2520.png,meningioma,/kaggle/input/datasets/denizkavi1/brain-tumor/1/2525.png,meningioma
near,5,/kaggle/input/datasets/denizkavi1/brain-tumor/1/2520.png,meningioma,/kaggle/input/datasets/denizkavi1/brain-tumor/1/2544.png,meningioma
near,6,/kaggle/input/datasets/denizkavi1/brain-tumor/1/2520.png,meningioma,/kaggle/input/datasets/denizkavi1/brain-tumor/1/2594.png,meningioma
near,4,/kaggle/input/datasets/denizkavi1/brain-tumor/1/2520.png,meningioma,/kaggle/input/datasets/denizkavi1/brain-tumor/1/2621.png,meningioma
near,4,/kaggle/input/datasets/denizkavi1/brain-tumor/1/2520.png,meningioma,/kaggle/input/datasets/denizkavi1/brain-tumor/1/2626.png,meningioma
near,6,/kaggle/input/datasets/denizkavi1/brain-tumor/1/2520.png,meningioma,/kaggle/input/datasets/denizkavi1/brain-tumor/1/2627.png,meningioma
near,4,/kaggle/input/datasets/denizkavi1/brain-tumor/1/2520.png,meningioma,/kaggle/input/datasets/denizkavi1/brain-tumor/1/2629.png,meningioma
near,6,/kaggle/input/datasets/denizkavi1/brain-tumor/1/2520.png,meningioma,/kaggle/input/datasets/denizkavi1/brain-tumor/1/2667.png,meningioma
near,6,/kaggle/input/datasets/denizkavi1/brain-tumor/1/2522.png,meningioma,/kaggle/input/datasets/denizkavi1/brain-tumor/1/2548.png,meningioma
near,6,/kaggle/input/datasets/denizkavi1/brain-tumor/1/2522.png,meningioma,/kaggle/input/datasets/denizkavi1/brain-tumor/1/2564.png,meningioma
near,5,/kaggle/input/datasets/denizkavi1/brain-tumor/1/2522.png,meningioma,/kaggle/input/datasets/denizkavi1/brain-tumor/1/2590.png,meningioma
near,6,/kaggle/input/datasets/denizkavi1/brain-tumor/1/2522.png,meningioma,/kaggle/input/datasets/denizkavi1/brain-tumor/1/2652.png,meningioma
near,4,/kaggle/input/datasets/denizkavi1/brain-tumor/1/2525.png,meningioma,/kaggle/input/datasets/denizkavi1/brain-tumor/1/2594.png,meningioma
near,6,/kaggle/input/datasets/denizkavi1/brain-tumor/1/2525.png,meningioma,/kaggle/input/datasets/denizkavi1/brain-tumor/1/2621.png,meningioma
near,4,/kaggle/input/datasets/denizkavi1/brain-tumor/1/2525.png,meningioma,/kaggle/input/datasets/denizkavi1/brain-tumor/1/2626.png,meningioma
near,6,/kaggle/input/datasets/denizkavi1/brain-tumor/1/2525.png,meningioma,/kaggle/input/datasets/denizkavi1/brain-tumor/1/2627.png,meningioma
near,2,/kaggle/input/datasets/denizkavi1/brain-tumor/1/2525.png,meningioma,/kaggle/input/datasets/denizkavi1/brain-tumor/1/2629.png,meningioma
near,6,/kaggle/input/datasets/denizkavi1/brain-tumor/1/2528.png,meningioma,/kaggle/input/datasets/denizkavi1/brain-tumor/1/2530.png,meningioma
near,3,/kaggle/input/datasets/denizkavi1/brain-tumor/1/2532.png,meningioma,/kaggle/input/datasets/denizkavi1/brain-tumor/1/2535.png,meningioma
near,5,/kaggle/input/datasets/denizkavi1/brain-tumor/1/2537.png,meningioma,/kaggle/input/datasets/denizkavi1/brain-tumor/1/2567.png,meningioma
near,5,/kaggle/input/datasets/denizkavi1/brain-tumor/1/2538.png,meningioma,/kaggle/input/datasets/denizkavi1/brain-tumor/1/2554.png,meningioma
near,3,/kaggle/input/datasets/denizkavi1/brain-tumor/1/2539.png,meningioma,/kaggle/input/datasets/denizkavi1/brain-tumor/1/2562.png,meningioma
near,6,/kaggle/input/datasets/denizkavi1/brain-tumor/1/2540.png,meningioma,/kaggle/input/datasets/denizkavi1/brain-tumor/1/2542.png,meningioma
near,6,/kaggle/input/datasets/denizkavi1/brain-tumor/1/2546.png,meningioma,/kaggle/input/datasets/denizkavi1/brain-tumor/1/2584.png,meningioma
near,6,/kaggle/input/datasets/denizkavi1/brain-tumor/1/2548.png,meningioma,/kaggle/input/datasets/denizkavi1/brain-tumor/1/2564.png,meningioma
near,6,/kaggle/input/datasets/denizkavi1/brain-tumor/1/2548.png,meningioma,/kaggle/input/datasets/denizkavi1/brain-tumor/1/2569.png,meningioma
near,6,/kaggle/input/datasets/denizkavi1/brain-tumor/1/2549.png,meningioma,/kaggle/input/datasets/denizkavi1/brain-tumor/1/2568.png,meningioma
near,5,/kaggle/input/datasets/denizkavi1/brain-tumor/1/2549.png,meningioma,/kaggle/input/datasets/denizkavi1/brain-tumor/1/2584.png,meningioma
near,4,/kaggle/input/datasets/denizkavi1/brain-tumor/1/2550.png,meningioma,/kaggle/input/datasets/denizkavi1/brain-tumor/1/2559.png,meningioma
near,6,/kaggle/input/datasets/denizkavi1/brain-tumor/1/2552.png,meningioma,/kaggle/input/datasets/denizkavi1/brain-tumor/1/2555.png,meningioma
near,6,/kaggle/input/datasets/denizkavi1/brain-tumor/1/2564.png,meningioma,/kaggle/input/datasets/denizkavi1/brain-tumor/1/2569.png,meningioma
near,5,/kaggle/input/datasets/denizkavi1/brain-tumor/1/2571.png,meningioma,/kaggle/input/datasets/denizkavi1/brain-tumor/1/2579.png,meningioma
near,6,/kaggle/input/datasets/denizkavi1/brain-tumor/1/2576.png,meningioma,/kaggle/input/datasets/denizkavi1/brain-tumor/1/2584.png,meningioma
near,6,/kaggle/input/datasets/denizkavi1/brain-tumor/1/2576.png,meningioma,/kaggle/input/datasets/denizkavi1/brain-tumor/1/2667.png,meningioma
near,4,/kaggle/input/datasets/denizkavi1/brain-tumor/1/2577.png,meningioma,/kaggle/input/datasets/denizkavi1/brain-tumor/1/2592.png,meningioma
near,6,/kaggle/input/datasets/denizkavi1/brain-tumor/1/2579.png,meningioma,/kaggle/input/datasets/denizkavi1/brain-tumor/1/2601.png,meningioma
near,3,/kaggle/input/datasets/denizkavi1/brain-tumor/1/2583.png,meningioma,/kaggle/input/datasets/denizkavi1/brain-tumor/1/2595.png,meningioma
near,5,/kaggle/input/datasets/denizkavi1/brain-tumor/1/2583.png,meningioma,/kaggle/input/datasets/denizkavi1/brain-tumor/1/2600.png,meningioma
near,6,/kaggle/input/datasets/denizkavi1/brain-tumor/1/2584.png,meningioma,/kaggle/input/datasets/denizkavi1/brain-tumor/1/2681.png,meningioma
near,6,/kaggle/input/datasets/denizkavi1/brain-tumor/1/2594.png,meningioma,/kaggle/input/datasets/denizkavi1/brain-tumor/1/2629.png,meningioma
near,5,/kaggle/input/datasets/denizkavi1/brain-tumor/1/2594.png,meningioma,/kaggle/input/datasets/denizkavi1/brain-tumor/3/983.png,pituitary
near,6,/kaggle/input/datasets/denizkavi1/brain-tumor/1/2594.png,meningioma,/kaggle/input/datasets/denizkavi1/brain-tumor/3/988.png,pituitary
near,5,/kaggle/input/datasets/denizkavi1/brain-tumor/1/2594.png,meningioma,/kaggle/input/datasets/denizkavi1/brain-tumor/3/992.png,pituitary
near,6,/kaggle/input/datasets/denizkavi1/brain-tumor/1/2594.png,meningioma,/kaggle/input/datasets/denizkavi1/brain-tumor/3/995.png,pituitary
near,6,/kaggle/input/datasets/denizkavi1/brain-tumor/1/2600.png,meningioma,/kaggle/input/datasets/denizkavi1/brain-tumor/1/2706.png,meningioma
near,4,/kaggle/input/datasets/denizkavi1/brain-tumor/1/2602.png,meningioma,/kaggle/input/datasets/denizkavi1/brain-tumor/1/2605.png,meningioma
near,6,/kaggle/input/datasets/denizkavi1/brain-tumor/1/2602.png,meningioma,/kaggle/input/datasets/denizkavi1/brain-tumor/1/2687.png,meningioma
near,4,/kaggle/input/datasets/denizkavi1/brain-tumor/1/2603.png,meningioma,/kaggle/input/datasets/denizkavi1/brain-tumor/1/2604.png,meningioma
near,5,/kaggle/input/datasets/denizkavi1/brain-tumor/1/2616.png,meningioma,/kaggle/input/datasets/denizkavi1/brain-tumor/1/2618.png,meningioma
near,6,/kaggle/input/datasets/denizkavi1/brain-tumor/1/2617.png,meningioma,/kaggle/input/datasets/denizkavi1/brain-tumor/1/2619.png,meningioma
near,6,/kaggle/input/datasets/denizkavi1/brain-tumor/1/2617.png,meningioma,/kaggle/input/datasets/denizkavi1/brain-tumor/1/2625.png,meningioma
near,5,/kaggle/input/datasets/denizkavi1/brain-tumor/1/2618.png,meningioma,/kaggle/input/datasets/denizkavi1/brain-tumor/1/2623.png,meningioma
near,6,/kaggle/input/datasets/denizkavi1/brain-tumor/1/2618.png,meningioma,/kaggle/input/datasets/denizkavi1/brain-tumor/3/1713.png,pituitary
near,5,/kaggle/input/datasets/denizkavi1/brain-tumor/1/2620.png,meningioma,/kaggle/input/datasets/denizkavi1/brain-tumor/1/2624.png,meningioma
near,6,/kaggle/input/datasets/denizkavi1/brain-tumor/1/2620.png,meningioma,/kaggle/input/datasets/denizkavi1/brain-tumor/1/2655.png,meningioma
near,6,/kaggle/input/datasets/denizkavi1/brain-tumor/1/2621.png,meningioma,/kaggle/input/datasets/denizkavi1/brain-tumor/1/2626.png,meningioma
near,6,/kaggle/input/datasets/denizkavi1/brain-tumor/1/2621.png,meningioma,/kaggle/input/datasets/denizkavi1/brain-tumor/1/2629.png,meningioma
near,5,/kaggle/input/datasets/denizkavi1/brain-tumor/1/2621.png,meningioma,/kaggle/input/datasets/denizkavi1/brain-tumor/1/2990.png,meningioma
near,2,/kaggle/input/datasets/denizkavi1/brain-tumor/1/2626.png,meningioma,/kaggle/input/datasets/denizkavi1/brain-tumor/1/2627.png,meningioma
near,4,/kaggle/input/datasets/denizkavi1/brain-tumor/1/2626.png,meningioma,/kaggle/input/datasets/denizkavi1/brain-tumor/1/2629.png,meningioma
near,5,/kaggle/input/datasets/denizkavi1/brain-tumor/1/2626.png,meningioma,/kaggle/input/datasets/denizkavi1/brain-tumor/1/2683.png,meningioma
near,6,/kaggle/input/datasets/denizkavi1/brain-tumor/1/2627.png,meningioma,/kaggle/input/datasets/denizkavi1/brain-tumor/1/2629.png,meningioma
near,2,/kaggle/input/datasets/denizkavi1/brain-tumor/1/2631.png,meningioma,/kaggle/input/datasets/denizkavi1/brain-tumor/1/2666.png,meningioma
near,6,/kaggle/input/datasets/denizkavi1/brain-tumor/1/2632.png,meningioma,/kaggle/input/datasets/denizkavi1/brain-tumor/1/2667.png,meningioma
near,6,/kaggle/input/datasets/denizkavi1/brain-tumor/1/2636.png,meningioma,/kaggle/input/datasets/denizkavi1/brain-tumor/1/2645.png,meningioma
near,5,/kaggle/input/datasets/denizkavi1/brain-tumor/1/2637.png,meningioma,/kaggle/input/datasets/denizkavi1/brain-tumor/1/2639.png,meningioma
near,4,/kaggle/input/datasets/denizkavi1/brain-tumor/1/2638.png,meningioma,/kaggle/input/datasets/denizkavi1/brain-tumor/1/2649.png,meningioma
near,6,/kaggle/input/datasets/denizkavi1/brain-tumor/1/2641.png,meningioma,/kaggle/input/datasets/denizkavi1/brain-tumor/1/2667.png,meningioma
near,6,/kaggle/input/datasets/denizkavi1/brain-tumor/1/2650.png,meningioma,/kaggle/input/datasets/denizkavi1/brain-tumor/1/2656.png,meningioma
near,6,/kaggle/input/datasets/denizkavi1/brain-tumor/1/2650.png,meningioma,/kaggle/input/datasets/denizkavi1/brain-tumor/1/2665.png,meningioma
near,2,/kaggle/input/datasets/denizkavi1/brain-tumor/1/2653.png,meningioma,/kaggle/input/datasets/denizkavi1/brain-tumor/1/2658.png,meningioma
near,6,/kaggle/input/datasets/denizkavi1/brain-tumor/1/2653.png,meningioma,/kaggle/input/datasets/denizkavi1/brain-tumor/1/2666.png,meningioma
near,6,/kaggle/input/datasets/denizkavi1/brain-tumor/1/2656.png,meningioma,/kaggle/input/datasets/denizkavi1/brain-tumor/1/2665.png,meningioma
near,6,/kaggle/input/datasets/denizkavi1/brain-tumor/1/2662.png,meningioma,/kaggle/input/datasets/denizkavi1/brain-tumor/3/1646.png,pituitary
near,6,/kaggle/input/datasets/denizkavi1/brain-tumor/1/2662.png,meningioma,/kaggle/input/datasets/denizkavi1/brain-tumor/3/1659.png,pituitary
near,6,/kaggle/input/datasets/denizkavi1/brain-tumor/1/2667.png,meningioma,/kaggle/input/datasets/denizkavi1/brain-tumor/1/2690.png,meningioma
near,6,/kaggle/input/datasets/denizkavi1/brain-tumor/1/2667.png,meningioma,/kaggle/input/datasets/denizkavi1/brain-tumor/1/2694.png,meningioma
near,6,/kaggle/input/datasets/denizkavi1/brain-tumor/1/2667.png,meningioma,/kaggle/input/datasets/denizkavi1/brain-tumor/1/2702.png,meningioma
near,4,/kaggle/input/datasets/denizkavi1/brain-tumor/1/2671.png,meningioma,/kaggle/input/datasets/denizkavi1/brain-tumor/1/2677.png,meningioma
near,5,/kaggle/input/datasets/denizkavi1/brain-tumor/1/2672.png,meningioma,/kaggle/input/datasets/denizkavi1/brain-tumor/1/2673.png,meningioma
near,6,/kaggle/input/datasets/denizkavi1/brain-tumor/1/2679.png,meningioma,/kaggle/input/datasets/denizkavi1/brain-tumor/1/2684.png,meningioma
near,6,/kaggle/input/datasets/denizkavi1/brain-tumor/1/2679.png,meningioma,/kaggle/input/datasets/denizkavi1/brain-tumor/1/2694.png,meningioma
near,2,/kaggle/input/datasets/denizkavi1/brain-tumor/1/2682.png,meningioma,/kaggle/input/datasets/denizkavi1/brain-tumor/1/2686.png,meningioma
near,4,/kaggle/input/datasets/denizkavi1/brain-tumor/1/2694.png,meningioma,/kaggle/input/datasets/denizkavi1/brain-tumor/1/2702.png,meningioma
near,4,/kaggle/input/datasets/denizkavi1/brain-tumor/1/2695.png,meningioma,/kaggle/input/datasets/denizkavi1/brain-tumor/1/2697.png,meningioma
near,2,/kaggle/input/datasets/denizkavi1/brain-tumor/1/2703.png,meningioma,/kaggle/input/datasets/denizkavi1/brain-tumor/1/2704.png,meningioma
near,5,/kaggle/input/datasets/denizkavi1/brain-tumor/1/2761.png,meningioma,/kaggle/input/datasets/denizkavi1/brain-tumor/1/2762.png,meningioma
near,4,/kaggle/input/datasets/denizkavi1/brain-tumor/1/2761.png,meningioma,/kaggle/input/datasets/denizkavi1/brain-tumor/1/2763.png,meningioma
near,5,/kaggle/input/datasets/denizkavi1/brain-tumor/1/2763.png,meningioma,/kaggle/input/datasets/denizkavi1/brain-tumor/1/2764.png,meningioma
near,6,/kaggle/input/datasets/denizkavi1/brain-tumor/1/2763.png,meningioma,/kaggle/input/datasets/denizkavi1/brain-tumor/1/459.png,meningioma
near,6,/kaggle/input/datasets/denizkavi1/brain-tumor/1/2765.png,meningioma,/kaggle/input/datasets/denizkavi1/brain-tumor/1/2774.png,meningioma
near,4,/kaggle/input/datasets/denizkavi1/brain-tumor/1/2766.png,meningioma,/kaggle/input/datasets/denizkavi1/brain-tumor/1/2785.png,meningioma
near,6,/kaggle/input/datasets/denizkavi1/brain-tumor/1/2766.png,meningioma,/kaggle/input/datasets/denizkavi1/brain-tumor/1/2789.png,meningioma
near,5,/kaggle/input/datasets/denizkavi1/brain-tumor/1/2768.png,meningioma,/kaggle/input/datasets/denizkavi1/brain-tumor/1/2785.png,meningioma
near,6,/kaggle/input/datasets/denizkavi1/brain-tumor/1/2771.png,meningioma,/kaggle/input/datasets/denizkavi1/brain-tumor/1/2931.png,meningioma
near,5,/kaggle/input/datasets/denizkavi1/brain-tumor/1/2772.png,meningioma,/kaggle/input/datasets/denizkavi1/brain-tumor/1/2810.png,meningioma
near,5,/kaggle/input/datasets/denizkavi1/brain-tumor/1/2776.png,meningioma,/kaggle/input/datasets/denizkavi1/brain-tumor/1/2781.png,meningioma
near,2,/kaggle/input/datasets/denizkavi1/brain-tumor/1/2776.png,meningioma,/kaggle/input/datasets/denizkavi1/brain-tumor/1/2783.png,meningioma
near,2,/kaggle/input/datasets/denizkavi1/brain-tumor/1/2776.png,meningioma,/kaggle/input/datasets/denizkavi1/brain-tumor/1/2792.png,meningioma
near,3,/kaggle/input/datasets/denizkavi1/brain-tumor/1/2779.png,meningioma,/kaggle/input/datasets/denizkavi1/brain-tumor/1/2788.png,meningioma
near,6,/kaggle/input/datasets/denizkavi1/brain-tumor/1/2780.png,meningioma,/kaggle/input/datasets/denizkavi1/brain-tumor/1/2786.png,meningioma
near,3,/kaggle/input/datasets/denizkavi1/brain-tumor/1/2781.png,meningioma,/kaggle/input/datasets/denizkavi1/brain-tumor/1/2792.png,meningioma
near,4,/kaggle/input/datasets/denizkavi1/brain-tumor/1/2783.png,meningioma,/kaggle/input/datasets/denizkavi1/brain-tumor/1/2792.png,meningioma
near,1,/kaggle/input/datasets/denizkavi1/brain-tumor/1/2793.png,meningioma,/kaggle/input/datasets/denizkavi1/brain-tumor/1/2794.png,meningioma
near,2,/kaggle/input/datasets/denizkavi1/brain-tumor/1/2793.png,meningioma,/kaggle/input/datasets/denizkavi1/brain-tumor/1/2797.png,meningioma
near,3,/kaggle/input/datasets/denizkavi1/brain-tumor/1/2793.png,meningioma,/kaggle/input/datasets/denizkavi1/brain-tumor/1/2809.png,meningioma
near,2,/kaggle/input/datasets/denizkavi1/brain-tumor/1/2793.png,meningioma,/kaggle/input/datasets/denizkavi1/brain-tumor/1/2810.png,meningioma
near,6,/kaggle/input/datasets/denizkavi1/brain-tumor/1/2793.png,meningioma,/kaggle/input/datasets/denizkavi1/brain-tumor/1/2836.png,meningioma
near,3,/kaggle/input/datasets/denizkavi1/brain-tumor/1/2794.png,meningioma,/kaggle/input/datasets/denizkavi1/brain-tumor/1/2797.png,meningioma
near,2,/kaggle/input/datasets/denizkavi1/brain-tumor/1/2794.png,meningioma,/kaggle/input/datasets/denizkavi1/brain-tumor/1/2809.png,meningioma
near,3,/kaggle/input/datasets/denizkavi1/brain-tumor/1/2794.png,meningioma,/kaggle/input/datasets/denizkavi1/brain-tumor/1/2810.png,meningioma
near,6,/kaggle/input/datasets/denizkavi1/brain-tumor/1/2797.png,meningioma,/kaggle/input/datasets/denizkavi1/brain-tumor/1/2800.png,meningioma
near,1,/kaggle/input/datasets/denizkavi1/brain-tumor/1/2797.png,meningioma,/kaggle/input/datasets/denizkavi1/brain-tumor/1/2809.png,meningioma
near,4,/kaggle/input/datasets/denizkavi1/brain-tumor/1/2797.png,meningioma,/kaggle/input/datasets/denizkavi1/brain-tumor/1/2810.png,meningioma
near,6,/kaggle/input/datasets/denizkavi1/brain-tumor/1/2797.png,meningioma,/kaggle/input/datasets/denizkavi1/brain-tumor/1/2836.png,meningioma
near,5,/kaggle/input/datasets/denizkavi1/brain-tumor/1/2801.png,meningioma,/kaggle/input/datasets/denizkavi1/brain-tumor/1/2803.png,meningioma
near,4,/kaggle/input/datasets/denizkavi1/brain-tumor/1/2803.png,meningioma,/kaggle/input/datasets/denizkavi1/brain-tumor/1/2811.png,meningioma
near,3,/kaggle/input/datasets/denizkavi1/brain-tumor/1/2805.png,meningioma,/kaggle/input/datasets/denizkavi1/brain-tumor/1/2811.png,meningioma
near,5,/kaggle/input/datasets/denizkavi1/brain-tumor/1/2806.png,meningioma,/kaggle/input/datasets/denizkavi1/brain-tumor/1/2812.png,meningioma
near,6,/kaggle/input/datasets/denizkavi1/brain-tumor/1/2806.png,meningioma,/kaggle/input/datasets/denizkavi1/brain-tumor/1/2816.png,meningioma
near,6,/kaggle/input/datasets/denizkavi1/brain-tumor/1/2808.png,meningioma,/kaggle/input/datasets/denizkavi1/brain-tumor/1/2833.png,meningioma
near,6,/kaggle/input/datasets/denizkavi1/brain-tumor/1/2808.png,meningioma,/kaggle/input/datasets/denizkavi1/brain-tumor/1/2921.png,meningioma
near,5,/kaggle/input/datasets/denizkavi1/brain-tumor/1/2809.png,meningioma,/kaggle/input/datasets/denizkavi1/brain-tumor/1/2810.png,meningioma
near,5,/kaggle/input/datasets/denizkavi1/brain-tumor/1/2812.png,meningioma,/kaggle/input/datasets/denizkavi1/brain-tumor/1/2816.png,meningioma
near,6,/kaggle/input/datasets/denizkavi1/brain-tumor/1/2814.png,meningioma,/kaggle/input/datasets/denizkavi1/brain-tumor/1/2816.png,meningioma
near,2,/kaggle/input/datasets/denizkavi1/brain-tumor/1/2817.png,meningioma,/kaggle/input/datasets/denizkavi1/brain-tumor/1/2846.png,meningioma
near,6,/kaggle/input/datasets/denizkavi1/brain-tumor/1/2818.png,meningioma,/kaggle/input/datasets/denizkavi1/brain-tumor/1/2839.png,meningioma
near,6,/kaggle/input/datasets/denizkavi1/brain-tumor/1/2820.png,meningioma,/kaggle/input/datasets/denizkavi1/brain-tumor/1/2831.png,meningioma
near,4,/kaggle/input/datasets/denizkavi1/brain-tumor/1/2822.png,meningioma,/kaggle/input/datasets/denizkavi1/brain-tumor/1/2837.png,meningioma
near,2,/kaggle/input/datasets/denizkavi1/brain-tumor/1/2823.png,meningioma,/kaggle/input/datasets/denizkavi1/brain-tumor/1/2846.png,meningioma
near,6,/kaggle/input/datasets/denizkavi1/brain-tumor/1/2824.png,meningioma,/kaggle/input/datasets/denizkavi1/brain-tumor/1/2832.png,meningioma
near,2,/kaggle/input/datasets/denizkavi1/brain-tumor/1/2825.png,meningioma,/kaggle/input/datasets/denizkavi1/brain-tumor/1/2846.png,meningioma
near,6,/kaggle/input/datasets/denizkavi1/brain-tumor/1/2829.png,meningioma,/kaggle/input/datasets/denizkavi1/brain-tumor/1/2830.png,meningioma
near,6,/kaggle/input/datasets/denizkavi1/brain-tumor/1/2830.png,meningioma,/kaggle/input/datasets/denizkavi1/brain-tumor/1/2843.png,meningioma
near,6,/kaggle/input/datasets/denizkavi1/brain-tumor/1/2831.png,meningioma,/kaggle/input/datasets/denizkavi1/brain-tumor/1/2837.png,meningioma
near,4,/kaggle/input/datasets/denizkavi1/brain-tumor/1/2832.png,meningioma,/kaggle/input/datasets/denizkavi1/brain-tumor/1/2841.png,meningioma
near,5,/kaggle/input/datasets/denizkavi1/brain-tumor/1/2833.png,meningioma,/kaggle/input/datasets/denizkavi1/brain-tumor/1/2840.png,meningioma
near,6,/kaggle/input/datasets/denizkavi1/brain-tumor/1/2833.png,meningioma,/kaggle/input/datasets/denizkavi1/brain-tumor/1/2921.png,meningioma
near,5,/kaggle/input/datasets/denizkavi1/brain-tumor/1/2838.png,meningioma,/kaggle/input/datasets/denizkavi1/brain-tumor/1/2844.png,meningioma
near,6,/kaggle/input/datasets/denizkavi1/brain-tumor/1/2840.png,meningioma,/kaggle/input/datasets/denizkavi1/brain-tumor/1/2843.png,meningioma
near,4,/kaggle/input/datasets/denizkavi1/brain-tumor/1/2847.png,meningioma,/kaggle/input/datasets/denizkavi1/brain-tumor/1/2866.png,meningioma
near,6,/kaggle/input/datasets/denizkavi1/brain-tumor/1/2849.png,meningioma,/kaggle/input/datasets/denizkavi1/brain-tumor/1/2865.png,meningioma
near,6,/kaggle/input/datasets/denizkavi1/brain-tumor/1/2855.png,meningioma,/kaggle/input/datasets/denizkavi1/brain-tumor/1/2866.png,meningioma
near,5,/kaggle/input/datasets/denizkavi1/brain-tumor/1/2855.png,meningioma,/kaggle/input/datasets/denizkavi1/brain-tumor/1/2871.png,meningioma
near,3,/kaggle/input/datasets/denizkavi1/brain-tumor/1/2857.png,meningioma,/kaggle/input/datasets/denizkavi1/brain-tumor/1/2867.png,meningioma
near,5,/kaggle/input/datasets/denizkavi1/brain-tumor/1/2867.png,meningioma,/kaggle/input/datasets/denizkavi1/brain-tumor/1/2868.png,meningioma
near,3,/kaggle/input/datasets/denizkavi1/brain-tumor/1/2867.png,meningioma,/kaggle/input/datasets/denizkavi1/brain-tumor/1/2874.png,meningioma
near,4,/kaggle/input/datasets/denizkavi1/brain-tumor/1/2875.png,meningioma,/kaggle/input/datasets/denizkavi1/brain-tumor/1/2876.png,meningioma
near,1,/kaggle/input/datasets/denizkavi1/brain-tumor/1/2878.png,meningioma,/kaggle/input/datasets/denizkavi1/brain-tumor/1/2886.png,meningioma
near,3,/kaggle/input/datasets/denizkavi1/brain-tumor/1/2878.png,meningioma,/kaggle/input/datasets/denizkavi1/brain-tumor/1/2892.png,meningioma
near,2,/kaggle/input/datasets/denizkavi1/brain-tumor/1/2879.png,meningioma,/kaggle/input/datasets/denizkavi1/brain-tumor/1/2890.png,meningioma
near,4,/kaggle/input/datasets/denizkavi1/brain-tumor/1/2882.png,meningioma,/kaggle/input/datasets/denizkavi1/brain-tumor/1/2906.png,meningioma
near,3,/kaggle/input/datasets/denizkavi1/brain-tumor/1/2884.png,meningioma,/kaggle/input/datasets/denizkavi1/brain-tumor/1/2900.png,meningioma
near,5,/kaggle/input/datasets/denizkavi1/brain-tumor/1/2884.png,meningioma,/kaggle/input/datasets/denizkavi1/brain-tumor/1/2904.png,meningioma
near,2,/kaggle/input/datasets/denizkavi1/brain-tumor/1/2886.png,meningioma,/kaggle/input/datasets/denizkavi1/brain-tumor/1/2892.png,meningioma
near,6,/kaggle/input/datasets/denizkavi1/brain-tumor/1/2886.png,meningioma,/kaggle/input/datasets/denizkavi1/brain-tumor/1/2904.png,meningioma
near,5,/kaggle/input/datasets/denizkavi1/brain-tumor/1/2891.png,meningioma,/kaggle/input/datasets/denizkavi1/brain-tumor/1/2909.png,meningioma
near,6,/kaggle/input/datasets/denizkavi1/brain-tumor/1/2892.png,meningioma,/kaggle/input/datasets/denizkavi1/brain-tumor/1/2904.png,meningioma
near,6,/kaggle/input/datasets/denizkavi1/brain-tumor/1/2893.png,meningioma,/kaggle/input/datasets/denizkavi1/brain-tumor/1/2898.png,meningioma
near,6,/kaggle/input/datasets/denizkavi1/brain-tumor/1/2893.png,meningioma,/kaggle/input/datasets/denizkavi1/brain-tumor/1/2920.png,meningioma
near,5,/kaggle/input/datasets/denizkavi1/brain-tumor/1/2896.png,meningioma,/kaggle/input/datasets/denizkavi1/brain-tumor/1/2901.png,meningioma
near,5,/kaggle/input/datasets/denizkavi1/brain-tumor/1/2897.png,meningioma,/kaggle/input/datasets/denizkavi1/brain-tumor/1/2908.png,meningioma
near,6,/kaggle/input/datasets/denizkavi1/brain-tumor/1/2898.png,meningioma,/kaggle/input/datasets/denizkavi1/brain-tumor/1/2920.png,meningioma
near,6,/kaggle/input/datasets/denizkavi1/brain-tumor/1/2898.png,meningioma,/kaggle/input/datasets/denizkavi1/brain-tumor/1/2957.png,meningioma
near,3,/kaggle/input/datasets/denizkavi1/brain-tumor/1/2898.png,meningioma,/kaggle/input/datasets/denizkavi1/brain-tumor/1/2965.png,meningioma
near,2,/kaggle/input/datasets/denizkavi1/brain-tumor/1/2900.png,meningioma,/kaggle/input/datasets/denizkavi1/brain-tumor/1/2904.png,meningioma
near,4,/kaggle/input/datasets/denizkavi1/brain-tumor/1/2905.png,meningioma,/kaggle/input/datasets/denizkavi1/brain-tumor/1/2965.png,meningioma
near,4,/kaggle/input/datasets/denizkavi1/brain-tumor/1/2912.png,meningioma,/kaggle/input/datasets/denizkavi1/brain-tumor/1/2926.png,meningioma
near,3,/kaggle/input/datasets/denizkavi1/brain-tumor/1/2912.png,meningioma,/kaggle/input/datasets/denizkavi1/brain-tumor/1/2930.png,meningioma
near,6,/kaggle/input/datasets/denizkavi1/brain-tumor/1/2912.png,meningioma,/kaggle/input/datasets/denizkavi1/brain-tumor/1/2931.png,meningioma
near,5,/kaggle/input/datasets/denizkavi1/brain-tumor/1/2913.png,meningioma,/kaggle/input/datasets/denizkavi1/brain-tumor/1/2924.png,meningioma
near,3,/kaggle/input/datasets/denizkavi1/brain-tumor/1/2916.png,meningioma,/kaggle/input/datasets/denizkavi1/brain-tumor/1/2918.png,meningioma
near,6,/kaggle/input/datasets/denizkavi1/brain-tumor/1/2916.png,meningioma,/kaggle/input/datasets/denizkavi1/brain-tumor/1/2928.png,meningioma
near,2,/kaggle/input/datasets/denizkavi1/brain-tumor/1/2917.png,meningioma,/kaggle/input/datasets/denizkavi1/brain-tumor/1/2928.png,meningioma
near,5,/kaggle/input/datasets/denizkavi1/brain-tumor/1/2920.png,meningioma,/kaggle/input/datasets/denizkavi1/brain-tumor/1/2933.png,meningioma
near,6,/kaggle/input/datasets/denizkavi1/brain-tumor/1/2920.png,meningioma,/kaggle/input/datasets/denizkavi1/brain-tumor/1/2941.png,meningioma
near,4,/kaggle/input/datasets/denizkavi1/brain-tumor/1/2923.png,meningioma,/kaggle/input/datasets/denizkavi1/brain-tumor/1/2942.png,meningioma
near,5,/kaggle/input/datasets/denizkavi1/brain-tumor/1/2926.png,meningioma,/kaggle/input/datasets/denizkavi1/brain-tumor/1/2930.png,meningioma
near,2,/kaggle/input/datasets/denizkavi1/brain-tumor/1/2926.png,meningioma,/kaggle/input/datasets/denizkavi1/brain-tumor/1/2931.png,meningioma
near,4,/kaggle/input/datasets/denizkavi1/brain-tumor/1/2927.png,meningioma,/kaggle/input/datasets/denizkavi1/brain-tumor/1/2935.png,meningioma
near,5,/kaggle/input/datasets/denizkavi1/brain-tumor/1/2929.png,meningioma,/kaggle/input/datasets/denizkavi1/brain-tumor/1/2936.png,meningioma
near,4,/kaggle/input/datasets/denizkavi1/brain-tumor/1/2929.png,meningioma,/kaggle/input/datasets/denizkavi1/brain-tumor/1/2937.png,meningioma
near,6,/kaggle/input/datasets/denizkavi1/brain-tumor/1/2930.png,meningioma,/kaggle/input/datasets/denizkavi1/brain-tumor/1/2939.png,meningioma
near,4,/kaggle/input/datasets/denizkavi1/brain-tumor/1/2930.png,meningioma,/kaggle/input/datasets/denizkavi1/brain-tumor/1/2940.png,meningioma
near,5,/kaggle/input/datasets/denizkavi1/brain-tumor/1/2931.png,meningioma,/kaggle/input/datasets/denizkavi1/brain-tumor/1/2939.png,meningioma
near,6,/kaggle/input/datasets/denizkavi1/brain-tumor/1/2939.png,meningioma,/kaggle/input/datasets/denizkavi1/brain-tumor/1/2940.png,meningioma
near,5,/kaggle/input/datasets/denizkavi1/brain-tumor/1/2943.png,meningioma,/kaggle/input/datasets/denizkavi1/brain-tumor/1/2968.png,meningioma
near,4,/kaggle/input/datasets/denizkavi1/brain-tumor/1/2944.png,meningioma,/kaggle/input/datasets/denizkavi1/brain-tumor/1/2954.png,meningioma
near,3,/kaggle/input/datasets/denizkavi1/brain-tumor/1/2946.png,meningioma,/kaggle/input/datasets/denizkavi1/brain-tumor/1/2948.png,meningioma
near,4,/kaggle/input/datasets/denizkavi1/brain-tumor/1/2946.png,meningioma,/kaggle/input/datasets/denizkavi1/brain-tumor/1/2951.png,meningioma
near,6,/kaggle/input/datasets/denizkavi1/brain-tumor/1/2949.png,meningioma,/kaggle/input/datasets/denizkavi1/brain-tumor/1/2950.png,meningioma
near,6,/kaggle/input/datasets/denizkavi1/brain-tumor/1/2953.png,meningioma,/kaggle/input/datasets/denizkavi1/brain-tumor/1/2966.png,meningioma
near,4,/kaggle/input/datasets/denizkavi1/brain-tumor/1/2954.png,meningioma,/kaggle/input/datasets/denizkavi1/brain-tumor/1/2984.png,meningioma
near,5,/kaggle/input/datasets/denizkavi1/brain-tumor/1/2957.png,meningioma,/kaggle/input/datasets/denizkavi1/brain-tumor/1/2965.png,meningioma
near,5,/kaggle/input/datasets/denizkavi1/brain-tumor/1/2961.png,meningioma,/kaggle/input/datasets/denizkavi1/brain-tumor/1/2967.png,meningioma
near,2,/kaggle/input/datasets/denizkavi1/brain-tumor/1/2961.png,meningioma,/kaggle/input/datasets/denizkavi1/brain-tumor/1/2969.png,meningioma
near,6,/kaggle/input/datasets/denizkavi1/brain-tumor/1/2972.png,meningioma,/kaggle/input/datasets/denizkavi1/brain-tumor/1/2975.png,meningioma
near,6,/kaggle/input/datasets/denizkavi1/brain-tumor/1/2972.png,meningioma,/kaggle/input/datasets/denizkavi1/brain-tumor/1/2989.png,meningioma
near,6,/kaggle/input/datasets/denizkavi1/brain-tumor/1/2973.png,meningioma,/kaggle/input/datasets/denizkavi1/brain-tumor/1/2977.png,meningioma
near,2,/kaggle/input/datasets/denizkavi1/brain-tumor/1/2973.png,meningioma,/kaggle/input/datasets/denizkavi1/brain-tumor/1/2990.png,meningioma
near,4,/kaggle/input/datasets/denizkavi1/brain-tumor/1/2975.png,meningioma,/kaggle/input/datasets/denizkavi1/brain-tumor/1/2989.png,meningioma
near,4,/kaggle/input/datasets/denizkavi1/brain-tumor/1/2975.png,meningioma,/kaggle/input/datasets/denizkavi1/brain-tumor/1/2995.png,meningioma
near,6,/kaggle/input/datasets/denizkavi1/brain-tumor/1/2976.png,meningioma,/kaggle/input/datasets/denizkavi1/brain-tumor/1/2987.png,meningioma
near,4,/kaggle/input/datasets/denizkavi1/brain-tumor/1/2977.png,meningioma,/kaggle/input/datasets/denizkavi1/brain-tumor/1/2986.png,meningioma
near,6,/kaggle/input/datasets/denizkavi1/brain-tumor/1/2977.png,meningioma,/kaggle/input/datasets/denizkavi1/brain-tumor/1/2990.png,meningioma
near,4,/kaggle/input/datasets/denizkavi1/brain-tumor/1/2979.png,meningioma,/kaggle/input/datasets/denizkavi1/brain-tumor/1/2992.png,meningioma
near,4,/kaggle/input/datasets/denizkavi1/brain-tumor/1/2981.png,meningioma,/kaggle/input/datasets/denizkavi1/brain-tumor/1/2994.png,meningioma
near,6,/kaggle/input/datasets/denizkavi1/brain-tumor/1/2986.png,meningioma,/kaggle/input/datasets/denizkavi1/brain-tumor/1/2990.png,meningioma
near,6,/kaggle/input/datasets/denizkavi1/brain-tumor/1/2987.png,meningioma,/kaggle/input/datasets/denizkavi1/brain-tumor/1/3001.png,meningioma
near,6,/kaggle/input/datasets/denizkavi1/brain-tumor/1/2989.png,meningioma,/kaggle/input/datasets/denizkavi1/brain-tumor/1/2995.png,meningioma
near,4,/kaggle/input/datasets/denizkavi1/brain-tumor/1/2992.png,meningioma,/kaggle/input/datasets/denizkavi1/brain-tumor/1/2997.png,meningioma
near,5,/kaggle/input/datasets/denizkavi1/brain-tumor/1/3000.png,meningioma,/kaggle/input/datasets/denizkavi1/brain-tumor/1/3011.png,meningioma
near,4,/kaggle/input/datasets/denizkavi1/brain-tumor/1/3003.png,meningioma,/kaggle/input/datasets/denizkavi1/brain-tumor/1/3018.png,meningioma
near,4,/kaggle/input/datasets/denizkavi1/brain-tumor/1/3006.png,meningioma,/kaggle/input/datasets/denizkavi1/brain-tumor/1/3014.png,meningioma
near,4,/kaggle/input/datasets/denizkavi1/brain-tumor/1/3007.png,meningioma,/kaggle/input/datasets/denizkavi1/brain-tumor/1/3024.png,meningioma
near,5,/kaggle/input/datasets/denizkavi1/brain-tumor/1/3008.png,meningioma,/kaggle/input/datasets/denizkavi1/brain-tumor/1/3010.png,meningioma
near,4,/kaggle/input/datasets/denizkavi1/brain-tumor/1/3016.png,meningioma,/kaggle/input/datasets/denizkavi1/brain-tumor/1/3026.png,meningioma
near,4,/kaggle/input/datasets/denizkavi1/brain-tumor/1/3016.png,meningioma,/kaggle/input/datasets/denizkavi1/brain-tumor/1/3031.png,meningioma
near,6,/kaggle/input/datasets/denizkavi1/brain-tumor/1/3019.png,meningioma,/kaggle/input/datasets/denizkavi1/brain-tumor/1/3021.png,meningioma
near,4,/kaggle/input/datasets/denizkavi1/brain-tumor/1/3028.png,meningioma,/kaggle/input/datasets/denizkavi1/brain-tumor/1/3034.png,meningioma
near,6,/kaggle/input/datasets/denizkavi1/brain-tumor/1/3029.png,meningioma,/kaggle/input/datasets/denizkavi1/brain-tumor/1/3032.png,meningioma
near,6,/kaggle/input/datasets/denizkavi1/brain-tumor/1/3037.png,meningioma,/kaggle/input/datasets/denizkavi1/brain-tumor/1/3039.png,meningioma
near,6,/kaggle/input/datasets/denizkavi1/brain-tumor/1/3039.png,meningioma,/kaggle/input/datasets/denizkavi1/brain-tumor/1/3042.png,meningioma
near,3,/kaggle/input/datasets/denizkavi1/brain-tumor/1/3041.png,meningioma,/kaggle/input/datasets/denizkavi1/brain-tumor/1/3048.png,meningioma
near,5,/kaggle/input/datasets/denizkavi1/brain-tumor/1/3050.png,meningioma,/kaggle/input/datasets/denizkavi1/brain-tumor/1/3060.png,meningioma
near,6,/kaggle/input/datasets/denizkavi1/brain-tumor/1/3057.png,meningioma,/kaggle/input/datasets/denizkavi1/brain-tumor/1/3062.png,meningioma
near,4,/kaggle/input/datasets/denizkavi1/brain-tumor/3/1001.png,pituitary,/kaggle/input/datasets/denizkavi1/brain-tumor/3/1005.png,pituitary
near,5,/kaggle/input/datasets/denizkavi1/brain-tumor/3/1001.png,pituitary,/kaggle/input/datasets/denizkavi1/brain-tumor/3/1008.png,pituitary
near,4,/kaggle/input/datasets/denizkavi1/brain-tumor/3/1001.png,pituitary,/kaggle/input/datasets/denizkavi1/brain-tumor/3/1011.png,pituitary
near,6,/kaggle/input/datasets/denizkavi1/brain-tumor/3/1001.png,pituitary,/kaggle/input/datasets/denizkavi1/brain-tumor/3/1020.png,pituitary
near,6,/kaggle/input/datasets/denizkavi1/brain-tumor/3/1001.png,pituitary,/kaggle/input/datasets/denizkavi1/brain-tumor/3/1082.png,pituitary
near,6,/kaggle/input/datasets/denizkavi1/brain-tumor/3/1001.png,pituitary,/kaggle/input/datasets/denizkavi1/brain-tumor/3/1390.png,pituitary
near,2,/kaggle/input/datasets/denizkavi1/brain-tumor/3/1001.png,pituitary,/kaggle/input/datasets/denizkavi1/brain-tumor/3/981.png,pituitary
near,4,/kaggle/input/datasets/denizkavi1/brain-tumor/3/1002.png,pituitary,/kaggle/input/datasets/denizkavi1/brain-tumor/3/994.png,pituitary
near,2,/kaggle/input/datasets/denizkavi1/brain-tumor/3/1003.png,pituitary,/kaggle/input/datasets/denizkavi1/brain-tumor/3/1013.png,pituitary
near,6,/kaggle/input/datasets/denizkavi1/brain-tumor/3/1003.png,pituitary,/kaggle/input/datasets/denizkavi1/brain-tumor/3/979.png,pituitary
near,1,/kaggle/input/datasets/denizkavi1/brain-tumor/3/1003.png,pituitary,/kaggle/input/datasets/denizkavi1/brain-tumor/3/995.png,pituitary
near,5,/kaggle/input/datasets/denizkavi1/brain-tumor/3/1004.png,pituitary,/kaggle/input/datasets/denizkavi1/brain-tumor/3/1010.png,pituitary
near,6,/kaggle/input/datasets/denizkavi1/brain-tumor/3/1004.png,pituitary,/kaggle/input/datasets/denizkavi1/brain-tumor/3/1036.png,pituitary
near,6,/kaggle/input/datasets/denizkavi1/brain-tumor/3/1004.png,pituitary,/kaggle/input/datasets/denizkavi1/brain-tumor/3/1048.png,pituitary
near,4,/kaggle/input/datasets/denizkavi1/brain-tumor/3/1004.png,pituitary,/kaggle/input/datasets/denizkavi1/brain-tumor/3/1433.png,pituitary
near,6,/kaggle/input/datasets/denizkavi1/brain-tumor/3/1004.png,pituitary,/kaggle/input/datasets/denizkavi1/brain-tumor/3/1438.png,pituitary
near,6,/kaggle/input/datasets/denizkavi1/brain-tumor/3/1004.png,pituitary,/kaggle/input/datasets/denizkavi1/brain-tumor/3/1463.png,pituitary
near,6,/kaggle/input/datasets/denizkavi1/brain-tumor/3/1004.png,pituitary,/kaggle/input/datasets/denizkavi1/brain-tumor/3/2265.png,pituitary
near,4,/kaggle/input/datasets/denizkavi1/brain-tumor/3/1004.png,pituitary,/kaggle/input/datasets/denizkavi1/brain-tumor/3/2281.png,pituitary
near,6,/kaggle/input/datasets/denizkavi1/brain-tumor/3/1004.png,pituitary,/kaggle/input/datasets/denizkavi1/brain-tumor/3/2298.png,pituitary
near,5,/kaggle/input/datasets/denizkavi1/brain-tumor/3/1004.png,pituitary,/kaggle/input/datasets/denizkavi1/brain-tumor/3/980.png,pituitary
near,5,/kaggle/input/datasets/denizkavi1/brain-tumor/3/1004.png,pituitary,/kaggle/input/datasets/denizkavi1/brain-tumor/3/986.png,pituitary
near,4,/kaggle/input/datasets/denizkavi1/brain-tumor/3/1005.png,pituitary,/kaggle/input/datasets/denizkavi1/brain-tumor/3/1011.png,pituitary
near,5,/kaggle/input/datasets/denizkavi1/brain-tumor/3/1005.png,pituitary,/kaggle/input/datasets/denizkavi1/brain-tumor/3/1031.png,pituitary
near,5,/kaggle/input/datasets/denizkavi1/brain-tumor/3/1005.png,pituitary,/kaggle/input/datasets/denizkavi1/brain-tumor/3/1035.png,pituitary
near,6,/kaggle/input/datasets/denizkavi1/brain-tumor/3/1005.png,pituitary,/kaggle/input/datasets/denizkavi1/brain-tumor/3/1048.png,pituitary
near,6,/kaggle/input/datasets/denizkavi1/brain-tumor/3/1005.png,pituitary,/kaggle/input/datasets/denizkavi1/brain-tumor/3/1082.png,pituitary
near,6,/kaggle/input/datasets/denizkavi1/brain-tumor/3/1005.png,pituitary,/kaggle/input/datasets/denizkavi1/brain-tumor/3/981.png,pituitary
near,6,/kaggle/input/datasets/denizkavi1/brain-tumor/3/1006.png,pituitary,/kaggle/input/datasets/denizkavi1/brain-tumor/3/983.png,pituitary
near,4,/kaggle/input/datasets/denizkavi1/brain-tumor/3/1006.png,pituitary,/kaggle/input/datasets/denizkavi1/brain-tumor/3/992.png,pituitary
near,5,/kaggle/input/datasets/denizkavi1/brain-tumor/3/1008.png,pituitary,/kaggle/input/datasets/denizkavi1/brain-tumor/3/1806.png,pituitary
near,5,/kaggle/input/datasets/denizkavi1/brain-tumor/3/1008.png,pituitary,/kaggle/input/datasets/denizkavi1/brain-tumor/3/981.png,pituitary
near,6,/kaggle/input/datasets/denizkavi1/brain-tumor/3/1010.png,pituitary,/kaggle/input/datasets/denizkavi1/brain-tumor/3/980.png,pituitary
near,6,/kaggle/input/datasets/denizkavi1/brain-tumor/3/1010.png,pituitary,/kaggle/input/datasets/denizkavi1/brain-tumor/3/986.png,pituitary
near,6,/kaggle/input/datasets/denizkavi1/brain-tumor/3/1011.png,pituitary,/kaggle/input/datasets/denizkavi1/brain-tumor/3/1082.png,pituitary
near,4,/kaggle/input/datasets/denizkavi1/brain-tumor/3/1011.png,pituitary,/kaggle/input/datasets/denizkavi1/brain-tumor/3/981.png,pituitary
near,6,/kaggle/input/datasets/denizkavi1/brain-tumor/3/1013.png,pituitary,/kaggle/input/datasets/denizkavi1/brain-tumor/3/979.png,pituitary
near,3,/kaggle/input/datasets/denizkavi1/brain-tumor/3/1013.png,pituitary,/kaggle/input/datasets/denizkavi1/brain-tumor/3/995.png,pituitary
near,4,/kaggle/input/datasets/denizkavi1/brain-tumor/3/1014.png,pituitary,/kaggle/input/datasets/denizkavi1/brain-tumor/3/1016.png,pituitary
near,6,/kaggle/input/datasets/denizkavi1/brain-tumor/3/1014.png,pituitary,/kaggle/input/datasets/denizkavi1/brain-tumor/3/1017.png,pituitary
near,6,/kaggle/input/datasets/denizkavi1/brain-tumor/3/1014.png,pituitary,/kaggle/input/datasets/denizkavi1/brain-tumor/3/978.png,pituitary
near,4,/kaggle/input/datasets/denizkavi1/brain-tumor/3/1014.png,pituitary,/kaggle/input/datasets/denizkavi1/brain-tumor/3/982.png,pituitary
near,5,/kaggle/input/datasets/denizkavi1/brain-tumor/3/1015.png,pituitary,/kaggle/input/datasets/denizkavi1/brain-tumor/3/1048.png,pituitary
near,5,/kaggle/input/datasets/denizkavi1/brain-tumor/3/1015.png,pituitary,/kaggle/input/datasets/denizkavi1/brain-tumor/3/1082.png,pituitary
near,5,/kaggle/input/datasets/denizkavi1/brain-tumor/3/1015.png,pituitary,/kaggle/input/datasets/denizkavi1/brain-tumor/3/1821.png,pituitary
near,6,/kaggle/input/datasets/denizkavi1/brain-tumor/3/1015.png,pituitary,/kaggle/input/datasets/denizkavi1/brain-tumor/3/991.png,pituitary
near,3,/kaggle/input/datasets/denizkavi1/brain-tumor/3/1015.png,pituitary,/kaggle/input/datasets/denizkavi1/brain-tumor/3/999.png,pituitary
near,6,/kaggle/input/datasets/denizkavi1/brain-tumor/3/1016.png,pituitary,/kaggle/input/datasets/denizkavi1/brain-tumor/3/1017.png,pituitary
near,2,/kaggle/input/datasets/denizkavi1/brain-tumor/3/1016.png,pituitary,/kaggle/input/datasets/denizkavi1/brain-tumor/3/982.png,pituitary
near,4,/kaggle/input/datasets/denizkavi1/brain-tumor/3/1017.png,pituitary,/kaggle/input/datasets/denizkavi1/brain-tumor/3/982.png,pituitary
near,6,/kaggle/input/datasets/denizkavi1/brain-tumor/3/1017.png,pituitary,/kaggle/input/datasets/denizkavi1/brain-tumor/3/985.png,pituitary
near,3,/kaggle/input/datasets/denizkavi1/brain-tumor/3/1018.png,pituitary,/kaggle/input/datasets/denizkavi1/brain-tumor/3/997.png,pituitary
near,5,/kaggle/input/datasets/denizkavi1/brain-tumor/3/1019.png,pituitary,/kaggle/input/datasets/denizkavi1/brain-tumor/3/1020.png,pituitary
near,2,/kaggle/input/datasets/denizkavi1/brain-tumor/3/1019.png,pituitary,/kaggle/input/datasets/denizkavi1/brain-tumor/3/1031.png,pituitary
near,4,/kaggle/input/datasets/denizkavi1/brain-tumor/3/1019.png,pituitary,/kaggle/input/datasets/denizkavi1/brain-tumor/3/1035.png,pituitary
near,4,/kaggle/input/datasets/denizkavi1/brain-tumor/3/1019.png,pituitary,/kaggle/input/datasets/denizkavi1/brain-tumor/3/1049.png,pituitary
near,5,/kaggle/input/datasets/denizkavi1/brain-tumor/3/1020.png,pituitary,/kaggle/input/datasets/denizkavi1/brain-tumor/3/1031.png,pituitary
near,6,/kaggle/input/datasets/denizkavi1/brain-tumor/3/1020.png,pituitary,/kaggle/input/datasets/denizkavi1/brain-tumor/3/1053.png,pituitary
near,6,/kaggle/input/datasets/denizkavi1/brain-tumor/3/1020.png,pituitary,/kaggle/input/datasets/denizkavi1/brain-tumor/3/1064.png,pituitary
near,6,/kaggle/input/datasets/denizkavi1/brain-tumor/3/1020.png,pituitary,/kaggle/input/datasets/denizkavi1/brain-tumor/3/1390.png,pituitary
near,6,/kaggle/input/datasets/denizkavi1/brain-tumor/3/1020.png,pituitary,/kaggle/input/datasets/denizkavi1/brain-tumor/3/1804.png,pituitary
near,6,/kaggle/input/datasets/denizkavi1/brain-tumor/3/1020.png,pituitary,/kaggle/input/datasets/denizkavi1/brain-tumor/3/1817.png,pituitary
near,6,/kaggle/input/datasets/denizkavi1/brain-tumor/3/1020.png,pituitary,/kaggle/input/datasets/denizkavi1/brain-tumor/3/2258.png,pituitary
near,6,/kaggle/input/datasets/denizkavi1/brain-tumor/3/1020.png,pituitary,/kaggle/input/datasets/denizkavi1/brain-tumor/3/955.png,pituitary
near,6,/kaggle/input/datasets/denizkavi1/brain-tumor/3/1020.png,pituitary,/kaggle/input/datasets/denizkavi1/brain-tumor/3/981.png,pituitary
near,5,/kaggle/input/datasets/denizkavi1/brain-tumor/3/1021.png,pituitary,/kaggle/input/datasets/denizkavi1/brain-tumor/3/1030.png,pituitary
near,5,/kaggle/input/datasets/denizkavi1/brain-tumor/3/1021.png,pituitary,/kaggle/input/datasets/denizkavi1/brain-tumor/3/1039.png,pituitary
near,2,/kaggle/input/datasets/denizkavi1/brain-tumor/3/1022.png,pituitary,/kaggle/input/datasets/denizkavi1/brain-tumor/3/1023.png,pituitary
near,4,/kaggle/input/datasets/denizkavi1/brain-tumor/3/1022.png,pituitary,/kaggle/input/datasets/denizkavi1/brain-tumor/3/1024.png,pituitary
near,5,/kaggle/input/datasets/denizkavi1/brain-tumor/3/1022.png,pituitary,/kaggle/input/datasets/denizkavi1/brain-tumor/3/1027.png,pituitary
near,4,/kaggle/input/datasets/denizkavi1/brain-tumor/3/1023.png,pituitary,/kaggle/input/datasets/denizkavi1/brain-tumor/3/1024.png,pituitary
near,5,/kaggle/input/datasets/denizkavi1/brain-tumor/3/1023.png,pituitary,/kaggle/input/datasets/denizkavi1/brain-tumor/3/1027.png,pituitary
near,3,/kaggle/input/datasets/denizkavi1/brain-tumor/3/1024.png,pituitary,/kaggle/input/datasets/denizkavi1/brain-tumor/3/1027.png,pituitary
near,4,/kaggle/input/datasets/denizkavi1/brain-tumor/3/1025.png,pituitary,/kaggle/input/datasets/denizkavi1/brain-tumor/3/1029.png,pituitary
near,6,/kaggle/input/datasets/denizkavi1/brain-tumor/3/1026.png,pituitary,/kaggle/input/datasets/denizkavi1/brain-tumor/3/1050.png,pituitary
near,3,/kaggle/input/datasets/denizkavi1/brain-tumor/3/1028.png,pituitary,/kaggle/input/datasets/denizkavi1/brain-tumor/3/1032.png,pituitary
near,5,/kaggle/input/datasets/denizkavi1/brain-tumor/3/1028.png,pituitary,/kaggle/input/datasets/denizkavi1/brain-tumor/3/1045.png,pituitary
near,3,/kaggle/input/datasets/denizkavi1/brain-tumor/3/1028.png,pituitary,/kaggle/input/datasets/denizkavi1/brain-tumor/3/1051.png,pituitary
near,6,/kaggle/input/datasets/denizkavi1/brain-tumor/3/1030.png,pituitary,/kaggle/input/datasets/denizkavi1/brain-tumor/3/1039.png,pituitary
near,5,/kaggle/input/datasets/denizkavi1/brain-tumor/3/1030.png,pituitary,/kaggle/input/datasets/denizkavi1/brain-tumor/3/1042.png,pituitary
near,2,/kaggle/input/datasets/denizkavi1/brain-tumor/3/1031.png,pituitary,/kaggle/input/datasets/denizkavi1/brain-tumor/3/1035.png,pituitary
near,5,/kaggle/input/datasets/denizkavi1/brain-tumor/3/1031.png,pituitary,/kaggle/input/datasets/denizkavi1/brain-tumor/3/1040.png,pituitary
near,6,/kaggle/input/datasets/denizkavi1/brain-tumor/3/1031.png,pituitary,/kaggle/input/datasets/denizkavi1/brain-tumor/3/1049.png,pituitary
near,4,/kaggle/input/datasets/denizkavi1/brain-tumor/3/1032.png,pituitary,/kaggle/input/datasets/denizkavi1/brain-tumor/3/1045.png,pituitary
near,6,/kaggle/input/datasets/denizkavi1/brain-tumor/3/1032.png,pituitary,/kaggle/input/datasets/denizkavi1/brain-tumor/3/1050.png,pituitary
near,2,/kaggle/input/datasets/denizkavi1/brain-tumor/3/1032.png,pituitary,/kaggle/input/datasets/denizkavi1/brain-tumor/3/1051.png,pituitary
near,2,/kaggle/input/datasets/denizkavi1/brain-tumor/3/1033.png,pituitary,/kaggle/input/datasets/denizkavi1/brain-tumor/3/1048.png,pituitary
near,6,/kaggle/input/datasets/denizkavi1/brain-tumor/3/1033.png,pituitary,/kaggle/input/datasets/denizkavi1/brain-tumor/3/2259.png,pituitary
near,6,/kaggle/input/datasets/denizkavi1/brain-tumor/3/1033.png,pituitary,/kaggle/input/datasets/denizkavi1/brain-tumor/3/999.png,pituitary
near,6,/kaggle/input/datasets/denizkavi1/brain-tumor/3/1035.png,pituitary,/kaggle/input/datasets/denizkavi1/brain-tumor/3/1049.png,pituitary
near,6,/kaggle/input/datasets/denizkavi1/brain-tumor/3/1036.png,pituitary,/kaggle/input/datasets/denizkavi1/brain-tumor/3/1048.png,pituitary
near,6,/kaggle/input/datasets/denizkavi1/brain-tumor/3/1036.png,pituitary,/kaggle/input/datasets/denizkavi1/brain-tumor/3/1433.png,pituitary
near,6,/kaggle/input/datasets/denizkavi1/brain-tumor/3/1036.png,pituitary,/kaggle/input/datasets/denizkavi1/brain-tumor/3/1438.png,pituitary
near,6,/kaggle/input/datasets/denizkavi1/brain-tumor/3/1036.png,pituitary,/kaggle/input/datasets/denizkavi1/brain-tumor/3/2298.png,pituitary
near,5,/kaggle/input/datasets/denizkavi1/brain-tumor/3/1036.png,pituitary,/kaggle/input/datasets/denizkavi1/brain-tumor/3/980.png,pituitary
near,3,/kaggle/input/datasets/denizkavi1/brain-tumor/3/1036.png,pituitary,/kaggle/input/datasets/denizkavi1/brain-tumor/3/986.png,pituitary
near,4,/kaggle/input/datasets/denizkavi1/brain-tumor/3/1036.png,pituitary,/kaggle/input/datasets/denizkavi1/brain-tumor/3/999.png,pituitary
near,5,/kaggle/input/datasets/denizkavi1/brain-tumor/3/1037.png,pituitary,/kaggle/input/datasets/denizkavi1/brain-tumor/3/1048.png,pituitary
near,2,/kaggle/input/datasets/denizkavi1/brain-tumor/3/1038.png,pituitary,/kaggle/input/datasets/denizkavi1/brain-tumor/3/1041.png,pituitary
near,6,/kaggle/input/datasets/denizkavi1/brain-tumor/3/1044.png,pituitary,/kaggle/input/datasets/denizkavi1/brain-tumor/3/1054.png,pituitary
near,4,/kaggle/input/datasets/denizkavi1/brain-tumor/3/1044.png,pituitary,/kaggle/input/datasets/denizkavi1/brain-tumor/3/1058.png,pituitary
near,6,/kaggle/input/datasets/denizkavi1/brain-tumor/3/1044.png,pituitary,/kaggle/input/datasets/denizkavi1/brain-tumor/3/1789.png,pituitary
near,6,/kaggle/input/datasets/denizkavi1/brain-tumor/3/1044.png,pituitary,/kaggle/input/datasets/denizkavi1/brain-tumor/3/2259.png,pituitary
near,4,/kaggle/input/datasets/denizkavi1/brain-tumor/3/1045.png,pituitary,/kaggle/input/datasets/denizkavi1/brain-tumor/3/1051.png,pituitary
near,6,/kaggle/input/datasets/denizkavi1/brain-tumor/3/1048.png,pituitary,/kaggle/input/datasets/denizkavi1/brain-tumor/3/1082.png,pituitary
near,6,/kaggle/input/datasets/denizkavi1/brain-tumor/3/1048.png,pituitary,/kaggle/input/datasets/denizkavi1/brain-tumor/3/1433.png,pituitary
near,6,/kaggle/input/datasets/denizkavi1/brain-tumor/3/1048.png,pituitary,/kaggle/input/datasets/denizkavi1/brain-tumor/3/1438.png,pituitary
near,6,/kaggle/input/datasets/denizkavi1/brain-tumor/3/1048.png,pituitary,/kaggle/input/datasets/denizkavi1/brain-tumor/3/1789.png,pituitary
near,6,/kaggle/input/datasets/denizkavi1/brain-tumor/3/1048.png,pituitary,/kaggle/input/datasets/denizkavi1/brain-tumor/3/1808.png,pituitary
near,6,/kaggle/input/datasets/denizkavi1/brain-tumor/3/1048.png,pituitary,/kaggle/input/datasets/denizkavi1/brain-tumor/3/1821.png,pituitary
near,6,/kaggle/input/datasets/denizkavi1/brain-tumor/3/1048.png,pituitary,/kaggle/input/datasets/denizkavi1/brain-tumor/3/2257.png,pituitary
near,4,/kaggle/input/datasets/denizkavi1/brain-tumor/3/1048.png,pituitary,/kaggle/input/datasets/denizkavi1/brain-tumor/3/2259.png,pituitary
near,6,/kaggle/input/datasets/denizkavi1/brain-tumor/3/1048.png,pituitary,/kaggle/input/datasets/denizkavi1/brain-tumor/3/2260.png,pituitary
near,6,/kaggle/input/datasets/denizkavi1/brain-tumor/3/1048.png,pituitary,/kaggle/input/datasets/denizkavi1/brain-tumor/3/2265.png,pituitary
near,6,/kaggle/input/datasets/denizkavi1/brain-tumor/3/1048.png,pituitary,/kaggle/input/datasets/denizkavi1/brain-tumor/3/2298.png,pituitary
near,4,/kaggle/input/datasets/denizkavi1/brain-tumor/3/1048.png,pituitary,/kaggle/input/datasets/denizkavi1/brain-tumor/3/999.png,pituitary
near,4,/kaggle/input/datasets/denizkavi1/brain-tumor/3/1050.png,pituitary,/kaggle/input/datasets/denizkavi1/brain-tumor/3/1051.png,pituitary
near,5,/kaggle/input/datasets/denizkavi1/brain-tumor/3/1052.png,pituitary,/kaggle/input/datasets/denizkavi1/brain-tumor/3/1082.png,pituitary
near,6,/kaggle/input/datasets/denizkavi1/brain-tumor/3/1052.png,pituitary,/kaggle/input/datasets/denizkavi1/brain-tumor/3/979.png,pituitary
near,6,/kaggle/input/datasets/denizkavi1/brain-tumor/3/1052.png,pituitary,/kaggle/input/datasets/denizkavi1/brain-tumor/3/991.png,pituitary
near,6,/kaggle/input/datasets/denizkavi1/brain-tumor/3/1053.png,pituitary,/kaggle/input/datasets/denizkavi1/brain-tumor/3/1058.png,pituitary
near,4,/kaggle/input/datasets/denizkavi1/brain-tumor/3/1053.png,pituitary,/kaggle/input/datasets/denizkavi1/brain-tumor/3/1064.png,pituitary
near,6,/kaggle/input/datasets/denizkavi1/brain-tumor/3/1054.png,pituitary,/kaggle/input/datasets/denizkavi1/brain-tumor/3/1055.png,pituitary
near,6,/kaggle/input/datasets/denizkavi1/brain-tumor/3/1054.png,pituitary,/kaggle/input/datasets/denizkavi1/brain-tumor/3/1433.png,pituitary
near,6,/kaggle/input/datasets/denizkavi1/brain-tumor/3/1054.png,pituitary,/kaggle/input/datasets/denizkavi1/brain-tumor/3/2259.png,pituitary
near,5,/kaggle/input/datasets/denizkavi1/brain-tumor/3/1056.png,pituitary,/kaggle/input/datasets/denizkavi1/brain-tumor/3/1059.png,pituitary
near,6,/kaggle/input/datasets/denizkavi1/brain-tumor/3/1057.png,pituitary,/kaggle/input/datasets/denizkavi1/brain-tumor/3/1063.png,pituitary
near,4,/kaggle/input/datasets/denizkavi1/brain-tumor/3/1057.png,pituitary,/kaggle/input/datasets/denizkavi1/brain-tumor/3/1068.png,pituitary
near,6,/kaggle/input/datasets/denizkavi1/brain-tumor/3/1058.png,pituitary,/kaggle/input/datasets/denizkavi1/brain-tumor/3/1062.png,pituitary
near,4,/kaggle/input/datasets/denizkavi1/brain-tumor/3/1058.png,pituitary,/kaggle/input/datasets/denizkavi1/brain-tumor/3/1064.png,pituitary
near,6,/kaggle/input/datasets/denizkavi1/brain-tumor/3/1058.png,pituitary,/kaggle/input/datasets/denizkavi1/brain-tumor/3/1070.png,pituitary
near,5,/kaggle/input/datasets/denizkavi1/brain-tumor/3/1058.png,pituitary,/kaggle/input/datasets/denizkavi1/brain-tumor/3/979.png,pituitary
near,5,/kaggle/input/datasets/denizkavi1/brain-tumor/3/1058.png,pituitary,/kaggle/input/datasets/denizkavi1/brain-tumor/3/991.png,pituitary
near,4,/kaggle/input/datasets/denizkavi1/brain-tumor/3/1059.png,pituitary,/kaggle/input/datasets/denizkavi1/brain-tumor/3/1062.png,pituitary
near,6,/kaggle/input/datasets/denizkavi1/brain-tumor/3/1059.png,pituitary,/kaggle/input/datasets/denizkavi1/brain-tumor/3/995.png,pituitary
near,6,/kaggle/input/datasets/denizkavi1/brain-tumor/3/1060.png,pituitary,/kaggle/input/datasets/denizkavi1/brain-tumor/3/1072.png,pituitary
near,4,/kaggle/input/datasets/denizkavi1/brain-tumor/3/1061.png,pituitary,/kaggle/input/datasets/denizkavi1/brain-tumor/3/1071.png,pituitary
near,4,/kaggle/input/datasets/denizkavi1/brain-tumor/3/1061.png,pituitary,/kaggle/input/datasets/denizkavi1/brain-tumor/3/1082.png,pituitary
near,4,/kaggle/input/datasets/denizkavi1/brain-tumor/3/1061.png,pituitary,/kaggle/input/datasets/denizkavi1/brain-tumor/3/1390.png,pituitary
near,4,/kaggle/input/datasets/denizkavi1/brain-tumor/3/1063.png,pituitary,/kaggle/input/datasets/denizkavi1/brain-tumor/3/1066.png,pituitary
near,4,/kaggle/input/datasets/denizkavi1/brain-tumor/3/1063.png,pituitary,/kaggle/input/datasets/denizkavi1/brain-tumor/3/1069.png,pituitary
near,5,/kaggle/input/datasets/denizkavi1/brain-tumor/3/1064.png,pituitary,/kaggle/input/datasets/denizkavi1/brain-tumor/3/979.png,pituitary
near,5,/kaggle/input/datasets/denizkavi1/brain-tumor/3/1064.png,pituitary,/kaggle/input/datasets/denizkavi1/brain-tumor/3/991.png,pituitary
near,6,/kaggle/input/datasets/denizkavi1/brain-tumor/3/1067.png,pituitary,/kaggle/input/datasets/denizkavi1/brain-tumor/3/1070.png,pituitary
near,6,/kaggle/input/datasets/denizkavi1/brain-tumor/3/1067.png,pituitary,/kaggle/input/datasets/denizkavi1/brain-tumor/3/1808.png,pituitary
near,6,/kaggle/input/datasets/denizkavi1/brain-tumor/3/1070.png,pituitary,/kaggle/input/datasets/denizkavi1/brain-tumor/3/1808.png,pituitary
near,6,/kaggle/input/datasets/denizkavi1/brain-tumor/3/1071.png,pituitary,/kaggle/input/datasets/denizkavi1/brain-tumor/3/1082.png,pituitary
near,6,/kaggle/input/datasets/denizkavi1/brain-tumor/3/1071.png,pituitary,/kaggle/input/datasets/denizkavi1/brain-tumor/3/955.png,pituitary
near,5,/kaggle/input/datasets/denizkavi1/brain-tumor/3/1072.png,pituitary,/kaggle/input/datasets/denizkavi1/brain-tumor/3/1081.png,pituitary
near,4,/kaggle/input/datasets/denizkavi1/brain-tumor/3/1082.png,pituitary,/kaggle/input/datasets/denizkavi1/brain-tumor/3/1390.png,pituitary
near,6,/kaggle/input/datasets/denizkavi1/brain-tumor/3/1082.png,pituitary,/kaggle/input/datasets/denizkavi1/brain-tumor/3/1433.png,pituitary
near,6,/kaggle/input/datasets/denizkavi1/brain-tumor/3/1082.png,pituitary,/kaggle/input/datasets/denizkavi1/brain-tumor/3/1438.png,pituitary
near,6,/kaggle/input/datasets/denizkavi1/brain-tumor/3/1082.png,pituitary,/kaggle/input/datasets/denizkavi1/brain-tumor/3/1789.png,pituitary
near,6,/kaggle/input/datasets/denizkavi1/brain-tumor/3/1082.png,pituitary,/kaggle/input/datasets/denizkavi1/brain-tumor/3/1806.png,pituitary
near,6,/kaggle/input/datasets/denizkavi1/brain-tumor/3/1082.png,pituitary,/kaggle/input/datasets/denizkavi1/brain-tumor/3/1821.png,pituitary
near,6,/kaggle/input/datasets/denizkavi1/brain-tumor/3/1082.png,pituitary,/kaggle/input/datasets/denizkavi1/brain-tumor/3/2298.png,pituitary
near,6,/kaggle/input/datasets/denizkavi1/brain-tumor/3/1082.png,pituitary,/kaggle/input/datasets/denizkavi1/brain-tumor/3/961.png,pituitary
near,6,/kaggle/input/datasets/denizkavi1/brain-tumor/3/1082.png,pituitary,/kaggle/input/datasets/denizkavi1/brain-tumor/3/976.png,pituitary
near,6,/kaggle/input/datasets/denizkavi1/brain-tumor/3/1082.png,pituitary,/kaggle/input/datasets/denizkavi1/brain-tumor/3/999.png,pituitary
near,6,/kaggle/input/datasets/denizkavi1/brain-tumor/3/1380.png,pituitary,/kaggle/input/datasets/denizkavi1/brain-tumor/3/2296.png,pituitary
near,4,/kaggle/input/datasets/denizkavi1/brain-tumor/3/1381.png,pituitary,/kaggle/input/datasets/denizkavi1/brain-tumor/3/1386.png,pituitary
near,6,/kaggle/input/datasets/denizkavi1/brain-tumor/3/1382.png,pituitary,/kaggle/input/datasets/denizkavi1/brain-tumor/3/2286.png,pituitary
near,6,/kaggle/input/datasets/denizkavi1/brain-tumor/3/1382.png,pituitary,/kaggle/input/datasets/denizkavi1/brain-tumor/3/2291.png,pituitary
near,5,/kaggle/input/datasets/denizkavi1/brain-tumor/3/1384.png,pituitary,/kaggle/input/datasets/denizkavi1/brain-tumor/3/1385.png,pituitary
near,5,/kaggle/input/datasets/denizkavi1/brain-tumor/3/1384.png,pituitary,/kaggle/input/datasets/denizkavi1/brain-tumor/3/2289.png,pituitary
near,5,/kaggle/input/datasets/denizkavi1/brain-tumor/3/1385.png,pituitary,/kaggle/input/datasets/denizkavi1/brain-tumor/3/2293.png,pituitary
near,4,/kaggle/input/datasets/denizkavi1/brain-tumor/3/1386.png,pituitary,/kaggle/input/datasets/denizkavi1/brain-tumor/3/1389.png,pituitary
near,6,/kaggle/input/datasets/denizkavi1/brain-tumor/3/1387.png,pituitary,/kaggle/input/datasets/denizkavi1/brain-tumor/3/2299.png,pituitary
near,6,/kaggle/input/datasets/denizkavi1/brain-tumor/3/1388.png,pituitary,/kaggle/input/datasets/denizkavi1/brain-tumor/3/2256.png,pituitary
near,5,/kaggle/input/datasets/denizkavi1/brain-tumor/3/1389.png,pituitary,/kaggle/input/datasets/denizkavi1/brain-tumor/3/1392.png,pituitary
near,6,/kaggle/input/datasets/denizkavi1/brain-tumor/3/1390.png,pituitary,/kaggle/input/datasets/denizkavi1/brain-tumor/3/1806.png,pituitary
near,5,/kaggle/input/datasets/denizkavi1/brain-tumor/3/1390.png,pituitary,/kaggle/input/datasets/denizkavi1/brain-tumor/3/2288.png,pituitary
near,6,/kaggle/input/datasets/denizkavi1/brain-tumor/3/1390.png,pituitary,/kaggle/input/datasets/denizkavi1/brain-tumor/3/2298.png,pituitary
near,6,/kaggle/input/datasets/denizkavi1/brain-tumor/3/1390.png,pituitary,/kaggle/input/datasets/denizkavi1/brain-tumor/3/955.png,pituitary
near,6,/kaggle/input/datasets/denizkavi1/brain-tumor/3/1390.png,pituitary,/kaggle/input/datasets/denizkavi1/brain-tumor/3/961.png,pituitary
near,5,/kaggle/input/datasets/denizkavi1/brain-tumor/3/1391.png,pituitary,/kaggle/input/datasets/denizkavi1/brain-tumor/3/2291.png,pituitary
near,4,/kaggle/input/datasets/denizkavi1/brain-tumor/3/1391.png,pituitary,/kaggle/input/datasets/denizkavi1/brain-tumor/3/2292.png,pituitary
near,5,/kaggle/input/datasets/denizkavi1/brain-tumor/3/1393.png,pituitary,/kaggle/input/datasets/denizkavi1/brain-tumor/3/1397.png,pituitary
near,3,/kaggle/input/datasets/denizkavi1/brain-tumor/3/1393.png,pituitary,/kaggle/input/datasets/denizkavi1/brain-tumor/3/1406.png,pituitary
near,3,/kaggle/input/datasets/denizkavi1/brain-tumor/3/1394.png,pituitary,/kaggle/input/datasets/denizkavi1/brain-tumor/3/1396.png,pituitary
near,5,/kaggle/input/datasets/denizkavi1/brain-tumor/3/1395.png,pituitary,/kaggle/input/datasets/denizkavi1/brain-tumor/3/1400.png,pituitary
near,6,/kaggle/input/datasets/denizkavi1/brain-tumor/3/1396.png,pituitary,/kaggle/input/datasets/denizkavi1/brain-tumor/3/1398.png,pituitary
near,2,/kaggle/input/datasets/denizkavi1/brain-tumor/3/1397.png,pituitary,/kaggle/input/datasets/denizkavi1/brain-tumor/3/1406.png,pituitary
near,6,/kaggle/input/datasets/denizkavi1/brain-tumor/3/1398.png,pituitary,/kaggle/input/datasets/denizkavi1/brain-tumor/3/1409.png,pituitary
near,6,/kaggle/input/datasets/denizkavi1/brain-tumor/3/1400.png,pituitary,/kaggle/input/datasets/denizkavi1/brain-tumor/3/1401.png,pituitary
near,4,/kaggle/input/datasets/denizkavi1/brain-tumor/3/1402.png,pituitary,/kaggle/input/datasets/denizkavi1/brain-tumor/3/1404.png,pituitary
near,2,/kaggle/input/datasets/denizkavi1/brain-tumor/3/1403.png,pituitary,/kaggle/input/datasets/denizkavi1/brain-tumor/3/1409.png,pituitary
near,5,/kaggle/input/datasets/denizkavi1/brain-tumor/3/1404.png,pituitary,/kaggle/input/datasets/denizkavi1/brain-tumor/3/1410.png,pituitary
near,6,/kaggle/input/datasets/denizkavi1/brain-tumor/3/1405.png,pituitary,/kaggle/input/datasets/denizkavi1/brain-tumor/3/1412.png,pituitary
near,4,/kaggle/input/datasets/denizkavi1/brain-tumor/3/1405.png,pituitary,/kaggle/input/datasets/denizkavi1/brain-tumor/3/1423.png,pituitary
near,6,/kaggle/input/datasets/denizkavi1/brain-tumor/3/1405.png,pituitary,/kaggle/input/datasets/denizkavi1/brain-tumor/3/1428.png,pituitary
near,5,/kaggle/input/datasets/denizkavi1/brain-tumor/3/1406.png,pituitary,/kaggle/input/datasets/denizkavi1/brain-tumor/3/1422.png,pituitary
near,6,/kaggle/input/datasets/denizkavi1/brain-tumor/3/1408.png,pituitary,/kaggle/input/datasets/denizkavi1/brain-tumor/3/1410.png,pituitary
near,5,/kaggle/input/datasets/denizkavi1/brain-tumor/3/1411.png,pituitary,/kaggle/input/datasets/denizkavi1/brain-tumor/3/1423.png,pituitary
near,5,/kaggle/input/datasets/denizkavi1/brain-tumor/3/1411.png,pituitary,/kaggle/input/datasets/denizkavi1/brain-tumor/3/1428.png,pituitary
near,6,/kaggle/input/datasets/denizkavi1/brain-tumor/3/1412.png,pituitary,/kaggle/input/datasets/denizkavi1/brain-tumor/3/1819.png,pituitary
near,2,/kaggle/input/datasets/denizkavi1/brain-tumor/3/1414.png,pituitary,/kaggle/input/datasets/denizkavi1/brain-tumor/3/1420.png,pituitary
near,2,/kaggle/input/datasets/denizkavi1/brain-tumor/3/1414.png,pituitary,/kaggle/input/datasets/denizkavi1/brain-tumor/3/1430.png,pituitary
near,4,/kaggle/input/datasets/denizkavi1/brain-tumor/3/1414.png,pituitary,/kaggle/input/datasets/denizkavi1/brain-tumor/3/1431.png,pituitary
near,4,/kaggle/input/datasets/denizkavi1/brain-tumor/3/1415.png,pituitary,/kaggle/input/datasets/denizkavi1/brain-tumor/3/1422.png,pituitary
near,6,/kaggle/input/datasets/denizkavi1/brain-tumor/3/1415.png,pituitary,/kaggle/input/datasets/denizkavi1/brain-tumor/3/2296.png,pituitary
near,6,/kaggle/input/datasets/denizkavi1/brain-tumor/3/1416.png,pituitary,/kaggle/input/datasets/denizkavi1/brain-tumor/3/1417.png,pituitary
near,4,/kaggle/input/datasets/denizkavi1/brain-tumor/3/1417.png,pituitary,/kaggle/input/datasets/denizkavi1/brain-tumor/3/1424.png,pituitary
near,5,/kaggle/input/datasets/denizkavi1/brain-tumor/3/1417.png,pituitary,/kaggle/input/datasets/denizkavi1/brain-tumor/3/1425.png,pituitary
near,5,/kaggle/input/datasets/denizkavi1/brain-tumor/3/1419.png,pituitary,/kaggle/input/datasets/denizkavi1/brain-tumor/3/1426.png,pituitary
near,4,/kaggle/input/datasets/denizkavi1/brain-tumor/3/1420.png,pituitary,/kaggle/input/datasets/denizkavi1/brain-tumor/3/1431.png,pituitary
near,6,/kaggle/input/datasets/denizkavi1/brain-tumor/3/1421.png,pituitary,/kaggle/input/datasets/denizkavi1/brain-tumor/3/1427.png,pituitary
near,6,/kaggle/input/datasets/denizkavi1/brain-tumor/3/1421.png,pituitary,/kaggle/input/datasets/denizkavi1/brain-tumor/3/1454.png,pituitary
near,6,/kaggle/input/datasets/denizkavi1/brain-tumor/3/1421.png,pituitary,/kaggle/input/datasets/denizkavi1/brain-tumor/3/1795.png,pituitary
near,5,/kaggle/input/datasets/denizkavi1/brain-tumor/3/1421.png,pituitary,/kaggle/input/datasets/denizkavi1/brain-tumor/3/1823.png,pituitary
near,5,/kaggle/input/datasets/denizkavi1/brain-tumor/3/1421.png,pituitary,/kaggle/input/datasets/denizkavi1/brain-tumor/3/979.png,pituitary
near,4,/kaggle/input/datasets/denizkavi1/brain-tumor/3/1422.png,pituitary,/kaggle/input/datasets/denizkavi1/brain-tumor/3/1429.png,pituitary
near,6,/kaggle/input/datasets/denizkavi1/brain-tumor/3/1423.png,pituitary,/kaggle/input/datasets/denizkavi1/brain-tumor/3/1428.png,pituitary
near,2,/kaggle/input/datasets/denizkavi1/brain-tumor/3/1427.png,pituitary,/kaggle/input/datasets/denizkavi1/brain-tumor/3/1454.png,pituitary
near,4,/kaggle/input/datasets/denizkavi1/brain-tumor/3/1430.png,pituitary,/kaggle/input/datasets/denizkavi1/brain-tumor/3/1431.png,pituitary
near,4,/kaggle/input/datasets/denizkavi1/brain-tumor/3/1433.png,pituitary,/kaggle/input/datasets/denizkavi1/brain-tumor/3/1438.png,pituitary
near,4,/kaggle/input/datasets/denizkavi1/brain-tumor/3/1433.png,pituitary,/kaggle/input/datasets/denizkavi1/brain-tumor/3/1808.png,pituitary
near,6,/kaggle/input/datasets/denizkavi1/brain-tumor/3/1433.png,pituitary,/kaggle/input/datasets/denizkavi1/brain-tumor/3/2259.png,pituitary
near,6,/kaggle/input/datasets/denizkavi1/brain-tumor/3/1433.png,pituitary,/kaggle/input/datasets/denizkavi1/brain-tumor/3/2265.png,pituitary
near,6,/kaggle/input/datasets/denizkavi1/brain-tumor/3/1433.png,pituitary,/kaggle/input/datasets/denizkavi1/brain-tumor/3/2281.png,pituitary
near,6,/kaggle/input/datasets/denizkavi1/brain-tumor/3/1433.png,pituitary,/kaggle/input/datasets/denizkavi1/brain-tumor/3/976.png,pituitary
near,5,/kaggle/input/datasets/denizkavi1/brain-tumor/3/1433.png,pituitary,/kaggle/input/datasets/denizkavi1/brain-tumor/3/980.png,pituitary
near,5,/kaggle/input/datasets/denizkavi1/brain-tumor/3/1433.png,pituitary,/kaggle/input/datasets/denizkavi1/brain-tumor/3/986.png,pituitary
near,5,/kaggle/input/datasets/denizkavi1/brain-tumor/3/1434.png,pituitary,/kaggle/input/datasets/denizkavi1/brain-tumor/3/1450.png,pituitary
near,4,/kaggle/input/datasets/denizkavi1/brain-tumor/3/1436.png,pituitary,/kaggle/input/datasets/denizkavi1/brain-tumor/3/1437.png,pituitary
near,2,/kaggle/input/datasets/denizkavi1/brain-tumor/3/1436.png,pituitary,/kaggle/input/datasets/denizkavi1/brain-tumor/3/1441.png,pituitary
near,6,/kaggle/input/datasets/denizkavi1/brain-tumor/3/1437.png,pituitary,/kaggle/input/datasets/denizkavi1/brain-tumor/3/1441.png,pituitary
near,6,/kaggle/input/datasets/denizkavi1/brain-tumor/3/1438.png,pituitary,/kaggle/input/datasets/denizkavi1/brain-tumor/3/1451.png,pituitary
near,4,/kaggle/input/datasets/denizkavi1/brain-tumor/3/1438.png,pituitary,/kaggle/input/datasets/denizkavi1/brain-tumor/3/1463.png,pituitary
near,6,/kaggle/input/datasets/denizkavi1/brain-tumor/3/1438.png,pituitary,/kaggle/input/datasets/denizkavi1/brain-tumor/3/2259.png,pituitary
near,6,/kaggle/input/datasets/denizkavi1/brain-tumor/3/1438.png,pituitary,/kaggle/input/datasets/denizkavi1/brain-tumor/3/2265.png,pituitary
near,5,/kaggle/input/datasets/denizkavi1/brain-tumor/3/1438.png,pituitary,/kaggle/input/datasets/denizkavi1/brain-tumor/3/2283.png,pituitary
near,6,/kaggle/input/datasets/denizkavi1/brain-tumor/3/1438.png,pituitary,/kaggle/input/datasets/denizkavi1/brain-tumor/3/2298.png,pituitary
near,6,/kaggle/input/datasets/denizkavi1/brain-tumor/3/1438.png,pituitary,/kaggle/input/datasets/denizkavi1/brain-tumor/3/976.png,pituitary
near,5,/kaggle/input/datasets/denizkavi1/brain-tumor/3/1438.png,pituitary,/kaggle/input/datasets/denizkavi1/brain-tumor/3/980.png,pituitary
near,5,/kaggle/input/datasets/denizkavi1/brain-tumor/3/1438.png,pituitary,/kaggle/input/datasets/denizkavi1/brain-tumor/3/986.png,pituitary
near,6,/kaggle/input/datasets/denizkavi1/brain-tumor/3/1439.png,pituitary,/kaggle/input/datasets/denizkavi1/brain-tumor/3/1462.png,pituitary
near,6,/kaggle/input/datasets/denizkavi1/brain-tumor/3/1440.png,pituitary,/kaggle/input/datasets/denizkavi1/brain-tumor/3/1458.png,pituitary
near,4,/kaggle/input/datasets/denizkavi1/brain-tumor/3/1442.png,pituitary,/kaggle/input/datasets/denizkavi1/brain-tumor/3/1447.png,pituitary
near,4,/kaggle/input/datasets/denizkavi1/brain-tumor/3/1442.png,pituitary,/kaggle/input/datasets/denizkavi1/brain-tumor/3/1465.png,pituitary
near,2,/kaggle/input/datasets/denizkavi1/brain-tumor/3/1444.png,pituitary,/kaggle/input/datasets/denizkavi1/brain-tumor/3/1453.png,pituitary
near,6,/kaggle/input/datasets/denizkavi1/brain-tumor/3/1445.png,pituitary,/kaggle/input/datasets/denizkavi1/brain-tumor/3/1457.png,pituitary
near,2,/kaggle/input/datasets/denizkavi1/brain-tumor/3/1445.png,pituitary,/kaggle/input/datasets/denizkavi1/brain-tumor/3/1460.png,pituitary
near,5,/kaggle/input/datasets/denizkavi1/brain-tumor/3/1446.png,pituitary,/kaggle/input/datasets/denizkavi1/brain-tumor/3/1457.png,pituitary
near,4,/kaggle/input/datasets/denizkavi1/brain-tumor/3/1447.png,pituitary,/kaggle/input/datasets/denizkavi1/brain-tumor/3/1465.png,pituitary
near,5,/kaggle/input/datasets/denizkavi1/brain-tumor/3/1449.png,pituitary,/kaggle/input/datasets/denizkavi1/brain-tumor/3/1469.png,pituitary
near,6,/kaggle/input/datasets/denizkavi1/brain-tumor/3/1449.png,pituitary,/kaggle/input/datasets/denizkavi1/brain-tumor/3/1536.png,pituitary
near,6,/kaggle/input/datasets/denizkavi1/brain-tumor/3/1451.png,pituitary,/kaggle/input/datasets/denizkavi1/brain-tumor/3/1463.png,pituitary
near,6,/kaggle/input/datasets/denizkavi1/brain-tumor/3/1452.png,pituitary,/kaggle/input/datasets/denizkavi1/brain-tumor/3/1456.png,pituitary
near,6,/kaggle/input/datasets/denizkavi1/brain-tumor/3/1452.png,pituitary,/kaggle/input/datasets/denizkavi1/brain-tumor/3/1459.png,pituitary
near,5,/kaggle/input/datasets/denizkavi1/brain-tumor/3/1454.png,pituitary,/kaggle/input/datasets/denizkavi1/brain-tumor/3/979.png,pituitary
near,6,/kaggle/input/datasets/denizkavi1/brain-tumor/3/1455.png,pituitary,/kaggle/input/datasets/denizkavi1/brain-tumor/3/1459.png,pituitary
near,5,/kaggle/input/datasets/denizkavi1/brain-tumor/3/1456.png,pituitary,/kaggle/input/datasets/denizkavi1/brain-tumor/3/1464.png,pituitary
near,4,/kaggle/input/datasets/denizkavi1/brain-tumor/3/1457.png,pituitary,/kaggle/input/datasets/denizkavi1/brain-tumor/3/1460.png,pituitary
near,6,/kaggle/input/datasets/denizkavi1/brain-tumor/3/1466.png,pituitary,/kaggle/input/datasets/denizkavi1/brain-tumor/3/1574.png,pituitary
near,2,/kaggle/input/datasets/denizkavi1/brain-tumor/3/1468.png,pituitary,/kaggle/input/datasets/denizkavi1/brain-tumor/3/1469.png,pituitary
near,6,/kaggle/input/datasets/denizkavi1/brain-tumor/3/1471.png,pituitary,/kaggle/input/datasets/denizkavi1/brain-tumor/3/1472.png,pituitary
near,6,/kaggle/input/datasets/denizkavi1/brain-tumor/3/1472.png,pituitary,/kaggle/input/datasets/denizkavi1/brain-tumor/3/1556.png,pituitary
near,4,/kaggle/input/datasets/denizkavi1/brain-tumor/3/1477.png,pituitary,/kaggle/input/datasets/denizkavi1/brain-tumor/3/1483.png,pituitary
near,4,/kaggle/input/datasets/denizkavi1/brain-tumor/3/1478.png,pituitary,/kaggle/input/datasets/denizkavi1/brain-tumor/3/1481.png,pituitary
near,4,/kaggle/input/datasets/denizkavi1/brain-tumor/3/1484.png,pituitary,/kaggle/input/datasets/denizkavi1/brain-tumor/3/1486.png,pituitary
near,5,/kaggle/input/datasets/denizkavi1/brain-tumor/3/1485.png,pituitary,/kaggle/input/datasets/denizkavi1/brain-tumor/3/1487.png,pituitary
near,6,/kaggle/input/datasets/denizkavi1/brain-tumor/3/1485.png,pituitary,/kaggle/input/datasets/denizkavi1/brain-tumor/3/1488.png,pituitary
near,5,/kaggle/input/datasets/denizkavi1/brain-tumor/3/1485.png,pituitary,/kaggle/input/datasets/denizkavi1/brain-tumor/3/1489.png,pituitary
near,6,/kaggle/input/datasets/denizkavi1/brain-tumor/3/1487.png,pituitary,/kaggle/input/datasets/denizkavi1/brain-tumor/3/1489.png,pituitary
near,6,/kaggle/input/datasets/denizkavi1/brain-tumor/3/1490.png,pituitary,/kaggle/input/datasets/denizkavi1/brain-tumor/3/1492.png,pituitary
near,4,/kaggle/input/datasets/denizkavi1/brain-tumor/3/1494.png,pituitary,/kaggle/input/datasets/denizkavi1/brain-tumor/3/1497.png,pituitary
near,4,/kaggle/input/datasets/denizkavi1/brain-tumor/3/1495.png,pituitary,/kaggle/input/datasets/denizkavi1/brain-tumor/3/1499.png,pituitary
near,6,/kaggle/input/datasets/denizkavi1/brain-tumor/3/1496.png,pituitary,/kaggle/input/datasets/denizkavi1/brain-tumor/3/1498.png,pituitary
near,5,/kaggle/input/datasets/denizkavi1/brain-tumor/3/1496.png,pituitary,/kaggle/input/datasets/denizkavi1/brain-tumor/3/1501.png,pituitary
near,5,/kaggle/input/datasets/denizkavi1/brain-tumor/3/1502.png,pituitary,/kaggle/input/datasets/denizkavi1/brain-tumor/3/1503.png,pituitary
near,6,/kaggle/input/datasets/denizkavi1/brain-tumor/3/1508.png,pituitary,/kaggle/input/datasets/denizkavi1/brain-tumor/3/1529.png,pituitary
near,4,/kaggle/input/datasets/denizkavi1/brain-tumor/3/1509.png,pituitary,/kaggle/input/datasets/denizkavi1/brain-tumor/3/1513.png,pituitary
near,4,/kaggle/input/datasets/denizkavi1/brain-tumor/3/1509.png,pituitary,/kaggle/input/datasets/denizkavi1/brain-tumor/3/1527.png,pituitary
near,4,/kaggle/input/datasets/denizkavi1/brain-tumor/3/1513.png,pituitary,/kaggle/input/datasets/denizkavi1/brain-tumor/3/1527.png,pituitary
near,6,/kaggle/input/datasets/denizkavi1/brain-tumor/3/1513.png,pituitary,/kaggle/input/datasets/denizkavi1/brain-tumor/3/1655.png,pituitary
near,6,/kaggle/input/datasets/denizkavi1/brain-tumor/3/1513.png,pituitary,/kaggle/input/datasets/denizkavi1/brain-tumor/3/2035.png,pituitary
near,6,/kaggle/input/datasets/denizkavi1/brain-tumor/3/1513.png,pituitary,/kaggle/input/datasets/denizkavi1/brain-tumor/3/2221.png,pituitary
near,4,/kaggle/input/datasets/denizkavi1/brain-tumor/3/1522.png,pituitary,/kaggle/input/datasets/denizkavi1/brain-tumor/3/1575.png,pituitary
near,4,/kaggle/input/datasets/denizkavi1/brain-tumor/3/1523.png,pituitary,/kaggle/input/datasets/denizkavi1/brain-tumor/3/1532.png,pituitary
near,6,/kaggle/input/datasets/denizkavi1/brain-tumor/3/1523.png,pituitary,/kaggle/input/datasets/denizkavi1/brain-tumor/3/1537.png,pituitary
near,4,/kaggle/input/datasets/denizkavi1/brain-tumor/3/1526.png,pituitary,/kaggle/input/datasets/denizkavi1/brain-tumor/3/1528.png,pituitary
near,6,/kaggle/input/datasets/denizkavi1/brain-tumor/3/1527.png,pituitary,/kaggle/input/datasets/denizkavi1/brain-tumor/3/1655.png,pituitary
near,4,/kaggle/input/datasets/denizkavi1/brain-tumor/3/1530.png,pituitary,/kaggle/input/datasets/denizkavi1/brain-tumor/3/1536.png,pituitary
near,4,/kaggle/input/datasets/denizkavi1/brain-tumor/3/1538.png,pituitary,/kaggle/input/datasets/denizkavi1/brain-tumor/3/1543.png,pituitary
near,5,/kaggle/input/datasets/denizkavi1/brain-tumor/3/1540.png,pituitary,/kaggle/input/datasets/denizkavi1/brain-tumor/3/1575.png,pituitary
near,2,/kaggle/input/datasets/denizkavi1/brain-tumor/3/1544.png,pituitary,/kaggle/input/datasets/denizkavi1/brain-tumor/3/1548.png,pituitary
near,3,/kaggle/input/datasets/denizkavi1/brain-tumor/3/1544.png,pituitary,/kaggle/input/datasets/denizkavi1/brain-tumor/3/1572.png,pituitary
near,3,/kaggle/input/datasets/denizkavi1/brain-tumor/3/1544.png,pituitary,/kaggle/input/datasets/denizkavi1/brain-tumor/3/1579.png,pituitary
near,5,/kaggle/input/datasets/denizkavi1/brain-tumor/3/1544.png,pituitary,/kaggle/input/datasets/denizkavi1/brain-tumor/3/1584.png,pituitary
near,5,/kaggle/input/datasets/denizkavi1/brain-tumor/3/1546.png,pituitary,/kaggle/input/datasets/denizkavi1/brain-tumor/3/1563.png,pituitary
near,5,/kaggle/input/datasets/denizkavi1/brain-tumor/3/1546.png,pituitary,/kaggle/input/datasets/denizkavi1/brain-tumor/3/1566.png,pituitary
near,5,/kaggle/input/datasets/denizkavi1/brain-tumor/3/1547.png,pituitary,/kaggle/input/datasets/denizkavi1/brain-tumor/3/1577.png,pituitary
near,5,/kaggle/input/datasets/denizkavi1/brain-tumor/3/1548.png,pituitary,/kaggle/input/datasets/denizkavi1/brain-tumor/3/1572.png,pituitary
near,5,/kaggle/input/datasets/denizkavi1/brain-tumor/3/1548.png,pituitary,/kaggle/input/datasets/denizkavi1/brain-tumor/3/1579.png,pituitary
near,4,/kaggle/input/datasets/denizkavi1/brain-tumor/3/1549.png,pituitary,/kaggle/input/datasets/denizkavi1/brain-tumor/3/1565.png,pituitary
near,4,/kaggle/input/datasets/denizkavi1/brain-tumor/3/1550.png,pituitary,/kaggle/input/datasets/denizkavi1/brain-tumor/3/1571.png,pituitary
near,6,/kaggle/input/datasets/denizkavi1/brain-tumor/3/1550.png,pituitary,/kaggle/input/datasets/denizkavi1/brain-tumor/3/1584.png,pituitary
near,6,/kaggle/input/datasets/denizkavi1/brain-tumor/3/1551.png,pituitary,/kaggle/input/datasets/denizkavi1/brain-tumor/3/1578.png,pituitary
near,4,/kaggle/input/datasets/denizkavi1/brain-tumor/3/1553.png,pituitary,/kaggle/input/datasets/denizkavi1/brain-tumor/3/1557.png,pituitary
near,6,/kaggle/input/datasets/denizkavi1/brain-tumor/3/1554.png,pituitary,/kaggle/input/datasets/denizkavi1/brain-tumor/3/1574.png,pituitary
near,4,/kaggle/input/datasets/denizkavi1/brain-tumor/3/1557.png,pituitary,/kaggle/input/datasets/denizkavi1/brain-tumor/3/1561.png,pituitary
near,6,/kaggle/input/datasets/denizkavi1/brain-tumor/3/1558.png,pituitary,/kaggle/input/datasets/denizkavi1/brain-tumor/3/1578.png,pituitary
near,5,/kaggle/input/datasets/denizkavi1/brain-tumor/3/1559.png,pituitary,/kaggle/input/datasets/denizkavi1/brain-tumor/3/1585.png,pituitary
near,4,/kaggle/input/datasets/denizkavi1/brain-tumor/3/1561.png,pituitary,/kaggle/input/datasets/denizkavi1/brain-tumor/3/1564.png,pituitary
near,6,/kaggle/input/datasets/denizkavi1/brain-tumor/3/1565.png,pituitary,/kaggle/input/datasets/denizkavi1/brain-tumor/3/1573.png,pituitary
near,4,/kaggle/input/datasets/denizkavi1/brain-tumor/3/1566.png,pituitary,/kaggle/input/datasets/denizkavi1/brain-tumor/3/1568.png,pituitary
near,4,/kaggle/input/datasets/denizkavi1/brain-tumor/3/1566.png,pituitary,/kaggle/input/datasets/denizkavi1/brain-tumor/3/1575.png,pituitary
near,4,/kaggle/input/datasets/denizkavi1/brain-tumor/3/1568.png,pituitary,/kaggle/input/datasets/denizkavi1/brain-tumor/3/1575.png,pituitary
near,4,/kaggle/input/datasets/denizkavi1/brain-tumor/3/1570.png,pituitary,/kaggle/input/datasets/denizkavi1/brain-tumor/3/1577.png,pituitary
near,6,/kaggle/input/datasets/denizkavi1/brain-tumor/3/1571.png,pituitary,/kaggle/input/datasets/denizkavi1/brain-tumor/3/1572.png,pituitary
near,6,/kaggle/input/datasets/denizkavi1/brain-tumor/3/1571.png,pituitary,/kaggle/input/datasets/denizkavi1/brain-tumor/3/1579.png,pituitary
near,2,/kaggle/input/datasets/denizkavi1/brain-tumor/3/1571.png,pituitary,/kaggle/input/datasets/denizkavi1/brain-tumor/3/1584.png,pituitary
near,2,/kaggle/input/datasets/denizkavi1/brain-tumor/3/1572.png,pituitary,/kaggle/input/datasets/denizkavi1/brain-tumor/3/1579.png,pituitary
near,4,/kaggle/input/datasets/denizkavi1/brain-tumor/3/1572.png,pituitary,/kaggle/input/datasets/denizkavi1/brain-tumor/3/1584.png,pituitary
near,4,/kaggle/input/datasets/denizkavi1/brain-tumor/3/1579.png,pituitary,/kaggle/input/datasets/denizkavi1/brain-tumor/3/1584.png,pituitary
near,6,/kaggle/input/datasets/denizkavi1/brain-tumor/3/1587.png,pituitary,/kaggle/input/datasets/denizkavi1/brain-tumor/3/1591.png,pituitary
near,6,/kaggle/input/datasets/denizkavi1/brain-tumor/3/1587.png,pituitary,/kaggle/input/datasets/denizkavi1/brain-tumor/3/1593.png,pituitary
near,6,/kaggle/input/datasets/denizkavi1/brain-tumor/3/1588.png,pituitary,/kaggle/input/datasets/denizkavi1/brain-tumor/3/1613.png,pituitary
near,2,/kaggle/input/datasets/denizkavi1/brain-tumor/3/1591.png,pituitary,/kaggle/input/datasets/denizkavi1/brain-tumor/3/1593.png,pituitary
near,6,/kaggle/input/datasets/denizkavi1/brain-tumor/3/1591.png,pituitary,/kaggle/input/datasets/denizkavi1/brain-tumor/3/1610.png,pituitary
near,6,/kaggle/input/datasets/denizkavi1/brain-tumor/3/1593.png,pituitary,/kaggle/input/datasets/denizkavi1/brain-tumor/3/1610.png,pituitary
near,5,/kaggle/input/datasets/denizkavi1/brain-tumor/3/1595.png,pituitary,/kaggle/input/datasets/denizkavi1/brain-tumor/3/1623.png,pituitary
near,5,/kaggle/input/datasets/denizkavi1/brain-tumor/3/1598.png,pituitary,/kaggle/input/datasets/denizkavi1/brain-tumor/3/1607.png,pituitary
near,2,/kaggle/input/datasets/denizkavi1/brain-tumor/3/1601.png,pituitary,/kaggle/input/datasets/denizkavi1/brain-tumor/3/1615.png,pituitary
near,5,/kaggle/input/datasets/denizkavi1/brain-tumor/3/1603.png,pituitary,/kaggle/input/datasets/denizkavi1/brain-tumor/3/1626.png,pituitary
near,5,/kaggle/input/datasets/denizkavi1/brain-tumor/3/1605.png,pituitary,/kaggle/input/datasets/denizkavi1/brain-tumor/3/1625.png,pituitary
near,6,/kaggle/input/datasets/denizkavi1/brain-tumor/3/1608.png,pituitary,/kaggle/input/datasets/denizkavi1/brain-tumor/3/1629.png,pituitary
near,4,/kaggle/input/datasets/denizkavi1/brain-tumor/3/1609.png,pituitary,/kaggle/input/datasets/denizkavi1/brain-tumor/3/1616.png,pituitary
near,6,/kaggle/input/datasets/denizkavi1/brain-tumor/3/1622.png,pituitary,/kaggle/input/datasets/denizkavi1/brain-tumor/3/1629.png,pituitary
near,4,/kaggle/input/datasets/denizkavi1/brain-tumor/3/1634.png,pituitary,/kaggle/input/datasets/denizkavi1/brain-tumor/3/1646.png,pituitary
near,4,/kaggle/input/datasets/denizkavi1/brain-tumor/3/1634.png,pituitary,/kaggle/input/datasets/denizkavi1/brain-tumor/3/1647.png,pituitary
near,6,/kaggle/input/datasets/denizkavi1/brain-tumor/3/1634.png,pituitary,/kaggle/input/datasets/denizkavi1/brain-tumor/3/1655.png,pituitary
near,2,/kaggle/input/datasets/denizkavi1/brain-tumor/3/1635.png,pituitary,/kaggle/input/datasets/denizkavi1/brain-tumor/3/1637.png,pituitary
near,4,/kaggle/input/datasets/denizkavi1/brain-tumor/3/1636.png,pituitary,/kaggle/input/datasets/denizkavi1/brain-tumor/3/1650.png,pituitary
near,4,/kaggle/input/datasets/denizkavi1/brain-tumor/3/1636.png,pituitary,/kaggle/input/datasets/denizkavi1/brain-tumor/3/1658.png,pituitary
near,5,/kaggle/input/datasets/denizkavi1/brain-tumor/3/1638.png,pituitary,/kaggle/input/datasets/denizkavi1/brain-tumor/3/1644.png,pituitary
near,2,/kaggle/input/datasets/denizkavi1/brain-tumor/3/1638.png,pituitary,/kaggle/input/datasets/denizkavi1/brain-tumor/3/1666.png,pituitary
near,4,/kaggle/input/datasets/denizkavi1/brain-tumor/3/1642.png,pituitary,/kaggle/input/datasets/denizkavi1/brain-tumor/3/1651.png,pituitary
near,2,/kaggle/input/datasets/denizkavi1/brain-tumor/3/1642.png,pituitary,/kaggle/input/datasets/denizkavi1/brain-tumor/3/1669.png,pituitary
near,6,/kaggle/input/datasets/denizkavi1/brain-tumor/3/1643.png,pituitary,/kaggle/input/datasets/denizkavi1/brain-tumor/3/1660.png,pituitary
near,6,/kaggle/input/datasets/denizkavi1/brain-tumor/3/1644.png,pituitary,/kaggle/input/datasets/denizkavi1/brain-tumor/3/1670.png,pituitary
near,6,/kaggle/input/datasets/denizkavi1/brain-tumor/3/1645.png,pituitary,/kaggle/input/datasets/denizkavi1/brain-tumor/3/1675.png,pituitary
near,3,/kaggle/input/datasets/denizkavi1/brain-tumor/3/1645.png,pituitary,/kaggle/input/datasets/denizkavi1/brain-tumor/3/1681.png,pituitary
near,4,/kaggle/input/datasets/denizkavi1/brain-tumor/3/1646.png,pituitary,/kaggle/input/datasets/denizkavi1/brain-tumor/3/1655.png,pituitary
near,6,/kaggle/input/datasets/denizkavi1/brain-tumor/3/1646.png,pituitary,/kaggle/input/datasets/denizkavi1/brain-tumor/3/1659.png,pituitary
near,6,/kaggle/input/datasets/denizkavi1/brain-tumor/3/1649.png,pituitary,/kaggle/input/datasets/denizkavi1/brain-tumor/3/1653.png,pituitary
near,4,/kaggle/input/datasets/denizkavi1/brain-tumor/3/1650.png,pituitary,/kaggle/input/datasets/denizkavi1/brain-tumor/3/1680.png,pituitary
near,2,/kaggle/input/datasets/denizkavi1/brain-tumor/3/1651.png,pituitary,/kaggle/input/datasets/denizkavi1/brain-tumor/3/1669.png,pituitary
near,4,/kaggle/input/datasets/denizkavi1/brain-tumor/3/1653.png,pituitary,/kaggle/input/datasets/denizkavi1/brain-tumor/3/1676.png,pituitary
near,6,/kaggle/input/datasets/denizkavi1/brain-tumor/3/1655.png,pituitary,/kaggle/input/datasets/denizkavi1/brain-tumor/3/1659.png,pituitary
near,6,/kaggle/input/datasets/denizkavi1/brain-tumor/3/1655.png,pituitary,/kaggle/input/datasets/denizkavi1/brain-tumor/3/1759.png,pituitary
near,6,/kaggle/input/datasets/denizkavi1/brain-tumor/3/1656.png,pituitary,/kaggle/input/datasets/denizkavi1/brain-tumor/3/1657.png,pituitary
near,4,/kaggle/input/datasets/denizkavi1/brain-tumor/3/1656.png,pituitary,/kaggle/input/datasets/denizkavi1/brain-tumor/3/1671.png,pituitary
near,6,/kaggle/input/datasets/denizkavi1/brain-tumor/3/1656.png,pituitary,/kaggle/input/datasets/denizkavi1/brain-tumor/3/2125.png,pituitary
near,6,/kaggle/input/datasets/denizkavi1/brain-tumor/3/1657.png,pituitary,/kaggle/input/datasets/denizkavi1/brain-tumor/3/1671.png,pituitary
near,3,/kaggle/input/datasets/denizkavi1/brain-tumor/3/1658.png,pituitary,/kaggle/input/datasets/denizkavi1/brain-tumor/3/1677.png,pituitary
near,4,/kaggle/input/datasets/denizkavi1/brain-tumor/3/1658.png,pituitary,/kaggle/input/datasets/denizkavi1/brain-tumor/3/1680.png,pituitary
near,4,/kaggle/input/datasets/denizkavi1/brain-tumor/3/1658.png,pituitary,/kaggle/input/datasets/denizkavi1/brain-tumor/3/1698.png,pituitary
near,3,/kaggle/input/datasets/denizkavi1/brain-tumor/3/1659.png,pituitary,/kaggle/input/datasets/denizkavi1/brain-tumor/3/1678.png,pituitary
near,4,/kaggle/input/datasets/denizkavi1/brain-tumor/3/1663.png,pituitary,/kaggle/input/datasets/denizkavi1/brain-tumor/3/1676.png,pituitary
near,5,/kaggle/input/datasets/denizkavi1/brain-tumor/3/1669.png,pituitary,/kaggle/input/datasets/denizkavi1/brain-tumor/3/1670.png,pituitary
near,6,/kaggle/input/datasets/denizkavi1/brain-tumor/3/1671.png,pituitary,/kaggle/input/datasets/denizkavi1/brain-tumor/3/2125.png,pituitary
near,5,/kaggle/input/datasets/denizkavi1/brain-tumor/3/1675.png,pituitary,/kaggle/input/datasets/denizkavi1/brain-tumor/3/1681.png,pituitary
near,4,/kaggle/input/datasets/denizkavi1/brain-tumor/3/1683.png,pituitary,/kaggle/input/datasets/denizkavi1/brain-tumor/3/1686.png,pituitary
near,6,/kaggle/input/datasets/denizkavi1/brain-tumor/3/1683.png,pituitary,/kaggle/input/datasets/denizkavi1/brain-tumor/3/1687.png,pituitary
near,5,/kaggle/input/datasets/denizkavi1/brain-tumor/3/1683.png,pituitary,/kaggle/input/datasets/denizkavi1/brain-tumor/3/1700.png,pituitary
near,2,/kaggle/input/datasets/denizkavi1/brain-tumor/3/1684.png,pituitary,/kaggle/input/datasets/denizkavi1/brain-tumor/3/1691.png,pituitary
near,5,/kaggle/input/datasets/denizkavi1/brain-tumor/3/1684.png,pituitary,/kaggle/input/datasets/denizkavi1/brain-tumor/3/1694.png,pituitary
near,6,/kaggle/input/datasets/denizkavi1/brain-tumor/3/1685.png,pituitary,/kaggle/input/datasets/denizkavi1/brain-tumor/3/1689.png,pituitary
near,6,/kaggle/input/datasets/denizkavi1/brain-tumor/3/1686.png,pituitary,/kaggle/input/datasets/denizkavi1/brain-tumor/3/1687.png,pituitary
near,5,/kaggle/input/datasets/denizkavi1/brain-tumor/3/1686.png,pituitary,/kaggle/input/datasets/denizkavi1/brain-tumor/3/1700.png,pituitary
near,5,/kaggle/input/datasets/denizkavi1/brain-tumor/3/1687.png,pituitary,/kaggle/input/datasets/denizkavi1/brain-tumor/3/1700.png,pituitary
near,4,/kaggle/input/datasets/denizkavi1/brain-tumor/3/1688.png,pituitary,/kaggle/input/datasets/denizkavi1/brain-tumor/3/1695.png,pituitary
near,4,/kaggle/input/datasets/denizkavi1/brain-tumor/3/1689.png,pituitary,/kaggle/input/datasets/denizkavi1/brain-tumor/3/1693.png,pituitary
near,6,/kaggle/input/datasets/denizkavi1/brain-tumor/3/1689.png,pituitary,/kaggle/input/datasets/denizkavi1/brain-tumor/3/1703.png,pituitary
near,5,/kaggle/input/datasets/denizkavi1/brain-tumor/3/1690.png,pituitary,/kaggle/input/datasets/denizkavi1/brain-tumor/3/1704.png,pituitary
near,2,/kaggle/input/datasets/denizkavi1/brain-tumor/3/1692.png,pituitary,/kaggle/input/datasets/denizkavi1/brain-tumor/3/1705.png,pituitary
near,6,/kaggle/input/datasets/denizkavi1/brain-tumor/3/1692.png,pituitary,/kaggle/input/datasets/denizkavi1/brain-tumor/3/1760.png,pituitary
near,6,/kaggle/input/datasets/denizkavi1/brain-tumor/3/1693.png,pituitary,/kaggle/input/datasets/denizkavi1/brain-tumor/3/1699.png,pituitary
near,6,/kaggle/input/datasets/denizkavi1/brain-tumor/3/1697.png,pituitary,/kaggle/input/datasets/denizkavi1/brain-tumor/3/1706.png,pituitary
near,6,/kaggle/input/datasets/denizkavi1/brain-tumor/3/1699.png,pituitary,/kaggle/input/datasets/denizkavi1/brain-tumor/3/1704.png,pituitary
near,5,/kaggle/input/datasets/denizkavi1/brain-tumor/3/1699.png,pituitary,/kaggle/input/datasets/denizkavi1/brain-tumor/3/1711.png,pituitary
near,6,/kaggle/input/datasets/denizkavi1/brain-tumor/3/1705.png,pituitary,/kaggle/input/datasets/denizkavi1/brain-tumor/3/1760.png,pituitary
near,2,/kaggle/input/datasets/denizkavi1/brain-tumor/3/1709.png,pituitary,/kaggle/input/datasets/denizkavi1/brain-tumor/3/1733.png,pituitary
near,6,/kaggle/input/datasets/denizkavi1/brain-tumor/3/1711.png,pituitary,/kaggle/input/datasets/denizkavi1/brain-tumor/3/1715.png,pituitary
near,6,/kaggle/input/datasets/denizkavi1/brain-tumor/3/1712.png,pituitary,/kaggle/input/datasets/denizkavi1/brain-tumor/3/1725.png,pituitary
near,6,/kaggle/input/datasets/denizkavi1/brain-tumor/3/1713.png,pituitary,/kaggle/input/datasets/denizkavi1/brain-tumor/3/1722.png,pituitary
near,3,/kaggle/input/datasets/denizkavi1/brain-tumor/3/1714.png,pituitary,/kaggle/input/datasets/denizkavi1/brain-tumor/3/1721.png,pituitary
near,1,/kaggle/input/datasets/denizkavi1/brain-tumor/3/1714.png,pituitary,/kaggle/input/datasets/denizkavi1/brain-tumor/3/1730.png,pituitary
near,4,/kaggle/input/datasets/denizkavi1/brain-tumor/3/1714.png,pituitary,/kaggle/input/datasets/denizkavi1/brain-tumor/3/1743.png,pituitary
near,3,/kaggle/input/datasets/denizkavi1/brain-tumor/3/1716.png,pituitary,/kaggle/input/datasets/denizkavi1/brain-tumor/3/1723.png,pituitary
near,3,/kaggle/input/datasets/denizkavi1/brain-tumor/3/1718.png,pituitary,/kaggle/input/datasets/denizkavi1/brain-tumor/3/1729.png,pituitary
near,3,/kaggle/input/datasets/denizkavi1/brain-tumor/3/1718.png,pituitary,/kaggle/input/datasets/denizkavi1/brain-tumor/3/1742.png,pituitary
near,2,/kaggle/input/datasets/denizkavi1/brain-tumor/3/1718.png,pituitary,/kaggle/input/datasets/denizkavi1/brain-tumor/3/1767.png,pituitary
near,6,/kaggle/input/datasets/denizkavi1/brain-tumor/3/1718.png,pituitary,/kaggle/input/datasets/denizkavi1/brain-tumor/3/1782.png,pituitary
near,6,/kaggle/input/datasets/denizkavi1/brain-tumor/3/1718.png,pituitary,/kaggle/input/datasets/denizkavi1/brain-tumor/3/2221.png,pituitary
near,6,/kaggle/input/datasets/denizkavi1/brain-tumor/3/1719.png,pituitary,/kaggle/input/datasets/denizkavi1/brain-tumor/3/1739.png,pituitary
near,4,/kaggle/input/datasets/denizkavi1/brain-tumor/3/1721.png,pituitary,/kaggle/input/datasets/denizkavi1/brain-tumor/3/1730.png,pituitary
near,5,/kaggle/input/datasets/denizkavi1/brain-tumor/3/1721.png,pituitary,/kaggle/input/datasets/denizkavi1/brain-tumor/3/1743.png,pituitary
near,6,/kaggle/input/datasets/denizkavi1/brain-tumor/3/1722.png,pituitary,/kaggle/input/datasets/denizkavi1/brain-tumor/3/1736.png,pituitary
near,6,/kaggle/input/datasets/denizkavi1/brain-tumor/3/1723.png,pituitary,/kaggle/input/datasets/denizkavi1/brain-tumor/3/1743.png,pituitary
near,5,/kaggle/input/datasets/denizkavi1/brain-tumor/3/1724.png,pituitary,/kaggle/input/datasets/denizkavi1/brain-tumor/3/1737.png,pituitary
near,5,/kaggle/input/datasets/denizkavi1/brain-tumor/3/1726.png,pituitary,/kaggle/input/datasets/denizkavi1/brain-tumor/3/1731.png,pituitary
near,4,/kaggle/input/datasets/denizkavi1/brain-tumor/3/1727.png,pituitary,/kaggle/input/datasets/denizkavi1/brain-tumor/3/1740.png,pituitary
near,4,/kaggle/input/datasets/denizkavi1/brain-tumor/3/1729.png,pituitary,/kaggle/input/datasets/denizkavi1/brain-tumor/3/1742.png,pituitary
near,1,/kaggle/input/datasets/denizkavi1/brain-tumor/3/1729.png,pituitary,/kaggle/input/datasets/denizkavi1/brain-tumor/3/1767.png,pituitary
near,5,/kaggle/input/datasets/denizkavi1/brain-tumor/3/1729.png,pituitary,/kaggle/input/datasets/denizkavi1/brain-tumor/3/1782.png,pituitary
near,5,/kaggle/input/datasets/denizkavi1/brain-tumor/3/1730.png,pituitary,/kaggle/input/datasets/denizkavi1/brain-tumor/3/1743.png,pituitary
near,5,/kaggle/input/datasets/denizkavi1/brain-tumor/3/1734.png,pituitary,/kaggle/input/datasets/denizkavi1/brain-tumor/3/1741.png,pituitary
near,5,/kaggle/input/datasets/denizkavi1/brain-tumor/3/1742.png,pituitary,/kaggle/input/datasets/denizkavi1/brain-tumor/3/1767.png,pituitary
near,2,/kaggle/input/datasets/denizkavi1/brain-tumor/3/1746.png,pituitary,/kaggle/input/datasets/denizkavi1/brain-tumor/3/1759.png,pituitary
near,6,/kaggle/input/datasets/denizkavi1/brain-tumor/3/1748.png,pituitary,/kaggle/input/datasets/denizkavi1/brain-tumor/3/1760.png,pituitary
near,6,/kaggle/input/datasets/denizkavi1/brain-tumor/3/1749.png,pituitary,/kaggle/input/datasets/denizkavi1/brain-tumor/3/1772.png,pituitary
near,2,/kaggle/input/datasets/denizkavi1/brain-tumor/3/1750.png,pituitary,/kaggle/input/datasets/denizkavi1/brain-tumor/3/1756.png,pituitary
near,4,/kaggle/input/datasets/denizkavi1/brain-tumor/3/1750.png,pituitary,/kaggle/input/datasets/denizkavi1/brain-tumor/3/1780.png,pituitary
near,2,/kaggle/input/datasets/denizkavi1/brain-tumor/3/1751.png,pituitary,/kaggle/input/datasets/denizkavi1/brain-tumor/3/1754.png,pituitary
near,6,/kaggle/input/datasets/denizkavi1/brain-tumor/3/1751.png,pituitary,/kaggle/input/datasets/denizkavi1/brain-tumor/3/1761.png,pituitary
near,6,/kaggle/input/datasets/denizkavi1/brain-tumor/3/1751.png,pituitary,/kaggle/input/datasets/denizkavi1/brain-tumor/3/1765.png,pituitary
near,2,/kaggle/input/datasets/denizkavi1/brain-tumor/3/1751.png,pituitary,/kaggle/input/datasets/denizkavi1/brain-tumor/3/1769.png,pituitary
near,6,/kaggle/input/datasets/denizkavi1/brain-tumor/3/1752.png,pituitary,/kaggle/input/datasets/denizkavi1/brain-tumor/3/1812.png,pituitary
near,6,/kaggle/input/datasets/denizkavi1/brain-tumor/3/1753.png,pituitary,/kaggle/input/datasets/denizkavi1/brain-tumor/3/1755.png,pituitary
near,4,/kaggle/input/datasets/denizkavi1/brain-tumor/3/1753.png,pituitary,/kaggle/input/datasets/denizkavi1/brain-tumor/3/1780.png,pituitary
near,4,/kaggle/input/datasets/denizkavi1/brain-tumor/3/1754.png,pituitary,/kaggle/input/datasets/denizkavi1/brain-tumor/3/1761.png,pituitary
near,6,/kaggle/input/datasets/denizkavi1/brain-tumor/3/1754.png,pituitary,/kaggle/input/datasets/denizkavi1/brain-tumor/3/1765.png,pituitary
near,4,/kaggle/input/datasets/denizkavi1/brain-tumor/3/1754.png,pituitary,/kaggle/input/datasets/denizkavi1/brain-tumor/3/1769.png,pituitary
near,4,/kaggle/input/datasets/denizkavi1/brain-tumor/3/1756.png,pituitary,/kaggle/input/datasets/denizkavi1/brain-tumor/3/1780.png,pituitary
near,3,/kaggle/input/datasets/denizkavi1/brain-tumor/3/1758.png,pituitary,/kaggle/input/datasets/denizkavi1/brain-tumor/3/1768.png,pituitary
near,6,/kaggle/input/datasets/denizkavi1/brain-tumor/3/1761.png,pituitary,/kaggle/input/datasets/denizkavi1/brain-tumor/3/1769.png,pituitary
near,4,/kaggle/input/datasets/denizkavi1/brain-tumor/3/1762.png,pituitary,/kaggle/input/datasets/denizkavi1/brain-tumor/3/1763.png,pituitary
near,2,/kaggle/input/datasets/denizkavi1/brain-tumor/3/1762.png,pituitary,/kaggle/input/datasets/denizkavi1/brain-tumor/3/1777.png,pituitary
near,4,/kaggle/input/datasets/denizkavi1/brain-tumor/3/1763.png,pituitary,/kaggle/input/datasets/denizkavi1/brain-tumor/3/1777.png,pituitary
near,6,/kaggle/input/datasets/denizkavi1/brain-tumor/3/1765.png,pituitary,/kaggle/input/datasets/denizkavi1/brain-tumor/3/1769.png,pituitary
near,6,/kaggle/input/datasets/denizkavi1/brain-tumor/3/1767.png,pituitary,/kaggle/input/datasets/denizkavi1/brain-tumor/3/1778.png,pituitary
near,4,/kaggle/input/datasets/denizkavi1/brain-tumor/3/1767.png,pituitary,/kaggle/input/datasets/denizkavi1/brain-tumor/3/1782.png,pituitary
near,4,/kaggle/input/datasets/denizkavi1/brain-tumor/3/1771.png,pituitary,/kaggle/input/datasets/denizkavi1/brain-tumor/3/1775.png,pituitary
near,6,/kaggle/input/datasets/denizkavi1/brain-tumor/3/1771.png,pituitary,/kaggle/input/datasets/denizkavi1/brain-tumor/3/1784.png,pituitary
near,6,/kaggle/input/datasets/denizkavi1/brain-tumor/3/1773.png,pituitary,/kaggle/input/datasets/denizkavi1/brain-tumor/3/1781.png,pituitary
near,6,/kaggle/input/datasets/denizkavi1/brain-tumor/3/1778.png,pituitary,/kaggle/input/datasets/denizkavi1/brain-tumor/3/1782.png,pituitary
near,6,/kaggle/input/datasets/denizkavi1/brain-tumor/3/1782.png,pituitary,/kaggle/input/datasets/denizkavi1/brain-tumor/3/2221.png,pituitary
near,4,/kaggle/input/datasets/denizkavi1/brain-tumor/3/1785.png,pituitary,/kaggle/input/datasets/denizkavi1/brain-tumor/3/1814.png,pituitary
near,2,/kaggle/input/datasets/denizkavi1/brain-tumor/3/1788.png,pituitary,/kaggle/input/datasets/denizkavi1/brain-tumor/3/1791.png,pituitary
near,5,/kaggle/input/datasets/denizkavi1/brain-tumor/3/1788.png,pituitary,/kaggle/input/datasets/denizkavi1/brain-tumor/3/1793.png,pituitary
near,4,/kaggle/input/datasets/denizkavi1/brain-tumor/3/1788.png,pituitary,/kaggle/input/datasets/denizkavi1/brain-tumor/3/1797.png,pituitary
near,6,/kaggle/input/datasets/denizkavi1/brain-tumor/3/1789.png,pituitary,/kaggle/input/datasets/denizkavi1/brain-tumor/3/1806.png,pituitary
near,6,/kaggle/input/datasets/denizkavi1/brain-tumor/3/1789.png,pituitary,/kaggle/input/datasets/denizkavi1/brain-tumor/3/1808.png,pituitary
near,4,/kaggle/input/datasets/denizkavi1/brain-tumor/3/1789.png,pituitary,/kaggle/input/datasets/denizkavi1/brain-tumor/3/1821.png,pituitary
near,6,/kaggle/input/datasets/denizkavi1/brain-tumor/3/1789.png,pituitary,/kaggle/input/datasets/denizkavi1/brain-tumor/3/2298.png,pituitary
near,6,/kaggle/input/datasets/denizkavi1/brain-tumor/3/1789.png,pituitary,/kaggle/input/datasets/denizkavi1/brain-tumor/3/976.png,pituitary
near,6,/kaggle/input/datasets/denizkavi1/brain-tumor/3/1789.png,pituitary,/kaggle/input/datasets/denizkavi1/brain-tumor/3/999.png,pituitary
near,3,/kaggle/input/datasets/denizkavi1/brain-tumor/3/1791.png,pituitary,/kaggle/input/datasets/denizkavi1/brain-tumor/3/1793.png,pituitary
near,4,/kaggle/input/datasets/denizkavi1/brain-tumor/3/1791.png,pituitary,/kaggle/input/datasets/denizkavi1/brain-tumor/3/1797.png,pituitary
near,5,/kaggle/input/datasets/denizkavi1/brain-tumor/3/1791.png,pituitary,/kaggle/input/datasets/denizkavi1/brain-tumor/3/1813.png,pituitary
near,5,/kaggle/input/datasets/denizkavi1/brain-tumor/3/1793.png,pituitary,/kaggle/input/datasets/denizkavi1/brain-tumor/3/1797.png,pituitary
near,4,/kaggle/input/datasets/denizkavi1/brain-tumor/3/1793.png,pituitary,/kaggle/input/datasets/denizkavi1/brain-tumor/3/1813.png,pituitary
near,6,/kaggle/input/datasets/denizkavi1/brain-tumor/3/1793.png,pituitary,/kaggle/input/datasets/denizkavi1/brain-tumor/3/1819.png,pituitary
near,3,/kaggle/input/datasets/denizkavi1/brain-tumor/3/1794.png,pituitary,/kaggle/input/datasets/denizkavi1/brain-tumor/3/1800.png,pituitary
near,5,/kaggle/input/datasets/denizkavi1/brain-tumor/3/1794.png,pituitary,/kaggle/input/datasets/denizkavi1/brain-tumor/3/1801.png,pituitary
near,6,/kaggle/input/datasets/denizkavi1/brain-tumor/3/1795.png,pituitary,/kaggle/input/datasets/denizkavi1/brain-tumor/3/1804.png,pituitary
near,6,/kaggle/input/datasets/denizkavi1/brain-tumor/3/1795.png,pituitary,/kaggle/input/datasets/denizkavi1/brain-tumor/3/1805.png,pituitary
near,5,/kaggle/input/datasets/denizkavi1/brain-tumor/3/1795.png,pituitary,/kaggle/input/datasets/denizkavi1/brain-tumor/3/1807.png,pituitary
near,3,/kaggle/input/datasets/denizkavi1/brain-tumor/3/1795.png,pituitary,/kaggle/input/datasets/denizkavi1/brain-tumor/3/1823.png,pituitary
near,6,/kaggle/input/datasets/denizkavi1/brain-tumor/3/1796.png,pituitary,/kaggle/input/datasets/denizkavi1/brain-tumor/3/1824.png,pituitary
near,5,/kaggle/input/datasets/denizkavi1/brain-tumor/3/1798.png,pituitary,/kaggle/input/datasets/denizkavi1/brain-tumor/3/1815.png,pituitary
near,6,/kaggle/input/datasets/denizkavi1/brain-tumor/3/1800.png,pituitary,/kaggle/input/datasets/denizkavi1/brain-tumor/3/1801.png,pituitary
near,6,/kaggle/input/datasets/denizkavi1/brain-tumor/3/1800.png,pituitary,/kaggle/input/datasets/denizkavi1/brain-tumor/3/1818.png,pituitary
near,6,/kaggle/input/datasets/denizkavi1/brain-tumor/3/1804.png,pituitary,/kaggle/input/datasets/denizkavi1/brain-tumor/3/1805.png,pituitary
near,3,/kaggle/input/datasets/denizkavi1/brain-tumor/3/1804.png,pituitary,/kaggle/input/datasets/denizkavi1/brain-tumor/3/1807.png,pituitary
near,4,/kaggle/input/datasets/denizkavi1/brain-tumor/3/1804.png,pituitary,/kaggle/input/datasets/denizkavi1/brain-tumor/3/1817.png,pituitary
near,3,/kaggle/input/datasets/denizkavi1/brain-tumor/3/1804.png,pituitary,/kaggle/input/datasets/denizkavi1/brain-tumor/3/1823.png,pituitary
near,5,/kaggle/input/datasets/denizkavi1/brain-tumor/3/1807.png,pituitary,/kaggle/input/datasets/denizkavi1/brain-tumor/3/1817.png,pituitary
near,2,/kaggle/input/datasets/denizkavi1/brain-tumor/3/1807.png,pituitary,/kaggle/input/datasets/denizkavi1/brain-tumor/3/1823.png,pituitary
near,6,/kaggle/input/datasets/denizkavi1/brain-tumor/3/1808.png,pituitary,/kaggle/input/datasets/denizkavi1/brain-tumor/3/1821.png,pituitary
near,6,/kaggle/input/datasets/denizkavi1/brain-tumor/3/1811.png,pituitary,/kaggle/input/datasets/denizkavi1/brain-tumor/3/1824.png,pituitary
near,4,/kaggle/input/datasets/denizkavi1/brain-tumor/3/1812.png,pituitary,/kaggle/input/datasets/denizkavi1/brain-tumor/3/1822.png,pituitary
near,6,/kaggle/input/datasets/denizkavi1/brain-tumor/3/1813.png,pituitary,/kaggle/input/datasets/denizkavi1/brain-tumor/3/1819.png,pituitary
near,6,/kaggle/input/datasets/denizkavi1/brain-tumor/3/1814.png,pituitary,/kaggle/input/datasets/denizkavi1/brain-tumor/3/1824.png,pituitary
near,6,/kaggle/input/datasets/denizkavi1/brain-tumor/3/1819.png,pituitary,/kaggle/input/datasets/denizkavi1/brain-tumor/3/1820.png,pituitary
near,6,/kaggle/input/datasets/denizkavi1/brain-tumor/3/1821.png,pituitary,/kaggle/input/datasets/denizkavi1/brain-tumor/3/999.png,pituitary
near,6,/kaggle/input/datasets/denizkavi1/brain-tumor/3/1823.png,pituitary,/kaggle/input/datasets/denizkavi1/brain-tumor/3/979.png,pituitary
near,6,/kaggle/input/datasets/denizkavi1/brain-tumor/3/1827.png,pituitary,/kaggle/input/datasets/denizkavi1/brain-tumor/3/958.png,pituitary
near,6,/kaggle/input/datasets/denizkavi1/brain-tumor/3/1828.png,pituitary,/kaggle/input/datasets/denizkavi1/brain-tumor/3/925.png,pituitary
near,6,/kaggle/input/datasets/denizkavi1/brain-tumor/3/1830.png,pituitary,/kaggle/input/datasets/denizkavi1/brain-tumor/3/930.png,pituitary
near,4,/kaggle/input/datasets/denizkavi1/brain-tumor/3/1831.png,pituitary,/kaggle/input/datasets/denizkavi1/brain-tumor/3/920.png,pituitary
near,5,/kaggle/input/datasets/denizkavi1/brain-tumor/3/1831.png,pituitary,/kaggle/input/datasets/denizkavi1/brain-tumor/3/923.png,pituitary
near,5,/kaggle/input/datasets/denizkavi1/brain-tumor/3/1831.png,pituitary,/kaggle/input/datasets/denizkavi1/brain-tumor/3/927.png,pituitary
near,5,/kaggle/input/datasets/denizkavi1/brain-tumor/3/1831.png,pituitary,/kaggle/input/datasets/denizkavi1/brain-tumor/3/935.png,pituitary
near,6,/kaggle/input/datasets/denizkavi1/brain-tumor/3/1838.png,pituitary,/kaggle/input/datasets/denizkavi1/brain-tumor/3/2286.png,pituitary
near,4,/kaggle/input/datasets/denizkavi1/brain-tumor/3/1838.png,pituitary,/kaggle/input/datasets/denizkavi1/brain-tumor/3/928.png,pituitary
near,5,/kaggle/input/datasets/denizkavi1/brain-tumor/3/1839.png,pituitary,/kaggle/input/datasets/denizkavi1/brain-tumor/3/939.png,pituitary
near,6,/kaggle/input/datasets/denizkavi1/brain-tumor/3/1977.png,pituitary,/kaggle/input/datasets/denizkavi1/brain-tumor/3/1985.png,pituitary
near,6,/kaggle/input/datasets/denizkavi1/brain-tumor/3/1977.png,pituitary,/kaggle/input/datasets/denizkavi1/brain-tumor/3/2001.png,pituitary
near,6,/kaggle/input/datasets/denizkavi1/brain-tumor/3/1983.png,pituitary,/kaggle/input/datasets/denizkavi1/brain-tumor/3/2707.png,pituitary
near,6,/kaggle/input/datasets/denizkavi1/brain-tumor/3/1984.png,pituitary,/kaggle/input/datasets/denizkavi1/brain-tumor/3/1992.png,pituitary
near,6,/kaggle/input/datasets/denizkavi1/brain-tumor/3/2000.png,pituitary,/kaggle/input/datasets/denizkavi1/brain-tumor/3/2017.png,pituitary
near,4,/kaggle/input/datasets/denizkavi1/brain-tumor/3/2000.png,pituitary,/kaggle/input/datasets/denizkavi1/brain-tumor/3/2018.png,pituitary
near,6,/kaggle/input/datasets/denizkavi1/brain-tumor/3/2000.png,pituitary,/kaggle/input/datasets/denizkavi1/brain-tumor/3/2024.png,pituitary
near,6,/kaggle/input/datasets/denizkavi1/brain-tumor/3/2004.png,pituitary,/kaggle/input/datasets/denizkavi1/brain-tumor/3/2014.png,pituitary
near,5,/kaggle/input/datasets/denizkavi1/brain-tumor/3/2004.png,pituitary,/kaggle/input/datasets/denizkavi1/brain-tumor/3/2023.png,pituitary
near,6,/kaggle/input/datasets/denizkavi1/brain-tumor/3/2006.png,pituitary,/kaggle/input/datasets/denizkavi1/brain-tumor/3/2025.png,pituitary
near,4,/kaggle/input/datasets/denizkavi1/brain-tumor/3/2008.png,pituitary,/kaggle/input/datasets/denizkavi1/brain-tumor/3/2022.png,pituitary
near,6,/kaggle/input/datasets/denizkavi1/brain-tumor/3/2010.png,pituitary,/kaggle/input/datasets/denizkavi1/brain-tumor/3/2026.png,pituitary
near,6,/kaggle/input/datasets/denizkavi1/brain-tumor/3/2010.png,pituitary,/kaggle/input/datasets/denizkavi1/brain-tumor/3/2029.png,pituitary
near,5,/kaggle/input/datasets/denizkavi1/brain-tumor/3/2011.png,pituitary,/kaggle/input/datasets/denizkavi1/brain-tumor/3/2022.png,pituitary
near,6,/kaggle/input/datasets/denizkavi1/brain-tumor/3/2014.png,pituitary,/kaggle/input/datasets/denizkavi1/brain-tumor/3/2029.png,pituitary
near,4,/kaggle/input/datasets/denizkavi1/brain-tumor/3/2017.png,pituitary,/kaggle/input/datasets/denizkavi1/brain-tumor/3/2018.png,pituitary
near,6,/kaggle/input/datasets/denizkavi1/brain-tumor/3/2017.png,pituitary,/kaggle/input/datasets/denizkavi1/brain-tumor/3/2024.png,pituitary
near,6,/kaggle/input/datasets/denizkavi1/brain-tumor/3/2018.png,pituitary,/kaggle/input/datasets/denizkavi1/brain-tumor/3/2024.png,pituitary
near,5,/kaggle/input/datasets/denizkavi1/brain-tumor/3/2019.png,pituitary,/kaggle/input/datasets/denizkavi1/brain-tumor/3/2030.png,pituitary
near,4,/kaggle/input/datasets/denizkavi1/brain-tumor/3/2025.png,pituitary,/kaggle/input/datasets/denizkavi1/brain-tumor/3/2030.png,pituitary
near,6,/kaggle/input/datasets/denizkavi1/brain-tumor/3/2026.png,pituitary,/kaggle/input/datasets/denizkavi1/brain-tumor/3/2029.png,pituitary
near,6,/kaggle/input/datasets/denizkavi1/brain-tumor/3/2031.png,pituitary,/kaggle/input/datasets/denizkavi1/brain-tumor/3/2046.png,pituitary
near,4,/kaggle/input/datasets/denizkavi1/brain-tumor/3/2032.png,pituitary,/kaggle/input/datasets/denizkavi1/brain-tumor/3/2044.png,pituitary
near,4,/kaggle/input/datasets/denizkavi1/brain-tumor/3/2033.png,pituitary,/kaggle/input/datasets/denizkavi1/brain-tumor/3/2051.png,pituitary
near,4,/kaggle/input/datasets/denizkavi1/brain-tumor/3/2035.png,pituitary,/kaggle/input/datasets/denizkavi1/brain-tumor/3/2038.png,pituitary
near,6,/kaggle/input/datasets/denizkavi1/brain-tumor/3/2035.png,pituitary,/kaggle/input/datasets/denizkavi1/brain-tumor/3/2058.png,pituitary
near,6,/kaggle/input/datasets/denizkavi1/brain-tumor/3/2035.png,pituitary,/kaggle/input/datasets/denizkavi1/brain-tumor/3/2062.png,pituitary
near,5,/kaggle/input/datasets/denizkavi1/brain-tumor/3/2036.png,pituitary,/kaggle/input/datasets/denizkavi1/brain-tumor/3/2037.png,pituitary
near,4,/kaggle/input/datasets/denizkavi1/brain-tumor/3/2036.png,pituitary,/kaggle/input/datasets/denizkavi1/brain-tumor/3/2055.png,pituitary
near,5,/kaggle/input/datasets/denizkavi1/brain-tumor/3/2037.png,pituitary,/kaggle/input/datasets/denizkavi1/brain-tumor/3/2055.png,pituitary
near,5,/kaggle/input/datasets/denizkavi1/brain-tumor/3/2038.png,pituitary,/kaggle/input/datasets/denizkavi1/brain-tumor/3/2043.png,pituitary
near,4,/kaggle/input/datasets/denizkavi1/brain-tumor/3/2038.png,pituitary,/kaggle/input/datasets/denizkavi1/brain-tumor/3/2058.png,pituitary
near,2,/kaggle/input/datasets/denizkavi1/brain-tumor/3/2038.png,pituitary,/kaggle/input/datasets/denizkavi1/brain-tumor/3/2062.png,pituitary
near,4,/kaggle/input/datasets/denizkavi1/brain-tumor/3/2039.png,pituitary,/kaggle/input/datasets/denizkavi1/brain-tumor/3/2059.png,pituitary
near,4,/kaggle/input/datasets/denizkavi1/brain-tumor/3/2042.png,pituitary,/kaggle/input/datasets/denizkavi1/brain-tumor/3/2056.png,pituitary
near,5,/kaggle/input/datasets/denizkavi1/brain-tumor/3/2043.png,pituitary,/kaggle/input/datasets/denizkavi1/brain-tumor/3/2062.png,pituitary
near,3,/kaggle/input/datasets/denizkavi1/brain-tumor/3/2045.png,pituitary,/kaggle/input/datasets/denizkavi1/brain-tumor/3/2057.png,pituitary
near,5,/kaggle/input/datasets/denizkavi1/brain-tumor/3/2048.png,pituitary,/kaggle/input/datasets/denizkavi1/brain-tumor/3/2059.png,pituitary
near,6,/kaggle/input/datasets/denizkavi1/brain-tumor/3/2049.png,pituitary,/kaggle/input/datasets/denizkavi1/brain-tumor/3/2055.png,pituitary
near,4,/kaggle/input/datasets/denizkavi1/brain-tumor/3/2058.png,pituitary,/kaggle/input/datasets/denizkavi1/brain-tumor/3/2062.png,pituitary
near,5,/kaggle/input/datasets/denizkavi1/brain-tumor/3/2064.png,pituitary,/kaggle/input/datasets/denizkavi1/brain-tumor/3/2069.png,pituitary
near,4,/kaggle/input/datasets/denizkavi1/brain-tumor/3/2073.png,pituitary,/kaggle/input/datasets/denizkavi1/brain-tumor/3/2094.png,pituitary
near,3,/kaggle/input/datasets/denizkavi1/brain-tumor/3/2078.png,pituitary,/kaggle/input/datasets/denizkavi1/brain-tumor/3/2088.png,pituitary
near,2,/kaggle/input/datasets/denizkavi1/brain-tumor/3/2084.png,pituitary,/kaggle/input/datasets/denizkavi1/brain-tumor/3/2100.png,pituitary
near,4,/kaggle/input/datasets/denizkavi1/brain-tumor/3/2084.png,pituitary,/kaggle/input/datasets/denizkavi1/brain-tumor/3/2116.png,pituitary
near,3,/kaggle/input/datasets/denizkavi1/brain-tumor/3/2089.png,pituitary,/kaggle/input/datasets/denizkavi1/brain-tumor/3/2093.png,pituitary
near,4,/kaggle/input/datasets/denizkavi1/brain-tumor/3/2100.png,pituitary,/kaggle/input/datasets/denizkavi1/brain-tumor/3/2116.png,pituitary
near,5,/kaggle/input/datasets/denizkavi1/brain-tumor/3/2104.png,pituitary,/kaggle/input/datasets/denizkavi1/brain-tumor/3/2125.png,pituitary
near,2,/kaggle/input/datasets/denizkavi1/brain-tumor/3/2105.png,pituitary,/kaggle/input/datasets/denizkavi1/brain-tumor/3/2112.png,pituitary
near,4,/kaggle/input/datasets/denizkavi1/brain-tumor/3/2105.png,pituitary,/kaggle/input/datasets/denizkavi1/brain-tumor/3/2113.png,pituitary
near,5,/kaggle/input/datasets/denizkavi1/brain-tumor/3/2107.png,pituitary,/kaggle/input/datasets/denizkavi1/brain-tumor/3/2117.png,pituitary
near,2,/kaggle/input/datasets/denizkavi1/brain-tumor/3/2108.png,pituitary,/kaggle/input/datasets/denizkavi1/brain-tumor/3/2112.png,pituitary
near,4,/kaggle/input/datasets/denizkavi1/brain-tumor/3/2108.png,pituitary,/kaggle/input/datasets/denizkavi1/brain-tumor/3/2113.png,pituitary
near,6,/kaggle/input/datasets/denizkavi1/brain-tumor/3/2110.png,pituitary,/kaggle/input/datasets/denizkavi1/brain-tumor/3/2129.png,pituitary
near,2,/kaggle/input/datasets/denizkavi1/brain-tumor/3/2112.png,pituitary,/kaggle/input/datasets/denizkavi1/brain-tumor/3/2113.png,pituitary
near,2,/kaggle/input/datasets/denizkavi1/brain-tumor/3/2112.png,pituitary,/kaggle/input/datasets/denizkavi1/brain-tumor/3/2118.png,pituitary
near,5,/kaggle/input/datasets/denizkavi1/brain-tumor/3/2112.png,pituitary,/kaggle/input/datasets/denizkavi1/brain-tumor/3/2129.png,pituitary
near,4,/kaggle/input/datasets/denizkavi1/brain-tumor/3/2113.png,pituitary,/kaggle/input/datasets/denizkavi1/brain-tumor/3/2118.png,pituitary
near,5,/kaggle/input/datasets/denizkavi1/brain-tumor/3/2113.png,pituitary,/kaggle/input/datasets/denizkavi1/brain-tumor/3/2129.png,pituitary
near,6,/kaggle/input/datasets/denizkavi1/brain-tumor/3/2114.png,pituitary,/kaggle/input/datasets/denizkavi1/brain-tumor/3/2116.png,pituitary
near,4,/kaggle/input/datasets/denizkavi1/brain-tumor/3/2115.png,pituitary,/kaggle/input/datasets/denizkavi1/brain-tumor/3/2119.png,pituitary
near,3,/kaggle/input/datasets/denizkavi1/brain-tumor/3/2120.png,pituitary,/kaggle/input/datasets/denizkavi1/brain-tumor/3/2127.png,pituitary
near,3,/kaggle/input/datasets/denizkavi1/brain-tumor/3/2121.png,pituitary,/kaggle/input/datasets/denizkavi1/brain-tumor/3/2124.png,pituitary
near,4,/kaggle/input/datasets/denizkavi1/brain-tumor/3/2122.png,pituitary,/kaggle/input/datasets/denizkavi1/brain-tumor/3/2126.png,pituitary
near,4,/kaggle/input/datasets/denizkavi1/brain-tumor/3/2131.png,pituitary,/kaggle/input/datasets/denizkavi1/brain-tumor/3/2132.png,pituitary
near,6,/kaggle/input/datasets/denizkavi1/brain-tumor/3/2134.png,pituitary,/kaggle/input/datasets/denizkavi1/brain-tumor/3/2140.png,pituitary
near,6,/kaggle/input/datasets/denizkavi1/brain-tumor/3/2136.png,pituitary,/kaggle/input/datasets/denizkavi1/brain-tumor/3/2137.png,pituitary
near,6,/kaggle/input/datasets/denizkavi1/brain-tumor/3/2136.png,pituitary,/kaggle/input/datasets/denizkavi1/brain-tumor/3/2164.png,pituitary
near,6,/kaggle/input/datasets/denizkavi1/brain-tumor/3/2136.png,pituitary,/kaggle/input/datasets/denizkavi1/brain-tumor/3/2183.png,pituitary
near,2,/kaggle/input/datasets/denizkavi1/brain-tumor/3/2137.png,pituitary,/kaggle/input/datasets/denizkavi1/brain-tumor/3/2164.png,pituitary
near,5,/kaggle/input/datasets/denizkavi1/brain-tumor/3/2138.png,pituitary,/kaggle/input/datasets/denizkavi1/brain-tumor/3/2162.png,pituitary
near,5,/kaggle/input/datasets/denizkavi1/brain-tumor/3/2139.png,pituitary,/kaggle/input/datasets/denizkavi1/brain-tumor/3/2142.png,pituitary
near,5,/kaggle/input/datasets/denizkavi1/brain-tumor/3/2145.png,pituitary,/kaggle/input/datasets/denizkavi1/brain-tumor/3/2165.png,pituitary
near,6,/kaggle/input/datasets/denizkavi1/brain-tumor/3/2147.png,pituitary,/kaggle/input/datasets/denizkavi1/brain-tumor/3/2157.png,pituitary
near,4,/kaggle/input/datasets/denizkavi1/brain-tumor/3/2149.png,pituitary,/kaggle/input/datasets/denizkavi1/brain-tumor/3/2167.png,pituitary
near,3,/kaggle/input/datasets/denizkavi1/brain-tumor/3/2151.png,pituitary,/kaggle/input/datasets/denizkavi1/brain-tumor/3/2168.png,pituitary
near,6,/kaggle/input/datasets/denizkavi1/brain-tumor/3/2153.png,pituitary,/kaggle/input/datasets/denizkavi1/brain-tumor/3/2161.png,pituitary
near,6,/kaggle/input/datasets/denizkavi1/brain-tumor/3/2153.png,pituitary,/kaggle/input/datasets/denizkavi1/brain-tumor/3/2169.png,pituitary
near,6,/kaggle/input/datasets/denizkavi1/brain-tumor/3/2159.png,pituitary,/kaggle/input/datasets/denizkavi1/brain-tumor/3/2166.png,pituitary
near,6,/kaggle/input/datasets/denizkavi1/brain-tumor/3/2171.png,pituitary,/kaggle/input/datasets/denizkavi1/brain-tumor/3/2200.png,pituitary
near,6,/kaggle/input/datasets/denizkavi1/brain-tumor/3/2172.png,pituitary,/kaggle/input/datasets/denizkavi1/brain-tumor/3/2174.png,pituitary
near,6,/kaggle/input/datasets/denizkavi1/brain-tumor/3/2176.png,pituitary,/kaggle/input/datasets/denizkavi1/brain-tumor/3/2182.png,pituitary
near,4,/kaggle/input/datasets/denizkavi1/brain-tumor/3/2176.png,pituitary,/kaggle/input/datasets/denizkavi1/brain-tumor/3/2187.png,pituitary
near,4,/kaggle/input/datasets/denizkavi1/brain-tumor/3/2177.png,pituitary,/kaggle/input/datasets/denizkavi1/brain-tumor/3/2207.png,pituitary
near,6,/kaggle/input/datasets/denizkavi1/brain-tumor/3/2178.png,pituitary,/kaggle/input/datasets/denizkavi1/brain-tumor/3/2191.png,pituitary
near,4,/kaggle/input/datasets/denizkavi1/brain-tumor/3/2178.png,pituitary,/kaggle/input/datasets/denizkavi1/brain-tumor/3/2199.png,pituitary
near,6,/kaggle/input/datasets/denizkavi1/brain-tumor/3/2179.png,pituitary,/kaggle/input/datasets/denizkavi1/brain-tumor/3/2191.png,pituitary
near,6,/kaggle/input/datasets/denizkavi1/brain-tumor/3/2180.png,pituitary,/kaggle/input/datasets/denizkavi1/brain-tumor/3/2204.png,pituitary
near,4,/kaggle/input/datasets/denizkavi1/brain-tumor/3/2181.png,pituitary,/kaggle/input/datasets/denizkavi1/brain-tumor/3/2203.png,pituitary
near,5,/kaggle/input/datasets/denizkavi1/brain-tumor/3/2182.png,pituitary,/kaggle/input/datasets/denizkavi1/brain-tumor/3/2186.png,pituitary
near,6,/kaggle/input/datasets/denizkavi1/brain-tumor/3/2185.png,pituitary,/kaggle/input/datasets/denizkavi1/brain-tumor/3/2194.png,pituitary
near,5,/kaggle/input/datasets/denizkavi1/brain-tumor/3/2189.png,pituitary,/kaggle/input/datasets/denizkavi1/brain-tumor/3/2207.png,pituitary
near,4,/kaggle/input/datasets/denizkavi1/brain-tumor/3/2198.png,pituitary,/kaggle/input/datasets/denizkavi1/brain-tumor/3/2205.png,pituitary
near,6,/kaggle/input/datasets/denizkavi1/brain-tumor/3/2208.png,pituitary,/kaggle/input/datasets/denizkavi1/brain-tumor/3/2213.png,pituitary
near,6,/kaggle/input/datasets/denizkavi1/brain-tumor/3/2208.png,pituitary,/kaggle/input/datasets/denizkavi1/brain-tumor/3/2215.png,pituitary
near,4,/kaggle/input/datasets/denizkavi1/brain-tumor/3/2210.png,pituitary,/kaggle/input/datasets/denizkavi1/brain-tumor/3/2217.png,pituitary
near,4,/kaggle/input/datasets/denizkavi1/brain-tumor/3/2212.png,pituitary,/kaggle/input/datasets/denizkavi1/brain-tumor/3/2218.png,pituitary
near,6,/kaggle/input/datasets/denizkavi1/brain-tumor/3/2212.png,pituitary,/kaggle/input/datasets/denizkavi1/brain-tumor/3/2221.png,pituitary
near,4,/kaggle/input/datasets/denizkavi1/brain-tumor/3/2213.png,pituitary,/kaggle/input/datasets/denizkavi1/brain-tumor/3/2215.png,pituitary
near,6,/kaggle/input/datasets/denizkavi1/brain-tumor/3/2213.png,pituitary,/kaggle/input/datasets/denizkavi1/brain-tumor/3/2217.png,pituitary
near,5,/kaggle/input/datasets/denizkavi1/brain-tumor/3/2218.png,pituitary,/kaggle/input/datasets/denizkavi1/brain-tumor/3/2220.png,pituitary
near,4,/kaggle/input/datasets/denizkavi1/brain-tumor/3/2224.png,pituitary,/kaggle/input/datasets/denizkavi1/brain-tumor/3/2229.png,pituitary
near,4,/kaggle/input/datasets/denizkavi1/brain-tumor/3/2224.png,pituitary,/kaggle/input/datasets/denizkavi1/brain-tumor/3/2230.png,pituitary
near,6,/kaggle/input/datasets/denizkavi1/brain-tumor/3/2232.png,pituitary,/kaggle/input/datasets/denizkavi1/brain-tumor/3/2236.png,pituitary
near,5,/kaggle/input/datasets/denizkavi1/brain-tumor/3/2233.png,pituitary,/kaggle/input/datasets/denizkavi1/brain-tumor/3/2239.png,pituitary
near,6,/kaggle/input/datasets/denizkavi1/brain-tumor/3/2234.png,pituitary,/kaggle/input/datasets/denizkavi1/brain-tumor/3/2238.png,pituitary
near,4,/kaggle/input/datasets/denizkavi1/brain-tumor/3/2234.png,pituitary,/kaggle/input/datasets/denizkavi1/brain-tumor/3/2240.png,pituitary
near,6,/kaggle/input/datasets/denizkavi1/brain-tumor/3/2235.png,pituitary,/kaggle/input/datasets/denizkavi1/brain-tumor/3/2237.png,pituitary
near,4,/kaggle/input/datasets/denizkavi1/brain-tumor/3/2235.png,pituitary,/kaggle/input/datasets/denizkavi1/brain-tumor/3/2248.png,pituitary
near,6,/kaggle/input/datasets/denizkavi1/brain-tumor/3/2237.png,pituitary,/kaggle/input/datasets/denizkavi1/brain-tumor/3/2248.png,pituitary
near,4,/kaggle/input/datasets/denizkavi1/brain-tumor/3/2238.png,pituitary,/kaggle/input/datasets/denizkavi1/brain-tumor/3/2240.png,pituitary
near,3,/kaggle/input/datasets/denizkavi1/brain-tumor/3/2245.png,pituitary,/kaggle/input/datasets/denizkavi1/brain-tumor/3/2246.png,pituitary
near,6,/kaggle/input/datasets/denizkavi1/brain-tumor/3/2246.png,pituitary,/kaggle/input/datasets/denizkavi1/brain-tumor/3/2247.png,pituitary
near,5,/kaggle/input/datasets/denizkavi1/brain-tumor/3/2247.png,pituitary,/kaggle/input/datasets/denizkavi1/brain-tumor/3/2256.png,pituitary
near,6,/kaggle/input/datasets/denizkavi1/brain-tumor/3/2249.png,pituitary,/kaggle/input/datasets/denizkavi1/brain-tumor/3/2258.png,pituitary
near,6,/kaggle/input/datasets/denizkavi1/brain-tumor/3/2249.png,pituitary,/kaggle/input/datasets/denizkavi1/brain-tumor/3/2259.png,pituitary
near,2,/kaggle/input/datasets/denizkavi1/brain-tumor/3/2249.png,pituitary,/kaggle/input/datasets/denizkavi1/brain-tumor/3/2260.png,pituitary
near,4,/kaggle/input/datasets/denizkavi1/brain-tumor/3/2249.png,pituitary,/kaggle/input/datasets/denizkavi1/brain-tumor/3/2261.png,pituitary
near,6,/kaggle/input/datasets/denizkavi1/brain-tumor/3/2249.png,pituitary,/kaggle/input/datasets/denizkavi1/brain-tumor/3/2265.png,pituitary
near,6,/kaggle/input/datasets/denizkavi1/brain-tumor/3/2249.png,pituitary,/kaggle/input/datasets/denizkavi1/brain-tumor/3/2281.png,pituitary
near,4,/kaggle/input/datasets/denizkavi1/brain-tumor/3/2250.png,pituitary,/kaggle/input/datasets/denizkavi1/brain-tumor/3/2251.png,pituitary
near,5,/kaggle/input/datasets/denizkavi1/brain-tumor/3/2250.png,pituitary,/kaggle/input/datasets/denizkavi1/brain-tumor/3/2252.png,pituitary
near,5,/kaggle/input/datasets/denizkavi1/brain-tumor/3/2250.png,pituitary,/kaggle/input/datasets/denizkavi1/brain-tumor/3/2255.png,pituitary
near,6,/kaggle/input/datasets/denizkavi1/brain-tumor/3/2250.png,pituitary,/kaggle/input/datasets/denizkavi1/brain-tumor/3/2274.png,pituitary
near,6,/kaggle/input/datasets/denizkavi1/brain-tumor/3/2251.png,pituitary,/kaggle/input/datasets/denizkavi1/brain-tumor/3/2274.png,pituitary
near,2,/kaggle/input/datasets/denizkavi1/brain-tumor/3/2253.png,pituitary,/kaggle/input/datasets/denizkavi1/brain-tumor/3/2254.png,pituitary
near,6,/kaggle/input/datasets/denizkavi1/brain-tumor/3/2257.png,pituitary,/kaggle/input/datasets/denizkavi1/brain-tumor/3/2259.png,pituitary
near,6,/kaggle/input/datasets/denizkavi1/brain-tumor/3/2258.png,pituitary,/kaggle/input/datasets/denizkavi1/brain-tumor/3/2259.png,pituitary
near,6,/kaggle/input/datasets/denizkavi1/brain-tumor/3/2258.png,pituitary,/kaggle/input/datasets/denizkavi1/brain-tumor/3/2260.png,pituitary
near,6,/kaggle/input/datasets/denizkavi1/brain-tumor/3/2258.png,pituitary,/kaggle/input/datasets/denizkavi1/brain-tumor/3/2261.png,pituitary
near,6,/kaggle/input/datasets/denizkavi1/brain-tumor/3/2259.png,pituitary,/kaggle/input/datasets/denizkavi1/brain-tumor/3/2260.png,pituitary
near,6,/kaggle/input/datasets/denizkavi1/brain-tumor/3/2259.png,pituitary,/kaggle/input/datasets/denizkavi1/brain-tumor/3/2261.png,pituitary
near,6,/kaggle/input/datasets/denizkavi1/brain-tumor/3/2259.png,pituitary,/kaggle/input/datasets/denizkavi1/brain-tumor/3/2265.png,pituitary
near,4,/kaggle/input/datasets/denizkavi1/brain-tumor/3/2260.png,pituitary,/kaggle/input/datasets/denizkavi1/brain-tumor/3/2261.png,pituitary
near,6,/kaggle/input/datasets/denizkavi1/brain-tumor/3/2260.png,pituitary,/kaggle/input/datasets/denizkavi1/brain-tumor/3/2265.png,pituitary
near,6,/kaggle/input/datasets/denizkavi1/brain-tumor/3/2261.png,pituitary,/kaggle/input/datasets/denizkavi1/brain-tumor/3/2265.png,pituitary
near,6,/kaggle/input/datasets/denizkavi1/brain-tumor/3/2262.png,pituitary,/kaggle/input/datasets/denizkavi1/brain-tumor/3/2263.png,pituitary
near,5,/kaggle/input/datasets/denizkavi1/brain-tumor/3/2263.png,pituitary,/kaggle/input/datasets/denizkavi1/brain-tumor/3/2267.png,pituitary
near,6,/kaggle/input/datasets/denizkavi1/brain-tumor/3/2263.png,pituitary,/kaggle/input/datasets/denizkavi1/brain-tumor/3/2273.png,pituitary
near,6,/kaggle/input/datasets/denizkavi1/brain-tumor/3/2265.png,pituitary,/kaggle/input/datasets/denizkavi1/brain-tumor/3/2281.png,pituitary
near,6,/kaggle/input/datasets/denizkavi1/brain-tumor/3/2266.png,pituitary,/kaggle/input/datasets/denizkavi1/brain-tumor/3/2270.png,pituitary
near,6,/kaggle/input/datasets/denizkavi1/brain-tumor/3/2266.png,pituitary,/kaggle/input/datasets/denizkavi1/brain-tumor/3/2274.png,pituitary
near,5,/kaggle/input/datasets/denizkavi1/brain-tumor/3/2267.png,pituitary,/kaggle/input/datasets/denizkavi1/brain-tumor/3/2273.png,pituitary
near,2,/kaggle/input/datasets/denizkavi1/brain-tumor/3/2268.png,pituitary,/kaggle/input/datasets/denizkavi1/brain-tumor/3/2269.png,pituitary
near,4,/kaggle/input/datasets/denizkavi1/brain-tumor/3/2268.png,pituitary,/kaggle/input/datasets/denizkavi1/brain-tumor/3/2271.png,pituitary
near,1,/kaggle/input/datasets/denizkavi1/brain-tumor/3/2268.png,pituitary,/kaggle/input/datasets/denizkavi1/brain-tumor/3/2279.png,pituitary
near,4,/kaggle/input/datasets/denizkavi1/brain-tumor/3/2269.png,pituitary,/kaggle/input/datasets/denizkavi1/brain-tumor/3/2271.png,pituitary
near,3,/kaggle/input/datasets/denizkavi1/brain-tumor/3/2269.png,pituitary,/kaggle/input/datasets/denizkavi1/brain-tumor/3/2279.png,pituitary
near,4,/kaggle/input/datasets/denizkavi1/brain-tumor/3/2270.png,pituitary,/kaggle/input/datasets/denizkavi1/brain-tumor/3/2272.png,pituitary
near,4,/kaggle/input/datasets/denizkavi1/brain-tumor/3/2270.png,pituitary,/kaggle/input/datasets/denizkavi1/brain-tumor/3/2274.png,pituitary
near,5,/kaggle/input/datasets/denizkavi1/brain-tumor/3/2270.png,pituitary,/kaggle/input/datasets/denizkavi1/brain-tumor/3/2296.png,pituitary
near,5,/kaggle/input/datasets/denizkavi1/brain-tumor/3/2271.png,pituitary,/kaggle/input/datasets/denizkavi1/brain-tumor/3/2278.png,pituitary
near,5,/kaggle/input/datasets/denizkavi1/brain-tumor/3/2271.png,pituitary,/kaggle/input/datasets/denizkavi1/brain-tumor/3/2279.png,pituitary
near,4,/kaggle/input/datasets/denizkavi1/brain-tumor/3/2272.png,pituitary,/kaggle/input/datasets/denizkavi1/brain-tumor/3/2274.png,pituitary
near,6,/kaggle/input/datasets/denizkavi1/brain-tumor/3/2275.png,pituitary,/kaggle/input/datasets/denizkavi1/brain-tumor/3/2280.png,pituitary
near,6,/kaggle/input/datasets/denizkavi1/brain-tumor/3/2278.png,pituitary,/kaggle/input/datasets/denizkavi1/brain-tumor/3/2279.png,pituitary
near,6,/kaggle/input/datasets/denizkavi1/brain-tumor/3/2281.png,pituitary,/kaggle/input/datasets/denizkavi1/brain-tumor/3/2298.png,pituitary
near,6,/kaggle/input/datasets/denizkavi1/brain-tumor/3/2281.png,pituitary,/kaggle/input/datasets/denizkavi1/brain-tumor/3/961.png,pituitary
near,6,/kaggle/input/datasets/denizkavi1/brain-tumor/3/2283.png,pituitary,/kaggle/input/datasets/denizkavi1/brain-tumor/3/980.png,pituitary
near,6,/kaggle/input/datasets/denizkavi1/brain-tumor/3/2285.png,pituitary,/kaggle/input/datasets/denizkavi1/brain-tumor/3/2295.png,pituitary
near,4,/kaggle/input/datasets/denizkavi1/brain-tumor/3/2290.png,pituitary,/kaggle/input/datasets/denizkavi1/brain-tumor/3/2295.png,pituitary
near,5,/kaggle/input/datasets/denizkavi1/brain-tumor/3/2295.png,pituitary,/kaggle/input/datasets/denizkavi1/brain-tumor/3/2299.png,pituitary
near,6,/kaggle/input/datasets/denizkavi1/brain-tumor/3/2298.png,pituitary,/kaggle/input/datasets/denizkavi1/brain-tumor/3/961.png,pituitary
near,6,/kaggle/input/datasets/denizkavi1/brain-tumor/3/2298.png,pituitary,/kaggle/input/datasets/denizkavi1/brain-tumor/3/976.png,pituitary
near,6,/kaggle/input/datasets/denizkavi1/brain-tumor/3/2298.png,pituitary,/kaggle/input/datasets/denizkavi1/brain-tumor/3/999.png,pituitary
near,3,/kaggle/input/datasets/denizkavi1/brain-tumor/3/2693.png,pituitary,/kaggle/input/datasets/denizkavi1/brain-tumor/3/2698.png,pituitary
near,6,/kaggle/input/datasets/denizkavi1/brain-tumor/3/921.png,pituitary,/kaggle/input/datasets/denizkavi1/brain-tumor/3/932.png,pituitary
near,4,/kaggle/input/datasets/denizkavi1/brain-tumor/3/921.png,pituitary,/kaggle/input/datasets/denizkavi1/brain-tumor/3/939.png,pituitary
near,5,/kaggle/input/datasets/denizkavi1/brain-tumor/3/922.png,pituitary,/kaggle/input/datasets/denizkavi1/brain-tumor/3/924.png,pituitary
near,5,/kaggle/input/datasets/denizkavi1/brain-tumor/3/922.png,pituitary,/kaggle/input/datasets/denizkavi1/brain-tumor/3/929.png,pituitary
near,4,/kaggle/input/datasets/denizkavi1/brain-tumor/3/922.png,pituitary,/kaggle/input/datasets/denizkavi1/brain-tumor/3/944.png,pituitary
near,6,/kaggle/input/datasets/denizkavi1/brain-tumor/3/923.png,pituitary,/kaggle/input/datasets/denizkavi1/brain-tumor/3/927.png,pituitary
near,4,/kaggle/input/datasets/denizkavi1/brain-tumor/3/923.png,pituitary,/kaggle/input/datasets/denizkavi1/brain-tumor/3/935.png,pituitary
near,5,/kaggle/input/datasets/denizkavi1/brain-tumor/3/924.png,pituitary,/kaggle/input/datasets/denizkavi1/brain-tumor/3/944.png,pituitary
near,5,/kaggle/input/datasets/denizkavi1/brain-tumor/3/926.png,pituitary,/kaggle/input/datasets/denizkavi1/brain-tumor/3/932.png,pituitary
near,5,/kaggle/input/datasets/denizkavi1/brain-tumor/3/929.png,pituitary,/kaggle/input/datasets/denizkavi1/brain-tumor/3/944.png,pituitary
near,6,/kaggle/input/datasets/denizkavi1/brain-tumor/3/931.png,pituitary,/kaggle/input/datasets/denizkavi1/brain-tumor/3/937.png,pituitary
near,4,/kaggle/input/datasets/denizkavi1/brain-tumor/3/931.png,pituitary,/kaggle/input/datasets/denizkavi1/brain-tumor/3/938.png,pituitary
near,4,/kaggle/input/datasets/denizkavi1/brain-tumor/3/931.png,pituitary,/kaggle/input/datasets/denizkavi1/brain-tumor/3/942.png,pituitary
near,6,/kaggle/input/datasets/denizkavi1/brain-tumor/3/937.png,pituitary,/kaggle/input/datasets/denizkavi1/brain-tumor/3/938.png,pituitary
near,4,/kaggle/input/datasets/denizkavi1/brain-tumor/3/937.png,pituitary,/kaggle/input/datasets/denizkavi1/brain-tumor/3/942.png,pituitary
near,4,/kaggle/input/datasets/denizkavi1/brain-tumor/3/938.png,pituitary,/kaggle/input/datasets/denizkavi1/brain-tumor/3/942.png,pituitary
near,6,/kaggle/input/datasets/denizkavi1/brain-tumor/3/945.png,pituitary,/kaggle/input/datasets/denizkavi1/brain-tumor/3/962.png,pituitary
near,4,/kaggle/input/datasets/denizkavi1/brain-tumor/3/946.png,pituitary,/kaggle/input/datasets/denizkavi1/brain-tumor/3/949.png,pituitary
near,4,/kaggle/input/datasets/denizkavi1/brain-tumor/3/946.png,pituitary,/kaggle/input/datasets/denizkavi1/brain-tumor/3/956.png,pituitary
near,5,/kaggle/input/datasets/denizkavi1/brain-tumor/3/946.png,pituitary,/kaggle/input/datasets/denizkavi1/brain-tumor/3/974.png,pituitary
near,6,/kaggle/input/datasets/denizkavi1/brain-tumor/3/946.png,pituitary,/kaggle/input/datasets/denizkavi1/brain-tumor/3/977.png,pituitary
near,6,/kaggle/input/datasets/denizkavi1/brain-tumor/3/947.png,pituitary,/kaggle/input/datasets/denizkavi1/brain-tumor/3/952.png,pituitary
near,6,/kaggle/input/datasets/denizkavi1/brain-tumor/3/947.png,pituitary,/kaggle/input/datasets/denizkavi1/brain-tumor/3/965.png,pituitary
near,6,/kaggle/input/datasets/denizkavi1/brain-tumor/3/949.png,pituitary,/kaggle/input/datasets/denizkavi1/brain-tumor/3/956.png,pituitary
near,5,/kaggle/input/datasets/denizkavi1/brain-tumor/3/949.png,pituitary,/kaggle/input/datasets/denizkavi1/brain-tumor/3/974.png,pituitary
near,4,/kaggle/input/datasets/denizkavi1/brain-tumor/3/949.png,pituitary,/kaggle/input/datasets/denizkavi1/brain-tumor/3/977.png,pituitary
near,4,/kaggle/input/datasets/denizkavi1/brain-tumor/3/952.png,pituitary,/kaggle/input/datasets/denizkavi1/brain-tumor/3/968.png,pituitary
near,4,/kaggle/input/datasets/denizkavi1/brain-tumor/3/954.png,pituitary,/kaggle/input/datasets/denizkavi1/brain-tumor/3/964.png,pituitary
near,6,/kaggle/input/datasets/denizkavi1/brain-tumor/3/955.png,pituitary,/kaggle/input/datasets/denizkavi1/brain-tumor/3/961.png,pituitary
near,5,/kaggle/input/datasets/denizkavi1/brain-tumor/3/955.png,pituitary,/kaggle/input/datasets/denizkavi1/brain-tumor/3/964.png,pituitary
near,5,/kaggle/input/datasets/denizkavi1/brain-tumor/3/956.png,pituitary,/kaggle/input/datasets/denizkavi1/brain-tumor/3/974.png,pituitary
near,4,/kaggle/input/datasets/denizkavi1/brain-tumor/3/956.png,pituitary,/kaggle/input/datasets/denizkavi1/brain-tumor/3/977.png,pituitary
near,6,/kaggle/input/datasets/denizkavi1/brain-tumor/3/957.png,pituitary,/kaggle/input/datasets/denizkavi1/brain-tumor/3/967.png,pituitary
near,6,/kaggle/input/datasets/denizkavi1/brain-tumor/3/957.png,pituitary,/kaggle/input/datasets/denizkavi1/brain-tumor/3/988.png,pituitary
near,5,/kaggle/input/datasets/denizkavi1/brain-tumor/3/958.png,pituitary,/kaggle/input/datasets/denizkavi1/brain-tumor/3/963.png,pituitary
near,4,/kaggle/input/datasets/denizkavi1/brain-tumor/3/959.png,pituitary,/kaggle/input/datasets/denizkavi1/brain-tumor/3/962.png,pituitary
near,6,/kaggle/input/datasets/denizkavi1/brain-tumor/3/960.png,pituitary,/kaggle/input/datasets/denizkavi1/brain-tumor/3/966.png,pituitary
near,5,/kaggle/input/datasets/denizkavi1/brain-tumor/3/961.png,pituitary,/kaggle/input/datasets/denizkavi1/brain-tumor/3/964.png,pituitary
near,4,/kaggle/input/datasets/denizkavi1/brain-tumor/3/972.png,pituitary,/kaggle/input/datasets/denizkavi1/brain-tumor/3/973.png,pituitary
near,5,/kaggle/input/datasets/denizkavi1/brain-tumor/3/974.png,pituitary,/kaggle/input/datasets/denizkavi1/brain-tumor/3/977.png,pituitary
near,6,/kaggle/input/datasets/denizkavi1/brain-tumor/3/975.png,pituitary,/kaggle/input/datasets/denizkavi1/brain-tumor/3/977.png,pituitary
near,4,/kaggle/input/datasets/denizkavi1/brain-tumor/3/979.png,pituitary,/kaggle/input/datasets/denizkavi1/brain-tumor/3/990.png,pituitary
near,2,/kaggle/input/datasets/denizkavi1/brain-tumor/3/979.png,pituitary,/kaggle/input/datasets/denizkavi1/brain-tumor/3/991.png,pituitary
near,5,/kaggle/input/datasets/denizkavi1/brain-tumor/3/979.png,pituitary,/kaggle/input/datasets/denizkavi1/brain-tumor/3/995.png,pituitary
near,2,/kaggle/input/datasets/denizkavi1/brain-tumor/3/980.png,pituitary,/kaggle/input/datasets/denizkavi1/brain-tumor/3/986.png,pituitary
near,5,/kaggle/input/datasets/denizkavi1/brain-tumor/3/983.png,pituitary,/kaggle/input/datasets/denizkavi1/brain-tumor/3/988.png,pituitary
near,4,/kaggle/input/datasets/denizkavi1/brain-tumor/3/983.png,pituitary,/kaggle/input/datasets/denizkavi1/brain-tumor/3/992.png,pituitary
near,2,/kaggle/input/datasets/denizkavi1/brain-tumor/3/987.png,pituitary,/kaggle/input/datasets/denizkavi1/brain-tumor/3/989.png,pituitary
near,4,/kaggle/input/datasets/denizkavi1/brain-tumor/3/990.png,pituitary,/kaggle/input/datasets/denizkavi1/brain-tumor/3/991.png,pituitary
near,5,/kaggle/input/datasets/denizkavi1/brain-tumor/3/992.png,pituitary,/kaggle/input/datasets/denizkavi1/brain-tumor/3/999.png,pituitary
near,5,/kaggle/input/datasets/denizkavi1/brain-tumor/3/993.png,pituitary,/kaggle/input/datasets/denizkavi1/brain-tumor/3/994.png,pituitary
