path,filename,source_split,disk_class,label,phash,dup_group,split
/kaggle/input/datasets/denizkavi1/brain-tumor/2/0.png,0.png,flat,2,glioma,9604060811402229813,1580,train
/kaggle/input/datasets/denizkavi1/brain-tumor/2/1.png,1.png,flat,2,glioma,9613842032354207270,0,train
/kaggle/input/datasets/denizkavi1/brain-tumor/2/10.png,10.png,flat,2,glioma,14022024742901997670,1,test
/kaggle/input/datasets/denizkavi1/brain-tumor/2/100.png,100.png,flat,2,glioma,14297009263827237928,558,test
/kaggle/input/datasets/denizkavi1/brain-tumor/2/101.png,101.png,flat,2,glioma,10838255710617625499,733,train
/kaggle/input/datasets/denizkavi1/brain-tumor/2/102.png,102.png,flat,2,glioma,13987963186689680737,1580,train
/kaggle/input/datasets/denizkavi1/brain-tumor/2/103.png,103.png,flat,2,glioma,13996968152553039714,1580,train
/kaggle/input/datasets/denizkavi1/brain-tumor/2/104.png,104.png,flat,2,glioma,10548899438876846027,2,train
/kaggle/input/datasets/denizkavi1/brain-tumor/2/105.png,105.png,flat,2,glioma,15450493971865810980,3,train
/kaggle/input/datasets/denizkavi1/brain-tumor/2/106.png,106.png,flat,2,glioma,10745090048977299753,1580,train
/kaggle/input/datasets/denizkavi1/brain-tumor/2/107.png,107.png,flat,2,glioma,13996970351576294753,1580,train
/kaggle/input/datasets/denizkavi1/brain-tumor/2/1073.png,1073.png,flat,2,glioma,14029327797984518300,4,train
/kaggle/input/datasets/denizkavi1/brain-tumor/2/1074.png,1074.png,flat,2,glioma,14165012471870202477,5,train
/kaggle/input/datasets/denizkavi1/brain-tumor/2/1075.png,1075.png,flat,2,glioma,14108155909611479858,38,train
/kaggle/input/datasets/denizkavi1/brain-tumor/2/1076.png,1076.png,flat,2,glioma,14094629421216903740,13,test
/kaggle/input/datasets/denizkavi1/brain-tumor/2/1077.png,1077.png,flat,2,glioma,14239321865780535852,5,train
/kaggle/input/datasets/denizkavi1/brain-tumor/2/1078.png,1078.png,flat,2,glioma,14309126010668148332,6,cal
/kaggle/input/datasets/denizkavi1/brain-tumor/2/1079.png,1079.png,flat,2,glioma,14382028159357104844,7,cal
/kaggle/input/datasets/denizkavi1/brain-tumor/2/108.png,108.png,flat,2,glioma,10838255715992364955,8,cal
/kaggle/input/datasets/denizkavi1/brain-tumor/2/1080.png,1080.png,flat,2,glioma,14023714186409227054,9,train
/kaggle/input/datasets/denizkavi1/brain-tumor/2/1083.png,1083.png,flat,2,glioma,14023696598522737209,9,train
/kaggle/input/datasets/denizkavi1/brain-tumor/2/1084.png,1084.png,flat,2,glioma,14021446477027827815,10,train
/kaggle/input/datasets/denizkavi1/brain-tumor/2/1085.png,1085.png,flat,2,glioma,14094644814396469308,13,test
/kaggle/input/datasets/denizkavi1/brain-tumor/2/1086.png,1086.png,flat,2,glioma,14311379446868566588,11,train
/kaggle/input/datasets/denizkavi1/brain-tumor/2/1087.png,1087.png,flat,2,glioma,14068168681692030523,12,train
/kaggle/input/datasets/denizkavi1/brain-tumor/2/1088.png,1088.png,flat,2,glioma,14022570714780299836,13,test
/kaggle/input/datasets/denizkavi1/brain-tumor/2/1089.png,1089.png,flat,2,glioma,14107592968247468854,38,train
/kaggle/input/datasets/denizkavi1/brain-tumor/2/109.png,109.png,flat,2,glioma,9685338669287104950,14,train
/kaggle/input/datasets/denizkavi1/brain-tumor/2/1090.png,1090.png,flat,2,glioma,14023696598522213180,9,train
/kaggle/input/datasets/denizkavi1/brain-tumor/2/1091.png,1091.png,flat,2,glioma,13987122439437628270,9,train
/kaggle/input/datasets/denizkavi1/brain-tumor/2/1092.png,1092.png,flat,2,glioma,14068187241320006428,15,train
/kaggle/input/datasets/denizkavi1/brain-tumor/2/1093.png,1093.png,flat,2,glioma,14022854401663529520,16,train
/kaggle/input/datasets/denizkavi1/brain-tumor/2/1094.png,1094.png,flat,2,glioma,14068186273878074169,12,train
/kaggle/input/datasets/denizkavi1/brain-tumor/2/1095.png,1095.png,flat,2,glioma,14381183604727047268,6,cal
/kaggle/input/datasets/denizkavi1/brain-tumor/2/1096.png,1096.png,flat,2,glioma,14021446206446199053,17,train
/kaggle/input/datasets/denizkavi1/brain-tumor/2/1097.png,1097.png,flat,2,glioma,14108719383550386998,38,train
/kaggle/input/datasets/denizkavi1/brain-tumor/2/1098.png,1098.png,flat,2,glioma,14059725394463371899,18,train
/kaggle/input/datasets/denizkavi1/brain-tumor/2/1099.png,1099.png,flat,2,glioma,14094926289379340350,13,test
/kaggle/input/datasets/denizkavi1/brain-tumor/2/11.png,11.png,flat,2,glioma,10694412191987480673,19,train
/kaggle/input/datasets/denizkavi1/brain-tumor/2/110.png,110.png,flat,2,glioma,10384520603810949473,1580,train
/kaggle/input/datasets/denizkavi1/brain-tumor/2/1100.png,1100.png,flat,2,glioma,14095209976170373684,20,test
/kaggle/input/datasets/denizkavi1/brain-tumor/2/1101.png,1101.png,flat,2,glioma,14073253665340285722,21,test
/kaggle/input/datasets/denizkavi1/brain-tumor/2/1102.png,1102.png,flat,2,glioma,14381746555548165324,22,train
/kaggle/input/datasets/denizkavi1/brain-tumor/2/1103.png,1103.png,flat,2,glioma,14022588285493654076,13,test
/kaggle/input/datasets/denizkavi1/brain-tumor/2/1104.png,1104.png,flat,2,glioma,10923034951369307804,23,train
/kaggle/input/datasets/denizkavi1/brain-tumor/2/1105.png,1105.png,flat,2,glioma,9480758132153344060,24,train
/kaggle/input/datasets/denizkavi1/brain-tumor/2/1106.png,1106.png,flat,2,glioma,14058048648722173496,25,train
/kaggle/input/datasets/denizkavi1/brain-tumor/2/1107.png,1107.png,flat,2,glioma,14370263706264547482,28,cal
/kaggle/input/datasets/denizkavi1/brain-tumor/2/1108.png,1108.png,flat,2,glioma,10910665681780762522,712,train
/kaggle/input/datasets/denizkavi1/brain-tumor/2/1109.png,1109.png,flat,2,glioma,10562679218652407660,136,train
/kaggle/input/datasets/denizkavi1/brain-tumor/2/111.png,111.png,flat,2,glioma,13843284980000712992,26,train
/kaggle/input/datasets/denizkavi1/brain-tumor/2/1110.png,1110.png,flat,2,glioma,9744798801138771468,712,train
/kaggle/input/datasets/denizkavi1/brain-tumor/2/1111.png,1111.png,flat,2,glioma,15174383928777205548,136,train
/kaggle/input/datasets/denizkavi1/brain-tumor/2/1112.png,1112.png,flat,2,glioma,10923050210311825201,590,train
/kaggle/input/datasets/denizkavi1/brain-tumor/2/1113.png,1113.png,flat,2,glioma,9758296217088045978,28,cal
/kaggle/input/datasets/denizkavi1/brain-tumor/2/1114.png,1114.png,flat,2,glioma,9700324553294923314,590,train
/kaggle/input/datasets/denizkavi1/brain-tumor/2/1115.png,1115.png,flat,2,glioma,9627128655803917676,27,val
/kaggle/input/datasets/denizkavi1/brain-tumor/2/1116.png,1116.png,flat,2,glioma,9741983913932711694,712,train
/kaggle/input/datasets/denizkavi1/brain-tumor/2/1117.png,1117.png,flat,2,glioma,9757447325593515034,28,cal
/kaggle/input/datasets/denizkavi1/brain-tumor/2/1118.png,1118.png,flat,2,glioma,9770114953605358908,29,train
/kaggle/input/datasets/denizkavi1/brain-tumor/2/1119.png,1119.png,flat,2,glioma,14023709826743100204,136,train
/kaggle/input/datasets/denizkavi1/brain-tumor/2/112.png,112.png,flat,2,glioma,9685389181796311604,30,train
/kaggle/input/datasets/denizkavi1/brain-tumor/2/1120.png,1120.png,flat,2,glioma,9770113308566315580,31,train
/kaggle/input/datasets/denizkavi1/brain-tumor/2/1121.png,1121.png,flat,2,glioma,9748457752616121498,28,cal
/kaggle/input/datasets/denizkavi1/brain-tumor/2/1122.png,1122.png,flat,2,glioma,10850993157440365868,590,train
/kaggle/input/datasets/denizkavi1/brain-tumor/2/1123.png,1123.png,flat,2,glioma,10850975565520659757,590,train
/kaggle/input/datasets/denizkavi1/brain-tumor/2/1124.png,1124.png,flat,2,glioma,10637001910613100080,32,train
/kaggle/input/datasets/denizkavi1/brain-tumor/2/1125.png,1125.png,flat,2,glioma,9769269163949827388,33,val
/kaggle/input/datasets/denizkavi1/brain-tumor/2/1126.png,1126.png,flat,2,glioma,14396099902481548901,34,test
/kaggle/input/datasets/denizkavi1/brain-tumor/2/1127.png,1127.png,flat,2,glioma,11400996337909275193,41,val
/kaggle/input/datasets/denizkavi1/brain-tumor/2/1128.png,1128.png,flat,2,glioma,10320060960152128057,35,train
/kaggle/input/datasets/denizkavi1/brain-tumor/2/1129.png,1129.png,flat,2,glioma,10910665698951194522,712,train
/kaggle/input/datasets/denizkavi1/brain-tumor/2/113.png,113.png,flat,2,glioma,15212168229215626529,36,cal
/kaggle/input/datasets/denizkavi1/brain-tumor/2/1130.png,1130.png,flat,2,glioma,9744796473267045916,712,train
/kaggle/input/datasets/denizkavi1/brain-tumor/2/1131.png,1131.png,flat,2,glioma,9770113931409892668,37,train
/kaggle/input/datasets/denizkavi1/brain-tumor/2/1132.png,1132.png,flat,2,glioma,9744796464878446108,712,train
/kaggle/input/datasets/denizkavi1/brain-tumor/2/1133.png,1133.png,flat,2,glioma,9758573294085615770,28,cal
/kaggle/input/datasets/denizkavi1/brain-tumor/2/1134.png,1134.png,flat,2,glioma,9772382112973243954,590,train
/kaggle/input/datasets/denizkavi1/brain-tumor/2/1135.png,1135.png,flat,2,glioma,10922487260358993712,590,train
/kaggle/input/datasets/denizkavi1/brain-tumor/2/1136.png,1136.png,flat,2,glioma,9744797572782802456,712,train
/kaggle/input/datasets/denizkavi1/brain-tumor/2/1137.png,1137.png,flat,2,glioma,14395819556238157363,38,train
/kaggle/input/datasets/denizkavi1/brain-tumor/2/1138.png,1138.png,flat,2,glioma,10925302552365164082,590,train
/kaggle/input/datasets/denizkavi1/brain-tumor/2/1139.png,1139.png,flat,2,glioma,14370259243927744666,28,cal
/kaggle/input/datasets/denizkavi1/brain-tumor/2/114.png,114.png,flat,2,glioma,9592168406964005161,1580,train
/kaggle/input/datasets/denizkavi1/brain-tumor/2/1140.png,1140.png,flat,2,glioma,9744796464944997916,712,train
/kaggle/input/datasets/denizkavi1/brain-tumor/2/1141.png,1141.png,flat,2,glioma,14021462424975926828,136,train
/kaggle/input/datasets/denizkavi1/brain-tumor/2/1142.png,1142.png,flat,2,glioma,9627141884173100396,27,val
/kaggle/input/datasets/denizkavi1/brain-tumor/2/1143.png,1143.png,flat,2,glioma,14108152061320783411,38,train
/kaggle/input/datasets/denizkavi1/brain-tumor/2/1144.png,1144.png,flat,2,glioma,14021462424170620460,136,train
/kaggle/input/datasets/denizkavi1/brain-tumor/2/1145.png,1145.png,flat,2,glioma,10910665973830018458,712,train
/kaggle/input/datasets/denizkavi1/brain-tumor/2/1146.png,1146.png,flat,2,glioma,10923050752552019249,39,train
/kaggle/input/datasets/denizkavi1/brain-tumor/2/1147.png,1147.png,flat,2,glioma,9770131030350050618,40,train
/kaggle/input/datasets/denizkavi1/brain-tumor/2/1148.png,1148.png,flat,2,glioma,10925302070255052338,590,train
/kaggle/input/datasets/denizkavi1/brain-tumor/2/1149.png,1149.png,flat,2,glioma,9671614078850604600,41,val
/kaggle/input/datasets/denizkavi1/brain-tumor/2/115.png,115.png,flat,2,glioma,9685323309882880052,220,train
/kaggle/input/datasets/denizkavi1/brain-tumor/2/1150.png,1150.png,flat,2,glioma,14396100993638131297,34,test
/kaggle/input/datasets/denizkavi1/brain-tumor/2/1151.png,1151.png,flat,2,glioma,14106170741367779889,439,train
/kaggle/input/datasets/denizkavi1/brain-tumor/2/1152.png,1152.png,flat,2,glioma,9735789265418151476,712,train
/kaggle/input/datasets/denizkavi1/brain-tumor/2/1153.png,1153.png,flat,2,glioma,9626016262111453501,42,train
/kaggle/input/datasets/denizkavi1/brain-tumor/2/1154.png,1154.png,flat,2,glioma,13961843347296105592,439,train
/kaggle/input/datasets/denizkavi1/brain-tumor/2/1155.png,1155.png,flat,2,glioma,13962120432950453304,439,train
/kaggle/input/datasets/denizkavi1/brain-tumor/2/1156.png,1156.png,flat,2,glioma,13961843347296106040,439,train
/kaggle/input/datasets/denizkavi1/brain-tumor/2/1157.png,1157.png,flat,2,glioma,10922490039200736557,712,train
/kaggle/input/datasets/denizkavi1/brain-tumor/2/1158.png,1158.png,flat,2,glioma,13961843347296105592,439,train
/kaggle/input/datasets/denizkavi1/brain-tumor/2/1159.png,1159.png,flat,2,glioma,15114975473945158712,43,train
/kaggle/input/datasets/denizkavi1/brain-tumor/2/116.png,116.png,flat,2,glioma,10895467858469939076,44,train
/kaggle/input/datasets/denizkavi1/brain-tumor/2/1160.png,1160.png,flat,2,glioma,10910665699027740312,712,train
/kaggle/input/datasets/denizkavi1/brain-tumor/2/1161.png,1161.png,flat,2,glioma,13962055553291925040,439,train
/kaggle/input/datasets/denizkavi1/brain-tumor/2/1162.png,1162.png,flat,2,glioma,10910665698960631704,712,train
/kaggle/input/datasets/denizkavi1/brain-tumor/2/1163.png,1163.png,flat,2,glioma,13962119883194643504,439,train
/kaggle/input/datasets/denizkavi1/brain-tumor/2/1164.png,1164.png,flat,2,glioma,9735789265418151476,712,train
/kaggle/input/datasets/denizkavi1/brain-tumor/2/1165.png,1165.png,flat,2,glioma,14108419861121634929,45,train
/kaggle/input/datasets/denizkavi1/brain-tumor/2/1166.png,1166.png,flat,2,glioma,10924741770294945069,712,train
/kaggle/input/datasets/denizkavi1/brain-tumor/2/1167.png,1167.png,flat,2,glioma,14109545756732986225,45,train
/kaggle/input/datasets/denizkavi1/brain-tumor/2/1168.png,1168.png,flat,2,glioma,13962119951779898424,439,train
/kaggle/input/datasets/denizkavi1/brain-tumor/2/1169.png,1169.png,flat,2,glioma,10897717969275545244,712,train
/kaggle/input/datasets/denizkavi1/brain-tumor/2/117.png,117.png,flat,2,glioma,10719177472745281640,46,train
/kaggle/input/datasets/denizkavi1/brain-tumor/2/1170.png,1170.png,flat,2,glioma,9620949712930169149,42,train
/kaggle/input/datasets/denizkavi1/brain-tumor/2/1171.png,1171.png,flat,2,glioma,13961505257268454448,439,train
/kaggle/input/datasets/denizkavi1/brain-tumor/2/1172.png,1172.png,flat,2,glioma,15114994715448845360,47,train
/kaggle/input/datasets/denizkavi1/brain-tumor/2/1173.png,1173.png,flat,2,glioma,10910665698960631704,712,train
/kaggle/input/datasets/denizkavi1/brain-tumor/2/1174.png,1174.png,flat,2,glioma,13962120432816239672,439,train
/kaggle/input/datasets/denizkavi1/brain-tumor/2/1175.png,1175.png,flat,2,glioma,13962055621742966320,439,train
/kaggle/input/datasets/denizkavi1/brain-tumor/2/1176.png,1176.png,flat,2,glioma,9735791460146308908,712,train
/kaggle/input/datasets/denizkavi1/brain-tumor/2/1177.png,1177.png,flat,2,glioma,10910665698960631704,712,train
/kaggle/input/datasets/denizkavi1/brain-tumor/2/1178.png,1178.png,flat,2,glioma,14023711608419999751,10,train
/kaggle/input/datasets/denizkavi1/brain-tumor/2/1179.png,1179.png,flat,2,glioma,13890010613116838960,439,train
/kaggle/input/datasets/denizkavi1/brain-tumor/2/118.png,118.png,flat,2,glioma,10747060159880241509,48,train
/kaggle/input/datasets/denizkavi1/brain-tumor/2/1180.png,1180.png,flat,2,glioma,14324324843434107753,49,val
/kaggle/input/datasets/denizkavi1/brain-tumor/2/1181.png,1181.png,flat,2,glioma,14397494009300936569,50,train
/kaggle/input/datasets/denizkavi1/brain-tumor/2/1182.png,1182.png,flat,2,glioma,10849849132838642529,55,train
/kaggle/input/datasets/denizkavi1/brain-tumor/2/1183.png,1183.png,flat,2,glioma,10850992608758211433,590,train
/kaggle/input/datasets/denizkavi1/brain-tumor/2/1184.png,1184.png,flat,2,glioma,14033831131187261500,439,train
/kaggle/input/datasets/denizkavi1/brain-tumor/2/1185.png,1185.png,flat,2,glioma,14106168542344540728,439,train
/kaggle/input/datasets/denizkavi1/brain-tumor/2/1186.png,1186.png,flat,2,glioma,10706809255264085788,51,train
/kaggle/input/datasets/denizkavi1/brain-tumor/2/1187.png,1187.png,flat,2,glioma,9699180536125793891,52,train
/kaggle/input/datasets/denizkavi1/brain-tumor/2/1188.png,1188.png,flat,2,glioma,10864433876415112803,53,val
/kaggle/input/datasets/denizkavi1/brain-tumor/2/1189.png,1189.png,flat,2,glioma,14108420406515610417,439,train
/kaggle/input/datasets/denizkavi1/brain-tumor/2/119.png,119.png,flat,2,glioma,10718615277632735768,150,train
/kaggle/input/datasets/denizkavi1/brain-tumor/2/1190.png,1190.png,flat,2,glioma,13879596832677781511,10,train
/kaggle/input/datasets/denizkavi1/brain-tumor/2/1191.png,1191.png,flat,2,glioma,15176637889026416686,54,train
/kaggle/input/datasets/denizkavi1/brain-tumor/2/1192.png,1192.png,flat,2,glioma,14033831406196241464,439,train
/kaggle/input/datasets/denizkavi1/brain-tumor/2/1193.png,1193.png,flat,2,glioma,14033831406196240444,439,train
/kaggle/input/datasets/denizkavi1/brain-tumor/2/1194.png,1194.png,flat,2,glioma,14034110407140717112,439,train
/kaggle/input/datasets/denizkavi1/brain-tumor/2/1195.png,1195.png,flat,2,glioma,14108437930049286960,439,train
/kaggle/input/datasets/denizkavi1/brain-tumor/2/1196.png,1196.png,flat,2,glioma,10852102023557227376,55,train
/kaggle/input/datasets/denizkavi1/brain-tumor/2/1197.png,1197.png,flat,2,glioma,10863588558137288297,56,val
/kaggle/input/datasets/denizkavi1/brain-tumor/2/1198.png,1198.png,flat,2,glioma,10850975016571709289,590,train
/kaggle/input/datasets/denizkavi1/brain-tumor/2/1199.png,1199.png,flat,2,glioma,14310813769674023785,49,val
/kaggle/input/datasets/denizkavi1/brain-tumor/2/12.png,12.png,flat,2,glioma,14035533368326173028,57,train
/kaggle/input/datasets/denizkavi1/brain-tumor/2/120.png,120.png,flat,2,glioma,10745089911571900713,1580,train
/kaggle/input/datasets/denizkavi1/brain-tumor/2/1200.png,1200.png,flat,2,glioma,14033831406063071292,439,train
/kaggle/input/datasets/denizkavi1/brain-tumor/2/1201.png,1201.png,flat,2,glioma,14107875014388413233,58,test
/kaggle/input/datasets/denizkavi1/brain-tumor/2/1202.png,1202.png,flat,2,glioma,13889716218120450104,439,train
/kaggle/input/datasets/denizkavi1/brain-tumor/2/1203.png,1203.png,flat,2,glioma,10852100941225223009,55,train
/kaggle/input/datasets/denizkavi1/brain-tumor/2/1204.png,1204.png,flat,2,glioma,10432146775288034953,59,train
/kaggle/input/datasets/denizkavi1/brain-tumor/2/1205.png,1205.png,flat,2,glioma,10432358981017351880,60,train
/kaggle/input/datasets/denizkavi1/brain-tumor/2/1206.png,1206.png,flat,2,glioma,14685460567120659297,61,train
/kaggle/input/datasets/denizkavi1/brain-tumor/2/1207.png,1207.png,flat,2,glioma,14033831131187261500,439,train
/kaggle/input/datasets/denizkavi1/brain-tumor/2/1208.png,1208.png,flat,2,glioma,9699180527738250849,52,train
/kaggle/input/datasets/denizkavi1/brain-tumor/2/1209.png,1209.png,flat,2,glioma,14038616197338243132,62,train
/kaggle/input/datasets/denizkavi1/brain-tumor/2/121.png,121.png,flat,2,glioma,10465374188611906727,1580,train
/kaggle/input/datasets/denizkavi1/brain-tumor/2/1210.png,1210.png,flat,2,glioma,9787002723003802824,63,train
/kaggle/input/datasets/denizkavi1/brain-tumor/2/1211.png,1211.png,flat,2,glioma,10432428250264614424,59,train
/kaggle/input/datasets/denizkavi1/brain-tumor/2/1212.png,1212.png,flat,2,glioma,14309690048057124668,64,train
/kaggle/input/datasets/denizkavi1/brain-tumor/2/1213.png,1213.png,flat,2,glioma,10648320656953386183,65,cal
/kaggle/input/datasets/denizkavi1/brain-tumor/2/1214.png,1214.png,flat,2,glioma,14033831131321217084,439,train
/kaggle/input/datasets/denizkavi1/brain-tumor/2/1215.png,1215.png,flat,2,glioma,14008795961104671515,675,train
/kaggle/input/datasets/denizkavi1/brain-tumor/2/1216.png,1216.png,flat,2,glioma,14081416366577313376,569,test
/kaggle/input/datasets/denizkavi1/brain-tumor/2/1217.png,1217.png,flat,2,glioma,10829531756754265658,66,train
/kaggle/input/datasets/denizkavi1/brain-tumor/2/1218.png,1218.png,flat,2,glioma,14009358776832124006,569,test
/kaggle/input/datasets/denizkavi1/brain-tumor/2/1219.png,1219.png,flat,2,glioma,14092395923066008140,67,cal
/kaggle/input/datasets/denizkavi1/brain-tumor/2/122.png,122.png,flat,2,glioma,13996183977739826208,68,train
/kaggle/input/datasets/denizkavi1/brain-tumor/2/1220.png,1220.png,flat,2,glioma,14010484809891471458,569,test
/kaggle/input/datasets/denizkavi1/brain-tumor/2/1221.png,1221.png,flat,2,glioma,10825591107080349240,69,train
/kaggle/input/datasets/denizkavi1/brain-tumor/2/1222.png,1222.png,flat,2,glioma,10887586108138251832,70,train
/kaggle/input/datasets/denizkavi1/brain-tumor/2/1223.png,1223.png,flat,2,glioma,10853244649157191210,590,train
/kaggle/input/datasets/denizkavi1/brain-tumor/2/1224.png,1224.png,flat,2,glioma,13993315029337728652,77,train
/kaggle/input/datasets/denizkavi1/brain-tumor/2/1225.png,1225.png,flat,2,glioma,11405763621698307619,71,test
/kaggle/input/datasets/denizkavi1/brain-tumor/2/1226.png,1226.png,flat,2,glioma,14007087216077333048,72,train
/kaggle/input/datasets/denizkavi1/brain-tumor/2/1227.png,1227.png,flat,2,glioma,10850430208560097084,590,train
/kaggle/input/datasets/denizkavi1/brain-tumor/2/1228.png,1228.png,flat,2,glioma,14009358897099727970,569,test
/kaggle/input/datasets/denizkavi1/brain-tumor/2/1229.png,1229.png,flat,2,glioma,13995566830208361356,77,train
/kaggle/input/datasets/denizkavi1/brain-tumor/2/123.png,123.png,flat,2,glioma,13846650400665532452,73,train
/kaggle/input/datasets/denizkavi1/brain-tumor/2/1230.png,1230.png,flat,2,glioma,13995566830208362124,77,train
/kaggle/input/datasets/denizkavi1/brain-tumor/2/1231.png,1231.png,flat,2,glioma,14008795961104687883,675,train
/kaggle/input/datasets/denizkavi1/brain-tumor/2/1232.png,1232.png,flat,2,glioma,14009358772539385440,569,test
/kaggle/input/datasets/denizkavi1/brain-tumor/2/1233.png,1233.png,flat,2,glioma,13993315029337728652,77,train
/kaggle/input/datasets/denizkavi1/brain-tumor/2/1234.png,1234.png,flat,2,glioma,11405482146688566835,71,test
/kaggle/input/datasets/denizkavi1/brain-tumor/2/1235.png,1235.png,flat,2,glioma,14067061345443874716,74,train
/kaggle/input/datasets/denizkavi1/brain-tumor/2/1236.png,1236.png,flat,2,glioma,9741983949302147016,75,train
/kaggle/input/datasets/denizkavi1/brain-tumor/2/1237.png,1237.png,flat,2,glioma,15437277134129645208,76,train
/kaggle/input/datasets/denizkavi1/brain-tumor/2/1238.png,1238.png,flat,2,glioma,15148487235319768974,77,train
/kaggle/input/datasets/denizkavi1/brain-tumor/2/1239.png,1239.png,flat,2,glioma,9742263220960634828,75,train
/kaggle/input/datasets/denizkavi1/brain-tumor/2/124.png,124.png,flat,2,glioma,10744038847133278565,1580,train
/kaggle/input/datasets/denizkavi1/brain-tumor/2/1240.png,1240.png,flat,2,glioma,10829037869879584355,78,train
/kaggle/input/datasets/denizkavi1/brain-tumor/2/1241.png,1241.png,flat,2,glioma,10824465215804835384,79,train
/kaggle/input/datasets/denizkavi1/brain-tumor/2/1242.png,1242.png,flat,2,glioma,10850993158580627000,590,train
/kaggle/input/datasets/denizkavi1/brain-tumor/2/1243.png,1243.png,flat,2,glioma,9741983700170335960,80,train
/kaggle/input/datasets/denizkavi1/brain-tumor/2/1244.png,1244.png,flat,2,glioma,14311095343441994278,81,test
/kaggle/input/datasets/denizkavi1/brain-tumor/2/1245.png,1245.png,flat,2,glioma,15725507510268774040,76,train
/kaggle/input/datasets/denizkavi1/brain-tumor/2/1246.png,1246.png,flat,2,glioma,14065371018110579657,82,train
/kaggle/input/datasets/denizkavi1/brain-tumor/2/1247.png,1247.png,flat,2,glioma,10816090227103196728,70,train
/kaggle/input/datasets/denizkavi1/brain-tumor/2/1248.png,1248.png,flat,2,glioma,14007087220370465820,83,train
/kaggle/input/datasets/denizkavi1/brain-tumor/2/1249.png,1249.png,flat,2,glioma,11405763552979623457,71,test
/kaggle/input/datasets/denizkavi1/brain-tumor/2/125.png,125.png,flat,2,glioma,13838272117720755300,84,train
/kaggle/input/datasets/denizkavi1/brain-tumor/2/1250.png,1250.png,flat,2,glioma,10839101905896400440,69,train
/kaggle/input/datasets/denizkavi1/brain-tumor/2/1251.png,1251.png,flat,2,glioma,14009358772539123273,569,test
/kaggle/input/datasets/denizkavi1/brain-tumor/2/1252.png,1252.png,flat,2,glioma,13993313930899318414,77,train
/kaggle/input/datasets/denizkavi1/brain-tumor/2/1253.png,1253.png,flat,2,glioma,14295335188506633336,85,train
/kaggle/input/datasets/denizkavi1/brain-tumor/2/1254.png,1254.png,flat,2,glioma,9599540120970049182,86,train
/kaggle/input/datasets/denizkavi1/brain-tumor/2/1255.png,1255.png,flat,2,glioma,14029345372862886413,87,train
/kaggle/input/datasets/denizkavi1/brain-tumor/2/1256.png,1256.png,flat,2,glioma,10850430285863806564,590,train
/kaggle/input/datasets/denizkavi1/brain-tumor/2/1257.png,1257.png,flat,2,glioma,14063682545427334969,88,test
/kaggle/input/datasets/denizkavi1/brain-tumor/2/1258.png,1258.png,flat,2,glioma,13991625844710073900,89,train
/kaggle/input/datasets/denizkavi1/brain-tumor/2/1259.png,1259.png,flat,2,glioma,14000633310252787244,89,train
/kaggle/input/datasets/denizkavi1/brain-tumor/2/126.png,126.png,flat,2,glioma,10766482079284735331,1580,train
/kaggle/input/datasets/denizkavi1/brain-tumor/2/1260.png,1260.png,flat,2,glioma,9600683613264225806,712,train
/kaggle/input/datasets/denizkavi1/brain-tumor/2/1261.png,1261.png,flat,2,glioma,10845926686236436324,590,train
/kaggle/input/datasets/denizkavi1/brain-tumor/2/1262.png,1262.png,flat,2,glioma,10850430277275969124,590,train
/kaggle/input/datasets/denizkavi1/brain-tumor/2/1263.png,1263.png,flat,2,glioma,10922487261436667745,90,train
/kaggle/input/datasets/denizkavi1/brain-tumor/2/1264.png,1264.png,flat,2,glioma,11400978763163158833,91,train
/kaggle/input/datasets/denizkavi1/brain-tumor/2/1265.png,1265.png,flat,2,glioma,14020597860216025756,92,test
/kaggle/input/datasets/denizkavi1/brain-tumor/2/1266.png,1266.png,flat,2,glioma,13991626119586956908,89,train
/kaggle/input/datasets/denizkavi1/brain-tumor/2/1267.png,1267.png,flat,2,glioma,14021459808604336790,93,train
/kaggle/input/datasets/denizkavi1/brain-tumor/2/1268.png,1268.png,flat,2,glioma,14021446683192668173,94,train
/kaggle/input/datasets/denizkavi1/brain-tumor/2/1269.png,1269.png,flat,2,glioma,14308845742651564644,81,test
/kaggle/input/datasets/denizkavi1/brain-tumor/2/127.png,127.png,flat,2,glioma,10751352635958978020,95,train
/kaggle/input/datasets/denizkavi1/brain-tumor/2/1270.png,1270.png,flat,2,glioma,14381747782828634725,96,train
/kaggle/input/datasets/denizkavi1/brain-tumor/2/1271.png,1271.png,flat,2,glioma,14018647683002295100,97,train
/kaggle/input/datasets/denizkavi1/brain-tumor/2/1272.png,1272.png,flat,2,glioma,9744796464681244316,712,train
/kaggle/input/datasets/denizkavi1/brain-tumor/2/1273.png,1273.png,flat,2,glioma,14288863626282821228,89,train
/kaggle/input/datasets/denizkavi1/brain-tumor/2/1274.png,1274.png,flat,2,glioma,14283792253521478252,98,train
/kaggle/input/datasets/denizkavi1/brain-tumor/2/1275.png,1275.png,flat,2,glioma,10814401411608241766,99,train
/kaggle/input/datasets/denizkavi1/brain-tumor/2/1276.png,1276.png,flat,2,glioma,9671596488813091385,41,val
/kaggle/input/datasets/denizkavi1/brain-tumor/2/1277.png,1277.png,flat,2,glioma,9744796473539596856,712,train
/kaggle/input/datasets/denizkavi1/brain-tumor/2/1278.png,1278.png,flat,2,glioma,14310813868465283686,81,test
/kaggle/input/datasets/denizkavi1/brain-tumor/2/1279.png,1279.png,flat,2,glioma,14093517402379350628,100,test
/kaggle/input/datasets/denizkavi1/brain-tumor/2/128.png,128.png,flat,2,glioma,14068171203033969700,68,train
/kaggle/input/datasets/denizkavi1/brain-tumor/2/1280.png,1280.png,flat,2,glioma,14283229728772952860,101,train
/kaggle/input/datasets/denizkavi1/brain-tumor/2/1281.png,1281.png,flat,2,glioma,14283229858423100236,102,train
/kaggle/input/datasets/denizkavi1/brain-tumor/2/1282.png,1282.png,flat,2,glioma,9744798663703979676,712,train
/kaggle/input/datasets/denizkavi1/brain-tumor/2/1283.png,1283.png,flat,2,glioma,14311095343441993830,81,test
/kaggle/input/datasets/denizkavi1/brain-tumor/2/1284.png,1284.png,flat,2,glioma,10825028294505604764,712,train
/kaggle/input/datasets/denizkavi1/brain-tumor/2/1285.png,1285.png,flat,2,glioma,10888710771100272230,99,train
/kaggle/input/datasets/denizkavi1/brain-tumor/2/1286.png,1286.png,flat,2,glioma,9397104443861136027,103,test
/kaggle/input/datasets/denizkavi1/brain-tumor/2/1287.png,1287.png,flat,2,glioma,10923263306188219942,108,train
/kaggle/input/datasets/denizkavi1/brain-tumor/2/1288.png,1288.png,flat,2,glioma,13991340319385544410,1020,train
/kaggle/input/datasets/denizkavi1/brain-tumor/2/1289.png,1289.png,flat,2,glioma,14033831680940979320,439,train
/kaggle/input/datasets/denizkavi1/brain-tumor/2/129.png,129.png,flat,2,glioma,10719177471671541272,46,train
/kaggle/input/datasets/denizkavi1/brain-tumor/2/1290.png,1290.png,flat,2,glioma,14033831131120185970,439,train
/kaggle/input/datasets/denizkavi1/brain-tumor/2/1291.png,1291.png,flat,2,glioma,14082539036490232459,104,train
/kaggle/input/datasets/denizkavi1/brain-tumor/2/1292.png,1292.png,flat,2,glioma,10826136602225878686,712,train
/kaggle/input/datasets/denizkavi1/brain-tumor/2/1293.png,1293.png,flat,2,glioma,14641815285594796700,105,train
/kaggle/input/datasets/denizkavi1/brain-tumor/2/1294.png,1294.png,flat,2,glioma,14034113155917689912,439,train
/kaggle/input/datasets/denizkavi1/brain-tumor/2/1295.png,1295.png,flat,2,glioma,14395308283281290809,106,test
/kaggle/input/datasets/denizkavi1/brain-tumor/2/1296.png,1296.png,flat,2,glioma,10548338766127707339,107,test
/kaggle/input/datasets/denizkavi1/brain-tumor/2/1297.png,1297.png,flat,2,glioma,10923263306188220069,108,train
/kaggle/input/datasets/denizkavi1/brain-tumor/2/1298.png,1298.png,flat,2,glioma,14009073243119642522,1020,train
/kaggle/input/datasets/denizkavi1/brain-tumor/2/1299.png,1299.png,flat,2,glioma,10918546401305126505,108,train
/kaggle/input/datasets/denizkavi1/brain-tumor/2/13.png,13.png,flat,2,glioma,9601243810948921030,109,train
/kaggle/input/datasets/denizkavi1/brain-tumor/2/130.png,130.png,flat,2,glioma,13848334916638489696,110,val
/kaggle/input/datasets/denizkavi1/brain-tumor/2/1300.png,1300.png,flat,2,glioma,9770905499245290793,111,train
/kaggle/input/datasets/denizkavi1/brain-tumor/2/1301.png,1301.png,flat,2,glioma,9771472847110938925,111,train
/kaggle/input/datasets/denizkavi1/brain-tumor/2/1302.png,1302.png,flat,2,glioma,14106182901225010793,112,train
/kaggle/input/datasets/denizkavi1/brain-tumor/2/1303.png,1303.png,flat,2,glioma,10918757507537659497,108,train
/kaggle/input/datasets/denizkavi1/brain-tumor/2/1304.png,1304.png,flat,2,glioma,14106180908310378089,112,train
/kaggle/input/datasets/denizkavi1/brain-tumor/2/1305.png,1305.png,flat,2,glioma,14081411212421326542,1020,train
/kaggle/input/datasets/denizkavi1/brain-tumor/2/1306.png,1306.png,flat,2,glioma,10908697843863922250,113,train
/kaggle/input/datasets/denizkavi1/brain-tumor/2/1307.png,1307.png,flat,2,glioma,10825029394016708254,712,train
/kaggle/input/datasets/denizkavi1/brain-tumor/2/1308.png,1308.png,flat,2,glioma,9782797060717852205,114,train
/kaggle/input/datasets/denizkavi1/brain-tumor/2/1309.png,1309.png,flat,2,glioma,14064791355704963742,115,train
/kaggle/input/datasets/denizkavi1/brain-tumor/2/131.png,131.png,flat,2,glioma,13996741104415511694,116,val
/kaggle/input/datasets/denizkavi1/brain-tumor/2/1310.png,1310.png,flat,2,glioma,14284637227938996940,117,train
/kaggle/input/datasets/denizkavi1/brain-tumor/2/1311.png,1311.png,flat,2,glioma,10824535575924467356,712,train
/kaggle/input/datasets/denizkavi1/brain-tumor/2/1312.png,1312.png,flat,2,glioma,9757393513545626267,103,test
/kaggle/input/datasets/denizkavi1/brain-tumor/2/1313.png,1313.png,flat,2,glioma,13889434463839740784,118,train
/kaggle/input/datasets/denizkavi1/brain-tumor/2/1314.png,1314.png,flat,2,glioma,10620396360165634763,107,test
/kaggle/input/datasets/denizkavi1/brain-tumor/2/1315.png,1315.png,flat,2,glioma,9758872276103997002,119,train
/kaggle/input/datasets/denizkavi1/brain-tumor/2/1316.png,1316.png,flat,2,glioma,14034113155919786040,439,train
/kaggle/input/datasets/denizkavi1/brain-tumor/2/1317.png,1317.png,flat,2,glioma,14065917496129958606,115,train
/kaggle/input/datasets/denizkavi1/brain-tumor/2/1318.png,1318.png,flat,2,glioma,13889153058588144496,120,train
/kaggle/input/datasets/denizkavi1/brain-tumor/2/1319.png,1319.png,flat,2,glioma,14081412311932953294,1020,train
/kaggle/input/datasets/denizkavi1/brain-tumor/2/132.png,132.png,flat,2,glioma,14068241588957557856,121,train
/kaggle/input/datasets/denizkavi1/brain-tumor/2/1320.png,1320.png,flat,2,glioma,10537907321282455198,712,train
/kaggle/input/datasets/denizkavi1/brain-tumor/2/1321.png,1321.png,flat,2,glioma,10609982506491405982,712,train
/kaggle/input/datasets/denizkavi1/brain-tumor/2/1322.png,1322.png,flat,2,glioma,13995843919012914890,1020,train
/kaggle/input/datasets/denizkavi1/brain-tumor/2/1323.png,1323.png,flat,2,glioma,9765838751709881893,108,train
/kaggle/input/datasets/denizkavi1/brain-tumor/2/1324.png,1324.png,flat,2,glioma,14081412312134280906,1020,train
/kaggle/input/datasets/denizkavi1/brain-tumor/2/1325.png,1325.png,flat,2,glioma,14304626877941244265,122,test
/kaggle/input/datasets/denizkavi1/brain-tumor/2/1326.png,1326.png,flat,2,glioma,9765838201954068005,108,train
/kaggle/input/datasets/denizkavi1/brain-tumor/2/1327.png,1327.png,flat,2,glioma,9756620545009853514,119,train
/kaggle/input/datasets/denizkavi1/brain-tumor/2/1328.png,1328.png,flat,2,glioma,10537359768795177886,123,train
/kaggle/input/datasets/denizkavi1/brain-tumor/2/1329.png,1329.png,flat,2,glioma,13949120130845335849,124,train
/kaggle/input/datasets/denizkavi1/brain-tumor/2/133.png,133.png,flat,2,glioma,14284971483801293516,125,val
/kaggle/input/datasets/denizkavi1/brain-tumor/2/1330.png,1330.png,flat,2,glioma,14874326974508741401,129,train
/kaggle/input/datasets/denizkavi1/brain-tumor/2/1331.png,1331.png,flat,2,glioma,14354725017990804110,126,train
/kaggle/input/datasets/denizkavi1/brain-tumor/2/1332.png,1332.png,flat,2,glioma,14323532172810003001,106,test
/kaggle/input/datasets/denizkavi1/brain-tumor/2/1333.png,1333.png,flat,2,glioma,13993317125597701899,127,cal
/kaggle/input/datasets/denizkavi1/brain-tumor/2/1334.png,1334.png,flat,2,glioma,14023713125296841516,136,train
/kaggle/input/datasets/denizkavi1/brain-tumor/2/1335.png,1335.png,flat,2,glioma,10836344790303793562,128,train
/kaggle/input/datasets/denizkavi1/brain-tumor/2/1336.png,1336.png,flat,2,glioma,15174382834368209769,136,train
/kaggle/input/datasets/denizkavi1/brain-tumor/2/1337.png,1337.png,flat,2,glioma,14873200128840086425,129,train
/kaggle/input/datasets/denizkavi1/brain-tumor/2/1338.png,1338.png,flat,2,glioma,10922487806889387814,590,train
/kaggle/input/datasets/denizkavi1/brain-tumor/2/1339.png,1339.png,flat,2,glioma,14101397396205150414,130,train
/kaggle/input/datasets/denizkavi1/brain-tumor/2/134.png,134.png,flat,2,glioma,14067045307421571122,131,test
/kaggle/input/datasets/denizkavi1/brain-tumor/2/1340.png,1340.png,flat,2,glioma,14034110956896531000,439,train
/kaggle/input/datasets/denizkavi1/brain-tumor/2/1341.png,1341.png,flat,2,glioma,14281542554018394639,132,train
/kaggle/input/datasets/denizkavi1/brain-tumor/2/1342.png,1342.png,flat,2,glioma,9685675123332768210,133,train
/kaggle/input/datasets/denizkavi1/brain-tumor/2/1343.png,1343.png,flat,2,glioma,9711511335643658089,134,val
/kaggle/input/datasets/denizkavi1/brain-tumor/2/1344.png,1344.png,flat,2,glioma,15174946845180782132,136,train
/kaggle/input/datasets/denizkavi1/brain-tumor/2/1345.png,1345.png,flat,2,glioma,10838595529515086226,135,train
/kaggle/input/datasets/denizkavi1/brain-tumor/2/1346.png,1346.png,flat,2,glioma,15175509795131974508,136,train
/kaggle/input/datasets/denizkavi1/brain-tumor/2/1347.png,1347.png,flat,2,glioma,14282668248586725004,137,train
/kaggle/input/datasets/denizkavi1/brain-tumor/2/1348.png,1348.png,flat,2,glioma,14874888952946800153,138,train
/kaggle/input/datasets/denizkavi1/brain-tumor/2/1349.png,1349.png,flat,2,glioma,9395122511136843202,139,train
/kaggle/input/datasets/denizkavi1/brain-tumor/2/135.png,135.png,flat,2,glioma,10749663949317286947,140,train
/kaggle/input/datasets/denizkavi1/brain-tumor/2/1350.png,1350.png,flat,2,glioma,14021461334056313197,136,train
/kaggle/input/datasets/denizkavi1/brain-tumor/2/1351.png,1351.png,flat,2,glioma,15176634629886927660,136,train
/kaggle/input/datasets/denizkavi1/brain-tumor/2/1352.png,1352.png,flat,2,glioma,13993299533474571163,141,train
/kaggle/input/datasets/denizkavi1/brain-tumor/2/1353.png,1353.png,flat,2,glioma,14874326970214036249,129,train
/kaggle/input/datasets/denizkavi1/brain-tumor/2/1354.png,1354.png,flat,2,glioma,10837470741077057802,142,train
/kaggle/input/datasets/denizkavi1/brain-tumor/2/1355.png,1355.png,flat,2,glioma,14586096593022104473,129,train
/kaggle/input/datasets/denizkavi1/brain-tumor/2/1356.png,1356.png,flat,2,glioma,15174382830073226093,136,train
/kaggle/input/datasets/denizkavi1/brain-tumor/2/1357.png,1357.png,flat,2,glioma,15176635695038932772,136,train
/kaggle/input/datasets/denizkavi1/brain-tumor/2/1358.png,1358.png,flat,2,glioma,13985996543552874292,136,train
/kaggle/input/datasets/denizkavi1/brain-tumor/2/1359.png,1359.png,flat,2,glioma,14394463862700667441,143,train
/kaggle/input/datasets/denizkavi1/brain-tumor/2/136.png,136.png,flat,2,glioma,10465920645823833287,144,train
/kaggle/input/datasets/denizkavi1/brain-tumor/2/1360.png,1360.png,flat,2,glioma,10562199840994715174,590,train
/kaggle/input/datasets/denizkavi1/brain-tumor/2/1361.png,1361.png,flat,2,glioma,14658438961846469529,145,train
/kaggle/input/datasets/denizkavi1/brain-tumor/2/1362.png,1362.png,flat,2,glioma,14873201090711434009,129,train
/kaggle/input/datasets/denizkavi1/brain-tumor/2/1363.png,1363.png,flat,2,glioma,10563325740968175156,146,val
/kaggle/input/datasets/denizkavi1/brain-tumor/2/1364.png,1364.png,flat,2,glioma,10648260600446854701,147,train
/kaggle/input/datasets/denizkavi1/brain-tumor/2/1365.png,1365.png,flat,2,glioma,14068731648896348814,452,train
/kaggle/input/datasets/denizkavi1/brain-tumor/2/1366.png,1366.png,flat,2,glioma,14078884212997894221,148,train
/kaggle/input/datasets/denizkavi1/brain-tumor/2/1367.png,1367.png,flat,2,glioma,14067605727514682319,452,train
/kaggle/input/datasets/denizkavi1/brain-tumor/2/1368.png,1368.png,flat,2,glioma,14060870123726336073,149,val
/kaggle/input/datasets/denizkavi1/brain-tumor/2/1369.png,1369.png,flat,2,glioma,14067043898547712909,452,train
/kaggle/input/datasets/denizkavi1/brain-tumor/2/137.png,137.png,flat,2,glioma,10718614521717422104,150,train
/kaggle/input/datasets/denizkavi1/brain-tumor/2/1370.png,1370.png,flat,2,glioma,14067605731826414223,452,train
/kaggle/input/datasets/denizkavi1/brain-tumor/2/1371.png,1371.png,flat,2,glioma,13995550332508397647,452,train
/kaggle/input/datasets/denizkavi1/brain-tumor/2/1372.png,1372.png,flat,2,glioma,14006828027575296073,149,val
/kaggle/input/datasets/denizkavi1/brain-tumor/2/1373.png,1373.png,flat,2,glioma,13995565725411139919,452,train
/kaggle/input/datasets/denizkavi1/brain-tumor/2/1374.png,1374.png,flat,2,glioma,14067341733021848524,151,train
/kaggle/input/datasets/denizkavi1/brain-tumor/2/1375.png,1375.png,flat,2,glioma,11414488252906376745,152,cal
/kaggle/input/datasets/denizkavi1/brain-tumor/2/1376.png,1376.png,flat,2,glioma,14395325858287740216,153,train
/kaggle/input/datasets/denizkavi1/brain-tumor/2/1377.png,1377.png,flat,2,glioma,9742528864002848199,437,train
/kaggle/input/datasets/denizkavi1/brain-tumor/2/1378.png,1378.png,flat,2,glioma,13990781767696737931,77,train
/kaggle/input/datasets/denizkavi1/brain-tumor/2/1379.png,1379.png,flat,2,glioma,14108432466785625977,154,train
/kaggle/input/datasets/denizkavi1/brain-tumor/2/138.png,138.png,flat,2,glioma,13838272186457009248,84,train
/kaggle/input/datasets/denizkavi1/brain-tumor/2/139.png,139.png,flat,2,glioma,10931494460756707220,155,train
/kaggle/input/datasets/denizkavi1/brain-tumor/2/14.png,14.png,flat,2,glioma,10685404985235421281,19,train
/kaggle/input/datasets/denizkavi1/brain-tumor/2/140.png,140.png,flat,2,glioma,9602305830883451489,156,val
/kaggle/input/datasets/denizkavi1/brain-tumor/2/141.png,141.png,flat,2,glioma,10766204856326168933,48,train
/kaggle/input/datasets/denizkavi1/brain-tumor/2/142.png,142.png,flat,2,glioma,10761978478633967973,1580,train
/kaggle/input/datasets/denizkavi1/brain-tumor/2/143.png,143.png,flat,2,glioma,10755227405249439841,157,train
/kaggle/input/datasets/denizkavi1/brain-tumor/2/144.png,144.png,flat,2,glioma,10718614796579629080,150,train
/kaggle/input/datasets/denizkavi1/brain-tumor/2/145.png,145.png,flat,2,glioma,10770989947321592128,1580,train
/kaggle/input/datasets/denizkavi1/brain-tumor/2/146.png,146.png,flat,2,glioma,10765919099275011175,1580,train
/kaggle/input/datasets/denizkavi1/brain-tumor/2/147.png,147.png,flat,2,glioma,10464711286458491073,1580,train
/kaggle/input/datasets/denizkavi1/brain-tumor/2/148.png,148.png,flat,2,glioma,9617471537537951111,1580,train
/kaggle/input/datasets/denizkavi1/brain-tumor/2/149.png,149.png,flat,2,glioma,10743933233905803593,1580,train
/kaggle/input/datasets/denizkavi1/brain-tumor/2/15.png,15.png,flat,2,glioma,9618063882260394596,158,val
/kaggle/input/datasets/denizkavi1/brain-tumor/2/150.png,150.png,flat,2,glioma,10478222016633659841,159,train
/kaggle/input/datasets/denizkavi1/brain-tumor/2/151.png,151.png,flat,2,glioma,10770391942935175813,160,train
/kaggle/input/datasets/denizkavi1/brain-tumor/2/152.png,152.png,flat,2,glioma,10743934197063295205,1580,train
/kaggle/input/datasets/denizkavi1/brain-tumor/2/153.png,153.png,flat,2,glioma,10682391394483446983,1580,train
/kaggle/input/datasets/denizkavi1/brain-tumor/2/154.png,154.png,flat,2,glioma,9320795549775440184,161,test
/kaggle/input/datasets/denizkavi1/brain-tumor/2/155.png,155.png,flat,2,glioma,10752373111717848519,1580,train
/kaggle/input/datasets/denizkavi1/brain-tumor/2/156.png,156.png,flat,2,glioma,10610035832826045595,162,train
/kaggle/input/datasets/denizkavi1/brain-tumor/2/157.png,157.png,flat,2,glioma,10473718209770432801,163,train
/kaggle/input/datasets/denizkavi1/brain-tumor/2/158.png,158.png,flat,2,glioma,10910315762325464551,1580,train
/kaggle/input/datasets/denizkavi1/brain-tumor/2/159.png,159.png,flat,2,glioma,10752975617531060553,1580,train
/kaggle/input/datasets/denizkavi1/brain-tumor/2/16.png,16.png,flat,2,glioma,9743670169668275858,109,train
/kaggle/input/datasets/denizkavi1/brain-tumor/2/160.png,160.png,flat,2,glioma,10770462281320965574,1580,train
/kaggle/input/datasets/denizkavi1/brain-tumor/2/161.png,161.png,flat,2,glioma,10739429771448039745,164,train
/kaggle/input/datasets/denizkavi1/brain-tumor/2/162.png,162.png,flat,2,glioma,9320796645031944505,165,train
/kaggle/input/datasets/denizkavi1/brain-tumor/2/163.png,163.png,flat,2,glioma,10469213524310106465,166,val
/kaggle/input/datasets/denizkavi1/brain-tumor/2/164.png,164.png,flat,2,glioma,15279370190851816544,1580,train
/kaggle/input/datasets/denizkavi1/brain-tumor/2/165.png,165.png,flat,2,glioma,10752924077906813317,167,test
/kaggle/input/datasets/denizkavi1/brain-tumor/2/166.png,166.png,flat,2,glioma,9599557164541093262,905,val
/kaggle/input/datasets/denizkavi1/brain-tumor/2/167.png,167.png,flat,2,glioma,9320796713740939361,168,train
/kaggle/input/datasets/denizkavi1/brain-tumor/2/168.png,168.png,flat,2,glioma,13995615203737178265,169,train
/kaggle/input/datasets/denizkavi1/brain-tumor/2/169.png,169.png,flat,2,glioma,10766481872070913121,1580,train
/kaggle/input/datasets/denizkavi1/brain-tumor/2/17.png,17.png,flat,2,glioma,10694710082332811305,170,train
/kaggle/input/datasets/denizkavi1/brain-tumor/2/170.png,170.png,flat,2,glioma,9320778022055328056,171,train
/kaggle/input/datasets/denizkavi1/brain-tumor/2/171.png,171.png,flat,2,glioma,15295132789548526689,1580,train
/kaggle/input/datasets/denizkavi1/brain-tumor/2/172.png,172.png,flat,2,glioma,10482725684665983365,1580,train
/kaggle/input/datasets/denizkavi1/brain-tumor/2/173.png,173.png,flat,2,glioma,10466218629513946311,1580,train
/kaggle/input/datasets/denizkavi1/brain-tumor/2/174.png,174.png,flat,2,glioma,9617471606257426853,1580,train
/kaggle/input/datasets/denizkavi1/brain-tumor/2/175.png,175.png,flat,2,glioma,15149099657994908827,172,train
/kaggle/input/datasets/denizkavi1/brain-tumor/2/176.png,176.png,flat,2,glioma,10397192337623623777,173,train
/kaggle/input/datasets/denizkavi1/brain-tumor/2/177.png,177.png,flat,2,glioma,10766487542499911110,1580,train
/kaggle/input/datasets/denizkavi1/brain-tumor/2/178.png,178.png,flat,2,glioma,10397174479189456993,174,train
/kaggle/input/datasets/denizkavi1/brain-tumor/2/179.png,179.png,flat,2,glioma,10397186998993954913,175,train
/kaggle/input/datasets/denizkavi1/brain-tumor/2/18.png,18.png,flat,2,glioma,14034392139952828772,439,train
/kaggle/input/datasets/denizkavi1/brain-tumor/2/180.png,180.png,flat,2,glioma,14991144474738565472,177,train
/kaggle/input/datasets/denizkavi1/brain-tumor/2/181.png,181.png,flat,2,glioma,10770990075893261798,1580,train
/kaggle/input/datasets/denizkavi1/brain-tumor/2/182.png,182.png,flat,2,glioma,10386807313967102049,176,train
/kaggle/input/datasets/denizkavi1/brain-tumor/2/183.png,183.png,flat,2,glioma,15279370410164494624,177,train
/kaggle/input/datasets/denizkavi1/brain-tumor/2/184.png,184.png,flat,2,glioma,10466993477206435937,178,train
/kaggle/input/datasets/denizkavi1/brain-tumor/2/1840.png,1840.png,flat,2,glioma,13991605671052128435,179,cal
/kaggle/input/datasets/denizkavi1/brain-tumor/2/1841.png,1841.png,flat,2,glioma,13852345041519061382,180,train
/kaggle/input/datasets/denizkavi1/brain-tumor/2/1842.png,1842.png,flat,2,glioma,13864946304086454947,181,train
/kaggle/input/datasets/denizkavi1/brain-tumor/2/1843.png,1843.png,flat,2,glioma,9600120402144796362,182,train
/kaggle/input/datasets/denizkavi1/brain-tumor/2/1844.png,1844.png,flat,2,glioma,10837963327370836067,1100,train
/kaggle/input/datasets/denizkavi1/brain-tumor/2/1845.png,1845.png,flat,2,glioma,13847213414640806067,183,train
/kaggle/input/datasets/denizkavi1/brain-tumor/2/1846.png,1846.png,flat,2,glioma,9600119856646262430,184,train
/kaggle/input/datasets/denizkavi1/brain-tumor/2/1847.png,1847.png,flat,2,glioma,13996109279470761168,185,val
/kaggle/input/datasets/denizkavi1/brain-tumor/2/1848.png,1848.png,flat,2,glioma,15217782344361010405,318,test
/kaggle/input/datasets/denizkavi1/brain-tumor/2/1849.png,1849.png,flat,2,glioma,13865227813354748130,181,train
/kaggle/input/datasets/denizkavi1/brain-tumor/2/185.png,185.png,flat,2,glioma,10766486446201201125,1580,train
/kaggle/input/datasets/denizkavi1/brain-tumor/2/1850.png,1850.png,flat,2,glioma,13996395118206153410,181,train
/kaggle/input/datasets/denizkavi1/brain-tumor/2/1851.png,1851.png,flat,2,glioma,10837980850832946755,186,train
/kaggle/input/datasets/denizkavi1/brain-tumor/2/1852.png,1852.png,flat,2,glioma,13924965619870999699,187,train
/kaggle/input/datasets/denizkavi1/brain-tumor/2/1853.png,1853.png,flat,2,glioma,9685340821198876771,1100,train
/kaggle/input/datasets/denizkavi1/brain-tumor/2/1854.png,1854.png,flat,2,glioma,13996395341225863303,188,val
/kaggle/input/datasets/denizkavi1/brain-tumor/2/1855.png,1855.png,flat,2,glioma,13852349388076299139,189,train
/kaggle/input/datasets/denizkavi1/brain-tumor/2/1856.png,1856.png,flat,2,glioma,10643532360278959712,190,test
/kaggle/input/datasets/denizkavi1/brain-tumor/2/1857.png,1857.png,flat,2,glioma,13864946339180199138,181,train
/kaggle/input/datasets/denizkavi1/brain-tumor/2/1858.png,1858.png,flat,2,glioma,10642406546254685381,191,train
/kaggle/input/datasets/denizkavi1/brain-tumor/2/1859.png,1859.png,flat,2,glioma,13991610013595673712,192,test
/kaggle/input/datasets/denizkavi1/brain-tumor/2/186.png,186.png,flat,2,glioma,14991140008243110240,177,train
/kaggle/input/datasets/denizkavi1/brain-tumor/2/1860.png,1860.png,flat,2,glioma,13852907785314903187,187,train
/kaggle/input/datasets/denizkavi1/brain-tumor/2/1861.png,1861.png,flat,2,glioma,10634819830985646898,193,train
/kaggle/input/datasets/denizkavi1/brain-tumor/2/1862.png,1862.png,flat,2,glioma,13852344836413274050,194,cal
/kaggle/input/datasets/denizkavi1/brain-tumor/2/1863.png,1863.png,flat,2,glioma,10837980902502708931,195,train
/kaggle/input/datasets/denizkavi1/brain-tumor/2/1864.png,1864.png,flat,2,glioma,9600119856663073734,196,train
/kaggle/input/datasets/denizkavi1/brain-tumor/2/1865.png,1865.png,flat,2,glioma,13996131458618646834,206,test
/kaggle/input/datasets/denizkavi1/brain-tumor/2/1866.png,1866.png,flat,2,glioma,13865227779058971331,181,train
/kaggle/input/datasets/denizkavi1/brain-tumor/2/1867.png,1867.png,flat,2,glioma,13996392919118090951,197,train
/kaggle/input/datasets/denizkavi1/brain-tumor/2/1868.png,1868.png,flat,2,glioma,10652821095522079538,198,train
/kaggle/input/datasets/denizkavi1/brain-tumor/2/1869.png,1869.png,flat,2,glioma,13991610078087623843,199,train
/kaggle/input/datasets/denizkavi1/brain-tumor/2/187.png,187.png,flat,2,glioma,10767678347835090983,1580,train
/kaggle/input/datasets/denizkavi1/brain-tumor/2/1870.png,1870.png,flat,2,glioma,9604557520072093809,200,val
/kaggle/input/datasets/denizkavi1/brain-tumor/2/1871.png,1871.png,flat,2,glioma,13850591269176291942,201,train
/kaggle/input/datasets/denizkavi1/brain-tumor/2/1872.png,1872.png,flat,2,glioma,14008794310864220551,202,train
/kaggle/input/datasets/denizkavi1/brain-tumor/2/1873.png,1873.png,flat,2,glioma,13995263639291323427,203,val
/kaggle/input/datasets/denizkavi1/brain-tumor/2/1874.png,1874.png,flat,2,glioma,13991610009371423939,199,train
/kaggle/input/datasets/denizkavi1/brain-tumor/2/1875.png,1875.png,flat,2,glioma,13995268102564226150,204,cal
/kaggle/input/datasets/denizkavi1/brain-tumor/2/1876.png,1876.png,flat,2,glioma,15144808659309048931,205,val
/kaggle/input/datasets/denizkavi1/brain-tumor/2/1877.png,1877.png,flat,2,glioma,13996113677454959666,206,test
/kaggle/input/datasets/denizkavi1/brain-tumor/2/1878.png,1878.png,flat,2,glioma,15001343183729722262,207,train
/kaggle/input/datasets/denizkavi1/brain-tumor/2/1879.png,1879.png,flat,2,glioma,13996113677723395120,206,test
/kaggle/input/datasets/denizkavi1/brain-tumor/2/188.png,188.png,flat,2,glioma,10468119377113262177,178,train
/kaggle/input/datasets/denizkavi1/brain-tumor/2/1880.png,1880.png,flat,2,glioma,9757396198975615795,209,train
/kaggle/input/datasets/denizkavi1/brain-tumor/2/1881.png,1881.png,flat,2,glioma,10407020687639460006,208,train
/kaggle/input/datasets/denizkavi1/brain-tumor/2/1882.png,1882.png,flat,2,glioma,13996395152565887634,181,train
/kaggle/input/datasets/denizkavi1/brain-tumor/2/1883.png,1883.png,flat,2,glioma,13852275823884706913,736,train
/kaggle/input/datasets/denizkavi1/brain-tumor/2/1884.png,1884.png,flat,2,glioma,14081977804775371667,209,train
/kaggle/input/datasets/denizkavi1/brain-tumor/2/1885.png,1885.png,flat,2,glioma,14080851905942139699,209,train
/kaggle/input/datasets/denizkavi1/brain-tumor/2/1886.png,1886.png,flat,2,glioma,10389657166336542616,210,val
/kaggle/input/datasets/denizkavi1/brain-tumor/2/1887.png,1887.png,flat,2,glioma,14369082282093851443,209,train
/kaggle/input/datasets/denizkavi1/brain-tumor/2/1888.png,1888.png,flat,2,glioma,10406757079659405462,211,val
/kaggle/input/datasets/denizkavi1/brain-tumor/2/1889.png,1889.png,flat,2,glioma,13852344819246457893,212,cal
/kaggle/input/datasets/denizkavi1/brain-tumor/2/189.png,189.png,flat,2,glioma,9592243310926258465,1580,train
/kaggle/input/datasets/denizkavi1/brain-tumor/2/1890.png,1890.png,flat,2,glioma,15288447742601658839,213,train
/kaggle/input/datasets/denizkavi1/brain-tumor/2/1891.png,1891.png,flat,2,glioma,10405912654796644498,211,val
/kaggle/input/datasets/denizkavi1/brain-tumor/2/1892.png,1892.png,flat,2,glioma,13996113631284126854,214,train
/kaggle/input/datasets/denizkavi1/brain-tumor/2/1893.png,1893.png,flat,2,glioma,13991610013675695250,215,train
/kaggle/input/datasets/denizkavi1/brain-tumor/2/1894.png,1894.png,flat,2,glioma,15018707870812222690,205,val
/kaggle/input/datasets/denizkavi1/brain-tumor/2/1895.png,1895.png,flat,2,glioma,14014128042611323110,216,test
/kaggle/input/datasets/denizkavi1/brain-tumor/2/1896.png,1896.png,flat,2,glioma,15149101327593031578,217,cal
/kaggle/input/datasets/denizkavi1/brain-tumor/2/1897.png,1897.png,flat,2,glioma,13996393181041665762,218,train
/kaggle/input/datasets/denizkavi1/brain-tumor/2/1898.png,1898.png,flat,2,glioma,10407320012432894102,211,val
/kaggle/input/datasets/denizkavi1/brain-tumor/2/1899.png,1899.png,flat,2,glioma,13851998644127474727,219,train
/kaggle/input/datasets/denizkavi1/brain-tumor/2/19.png,19.png,flat,2,glioma,15161717988754796596,220,train
/kaggle/input/datasets/denizkavi1/brain-tumor/2/190.png,190.png,flat,2,glioma,10509763602558115881,221,cal
/kaggle/input/datasets/denizkavi1/brain-tumor/2/1900.png,1900.png,flat,2,glioma,10537713257620186339,1580,train
/kaggle/input/datasets/denizkavi1/brain-tumor/2/1901.png,1901.png,flat,2,glioma,13850372543621440613,230,cal
/kaggle/input/datasets/denizkavi1/brain-tumor/2/1902.png,1902.png,flat,2,glioma,10752412694161204582,1580,train
/kaggle/input/datasets/denizkavi1/brain-tumor/2/1903.png,1903.png,flat,2,glioma,13878755164916561953,222,train
/kaggle/input/datasets/denizkavi1/brain-tumor/2/1904.png,1904.png,flat,2,glioma,10389591448149827939,1580,train
/kaggle/input/datasets/denizkavi1/brain-tumor/2/1905.png,1905.png,flat,2,glioma,10766482079146403303,1580,train
/kaggle/input/datasets/denizkavi1/brain-tumor/2/1906.png,1906.png,flat,2,glioma,13850589070226961126,201,train
/kaggle/input/datasets/denizkavi1/brain-tumor/2/1907.png,1907.png,flat,2,glioma,10843611684984300742,223,cal
/kaggle/input/datasets/denizkavi1/brain-tumor/2/1908.png,1908.png,flat,2,glioma,15218923048683124382,224,train
/kaggle/input/datasets/denizkavi1/brain-tumor/2/1909.png,1909.png,flat,2,glioma,10824471421919503943,225,train
/kaggle/input/datasets/denizkavi1/brain-tumor/2/191.png,191.png,flat,2,glioma,10689926450823372901,226,train
/kaggle/input/datasets/denizkavi1/brain-tumor/2/1910.png,1910.png,flat,2,glioma,10461648947632431396,227,train
/kaggle/input/datasets/denizkavi1/brain-tumor/2/1911.png,1911.png,flat,2,glioma,10389358180833498083,228,train
/kaggle/input/datasets/denizkavi1/brain-tumor/2/1912.png,1912.png,flat,2,glioma,13878720040941533217,222,train
/kaggle/input/datasets/denizkavi1/brain-tumor/2/1913.png,1913.png,flat,2,glioma,10677821729761943841,227,train
/kaggle/input/datasets/denizkavi1/brain-tumor/2/1914.png,1914.png,flat,2,glioma,10771060174046175716,1580,train
/kaggle/input/datasets/denizkavi1/brain-tumor/2/1915.png,1915.png,flat,2,glioma,14999040072029381729,229,train
/kaggle/input/datasets/denizkavi1/brain-tumor/2/1916.png,1916.png,flat,2,glioma,13850656251780277345,230,cal
/kaggle/input/datasets/denizkavi1/brain-tumor/2/1917.png,1917.png,flat,2,glioma,15221176493622240451,231,train
/kaggle/input/datasets/denizkavi1/brain-tumor/2/1918.png,1918.png,flat,2,glioma,9618138940965987527,232,train
/kaggle/input/datasets/denizkavi1/brain-tumor/2/1919.png,1919.png,flat,2,glioma,9227699131217094753,1580,train
/kaggle/input/datasets/denizkavi1/brain-tumor/2/192.png,192.png,flat,2,glioma,10395199764895922217,233,train
/kaggle/input/datasets/denizkavi1/brain-tumor/2/1920.png,1920.png,flat,2,glioma,10394143272692884768,1580,train
/kaggle/input/datasets/denizkavi1/brain-tumor/2/1921.png,1921.png,flat,2,glioma,9613635066515236035,232,train
/kaggle/input/datasets/denizkavi1/brain-tumor/2/1922.png,1922.png,flat,2,glioma,13849811826983906401,230,cal
/kaggle/input/datasets/denizkavi1/brain-tumor/2/1923.png,1923.png,flat,2,glioma,9382264254062864014,234,train
/kaggle/input/datasets/denizkavi1/brain-tumor/2/1924.png,1924.png,flat,2,glioma,10393580305425378403,235,train
/kaggle/input/datasets/denizkavi1/brain-tumor/2/1925.png,1925.png,flat,2,glioma,15001325678533607878,236,train
/kaggle/input/datasets/denizkavi1/brain-tumor/2/1926.png,1926.png,flat,2,glioma,9232202731079346272,1580,train
/kaggle/input/datasets/denizkavi1/brain-tumor/2/1927.png,1927.png,flat,2,glioma,10753041618987723975,1580,train
/kaggle/input/datasets/denizkavi1/brain-tumor/2/1928.png,1928.png,flat,2,glioma,10770989870674420198,1580,train
/kaggle/input/datasets/denizkavi1/brain-tumor/2/1929.png,1929.png,flat,2,glioma,10393598171549803809,1580,train
/kaggle/input/datasets/denizkavi1/brain-tumor/2/193.png,193.png,flat,2,glioma,10503009336719990841,221,cal
/kaggle/input/datasets/denizkavi1/brain-tumor/2/1930.png,1930.png,flat,2,glioma,13850590178076861541,237,train
/kaggle/input/datasets/denizkavi1/brain-tumor/2/1931.png,1931.png,flat,2,glioma,10754167519007941774,905,val
/kaggle/input/datasets/denizkavi1/brain-tumor/2/1932.png,1932.png,flat,2,glioma,10691891213625730407,238,val
/kaggle/input/datasets/denizkavi1/brain-tumor/2/1933.png,1933.png,flat,2,glioma,13995566830199998102,77,train
/kaggle/input/datasets/denizkavi1/brain-tumor/2/1934.png,1934.png,flat,2,glioma,10393527735159891297,1580,train
/kaggle/input/datasets/denizkavi1/brain-tumor/2/1935.png,1935.png,flat,2,glioma,9609061102509958499,1580,train
/kaggle/input/datasets/denizkavi1/brain-tumor/2/1936.png,1936.png,flat,2,glioma,10465919615100789859,1580,train
/kaggle/input/datasets/denizkavi1/brain-tumor/2/1937.png,1937.png,flat,2,glioma,15001308355948980576,251,train
/kaggle/input/datasets/denizkavi1/brain-tumor/2/1938.png,1938.png,flat,2,glioma,10897719768807581395,239,val
/kaggle/input/datasets/denizkavi1/brain-tumor/2/1939.png,1939.png,flat,2,glioma,10694710358190334407,1580,train
/kaggle/input/datasets/denizkavi1/brain-tumor/2/194.png,194.png,flat,2,glioma,14066495770526835727,240,train
/kaggle/input/datasets/denizkavi1/brain-tumor/2/1940.png,1940.png,flat,2,glioma,9600124541554680199,241,train
/kaggle/input/datasets/denizkavi1/brain-tumor/2/1941.png,1941.png,flat,2,glioma,15032218729090462752,242,train
/kaggle/input/datasets/denizkavi1/brain-tumor/2/1942.png,1942.png,flat,2,glioma,10380579902379273313,243,test
/kaggle/input/datasets/denizkavi1/brain-tumor/2/1943.png,1943.png,flat,2,glioma,10388461193363727713,1580,train
/kaggle/input/datasets/denizkavi1/brain-tumor/2/1944.png,1944.png,flat,2,glioma,15000698126911153697,919,val
/kaggle/input/datasets/denizkavi1/brain-tumor/2/1945.png,1945.png,flat,2,glioma,10379489238374299752,244,train
/kaggle/input/datasets/denizkavi1/brain-tumor/2/1946.png,1946.png,flat,2,glioma,13852840972844545601,245,test
/kaggle/input/datasets/denizkavi1/brain-tumor/2/1947.png,1947.png,flat,2,glioma,13849764445087671367,219,train
/kaggle/input/datasets/denizkavi1/brain-tumor/2/1948.png,1948.png,flat,2,glioma,15000764114714046610,250,cal
/kaggle/input/datasets/denizkavi1/brain-tumor/2/1949.png,1949.png,flat,2,glioma,15000698066782659680,919,val
/kaggle/input/datasets/denizkavi1/brain-tumor/2/195.png,195.png,flat,2,glioma,9595620942992662819,241,train
/kaggle/input/datasets/denizkavi1/brain-tumor/2/1950.png,1950.png,flat,2,glioma,10896593857095478979,246,cal
/kaggle/input/datasets/denizkavi1/brain-tumor/2/1951.png,1951.png,flat,2,glioma,10389025242827203619,247,val
/kaggle/input/datasets/denizkavi1/brain-tumor/2/1952.png,1952.png,flat,2,glioma,13852279965230572481,248,train
/kaggle/input/datasets/denizkavi1/brain-tumor/2/1953.png,1953.png,flat,2,glioma,13851715004527030851,249,train
/kaggle/input/datasets/denizkavi1/brain-tumor/2/1954.png,1954.png,flat,2,glioma,10676691311817403744,1580,train
/kaggle/input/datasets/denizkavi1/brain-tumor/2/1955.png,1955.png,flat,2,glioma,14991756915541880851,250,cal
/kaggle/input/datasets/denizkavi1/brain-tumor/2/1956.png,1956.png,flat,2,glioma,10897719768941798555,239,val
/kaggle/input/datasets/denizkavi1/brain-tumor/2/1957.png,1957.png,flat,2,glioma,14992230787426429288,251,train
/kaggle/input/datasets/denizkavi1/brain-tumor/2/1958.png,1958.png,flat,2,glioma,10676656195929910624,1580,train
/kaggle/input/datasets/denizkavi1/brain-tumor/2/1959.png,1959.png,flat,2,glioma,10694710357221728518,252,train
/kaggle/input/datasets/denizkavi1/brain-tumor/2/196.png,196.png,flat,2,glioma,10507529428996483369,253,train
/kaggle/input/datasets/denizkavi1/brain-tumor/2/1960.png,1960.png,flat,2,glioma,10766838321094075777,254,train
/kaggle/input/datasets/denizkavi1/brain-tumor/2/1961.png,1961.png,flat,2,glioma,14991756915542864019,250,cal
/kaggle/input/datasets/denizkavi1/brain-tumor/2/1962.png,1962.png,flat,2,glioma,13842142256974806112,255,test
/kaggle/input/datasets/denizkavi1/brain-tumor/2/1963.png,1963.png,flat,2,glioma,15005201468765909185,256,train
/kaggle/input/datasets/denizkavi1/brain-tumor/2/1964.png,1964.png,flat,2,glioma,15027715129463354400,242,train
/kaggle/input/datasets/denizkavi1/brain-tumor/2/1965.png,1965.png,flat,2,glioma,10380650064923081824,1580,train
/kaggle/input/datasets/denizkavi1/brain-tumor/2/1966.png,1966.png,flat,2,glioma,14999572184055690272,919,val
/kaggle/input/datasets/denizkavi1/brain-tumor/2/1967.png,1967.png,flat,2,glioma,10766552447949219527,257,train
/kaggle/input/datasets/denizkavi1/brain-tumor/2/1968.png,1968.png,flat,2,glioma,14992301156170606944,251,train
/kaggle/input/datasets/denizkavi1/brain-tumor/2/1969.png,1969.png,flat,2,glioma,10740344573567133816,258,train
/kaggle/input/datasets/denizkavi1/brain-tumor/2/197.png,197.png,flat,2,glioma,10430969077170711649,259,cal
/kaggle/input/datasets/denizkavi1/brain-tumor/2/1970.png,1970.png,flat,2,glioma,10406479946643940806,1580,train
/kaggle/input/datasets/denizkavi1/brain-tumor/2/1971.png,1971.png,flat,2,glioma,10452114731462297683,266,train
/kaggle/input/datasets/denizkavi1/brain-tumor/2/1973.png,1973.png,flat,2,glioma,10838262579102525379,260,train
/kaggle/input/datasets/denizkavi1/brain-tumor/2/1974.png,1974.png,flat,2,glioma,10406479947705100226,1580,train
/kaggle/input/datasets/denizkavi1/brain-tumor/2/1975.png,1975.png,flat,2,glioma,10897649383938548071,261,train
/kaggle/input/datasets/denizkavi1/brain-tumor/2/1976.png,1976.png,flat,2,glioma,9520462759465084001,1580,train
/kaggle/input/datasets/denizkavi1/brain-tumor/2/1978.png,1978.png,flat,2,glioma,9626301672333011040,262,train
/kaggle/input/datasets/denizkavi1/brain-tumor/2/1979.png,1979.png,flat,2,glioma,10766820693524885958,263,train
/kaggle/input/datasets/denizkavi1/brain-tumor/2/198.png,198.png,flat,2,glioma,10721433661218500649,264,train
/kaggle/input/datasets/denizkavi1/brain-tumor/2/1980.png,1980.png,flat,2,glioma,9592238845087801445,265,train
/kaggle/input/datasets/denizkavi1/brain-tumor/2/1981.png,1981.png,flat,2,glioma,10738094389056768626,266,train
/kaggle/input/datasets/denizkavi1/brain-tumor/2/1982.png,1982.png,flat,2,glioma,10779200885174122601,267,train
/kaggle/input/datasets/denizkavi1/brain-tumor/2/1986.png,1986.png,flat,2,glioma,9592238810709320903,268,train
/kaggle/input/datasets/denizkavi1/brain-tumor/2/1987.png,1987.png,flat,2,glioma,9628553446377939041,262,train
/kaggle/input/datasets/denizkavi1/brain-tumor/2/1988.png,1988.png,flat,2,glioma,10897649460576346213,269,train
/kaggle/input/datasets/denizkavi1/brain-tumor/2/1989.png,1989.png,flat,2,glioma,9587981621036015712,270,train
/kaggle/input/datasets/denizkavi1/brain-tumor/2/199.png,199.png,flat,2,glioma,14991144474740531552,177,train
/kaggle/input/datasets/denizkavi1/brain-tumor/2/1990.png,1990.png,flat,2,glioma,10778075122706233445,267,train
/kaggle/input/datasets/denizkavi1/brain-tumor/2/1991.png,1991.png,flat,2,glioma,9592238810693985639,265,train
/kaggle/input/datasets/denizkavi1/brain-tumor/2/1993.png,1993.png,flat,2,glioma,9529469958728279041,1580,train
/kaggle/input/datasets/denizkavi1/brain-tumor/2/1994.png,1994.png,flat,2,glioma,10740345073252698227,266,train
/kaggle/input/datasets/denizkavi1/brain-tumor/2/1995.png,1995.png,flat,2,glioma,9597868310319326350,271,train
/kaggle/input/datasets/denizkavi1/brain-tumor/2/1996.png,1996.png,flat,2,glioma,9520462759451451744,1580,train
/kaggle/input/datasets/denizkavi1/brain-tumor/2/1998.png,1998.png,flat,2,glioma,9515366007894468721,272,train
/kaggle/input/datasets/denizkavi1/brain-tumor/2/2.png,2.png,flat,2,glioma,14035533235186315624,57,train
/kaggle/input/datasets/denizkavi1/brain-tumor/2/20.png,20.png,flat,2,glioma,14033565049510703204,439,train
/kaggle/input/datasets/denizkavi1/brain-tumor/2/200.png,200.png,flat,2,glioma,14991144470721339752,177,train
/kaggle/input/datasets/denizkavi1/brain-tumor/2/201.png,201.png,flat,2,glioma,9591117411287851297,1580,train
/kaggle/input/datasets/denizkavi1/brain-tumor/2/202.png,202.png,flat,2,glioma,10766552413568576551,1580,train
/kaggle/input/datasets/denizkavi1/brain-tumor/2/203.png,203.png,flat,2,glioma,9591117376928112937,1580,train
/kaggle/input/datasets/denizkavi1/brain-tumor/2/204.png,204.png,flat,2,glioma,10793490379082326077,221,cal
/kaggle/input/datasets/denizkavi1/brain-tumor/2/205.png,205.png,flat,2,glioma,10463122181559759975,273,test
/kaggle/input/datasets/denizkavi1/brain-tumor/2/206.png,206.png,flat,2,glioma,15004933343701837447,274,train
/kaggle/input/datasets/denizkavi1/brain-tumor/2/207.png,207.png,flat,2,glioma,10463122396231066727,275,val
/kaggle/input/datasets/denizkavi1/brain-tumor/2/208.png,208.png,flat,2,glioma,10698650977902339522,276,test
/kaggle/input/datasets/denizkavi1/brain-tumor/2/209.png,209.png,flat,2,glioma,9587739711298890017,1580,train
/kaggle/input/datasets/denizkavi1/brain-tumor/2/21.png,21.png,flat,2,glioma,13991343948906652323,277,train
/kaggle/input/datasets/denizkavi1/brain-tumor/2/210.png,210.png,flat,2,glioma,10914608126879737188,278,train
/kaggle/input/datasets/denizkavi1/brain-tumor/2/211.png,211.png,flat,2,glioma,10677887829173872099,279,test
/kaggle/input/datasets/denizkavi1/brain-tumor/2/212.png,212.png,flat,2,glioma,10841405940106437852,280,cal
/kaggle/input/datasets/denizkavi1/brain-tumor/2/213.png,213.png,flat,2,glioma,10465831620087654753,281,train
/kaggle/input/datasets/denizkavi1/brain-tumor/2/214.png,214.png,flat,2,glioma,10461437700813718166,282,train
/kaggle/input/datasets/denizkavi1/brain-tumor/2/215.png,215.png,flat,2,glioma,10840296551126574300,280,cal
/kaggle/input/datasets/denizkavi1/brain-tumor/2/216.png,216.png,flat,2,glioma,10672157183589230688,283,train
/kaggle/input/datasets/denizkavi1/brain-tumor/2/217.png,217.png,flat,2,glioma,13924139801860334742,284,train
/kaggle/input/datasets/denizkavi1/brain-tumor/2/218.png,218.png,flat,2,glioma,10681265529028632932,1580,train
/kaggle/input/datasets/denizkavi1/brain-tumor/2/219.png,219.png,flat,2,glioma,10465936880729114526,285,train
/kaggle/input/datasets/denizkavi1/brain-tumor/2/22.png,22.png,flat,2,glioma,10849585238283742561,286,train
/kaggle/input/datasets/denizkavi1/brain-tumor/2/220.png,220.png,flat,2,glioma,10466113060704690529,281,train
/kaggle/input/datasets/denizkavi1/brain-tumor/2/221.png,221.png,flat,2,glioma,10389657149273098134,287,train
/kaggle/input/datasets/denizkavi1/brain-tumor/2/222.png,222.png,flat,2,glioma,10748190611646734373,1580,train
/kaggle/input/datasets/denizkavi1/brain-tumor/2/223.png,223.png,flat,2,glioma,10898282702725915846,531,train
/kaggle/input/datasets/denizkavi1/brain-tumor/2/224.png,224.png,flat,2,glioma,10757474923013290025,288,train
/kaggle/input/datasets/denizkavi1/brain-tumor/2/225.png,225.png,flat,2,glioma,10896593865809470788,278,train
/kaggle/input/datasets/denizkavi1/brain-tumor/2/226.png,226.png,flat,2,glioma,10770420504165820773,1580,train
/kaggle/input/datasets/denizkavi1/brain-tumor/2/227.png,227.png,flat,2,glioma,10766486485128732709,1580,train
/kaggle/input/datasets/denizkavi1/brain-tumor/2/228.png,228.png,flat,2,glioma,9605754041357328673,1580,train
/kaggle/input/datasets/denizkavi1/brain-tumor/2/229.png,229.png,flat,2,glioma,10389657200679503762,210,val
/kaggle/input/datasets/denizkavi1/brain-tumor/2/23.png,23.png,flat,2,glioma,9757100532687974961,289,train
/kaggle/input/datasets/denizkavi1/brain-tumor/2/230.png,230.png,flat,2,glioma,10749100986607281542,905,val
/kaggle/input/datasets/denizkavi1/brain-tumor/2/231.png,231.png,flat,2,glioma,10914606065236747596,290,train
/kaggle/input/datasets/denizkavi1/brain-tumor/2/232.png,232.png,flat,2,glioma,11418429676706170584,291,train
/kaggle/input/datasets/denizkavi1/brain-tumor/2/233.png,233.png,flat,2,glioma,10461433302767175366,282,train
/kaggle/input/datasets/denizkavi1/brain-tumor/2/234.png,234.png,flat,2,glioma,10766486485132665121,1580,train
/kaggle/input/datasets/denizkavi1/brain-tumor/2/235.png,235.png,flat,2,glioma,10681269927075144129,1580,train
/kaggle/input/datasets/denizkavi1/brain-tumor/2/236.png,236.png,flat,2,glioma,10914606065295696228,278,train
/kaggle/input/datasets/denizkavi1/brain-tumor/2/237.png,237.png,flat,2,glioma,10754167514719134915,1580,train
/kaggle/input/datasets/denizkavi1/brain-tumor/2/238.png,238.png,flat,2,glioma,10895465783933478030,292,train
/kaggle/input/datasets/denizkavi1/brain-tumor/2/239.png,239.png,flat,2,glioma,10765919129339784419,1580,train
/kaggle/input/datasets/denizkavi1/brain-tumor/2/24.png,24.png,flat,2,glioma,9676035670667585593,293,train
/kaggle/input/datasets/denizkavi1/brain-tumor/2/240.png,240.png,flat,2,glioma,10765989468019188935,1580,train
/kaggle/input/datasets/denizkavi1/brain-tumor/2/241.png,241.png,flat,2,glioma,10465937138592523553,294,train
/kaggle/input/datasets/denizkavi1/brain-tumor/2/242.png,242.png,flat,2,glioma,9313015651134375834,285,train
/kaggle/input/datasets/denizkavi1/brain-tumor/2/243.png,243.png,flat,2,glioma,10795760071709833752,295,train
/kaggle/input/datasets/denizkavi1/brain-tumor/2/244.png,244.png,flat,2,glioma,10755192976020355170,296,train
/kaggle/input/datasets/denizkavi1/brain-tumor/2/245.png,245.png,flat,2,glioma,10771056012222817125,1580,train
/kaggle/input/datasets/denizkavi1/brain-tumor/2/246.png,246.png,flat,2,glioma,10749844239578835041,297,val
/kaggle/input/datasets/denizkavi1/brain-tumor/2/247.png,247.png,flat,2,glioma,10752940334392555617,298,val
/kaggle/input/datasets/denizkavi1/brain-tumor/2/248.png,248.png,flat,2,glioma,9519227904554334248,299,cal
/kaggle/input/datasets/denizkavi1/brain-tumor/2/249.png,249.png,flat,2,glioma,10932057921739679277,300,train
/kaggle/input/datasets/denizkavi1/brain-tumor/2/25.png,25.png,flat,2,glioma,9685335301386561171,301,val
/kaggle/input/datasets/denizkavi1/brain-tumor/2/250.png,250.png,flat,2,glioma,9604522172789303393,302,train
/kaggle/input/datasets/denizkavi1/brain-tumor/2/251.png,251.png,flat,2,glioma,10473718072322697569,163,train
/kaggle/input/datasets/denizkavi1/brain-tumor/2/252.png,252.png,flat,2,glioma,10766552447894708583,1580,train
/kaggle/input/datasets/denizkavi1/brain-tumor/2/253.png,253.png,flat,2,glioma,10694390194275625057,1580,train
/kaggle/input/datasets/denizkavi1/brain-tumor/2/254.png,254.png,flat,2,glioma,10765923535187632421,1580,train
/kaggle/input/datasets/denizkavi1/brain-tumor/2/255.png,255.png,flat,2,glioma,10685663232052967461,303,train
/kaggle/input/datasets/denizkavi1/brain-tumor/2/256.png,256.png,flat,2,glioma,10723649185737750552,304,train
/kaggle/input/datasets/denizkavi1/brain-tumor/2/257.png,257.png,flat,2,glioma,10766767951250993253,1580,train
/kaggle/input/datasets/denizkavi1/brain-tumor/2/258.png,258.png,flat,2,glioma,10838821147116659046,1580,train
/kaggle/input/datasets/denizkavi1/brain-tumor/2/259.png,259.png,flat,2,glioma,10771060411343069477,1580,train
/kaggle/input/datasets/denizkavi1/brain-tumor/2/26.png,26.png,flat,2,glioma,10849521466609249129,305,val
/kaggle/input/datasets/denizkavi1/brain-tumor/2/260.png,260.png,flat,2,glioma,15009105817827817529,306,train
/kaggle/input/datasets/denizkavi1/brain-tumor/2/261.png,261.png,flat,2,glioma,9591011828099604521,352,train
/kaggle/input/datasets/denizkavi1/brain-tumor/2/262.png,262.png,flat,2,glioma,10749593546355925351,1580,train
/kaggle/input/datasets/denizkavi1/brain-tumor/2/263.png,263.png,flat,2,glioma,10751915723351139661,307,cal
/kaggle/input/datasets/denizkavi1/brain-tumor/2/264.png,264.png,flat,2,glioma,10766552413535020391,1580,train
/kaggle/input/datasets/denizkavi1/brain-tumor/2/265.png,265.png,flat,2,glioma,10761947486401607785,308,train
/kaggle/input/datasets/denizkavi1/brain-tumor/2/266.png,266.png,flat,2,glioma,10771056013296558435,1580,train
/kaggle/input/datasets/denizkavi1/brain-tumor/2/267.png,267.png,flat,2,glioma,9591004036492453928,309,train
/kaggle/input/datasets/denizkavi1/brain-tumor/2/268.png,268.png,flat,2,glioma,10430968536269338648,295,train
/kaggle/input/datasets/denizkavi1/brain-tumor/2/269.png,269.png,flat,2,glioma,10694705959032402023,1580,train
/kaggle/input/datasets/denizkavi1/brain-tumor/2/27.png,27.png,flat,2,glioma,10846207538449965413,310,train
/kaggle/input/datasets/denizkavi1/brain-tumor/2/270.png,270.png,flat,2,glioma,10455702690265573737,311,test
/kaggle/input/datasets/denizkavi1/brain-tumor/2/2708.png,2708.png,flat,2,glioma,9698004579449909605,312,train
/kaggle/input/datasets/denizkavi1/brain-tumor/2/271.png,271.png,flat,2,glioma,10839384105657902438,1580,train
/kaggle/input/datasets/denizkavi1/brain-tumor/2/2710.png,2710.png,flat,2,glioma,10853176784358814501,312,train
/kaggle/input/datasets/denizkavi1/brain-tumor/2/2711.png,2711.png,flat,2,glioma,10839665882353510218,313,train
/kaggle/input/datasets/denizkavi1/brain-tumor/2/2712.png,2712.png,flat,2,glioma,10621245701881095054,314,val
/kaggle/input/datasets/denizkavi1/brain-tumor/2/2713.png,2713.png,flat,2,glioma,10606098533544324484,315,train
/kaggle/input/datasets/denizkavi1/brain-tumor/2/2714.png,2714.png,flat,2,glioma,10897720301521695942,531,train
/kaggle/input/datasets/denizkavi1/brain-tumor/2/2715.png,2715.png,flat,2,glioma,14068256158179947458,316,test
/kaggle/input/datasets/denizkavi1/brain-tumor/2/2716.png,2716.png,flat,2,glioma,14067326743751111110,317,train
/kaggle/input/datasets/denizkavi1/brain-tumor/2/2717.png,2717.png,flat,2,glioma,10606098267258316197,318,test
/kaggle/input/datasets/denizkavi1/brain-tumor/2/2718.png,2718.png,flat,2,glioma,10621245702078816714,319,train
/kaggle/input/datasets/denizkavi1/brain-tumor/2/2719.png,2719.png,flat,2,glioma,14033565629193925240,439,train
/kaggle/input/datasets/denizkavi1/brain-tumor/2/272.png,272.png,flat,2,glioma,10532859463474832542,320,cal
/kaggle/input/datasets/denizkavi1/brain-tumor/2/2720.png,2720.png,flat,2,glioma,13996114451490087566,77,train
/kaggle/input/datasets/denizkavi1/brain-tumor/2/2721.png,2721.png,flat,2,glioma,13923787699504177350,328,train
/kaggle/input/datasets/denizkavi1/brain-tumor/2/2722.png,2722.png,flat,2,glioma,14068186141573483324,15,train
/kaggle/input/datasets/denizkavi1/brain-tumor/2/2723.png,2723.png,flat,2,glioma,15217784560559940997,318,test
/kaggle/input/datasets/denizkavi1/brain-tumor/2/2724.png,2724.png,flat,2,glioma,9745361815584600195,321,train
/kaggle/input/datasets/denizkavi1/brain-tumor/2/2725.png,2725.png,flat,2,glioma,15144810807840288967,322,train
/kaggle/input/datasets/denizkavi1/brain-tumor/2/2726.png,2726.png,flat,2,glioma,14065651126418826438,323,train
/kaggle/input/datasets/denizkavi1/brain-tumor/2/2727.png,2727.png,flat,2,glioma,14000353772373160776,324,train
/kaggle/input/datasets/denizkavi1/brain-tumor/2/2728.png,2728.png,flat,2,glioma,9600612724697751989,325,train
/kaggle/input/datasets/denizkavi1/brain-tumor/2/2729.png,2729.png,flat,2,glioma,15216656200411460295,326,train
/kaggle/input/datasets/denizkavi1/brain-tumor/2/273.png,273.png,flat,2,glioma,9600018955144029795,1580,train
/kaggle/input/datasets/denizkavi1/brain-tumor/2/2730.png,2730.png,flat,2,glioma,14000353772373160776,324,train
/kaggle/input/datasets/denizkavi1/brain-tumor/2/2731.png,2731.png,flat,2,glioma,13991907719934849934,337,train
/kaggle/input/datasets/denizkavi1/brain-tumor/2/2732.png,2732.png,flat,2,glioma,10925306946116985637,327,train
/kaggle/input/datasets/denizkavi1/brain-tumor/2/2733.png,2733.png,flat,2,glioma,13849478632069948614,328,train
/kaggle/input/datasets/denizkavi1/brain-tumor/2/2734.png,2734.png,flat,2,glioma,10621790510897198066,329,val
/kaggle/input/datasets/denizkavi1/brain-tumor/2/2735.png,2735.png,flat,2,glioma,10549750715204854307,330,val
/kaggle/input/datasets/denizkavi1/brain-tumor/2/2736.png,2736.png,flat,2,glioma,14000351710797312584,324,train
/kaggle/input/datasets/denizkavi1/brain-tumor/2/2737.png,2737.png,flat,2,glioma,10821721650769798939,331,train
/kaggle/input/datasets/denizkavi1/brain-tumor/2/2738.png,2738.png,flat,2,glioma,9673005154454171782,332,train
/kaggle/input/datasets/denizkavi1/brain-tumor/2/2739.png,2739.png,flat,2,glioma,14009358909976523337,324,train
/kaggle/input/datasets/denizkavi1/brain-tumor/2/274.png,274.png,flat,2,glioma,10389657441334732230,333,test
/kaggle/input/datasets/denizkavi1/brain-tumor/2/2740.png,2740.png,flat,2,glioma,10839666848720643737,334,train
/kaggle/input/datasets/denizkavi1/brain-tumor/2/2741.png,2741.png,flat,2,glioma,15076709204111024326,328,train
/kaggle/input/datasets/denizkavi1/brain-tumor/2/2742.png,2742.png,flat,2,glioma,15234600229284295579,335,train
/kaggle/input/datasets/denizkavi1/brain-tumor/2/2743.png,2743.png,flat,2,glioma,10821651625576998682,336,train
/kaggle/input/datasets/denizkavi1/brain-tumor/2/2744.png,2744.png,flat,2,glioma,14036380378958672489,439,train
/kaggle/input/datasets/denizkavi1/brain-tumor/2/2745.png,2745.png,flat,2,glioma,13996411190709556124,337,train
/kaggle/input/datasets/denizkavi1/brain-tumor/2/2746.png,2746.png,flat,2,glioma,9470575997285196682,338,train
/kaggle/input/datasets/denizkavi1/brain-tumor/2/2747.png,2747.png,flat,2,glioma,13991907719931212700,337,train
/kaggle/input/datasets/denizkavi1/brain-tumor/2/2748.png,2748.png,flat,2,glioma,15076146305697211590,328,train
/kaggle/input/datasets/denizkavi1/brain-tumor/2/2749.png,2749.png,flat,2,glioma,9468317600405939150,338,train
/kaggle/input/datasets/denizkavi1/brain-tumor/2/275.png,275.png,flat,2,glioma,10393300118932957130,339,train
/kaggle/input/datasets/denizkavi1/brain-tumor/2/2750.png,2750.png,flat,2,glioma,13996113613034631212,340,train
/kaggle/input/datasets/denizkavi1/brain-tumor/2/2751.png,2751.png,flat,2,glioma,13996395118206169795,181,train
/kaggle/input/datasets/denizkavi1/brain-tumor/2/2752.png,2752.png,flat,2,glioma,13923786875756294790,341,val
/kaggle/input/datasets/denizkavi1/brain-tumor/2/2753.png,2753.png,flat,2,glioma,9600106933106455238,342,test
/kaggle/input/datasets/denizkavi1/brain-tumor/2/2754.png,2754.png,flat,2,glioma,13923791255602672518,343,cal
/kaggle/input/datasets/denizkavi1/brain-tumor/2/2755.png,2755.png,flat,2,glioma,13991610013663256680,344,train
/kaggle/input/datasets/denizkavi1/brain-tumor/2/2756.png,2756.png,flat,2,glioma,13865227813551878370,181,train
/kaggle/input/datasets/denizkavi1/brain-tumor/2/2757.png,2757.png,flat,2,glioma,15216869758976877762,345,train
/kaggle/input/datasets/denizkavi1/brain-tumor/2/2758.png,2758.png,flat,2,glioma,13996109270822040721,346,test
/kaggle/input/datasets/denizkavi1/brain-tumor/2/2759.png,2759.png,flat,2,glioma,13996131458619695154,206,test
/kaggle/input/datasets/denizkavi1/brain-tumor/2/276.png,276.png,flat,2,glioma,10766486279796303969,1580,train
/kaggle/input/datasets/denizkavi1/brain-tumor/2/277.png,277.png,flat,2,glioma,10767045016357528902,1580,train
/kaggle/input/datasets/denizkavi1/brain-tumor/2/278.png,278.png,flat,2,glioma,10764234677551655009,1580,train
/kaggle/input/datasets/denizkavi1/brain-tumor/2/279.png,279.png,flat,2,glioma,10537415307084113555,347,train
/kaggle/input/datasets/denizkavi1/brain-tumor/2/28.png,28.png,flat,2,glioma,10838260271942218850,348,test
/kaggle/input/datasets/denizkavi1/brain-tumor/2/280.png,280.png,flat,2,glioma,10479096093728662663,349,train
/kaggle/input/datasets/denizkavi1/brain-tumor/2/281.png,281.png,flat,2,glioma,9299404882873165921,350,train
/kaggle/input/datasets/denizkavi1/brain-tumor/2/282.png,282.png,flat,2,glioma,10754097163186300038,351,train
/kaggle/input/datasets/denizkavi1/brain-tumor/2/283.png,283.png,flat,2,glioma,9609061376620259592,352,train
/kaggle/input/datasets/denizkavi1/brain-tumor/2/284.png,284.png,flat,2,glioma,10460523142221737063,1580,train
/kaggle/input/datasets/denizkavi1/brain-tumor/2/285.png,285.png,flat,2,glioma,10388460978381532257,1580,train
/kaggle/input/datasets/denizkavi1/brain-tumor/2/286.png,286.png,flat,2,glioma,10478537575082568801,1580,train
/kaggle/input/datasets/denizkavi1/brain-tumor/2/287.png,287.png,flat,2,glioma,9514733118737098848,353,train
/kaggle/input/datasets/denizkavi1/brain-tumor/2/288.png,288.png,flat,2,glioma,10469248974167501064,352,train
/kaggle/input/datasets/denizkavi1/brain-tumor/2/289.png,289.png,flat,2,glioma,9303908447876556897,350,train
/kaggle/input/datasets/denizkavi1/brain-tumor/2/29.png,29.png,flat,2,glioma,10837975610192850993,354,train
/kaggle/input/datasets/denizkavi1/brain-tumor/2/290.png,290.png,flat,2,glioma,10752971246084908103,1580,train
/kaggle/input/datasets/denizkavi1/brain-tumor/2/291.png,291.png,flat,2,glioma,9225376843739703392,353,train
/kaggle/input/datasets/denizkavi1/brain-tumor/2/292.png,292.png,flat,2,glioma,15221158901283251867,162,train
/kaggle/input/datasets/denizkavi1/brain-tumor/2/293.png,293.png,flat,2,glioma,15219485870891438744,355,train
/kaggle/input/datasets/denizkavi1/brain-tumor/2/294.png,294.png,flat,2,glioma,10766482092169699429,1580,train
/kaggle/input/datasets/denizkavi1/brain-tumor/2/2945.png,2945.png,flat,2,glioma,10923052955850056549,356,train
/kaggle/input/datasets/denizkavi1/brain-tumor/2/295.png,295.png,flat,2,glioma,9609026226607908905,352,train
/kaggle/input/datasets/denizkavi1/brain-tumor/2/296.png,296.png,flat,2,glioma,10765919099266608231,1580,train
/kaggle/input/datasets/denizkavi1/brain-tumor/2/2960.png,2960.png,flat,2,glioma,10923264062085752161,357,train
/kaggle/input/datasets/denizkavi1/brain-tumor/2/297.png,297.png,flat,2,glioma,9618068571580031017,352,train
/kaggle/input/datasets/denizkavi1/brain-tumor/2/298.png,298.png,flat,2,glioma,10389587068303058370,358,train
/kaggle/input/datasets/denizkavi1/brain-tumor/2/299.png,299.png,flat,2,glioma,10692177976883161185,1580,train
/kaggle/input/datasets/denizkavi1/brain-tumor/2/3.png,3.png,flat,2,glioma,9604627936063862821,1580,train
/kaggle/input/datasets/denizkavi1/brain-tumor/2/30.png,30.png,flat,2,glioma,13999771662454765612,359,train
/kaggle/input/datasets/denizkavi1/brain-tumor/2/300.png,300.png,flat,2,glioma,14056364909077029510,360,train
/kaggle/input/datasets/denizkavi1/brain-tumor/2/301.png,301.png,flat,2,glioma,13994156736007708773,361,train
/kaggle/input/datasets/denizkavi1/brain-tumor/2/302.png,302.png,flat,2,glioma,10757480247985725472,362,train
/kaggle/input/datasets/denizkavi1/brain-tumor/2/303.png,303.png,flat,2,glioma,15000710152954848293,363,cal
/kaggle/input/datasets/denizkavi1/brain-tumor/2/304.png,304.png,flat,2,glioma,10676761951939601858,333,test
/kaggle/input/datasets/denizkavi1/brain-tumor/2/305.png,305.png,flat,2,glioma,10683170640190516321,1580,train
/kaggle/input/datasets/denizkavi1/brain-tumor/2/306.png,306.png,flat,2,glioma,15001272973992402981,363,cal
/kaggle/input/datasets/denizkavi1/brain-tumor/2/307.png,307.png,flat,2,glioma,15000710024374267937,363,cal
/kaggle/input/datasets/denizkavi1/brain-tumor/2/308.png,308.png,flat,2,glioma,10683170596166580321,364,train
/kaggle/input/datasets/denizkavi1/brain-tumor/2/309.png,309.png,flat,2,glioma,13994438176490464359,361,train
/kaggle/input/datasets/denizkavi1/brain-tumor/2/31.png,31.png,flat,2,glioma,10910034132719644793,365,val
/kaggle/input/datasets/denizkavi1/brain-tumor/2/310.png,310.png,flat,2,glioma,14066497978140025510,366,train
/kaggle/input/datasets/denizkavi1/brain-tumor/2/311.png,311.png,flat,2,glioma,13996407436318090277,363,cal
/kaggle/input/datasets/denizkavi1/brain-tumor/2/312.png,312.png,flat,2,glioma,13852561593818363590,367,val
/kaggle/input/datasets/denizkavi1/brain-tumor/2/313.png,313.png,flat,2,glioma,10894623553729275334,368,train
/kaggle/input/datasets/denizkavi1/brain-tumor/2/314.png,314.png,flat,2,glioma,9456551928021595801,162,train
/kaggle/input/datasets/denizkavi1/brain-tumor/2/315.png,315.png,flat,2,glioma,10895749453635069126,368,train
/kaggle/input/datasets/denizkavi1/brain-tumor/2/316.png,316.png,flat,2,glioma,10892371761419199847,1580,train
/kaggle/input/datasets/denizkavi1/brain-tumor/2/317.png,317.png,flat,2,glioma,10748819527792928134,1580,train
/kaggle/input/datasets/denizkavi1/brain-tumor/2/318.png,318.png,flat,2,glioma,10767396871893755233,1580,train
/kaggle/input/datasets/denizkavi1/brain-tumor/2/319.png,319.png,flat,2,glioma,10393317694019471299,369,test
/kaggle/input/datasets/denizkavi1/brain-tumor/2/32.png,32.png,flat,2,glioma,9757663380627531313,370,train
/kaggle/input/datasets/denizkavi1/brain-tumor/2/320.png,320.png,flat,2,glioma,13852557008017892577,371,train
/kaggle/input/datasets/denizkavi1/brain-tumor/2/321.png,321.png,flat,2,glioma,10749663949313279955,372,train
/kaggle/input/datasets/denizkavi1/brain-tumor/2/322.png,322.png,flat,2,glioma,10681546970654774938,373,train
/kaggle/input/datasets/denizkavi1/brain-tumor/2/323.png,323.png,flat,2,glioma,10677887834534454150,931,train
/kaggle/input/datasets/denizkavi1/brain-tumor/2/324.png,324.png,flat,2,glioma,15001237661840335216,374,train
/kaggle/input/datasets/denizkavi1/brain-tumor/2/325.png,325.png,flat,2,glioma,10749945427699761558,1580,train
/kaggle/input/datasets/denizkavi1/brain-tumor/2/326.png,326.png,flat,2,glioma,10753604564629624787,375,test
/kaggle/input/datasets/denizkavi1/brain-tumor/2/327.png,327.png,flat,2,glioma,10694670526757740896,376,train
/kaggle/input/datasets/denizkavi1/brain-tumor/2/328.png,328.png,flat,2,glioma,13995548687527982022,377,train
/kaggle/input/datasets/denizkavi1/brain-tumor/2/329.png,329.png,flat,2,glioma,10537431786877945539,378,train
/kaggle/input/datasets/denizkavi1/brain-tumor/2/33.png,33.png,flat,2,glioma,9604539928151472236,379,cal
/kaggle/input/datasets/denizkavi1/brain-tumor/2/330.png,330.png,flat,2,glioma,10389657453095565250,380,train
/kaggle/input/datasets/denizkavi1/brain-tumor/2/331.png,331.png,flat,2,glioma,10478885020631246179,1580,train
/kaggle/input/datasets/denizkavi1/brain-tumor/2/332.png,332.png,flat,2,glioma,10890119945487853031,381,train
/kaggle/input/datasets/denizkavi1/brain-tumor/2/333.png,333.png,flat,2,glioma,10757760615926212641,382,train
/kaggle/input/datasets/denizkavi1/brain-tumor/2/334.png,334.png,flat,2,glioma,10753041619157583750,1580,train
/kaggle/input/datasets/denizkavi1/brain-tumor/2/335.png,335.png,flat,2,glioma,10752971246076503143,1580,train
/kaggle/input/datasets/denizkavi1/brain-tumor/2/336.png,336.png,flat,2,glioma,10767678347814381458,372,train
/kaggle/input/datasets/denizkavi1/brain-tumor/2/337.png,337.png,flat,2,glioma,13852557265581713091,371,train
/kaggle/input/datasets/denizkavi1/brain-tumor/2/338.png,338.png,flat,2,glioma,10389657419808524226,383,val
/kaggle/input/datasets/denizkavi1/brain-tumor/2/339.png,339.png,flat,2,glioma,10694652909148256353,384,train
/kaggle/input/datasets/denizkavi1/brain-tumor/2/34.png,34.png,flat,2,glioma,10901014770394358841,385,train
/kaggle/input/datasets/denizkavi1/brain-tumor/2/340.png,340.png,flat,2,glioma,10744214838292523049,386,train
/kaggle/input/datasets/denizkavi1/brain-tumor/2/341.png,341.png,flat,2,glioma,9609025991162211425,387,train
/kaggle/input/datasets/denizkavi1/brain-tumor/2/342.png,342.png,flat,2,glioma,9600054173842351203,1580,train
/kaggle/input/datasets/denizkavi1/brain-tumor/2/343.png,343.png,flat,2,glioma,9618068572348623969,1580,train
/kaggle/input/datasets/denizkavi1/brain-tumor/2/344.png,344.png,flat,2,glioma,10908134343997334886,381,train
/kaggle/input/datasets/denizkavi1/brain-tumor/2/345.png,345.png,flat,2,glioma,10677887833594725782,1580,train
/kaggle/input/datasets/denizkavi1/brain-tumor/2/346.png,346.png,flat,2,glioma,10753041652443579798,1580,train
/kaggle/input/datasets/denizkavi1/brain-tumor/2/347.png,347.png,flat,2,glioma,10743933370564638984,388,test
/kaggle/input/datasets/denizkavi1/brain-tumor/2/348.png,348.png,flat,2,glioma,15004933154792351072,389,train
/kaggle/input/datasets/denizkavi1/brain-tumor/2/349.png,349.png,flat,2,glioma,10694670509577888096,376,train
/kaggle/input/datasets/denizkavi1/brain-tumor/2/35.png,35.png,flat,2,glioma,14006544941845340196,390,test
/kaggle/input/datasets/denizkavi1/brain-tumor/2/350.png,350.png,flat,2,glioma,10757756294922774625,391,train
/kaggle/input/datasets/denizkavi1/brain-tumor/2/351.png,351.png,flat,2,glioma,10685738077129548257,392,test
/kaggle/input/datasets/denizkavi1/brain-tumor/2/352.png,352.png,flat,2,glioma,10753041619023373766,1580,train
/kaggle/input/datasets/denizkavi1/brain-tumor/2/353.png,353.png,flat,2,glioma,10388535960938766817,393,train
/kaggle/input/datasets/denizkavi1/brain-tumor/2/354.png,354.png,flat,2,glioma,9230830540333590560,1580,train
/kaggle/input/datasets/denizkavi1/brain-tumor/2/355.png,355.png,flat,2,glioma,10752478681898510234,394,train
/kaggle/input/datasets/denizkavi1/brain-tumor/2/356.png,356.png,flat,2,glioma,10749382542112077921,1580,train
/kaggle/input/datasets/denizkavi1/brain-tumor/2/357.png,357.png,flat,2,glioma,10748753424161450081,1580,train
/kaggle/input/datasets/denizkavi1/brain-tumor/2/358.png,358.png,flat,2,glioma,10749382482250981665,1580,train
/kaggle/input/datasets/denizkavi1/brain-tumor/2/359.png,359.png,flat,2,glioma,10766552430735861702,257,train
/kaggle/input/datasets/denizkavi1/brain-tumor/2/36.png,36.png,flat,2,glioma,15161420086341811236,395,val
/kaggle/input/datasets/denizkavi1/brain-tumor/2/360.png,360.png,flat,2,glioma,10388496120856453601,392,test
/kaggle/input/datasets/denizkavi1/brain-tumor/2/361.png,361.png,flat,2,glioma,10748819523707625769,1580,train
/kaggle/input/datasets/denizkavi1/brain-tumor/2/362.png,362.png,flat,2,glioma,10379213200812433457,1580,train
/kaggle/input/datasets/denizkavi1/brain-tumor/2/363.png,363.png,flat,2,glioma,10685738077129564385,392,test
/kaggle/input/datasets/denizkavi1/brain-tumor/2/364.png,364.png,flat,2,glioma,10747130467420486755,1580,train
/kaggle/input/datasets/denizkavi1/brain-tumor/2/365.png,365.png,flat,2,glioma,10749101075976970537,1580,train
/kaggle/input/datasets/denizkavi1/brain-tumor/2/366.png,366.png,flat,2,glioma,10739812333042819369,1580,train
/kaggle/input/datasets/denizkavi1/brain-tumor/2/367.png,367.png,flat,2,glioma,10749875054871339297,1580,train
/kaggle/input/datasets/denizkavi1/brain-tumor/2/368.png,368.png,flat,2,glioma,10739746431048376648,1580,train
/kaggle/input/datasets/denizkavi1/brain-tumor/2/369.png,369.png,flat,2,glioma,10739746431064629544,1580,train
/kaggle/input/datasets/denizkavi1/brain-tumor/2/37.png,37.png,flat,2,glioma,9676034572236060728,396,train
/kaggle/input/datasets/denizkavi1/brain-tumor/2/370.png,370.png,flat,2,glioma,10379494744507033652,397,train
/kaggle/input/datasets/denizkavi1/brain-tumor/2/371.png,371.png,flat,2,glioma,10745094317895330913,398,train
/kaggle/input/datasets/denizkavi1/brain-tumor/2/372.png,372.png,flat,2,glioma,10753041619157583750,1580,train
/kaggle/input/datasets/denizkavi1/brain-tumor/2/373.png,373.png,flat,2,glioma,10478322054585149318,257,train
/kaggle/input/datasets/denizkavi1/brain-tumor/2/374.png,374.png,flat,2,glioma,10757760683560413544,1580,train
/kaggle/input/datasets/denizkavi1/brain-tumor/2/375.png,375.png,flat,2,glioma,10379494735918686241,1580,train
/kaggle/input/datasets/denizkavi1/brain-tumor/2/376.png,376.png,flat,2,glioma,10761982816768502088,1580,train
/kaggle/input/datasets/denizkavi1/brain-tumor/2/377.png,377.png,flat,2,glioma,10685698700079540321,391,train
/kaggle/input/datasets/denizkavi1/brain-tumor/2/378.png,378.png,flat,2,glioma,10749382473661047137,1580,train
/kaggle/input/datasets/denizkavi1/brain-tumor/2/379.png,379.png,flat,2,glioma,10739781615160680485,399,train
/kaggle/input/datasets/denizkavi1/brain-tumor/2/38.png,38.png,flat,2,glioma,14296728953591708769,395,val
/kaggle/input/datasets/denizkavi1/brain-tumor/2/380.png,380.png,flat,2,glioma,10739711238086357321,1580,train
/kaggle/input/datasets/denizkavi1/brain-tumor/2/381.png,381.png,flat,2,glioma,10757725507780358440,1580,train
/kaggle/input/datasets/denizkavi1/brain-tumor/2/382.png,382.png,flat,2,glioma,10766451086831657315,166,val
/kaggle/input/datasets/denizkavi1/brain-tumor/2/383.png,383.png,flat,2,glioma,10393247325318489190,1580,train
/kaggle/input/datasets/denizkavi1/brain-tumor/2/384.png,384.png,flat,2,glioma,10766486481634601316,1580,train
/kaggle/input/datasets/denizkavi1/brain-tumor/2/385.png,385.png,flat,2,glioma,10761947486402783336,308,train
/kaggle/input/datasets/denizkavi1/brain-tumor/2/386.png,386.png,flat,2,glioma,10407038532951555169,1580,train
/kaggle/input/datasets/denizkavi1/brain-tumor/2/387.png,387.png,flat,2,glioma,10685667913748734264,1580,train
/kaggle/input/datasets/denizkavi1/brain-tumor/2/388.png,388.png,flat,2,glioma,10537431782624666983,1580,train
/kaggle/input/datasets/denizkavi1/brain-tumor/2/389.png,389.png,flat,2,glioma,9320865952108659256,400,train
/kaggle/input/datasets/denizkavi1/brain-tumor/2/39.png,39.png,flat,2,glioma,9683067056187515196,401,train
/kaggle/input/datasets/denizkavi1/brain-tumor/2/390.png,390.png,flat,2,glioma,9233815516816751721,402,cal
/kaggle/input/datasets/denizkavi1/brain-tumor/2/391.png,391.png,flat,2,glioma,10749558190186701155,166,val
/kaggle/input/datasets/denizkavi1/brain-tumor/2/392.png,392.png,flat,2,glioma,10465268635472700775,1580,train
/kaggle/input/datasets/denizkavi1/brain-tumor/2/393.png,393.png,flat,2,glioma,10685667913457216609,403,train
/kaggle/input/datasets/denizkavi1/brain-tumor/2/394.png,394.png,flat,2,glioma,9454245702382871783,404,test
/kaggle/input/datasets/denizkavi1/brain-tumor/2/395.png,395.png,flat,2,glioma,10761948525792078184,405,train
/kaggle/input/datasets/denizkavi1/brain-tumor/2/396.png,396.png,flat,2,glioma,10695554438545881185,406,val
/kaggle/input/datasets/denizkavi1/brain-tumor/2/397.png,397.png,flat,2,glioma,9302843754743335480,407,train
/kaggle/input/datasets/denizkavi1/brain-tumor/2/398.png,398.png,flat,2,glioma,10749276921601797159,1580,train
/kaggle/input/datasets/denizkavi1/brain-tumor/2/399.png,399.png,flat,2,glioma,9248737887052638304,408,train
/kaggle/input/datasets/denizkavi1/brain-tumor/2/4.png,4.png,flat,2,glioma,9744215527439832722,109,train
/kaggle/input/datasets/denizkavi1/brain-tumor/2/40.png,40.png,flat,2,glioma,14008794542836572209,409,train
/kaggle/input/datasets/denizkavi1/brain-tumor/2/400.png,400.png,flat,2,glioma,10680597065685804387,410,train
/kaggle/input/datasets/denizkavi1/brain-tumor/2/401.png,401.png,flat,2,glioma,10895398692383319238,531,train
/kaggle/input/datasets/denizkavi1/brain-tumor/2/402.png,402.png,flat,2,glioma,10749910308783926305,411,train
/kaggle/input/datasets/denizkavi1/brain-tumor/2/403.png,403.png,flat,2,glioma,10770990080448274788,1580,train
/kaggle/input/datasets/denizkavi1/brain-tumor/2/404.png,404.png,flat,2,glioma,10389591456672130403,1580,train
/kaggle/input/datasets/denizkavi1/brain-tumor/2/405.png,405.png,flat,2,glioma,10694675251207348577,412,train
/kaggle/input/datasets/denizkavi1/brain-tumor/2/406.png,406.png,flat,2,glioma,9301932529899157609,413,train
/kaggle/input/datasets/denizkavi1/brain-tumor/2/407.png,407.png,flat,2,glioma,10766486481623327204,1580,train
/kaggle/input/datasets/denizkavi1/brain-tumor/2/408.png,408.png,flat,2,glioma,10461081695202389095,1580,train
/kaggle/input/datasets/denizkavi1/brain-tumor/2/409.png,409.png,flat,2,glioma,10463685209819260622,414,train
/kaggle/input/datasets/denizkavi1/brain-tumor/2/41.png,41.png,flat,2,glioma,11413032367404639538,415,train
/kaggle/input/datasets/denizkavi1/brain-tumor/2/410.png,410.png,flat,2,glioma,10694675241812240481,412,train
/kaggle/input/datasets/denizkavi1/brain-tumor/2/411.png,411.png,flat,2,glioma,10743933032125704544,416,test
/kaggle/input/datasets/denizkavi1/brain-tumor/2/412.png,412.png,flat,2,glioma,10463685347209454791,1580,train
/kaggle/input/datasets/denizkavi1/brain-tumor/2/413.png,413.png,flat,2,glioma,10470339282483030115,166,val
/kaggle/input/datasets/denizkavi1/brain-tumor/2/414.png,414.png,flat,2,glioma,10393527699709699431,1580,train
/kaggle/input/datasets/denizkavi1/brain-tumor/2/415.png,415.png,flat,2,glioma,14354230279567664838,417,train
/kaggle/input/datasets/denizkavi1/brain-tumor/2/416.png,416.png,flat,2,glioma,9670980786967123612,418,train
/kaggle/input/datasets/denizkavi1/brain-tumor/2/417.png,417.png,flat,2,glioma,10685416942445542497,1580,train
/kaggle/input/datasets/denizkavi1/brain-tumor/2/418.png,418.png,flat,2,glioma,10667434441300445240,419,train
/kaggle/input/datasets/denizkavi1/brain-tumor/2/419.png,419.png,flat,2,glioma,10676660577855086689,412,train
/kaggle/input/datasets/denizkavi1/brain-tumor/2/42.png,42.png,flat,2,glioma,9757098300379771429,289,train
/kaggle/input/datasets/denizkavi1/brain-tumor/2/420.png,420.png,flat,2,glioma,10770951594047988073,1580,train
/kaggle/input/datasets/denizkavi1/brain-tumor/2/421.png,421.png,flat,2,glioma,10454647180310358371,420,train
/kaggle/input/datasets/denizkavi1/brain-tumor/2/422.png,422.png,flat,2,glioma,10770422698902365287,1580,train
/kaggle/input/datasets/denizkavi1/brain-tumor/2/424.png,424.png,flat,2,glioma,10767573894328508769,1580,train
/kaggle/input/datasets/denizkavi1/brain-tumor/2/425.png,425.png,flat,2,glioma,10761982954216382753,1580,train
/kaggle/input/datasets/denizkavi1/brain-tumor/2/426.png,426.png,flat,2,glioma,10698983580904184344,421,train
/kaggle/input/datasets/denizkavi1/brain-tumor/2/427.png,427.png,flat,2,glioma,11436444076319542422,422,train
/kaggle/input/datasets/denizkavi1/brain-tumor/2/428.png,428.png,flat,2,glioma,10680356233965822305,1580,train
/kaggle/input/datasets/denizkavi1/brain-tumor/2/429.png,429.png,flat,2,glioma,10766482086817703015,1580,train
/kaggle/input/datasets/denizkavi1/brain-tumor/2/43.png,43.png,flat,2,glioma,14033283849407705196,439,train
/kaggle/input/datasets/denizkavi1/brain-tumor/2/430.png,430.png,flat,2,glioma,10752940571420010848,1580,train
/kaggle/input/datasets/denizkavi1/brain-tumor/2/431.png,431.png,flat,2,glioma,10379424187048147040,423,train
/kaggle/input/datasets/denizkavi1/brain-tumor/2/432.png,432.png,flat,2,glioma,10479434233729490584,424,train
/kaggle/input/datasets/denizkavi1/brain-tumor/2/433.png,433.png,flat,2,glioma,9514732835260999776,353,train
/kaggle/input/datasets/denizkavi1/brain-tumor/2/434.png,434.png,flat,2,glioma,9312418599121462759,1580,train
/kaggle/input/datasets/denizkavi1/brain-tumor/2/435.png,435.png,flat,2,glioma,10766482044950226275,1580,train
/kaggle/input/datasets/denizkavi1/brain-tumor/2/436.png,436.png,flat,2,glioma,10766486544993757537,1580,train
/kaggle/input/datasets/denizkavi1/brain-tumor/2/437.png,437.png,flat,2,glioma,10766766273716542108,425,val
/kaggle/input/datasets/denizkavi1/brain-tumor/2/438.png,438.png,flat,2,glioma,10766481873143080039,1580,train
/kaggle/input/datasets/denizkavi1/brain-tumor/2/439.png,439.png,flat,2,glioma,10464709910727764323,420,train
/kaggle/input/datasets/denizkavi1/brain-tumor/2/44.png,44.png,flat,2,glioma,14297021319800582547,426,cal
/kaggle/input/datasets/denizkavi1/brain-tumor/2/440.png,440.png,flat,2,glioma,10393562988234679649,1580,train
/kaggle/input/datasets/denizkavi1/brain-tumor/2/441.png,441.png,flat,2,glioma,10389551583566768225,427,train
/kaggle/input/datasets/denizkavi1/brain-tumor/2/442.png,442.png,flat,2,glioma,10770985686696747361,1580,train
/kaggle/input/datasets/denizkavi1/brain-tumor/2/443.png,443.png,flat,2,glioma,10910034290656028006,428,train
/kaggle/input/datasets/denizkavi1/brain-tumor/2/444.png,444.png,flat,2,glioma,10839103695900325062,223,cal
/kaggle/input/datasets/denizkavi1/brain-tumor/2/445.png,445.png,flat,2,glioma,10910315762208154982,1580,train
/kaggle/input/datasets/denizkavi1/brain-tumor/2/446.png,446.png,flat,2,glioma,10680350736411354467,1580,train
/kaggle/input/datasets/denizkavi1/brain-tumor/2/447.png,447.png,flat,2,glioma,10379485806419646520,429,train
/kaggle/input/datasets/denizkavi1/brain-tumor/2/448.png,448.png,flat,2,glioma,10694708679678615192,425,val
/kaggle/input/datasets/denizkavi1/brain-tumor/2/449.png,449.png,flat,2,glioma,10406531115251059480,430,test
/kaggle/input/datasets/denizkavi1/brain-tumor/2/45.png,45.png,flat,2,glioma,10550081508553601076,431,train
/kaggle/input/datasets/denizkavi1/brain-tumor/2/450.png,450.png,flat,2,glioma,10765888179039381865,433,train
/kaggle/input/datasets/denizkavi1/brain-tumor/2/451.png,451.png,flat,2,glioma,13949404284742869350,432,train
/kaggle/input/datasets/denizkavi1/brain-tumor/2/452.png,452.png,flat,2,glioma,10766451197414488161,433,train
/kaggle/input/datasets/denizkavi1/brain-tumor/2/453.png,453.png,flat,2,glioma,10765888179010025573,433,train
/kaggle/input/datasets/denizkavi1/brain-tumor/2/454.png,454.png,flat,2,glioma,14093519468456403302,434,train
/kaggle/input/datasets/denizkavi1/brain-tumor/2/455.png,455.png,flat,2,glioma,10404509527694713188,435,train
/kaggle/input/datasets/denizkavi1/brain-tumor/2/458.png,458.png,flat,2,glioma,15110772237405856102,432,train
/kaggle/input/datasets/denizkavi1/brain-tumor/2/46.png,46.png,flat,2,glioma,14033547457068806508,439,train
/kaggle/input/datasets/denizkavi1/brain-tumor/2/460.png,460.png,flat,2,glioma,14081979300431242137,436,cal
/kaggle/input/datasets/denizkavi1/brain-tumor/2/461.png,461.png,flat,2,glioma,13996677400369508495,77,train
/kaggle/input/datasets/denizkavi1/brain-tumor/2/462.png,462.png,flat,2,glioma,9743091908445548942,437,train
/kaggle/input/datasets/denizkavi1/brain-tumor/2/463.png,463.png,flat,2,glioma,14322071471348279089,438,test
/kaggle/input/datasets/denizkavi1/brain-tumor/2/464.png,464.png,flat,2,glioma,14034110471565013616,439,train
/kaggle/input/datasets/denizkavi1/brain-tumor/2/465.png,465.png,flat,2,glioma,14034112661682435641,440,train
/kaggle/input/datasets/denizkavi1/brain-tumor/2/466.png,466.png,flat,2,glioma,13987670029718725861,441,train
/kaggle/input/datasets/denizkavi1/brain-tumor/2/467.png,467.png,flat,2,glioma,14034110471565030000,439,train
/kaggle/input/datasets/denizkavi1/brain-tumor/2/468.png,468.png,flat,2,glioma,11415614151721717349,442,train
/kaggle/input/datasets/denizkavi1/brain-tumor/2/469.png,469.png,flat,2,glioma,14201603797935154446,443,train
/kaggle/input/datasets/denizkavi1/brain-tumor/2/47.png,47.png,flat,2,glioma,14071548949736207473,444,train
/kaggle/input/datasets/denizkavi1/brain-tumor/2/470.png,470.png,flat,2,glioma,13996406853064664734,77,train
/kaggle/input/datasets/denizkavi1/brain-tumor/2/471.png,471.png,flat,2,glioma,14152067157122757656,445,train
/kaggle/input/datasets/denizkavi1/brain-tumor/2/472.png,472.png,flat,2,glioma,13996411251106981531,77,train
/kaggle/input/datasets/denizkavi1/brain-tumor/2/473.png,473.png,flat,2,glioma,14108999814787819057,58,test
/kaggle/input/datasets/denizkavi1/brain-tumor/2/474.png,474.png,flat,2,glioma,14395262086756590745,446,train
/kaggle/input/datasets/denizkavi1/brain-tumor/2/475.png,475.png,flat,2,glioma,11487945506440337764,447,train
/kaggle/input/datasets/denizkavi1/brain-tumor/2/476.png,476.png,flat,2,glioma,9743091848316006791,437,train
/kaggle/input/datasets/denizkavi1/brain-tumor/2/477.png,477.png,flat,2,glioma,13843550512066147467,77,train
/kaggle/input/datasets/denizkavi1/brain-tumor/2/478.png,478.png,flat,2,glioma,10873775515115165209,448,train
/kaggle/input/datasets/denizkavi1/brain-tumor/2/479.png,479.png,flat,2,glioma,9741420547440850311,449,train
/kaggle/input/datasets/denizkavi1/brain-tumor/2/48.png,48.png,flat,2,glioma,10859648097431659879,450,cal
/kaggle/input/datasets/denizkavi1/brain-tumor/2/480.png,480.png,flat,2,glioma,15140587243519026447,451,train
/kaggle/input/datasets/denizkavi1/brain-tumor/2/481.png,481.png,flat,2,glioma,14068240970357618382,452,train
/kaggle/input/datasets/denizkavi1/brain-tumor/2/482.png,482.png,flat,2,glioma,13843550512315839501,453,train
/kaggle/input/datasets/denizkavi1/brain-tumor/2/483.png,483.png,flat,2,glioma,13987670029511108045,454,val
/kaggle/input/datasets/denizkavi1/brain-tumor/2/484.png,484.png,flat,2,glioma,9765062156389803826,455,train
/kaggle/input/datasets/denizkavi1/brain-tumor/2/485.png,485.png,flat,2,glioma,13843550099606811779,77,train
/kaggle/input/datasets/denizkavi1/brain-tumor/2/486.png,486.png,flat,2,glioma,14106184550450476649,456,train
/kaggle/input/datasets/denizkavi1/brain-tumor/2/487.png,487.png,flat,2,glioma,14322352938003477300,457,test
/kaggle/input/datasets/denizkavi1/brain-tumor/2/488.png,488.png,flat,2,glioma,9720518523095529049,458,train
/kaggle/input/datasets/denizkavi1/brain-tumor/2/489.png,489.png,flat,2,glioma,9672669739852707018,459,train
/kaggle/input/datasets/denizkavi1/brain-tumor/2/49.png,49.png,flat,2,glioma,10836008472130118962,460,train
/kaggle/input/datasets/denizkavi1/brain-tumor/2/490.png,490.png,flat,2,glioma,14067115074695411343,452,train
/kaggle/input/datasets/denizkavi1/brain-tumor/2/491.png,491.png,flat,2,glioma,9743109397156406671,461,test
/kaggle/input/datasets/denizkavi1/brain-tumor/2/492.png,492.png,flat,2,glioma,14106252178240595128,462,test
/kaggle/input/datasets/denizkavi1/brain-tumor/2/493.png,493.png,flat,2,glioma,14033828996537136753,463,train
/kaggle/input/datasets/denizkavi1/brain-tumor/2/494.png,494.png,flat,2,glioma,13913355829664507150,443,train
/kaggle/input/datasets/denizkavi1/brain-tumor/2/495.png,495.png,flat,2,glioma,13852557814263919751,77,train
/kaggle/input/datasets/denizkavi1/brain-tumor/2/496.png,496.png,flat,2,glioma,9526919057629062542,437,train
/kaggle/input/datasets/denizkavi1/brain-tumor/2/497.png,497.png,flat,2,glioma,10649673485686154865,464,train
/kaggle/input/datasets/denizkavi1/brain-tumor/2/498.png,498.png,flat,2,glioma,14109562748633900849,465,val
/kaggle/input/datasets/denizkavi1/brain-tumor/2/499.png,499.png,flat,2,glioma,10896030902845384077,461,test
/kaggle/input/datasets/denizkavi1/brain-tumor/2/5.png,5.png,flat,2,glioma,9609061652542861349,466,train
/kaggle/input/datasets/denizkavi1/brain-tumor/2/50.png,50.png,flat,2,glioma,11413032367404639014,415,train
/kaggle/input/datasets/denizkavi1/brain-tumor/2/500.png,500.png,flat,2,glioma,14108718327726532403,467,cal
/kaggle/input/datasets/denizkavi1/brain-tumor/2/501.png,501.png,flat,2,glioma,14396104299635184497,468,train
/kaggle/input/datasets/denizkavi1/brain-tumor/2/502.png,502.png,flat,2,glioma,9494212663354074729,469,test
/kaggle/input/datasets/denizkavi1/brain-tumor/2/503.png,503.png,flat,2,glioma,14395607346132576146,470,train
/kaggle/input/datasets/denizkavi1/brain-tumor/2/504.png,504.png,flat,2,glioma,14008796166994731931,675,train
/kaggle/input/datasets/denizkavi1/brain-tumor/2/505.png,505.png,flat,2,glioma,14067061216862451343,471,train
/kaggle/input/datasets/denizkavi1/brain-tumor/2/506.png,506.png,flat,2,glioma,14107029486474897209,472,train
/kaggle/input/datasets/denizkavi1/brain-tumor/2/507.png,507.png,flat,2,glioma,10649669087707014768,464,train
/kaggle/input/datasets/denizkavi1/brain-tumor/2/508.png,508.png,flat,2,glioma,13995285367323043483,77,train
/kaggle/input/datasets/denizkavi1/brain-tumor/2/509.png,509.png,flat,2,glioma,14284355758279833290,459,train
/kaggle/input/datasets/denizkavi1/brain-tumor/2/51.png,51.png,flat,2,glioma,13994987778566414513,473,train
/kaggle/input/datasets/denizkavi1/brain-tumor/2/510.png,510.png,flat,2,glioma,14034110471498166896,439,train
/kaggle/input/datasets/denizkavi1/brain-tumor/2/511.png,511.png,flat,2,glioma,14037504587656868658,474,val
/kaggle/input/datasets/denizkavi1/brain-tumor/2/512.png,512.png,flat,2,glioma,9784473218267374648,475,train
/kaggle/input/datasets/denizkavi1/brain-tumor/2/513.png,513.png,flat,2,glioma,10923050718324483401,476,train
/kaggle/input/datasets/denizkavi1/brain-tumor/2/514.png,514.png,flat,2,glioma,9749018331831477882,477,test
/kaggle/input/datasets/denizkavi1/brain-tumor/2/515.png,515.png,flat,2,glioma,9748948170296141650,712,train
/kaggle/input/datasets/denizkavi1/brain-tumor/2/516.png,516.png,flat,2,glioma,14396458561421337754,478,test
/kaggle/input/datasets/denizkavi1/brain-tumor/2/517.png,517.png,flat,2,glioma,14079166181613384219,479,test
/kaggle/input/datasets/denizkavi1/brain-tumor/2/518.png,518.png,flat,2,glioma,10910384288408151963,712,train
/kaggle/input/datasets/denizkavi1/brain-tumor/2/519.png,519.png,flat,2,glioma,10901940043393410970,712,train
/kaggle/input/datasets/denizkavi1/brain-tumor/2/52.png,52.png,flat,2,glioma,10910032930401448497,354,train
/kaggle/input/datasets/denizkavi1/brain-tumor/2/520.png,520.png,flat,2,glioma,14036382158083466394,480,train
/kaggle/input/datasets/denizkavi1/brain-tumor/2/521.png,521.png,flat,2,glioma,15160030299481842840,481,cal
/kaggle/input/datasets/denizkavi1/brain-tumor/2/522.png,522.png,flat,2,glioma,10901869674634815442,712,train
/kaggle/input/datasets/denizkavi1/brain-tumor/2/523.png,523.png,flat,2,glioma,14007091068471240216,482,train
/kaggle/input/datasets/denizkavi1/brain-tumor/2/524.png,524.png,flat,2,glioma,9758007938900174458,477,test
/kaggle/input/datasets/denizkavi1/brain-tumor/2/525.png,525.png,flat,2,glioma,10896592225001957070,712,train
/kaggle/input/datasets/denizkavi1/brain-tumor/2/526.png,526.png,flat,2,glioma,14023714190698398514,136,train
/kaggle/input/datasets/denizkavi1/brain-tumor/2/527.png,527.png,flat,2,glioma,14022588325151204144,136,train
/kaggle/input/datasets/denizkavi1/brain-tumor/2/528.png,528.png,flat,2,glioma,10896592207822088142,712,train
/kaggle/input/datasets/denizkavi1/brain-tumor/2/529.png,529.png,flat,2,glioma,10824534631032186520,712,train
/kaggle/input/datasets/denizkavi1/brain-tumor/2/53.png,53.png,flat,2,glioma,14033548556514373996,439,train
/kaggle/input/datasets/denizkavi1/brain-tumor/2/530.png,530.png,flat,2,glioma,9749020531911697722,477,test
/kaggle/input/datasets/denizkavi1/brain-tumor/2/531.png,531.png,flat,2,glioma,14396388209991247000,478,test
/kaggle/input/datasets/denizkavi1/brain-tumor/2/532.png,532.png,flat,2,glioma,9757744056092731195,477,test
/kaggle/input/datasets/denizkavi1/brain-tumor/2/533.png,533.png,flat,2,glioma,14309693964411298061,483,train
/kaggle/input/datasets/denizkavi1/brain-tumor/2/534.png,534.png,flat,2,glioma,14036380508547589938,484,train
/kaggle/input/datasets/denizkavi1/brain-tumor/2/535.png,535.png,flat,2,glioma,10888710908478449608,712,train
/kaggle/input/datasets/denizkavi1/brain-tumor/2/536.png,536.png,flat,2,glioma,10910876869609007003,712,train
/kaggle/input/datasets/denizkavi1/brain-tumor/2/537.png,537.png,flat,2,glioma,14643520999601785697,485,train
/kaggle/input/datasets/denizkavi1/brain-tumor/2/538.png,538.png,flat,2,glioma,10896591932948441036,712,train
/kaggle/input/datasets/denizkavi1/brain-tumor/2/539.png,539.png,flat,2,glioma,14634513801152482145,485,train
/kaggle/input/datasets/denizkavi1/brain-tumor/2/54.png,54.png,flat,2,glioma,10838244621214099516,486,train
/kaggle/input/datasets/denizkavi1/brain-tumor/2/540.png,540.png,flat,2,glioma,9785049362227143730,487,test
/kaggle/input/datasets/denizkavi1/brain-tumor/2/541.png,541.png,flat,2,glioma,14021464584691998829,488,train
/kaggle/input/datasets/denizkavi1/brain-tumor/2/542.png,542.png,flat,2,glioma,10824518009509291672,996,test
/kaggle/input/datasets/denizkavi1/brain-tumor/2/543.png,543.png,flat,2,glioma,14059180037797495664,136,train
/kaggle/input/datasets/denizkavi1/brain-tumor/2/544.png,544.png,flat,2,glioma,14023714190698324786,136,train
/kaggle/input/datasets/denizkavi1/brain-tumor/2/545.png,545.png,flat,2,glioma,10889273720984528332,712,train
/kaggle/input/datasets/denizkavi1/brain-tumor/2/546.png,546.png,flat,2,glioma,14081979316536763163,675,train
/kaggle/input/datasets/denizkavi1/brain-tumor/2/547.png,547.png,flat,2,glioma,13996109468658642224,489,cal
/kaggle/input/datasets/denizkavi1/brain-tumor/2/548.png,548.png,flat,2,glioma,14274787802797269542,490,train
/kaggle/input/datasets/denizkavi1/brain-tumor/2/549.png,549.png,flat,2,glioma,13996109468655578145,491,val
/kaggle/input/datasets/denizkavi1/brain-tumor/2/55.png,55.png,flat,2,glioma,9685334207230144563,492,val
/kaggle/input/datasets/denizkavi1/brain-tumor/2/550.png,550.png,flat,2,glioma,13996109468378754085,491,val
/kaggle/input/datasets/denizkavi1/brain-tumor/2/551.png,551.png,flat,2,glioma,14355341666912789602,493,cal
/kaggle/input/datasets/denizkavi1/brain-tumor/2/552.png,552.png,flat,2,glioma,14165579773707509965,494,test
/kaggle/input/datasets/denizkavi1/brain-tumor/2/553.png,553.png,flat,2,glioma,14311942500721058892,495,train
/kaggle/input/datasets/denizkavi1/brain-tumor/2/554.png,554.png,flat,2,glioma,14067114623655620962,496,train
/kaggle/input/datasets/denizkavi1/brain-tumor/2/555.png,555.png,flat,2,glioma,14009921859937788697,675,train
/kaggle/input/datasets/denizkavi1/brain-tumor/2/556.png,556.png,flat,2,glioma,14275913703710483556,495,train
/kaggle/input/datasets/denizkavi1/brain-tumor/2/557.png,557.png,flat,2,glioma,13983458470694776884,497,train
/kaggle/input/datasets/denizkavi1/brain-tumor/2/558.png,558.png,flat,2,glioma,14021464653277257837,488,train
/kaggle/input/datasets/denizkavi1/brain-tumor/2/559.png,559.png,flat,2,glioma,10850993158513845860,590,train
/kaggle/input/datasets/denizkavi1/brain-tumor/2/56.png,56.png,flat,2,glioma,13995568273448788705,498,train
/kaggle/input/datasets/denizkavi1/brain-tumor/2/560.png,560.png,flat,2,glioma,14010469416795513370,675,train
/kaggle/input/datasets/denizkavi1/brain-tumor/2/561.png,561.png,flat,2,glioma,13983460652537688116,497,train
/kaggle/input/datasets/denizkavi1/brain-tumor/2/562.png,562.png,flat,2,glioma,14010484809882804763,675,train
/kaggle/input/datasets/denizkavi1/brain-tumor/2/563.png,563.png,flat,2,glioma,10766481774615028326,499,train
/kaggle/input/datasets/denizkavi1/brain-tumor/2/564.png,564.png,flat,2,glioma,14127574843920574644,500,val
/kaggle/input/datasets/denizkavi1/brain-tumor/2/565.png,565.png,flat,2,glioma,14023201237590090809,501,train
/kaggle/input/datasets/denizkavi1/brain-tumor/2/566.png,566.png,flat,2,glioma,10766481774615028263,499,train
/kaggle/input/datasets/denizkavi1/brain-tumor/2/567.png,567.png,flat,2,glioma,9784767440774784052,502,train
/kaggle/input/datasets/denizkavi1/brain-tumor/2/568.png,568.png,flat,2,glioma,13996968156919509984,503,train
/kaggle/input/datasets/denizkavi1/brain-tumor/2/569.png,569.png,flat,2,glioma,9785047266266215026,504,train
/kaggle/input/datasets/denizkavi1/brain-tumor/2/57.png,57.png,flat,2,glioma,13999772761972289656,505,val
/kaggle/input/datasets/denizkavi1/brain-tumor/2/570.png,570.png,flat,2,glioma,14199702737917062640,506,train
/kaggle/input/datasets/denizkavi1/brain-tumor/2/571.png,571.png,flat,2,glioma,13991903269644087950,507,test
/kaggle/input/datasets/denizkavi1/brain-tumor/2/572.png,572.png,flat,2,glioma,9784767440489636406,502,train
/kaggle/input/datasets/denizkavi1/brain-tumor/2/573.png,573.png,flat,2,glioma,14127574775134251189,500,val
/kaggle/input/datasets/denizkavi1/brain-tumor/2/574.png,574.png,flat,2,glioma,10821438400956078750,508,train
/kaggle/input/datasets/denizkavi1/brain-tumor/2/575.png,575.png,flat,2,glioma,13852859595910818273,509,val
/kaggle/input/datasets/denizkavi1/brain-tumor/2/576.png,576.png,flat,2,glioma,15221157264918485149,510,train
/kaggle/input/datasets/denizkavi1/brain-tumor/2/577.png,577.png,flat,2,glioma,13842991479362972769,491,val
/kaggle/input/datasets/denizkavi1/brain-tumor/2/578.png,578.png,flat,2,glioma,14396717788672832560,511,test
/kaggle/input/datasets/denizkavi1/brain-tumor/2/579.png,579.png,flat,2,glioma,10910596979868688998,499,train
/kaggle/input/datasets/denizkavi1/brain-tumor/2/58.png,58.png,flat,2,glioma,14008780052408449057,395,val
/kaggle/input/datasets/denizkavi1/brain-tumor/2/580.png,580.png,flat,2,glioma,13839348798143358308,512,train
/kaggle/input/datasets/denizkavi1/brain-tumor/2/581.png,581.png,flat,2,glioma,10829255142954776612,513,test
/kaggle/input/datasets/denizkavi1/brain-tumor/2/582.png,582.png,flat,2,glioma,9784767887454516276,511,test
/kaggle/input/datasets/denizkavi1/brain-tumor/2/583.png,583.png,flat,2,glioma,9673022128066271890,514,val
/kaggle/input/datasets/denizkavi1/brain-tumor/2/584.png,584.png,flat,2,glioma,13996741657461073888,515,train
/kaggle/input/datasets/denizkavi1/brain-tumor/2/585.png,585.png,flat,2,glioma,10838262342184480816,516,train
/kaggle/input/datasets/denizkavi1/brain-tumor/2/586.png,586.png,flat,2,glioma,9784765241600860726,502,train
/kaggle/input/datasets/denizkavi1/brain-tumor/2/587.png,587.png,flat,2,glioma,13842991487956574257,517,train
/kaggle/input/datasets/denizkavi1/brain-tumor/2/588.png,588.png,flat,2,glioma,13843286148210912544,736,train
/kaggle/input/datasets/denizkavi1/brain-tumor/2/589.png,589.png,flat,2,glioma,15149098562811501467,518,train
/kaggle/input/datasets/denizkavi1/brain-tumor/2/59.png,59.png,flat,2,glioma,9685334206223495475,492,val
/kaggle/input/datasets/denizkavi1/brain-tumor/2/590.png,590.png,flat,2,glioma,9716631804515234419,519,train
/kaggle/input/datasets/denizkavi1/brain-tumor/2/591.png,591.png,flat,2,glioma,9640353151187958832,520,train
/kaggle/input/datasets/denizkavi1/brain-tumor/2/592.png,592.png,flat,2,glioma,9676053134012920888,521,train
/kaggle/input/datasets/denizkavi1/brain-tumor/2/593.png,593.png,flat,2,glioma,9716631804649452083,519,train
/kaggle/input/datasets/denizkavi1/brain-tumor/2/594.png,594.png,flat,2,glioma,13843061925419753505,517,train
/kaggle/input/datasets/denizkavi1/brain-tumor/2/595.png,595.png,flat,2,glioma,13991621244861494978,522,train
/kaggle/input/datasets/denizkavi1/brain-tumor/2/596.png,596.png,flat,2,glioma,13991902719996093490,497,train
/kaggle/input/datasets/denizkavi1/brain-tumor/2/597.png,597.png,flat,2,glioma,9788688367895196211,519,train
/kaggle/input/datasets/denizkavi1/brain-tumor/2/598.png,598.png,flat,2,glioma,15144823124901573603,523,train
/kaggle/input/datasets/denizkavi1/brain-tumor/2/599.png,599.png,flat,2,glioma,13843286011043932209,517,train
/kaggle/input/datasets/denizkavi1/brain-tumor/2/6.png,6.png,flat,2,glioma,9600117910070965958,109,train
/kaggle/input/datasets/denizkavi1/brain-tumor/2/60.png,60.png,flat,2,glioma,14324048582354942072,524,cal
/kaggle/input/datasets/denizkavi1/brain-tumor/2/600.png,600.png,flat,2,glioma,14131022877958694053,525,train
/kaggle/input/datasets/denizkavi1/brain-tumor/2/601.png,601.png,flat,2,glioma,13852907940067943717,526,train
/kaggle/input/datasets/denizkavi1/brain-tumor/2/602.png,602.png,flat,2,glioma,9788688402254934625,519,train
/kaggle/input/datasets/denizkavi1/brain-tumor/2/603.png,603.png,flat,2,glioma,13852925532252940068,526,train
/kaggle/input/datasets/denizkavi1/brain-tumor/2/604.png,604.png,flat,2,glioma,14068182425423721414,527,train
/kaggle/input/datasets/denizkavi1/brain-tumor/2/605.png,605.png,flat,2,glioma,9788694930588446821,519,train
/kaggle/input/datasets/denizkavi1/brain-tumor/2/606.png,606.png,flat,2,glioma,9676333638322778149,513,test
/kaggle/input/datasets/denizkavi1/brain-tumor/2/607.png,607.png,flat,2,glioma,15221157127731746969,528,val
/kaggle/input/datasets/denizkavi1/brain-tumor/2/608.png,608.png,flat,2,glioma,10766486172661538855,499,train
/kaggle/input/datasets/denizkavi1/brain-tumor/2/609.png,609.png,flat,2,glioma,10744034453394367969,536,val
/kaggle/input/datasets/denizkavi1/brain-tumor/2/61.png,61.png,flat,2,glioma,14202785481077567539,529,val
/kaggle/input/datasets/denizkavi1/brain-tumor/2/610.png,610.png,flat,2,glioma,9601527213298361236,530,train
/kaggle/input/datasets/denizkavi1/brain-tumor/2/611.png,611.png,flat,2,glioma,10896593857230087314,531,train
/kaggle/input/datasets/denizkavi1/brain-tumor/2/612.png,612.png,flat,2,glioma,10896574065949501078,712,train
/kaggle/input/datasets/denizkavi1/brain-tumor/2/613.png,613.png,flat,2,glioma,10824518146929959582,532,train
/kaggle/input/datasets/denizkavi1/brain-tumor/2/614.png,614.png,flat,2,glioma,14068468089067286723,533,train
/kaggle/input/datasets/denizkavi1/brain-tumor/2/615.png,615.png,flat,2,glioma,10836003993297709157,534,train
/kaggle/input/datasets/denizkavi1/brain-tumor/2/616.png,616.png,flat,2,glioma,9591112670688911721,536,val
/kaggle/input/datasets/denizkavi1/brain-tumor/2/617.png,617.png,flat,2,glioma,9685335302175093191,535,train
/kaggle/input/datasets/denizkavi1/brain-tumor/2/618.png,618.png,flat,2,glioma,9600120183207240997,536,val
/kaggle/input/datasets/denizkavi1/brain-tumor/2/619.png,619.png,flat,2,glioma,9685341899309854919,535,train
/kaggle/input/datasets/denizkavi1/brain-tumor/2/62.png,62.png,flat,2,glioma,10550032219180917089,537,train
/kaggle/input/datasets/denizkavi1/brain-tumor/2/620.png,620.png,flat,2,glioma,14641269334887864729,538,train
/kaggle/input/datasets/denizkavi1/brain-tumor/2/621.png,621.png,flat,2,glioma,14068186613284942291,539,train
/kaggle/input/datasets/denizkavi1/brain-tumor/2/622.png,622.png,flat,2,glioma,10836006123735693409,534,train
/kaggle/input/datasets/denizkavi1/brain-tumor/2/623.png,623.png,flat,2,glioma,10753041613734356966,257,train
/kaggle/input/datasets/denizkavi1/brain-tumor/2/624.png,624.png,flat,2,glioma,10836007505624653868,540,train
/kaggle/input/datasets/denizkavi1/brain-tumor/2/625.png,625.png,flat,2,glioma,10898282705878066406,541,val
/kaggle/input/datasets/denizkavi1/brain-tumor/2/626.png,626.png,flat,2,glioma,9685335302242136966,535,train
/kaggle/input/datasets/denizkavi1/brain-tumor/2/627.png,627.png,flat,2,glioma,9601228245045436721,542,train
/kaggle/input/datasets/denizkavi1/brain-tumor/2/628.png,628.png,flat,2,glioma,9685339700219507598,535,train
/kaggle/input/datasets/denizkavi1/brain-tumor/2/629.png,629.png,flat,2,glioma,9528343784847664804,543,train
/kaggle/input/datasets/denizkavi1/brain-tumor/2/63.png,63.png,flat,2,glioma,10550032220120441126,537,train
/kaggle/input/datasets/denizkavi1/brain-tumor/2/630.png,630.png,flat,2,glioma,9601245739391199110,530,train
/kaggle/input/datasets/denizkavi1/brain-tumor/2/631.png,631.png,flat,2,glioma,10838261273411609487,535,train
/kaggle/input/datasets/denizkavi1/brain-tumor/2/632.png,632.png,flat,2,glioma,10744034454468108641,536,val
/kaggle/input/datasets/denizkavi1/brain-tumor/2/633.png,633.png,flat,2,glioma,14068463707143288019,544,train
/kaggle/input/datasets/denizkavi1/brain-tumor/2/634.png,634.png,flat,2,glioma,14297027113775018119,545,train
/kaggle/input/datasets/denizkavi1/brain-tumor/2/635.png,635.png,flat,2,glioma,9600049775818139681,546,train
/kaggle/input/datasets/denizkavi1/brain-tumor/2/636.png,636.png,flat,2,glioma,10744034454200197473,536,val
/kaggle/input/datasets/denizkavi1/brain-tumor/2/637.png,637.png,flat,2,glioma,9524966019633062806,530,train
/kaggle/input/datasets/denizkavi1/brain-tumor/2/638.png,638.png,flat,2,glioma,9592221320941219105,547,train
/kaggle/input/datasets/denizkavi1/brain-tumor/2/639.png,639.png,flat,2,glioma,9591042580849680745,548,val
/kaggle/input/datasets/denizkavi1/brain-tumor/2/64.png,64.png,flat,2,glioma,13921870194434647352,549,train
/kaggle/input/datasets/denizkavi1/brain-tumor/2/640.png,640.png,flat,2,glioma,14068186077219434639,550,train
/kaggle/input/datasets/denizkavi1/brain-tumor/2/641.png,641.png,flat,2,glioma,9600120113414088037,536,val
/kaggle/input/datasets/denizkavi1/brain-tumor/2/642.png,642.png,flat,2,glioma,10838227162107030584,551,train
/kaggle/input/datasets/denizkavi1/brain-tumor/2/643.png,643.png,flat,2,glioma,10461715012809667206,552,train
/kaggle/input/datasets/denizkavi1/brain-tumor/2/644.png,644.png,flat,2,glioma,9600120143743101221,553,train
/kaggle/input/datasets/denizkavi1/brain-tumor/2/645.png,645.png,flat,2,glioma,14001459881070703162,554,train
/kaggle/input/datasets/denizkavi1/brain-tumor/2/646.png,646.png,flat,2,glioma,10850975085287532129,590,train
/kaggle/input/datasets/denizkavi1/brain-tumor/2/647.png,647.png,flat,2,glioma,14034394683398497353,555,train
/kaggle/input/datasets/denizkavi1/brain-tumor/2/648.png,648.png,flat,2,glioma,9756619354339354170,556,train
/kaggle/input/datasets/denizkavi1/brain-tumor/2/649.png,649.png,flat,2,glioma,14644647034563834566,557,train
/kaggle/input/datasets/denizkavi1/brain-tumor/2/65.png,65.png,flat,2,glioma,9685323227947416681,558,test
/kaggle/input/datasets/denizkavi1/brain-tumor/2/650.png,650.png,flat,2,glioma,13987104434059158631,560,train
/kaggle/input/datasets/denizkavi1/brain-tumor/2/651.png,651.png,flat,2,glioma,14101684180824110108,559,train
/kaggle/input/datasets/denizkavi1/brain-tumor/2/652.png,652.png,flat,2,glioma,14095193058499440740,560,train
/kaggle/input/datasets/denizkavi1/brain-tumor/2/653.png,653.png,flat,2,glioma,14037227033874407497,561,train
/kaggle/input/datasets/denizkavi1/brain-tumor/2/654.png,654.png,flat,2,glioma,13996406096279909587,562,train
/kaggle/input/datasets/denizkavi1/brain-tumor/2/655.png,655.png,flat,2,glioma,14036364942798234835,563,test
/kaggle/input/datasets/denizkavi1/brain-tumor/2/656.png,656.png,flat,2,glioma,14000347180621260592,569,test
/kaggle/input/datasets/denizkavi1/brain-tumor/2/657.png,657.png,flat,2,glioma,14000351574087591737,569,test
/kaggle/input/datasets/denizkavi1/brain-tumor/2/658.png,658.png,flat,2,glioma,13987104468368438374,560,train
/kaggle/input/datasets/denizkavi1/brain-tumor/2/659.png,659.png,flat,2,glioma,9684491362725815400,564,test
/kaggle/input/datasets/denizkavi1/brain-tumor/2/66.png,66.png,flat,2,glioma,13990501689520959585,565,test
/kaggle/input/datasets/denizkavi1/brain-tumor/2/660.png,660.png,flat,2,glioma,14020337907406759052,566,train
/kaggle/input/datasets/denizkavi1/brain-tumor/2/661.png,661.png,flat,2,glioma,9684563947396293656,567,test
/kaggle/input/datasets/denizkavi1/brain-tumor/2/662.png,662.png,flat,2,glioma,10828687176339972968,568,test
/kaggle/input/datasets/denizkavi1/brain-tumor/2/663.png,663.png,flat,2,glioma,14072971018836297577,569,test
/kaggle/input/datasets/denizkavi1/brain-tumor/2/664.png,664.png,flat,2,glioma,11428562768394225254,570,train
/kaggle/input/datasets/denizkavi1/brain-tumor/2/665.png,665.png,flat,2,glioma,13999771031222760043,571,train
/kaggle/input/datasets/denizkavi1/brain-tumor/2/666.png,666.png,flat,2,glioma,14324613186021778578,591,cal
/kaggle/input/datasets/denizkavi1/brain-tumor/2/667.png,667.png,flat,2,glioma,9675484162397464168,564,test
/kaggle/input/datasets/denizkavi1/brain-tumor/2/668.png,668.png,flat,2,glioma,13987104468418896995,560,train
/kaggle/input/datasets/denizkavi1/brain-tumor/2/669.png,669.png,flat,2,glioma,14008795822583608107,675,train
/kaggle/input/datasets/denizkavi1/brain-tumor/2/67.png,67.png,flat,2,glioma,13850094392945418548,572,cal
/kaggle/input/datasets/denizkavi1/brain-tumor/2/670.png,670.png,flat,2,glioma,13987104468435547236,560,train
/kaggle/input/datasets/denizkavi1/brain-tumor/2/671.png,671.png,flat,2,glioma,14059180169854399718,573,train
/kaggle/input/datasets/denizkavi1/brain-tumor/2/672.png,672.png,flat,2,glioma,14071846218172655465,569,test
/kaggle/input/datasets/denizkavi1/brain-tumor/2/673.png,673.png,flat,2,glioma,14059180174195766470,573,train
/kaggle/input/datasets/denizkavi1/brain-tumor/2/674.png,674.png,flat,2,glioma,14023135464410853732,574,train
/kaggle/input/datasets/denizkavi1/brain-tumor/2/675.png,675.png,flat,2,glioma,10910313305738732470,712,train
/kaggle/input/datasets/denizkavi1/brain-tumor/2/676.png,676.png,flat,2,glioma,10849849116732466791,575,cal
/kaggle/input/datasets/denizkavi1/brain-tumor/2/677.png,677.png,flat,2,glioma,14000347176311613288,569,test
/kaggle/input/datasets/denizkavi1/brain-tumor/2/678.png,678.png,flat,2,glioma,10921906779422811745,590,train
/kaggle/input/datasets/denizkavi1/brain-tumor/2/679.png,679.png,flat,2,glioma,10945568557613199416,576,cal
/kaggle/input/datasets/denizkavi1/brain-tumor/2/68.png,68.png,flat,2,glioma,13994983380519760947,577,train
/kaggle/input/datasets/denizkavi1/brain-tumor/2/680.png,680.png,flat,2,glioma,13997818303877900128,569,test
/kaggle/input/datasets/denizkavi1/brain-tumor/2/681.png,681.png,flat,2,glioma,11428281426557310566,570,train
/kaggle/input/datasets/denizkavi1/brain-tumor/2/682.png,682.png,flat,2,glioma,13995332972948235954,578,train
/kaggle/input/datasets/denizkavi1/brain-tumor/2/683.png,683.png,flat,2,glioma,10910313305738666679,712,train
/kaggle/input/datasets/denizkavi1/brain-tumor/2/684.png,684.png,flat,2,glioma,10866192055643694893,579,cal
/kaggle/input/datasets/denizkavi1/brain-tumor/2/685.png,685.png,flat,2,glioma,9699478182681798553,580,train
/kaggle/input/datasets/denizkavi1/brain-tumor/2/686.png,686.png,flat,2,glioma,10838326560147531363,581,train
/kaggle/input/datasets/denizkavi1/brain-tumor/2/687.png,687.png,flat,2,glioma,14023415908325208420,582,train
/kaggle/input/datasets/denizkavi1/brain-tumor/2/688.png,688.png,flat,2,glioma,10865559299582617447,583,train
/kaggle/input/datasets/denizkavi1/brain-tumor/2/689.png,689.png,flat,2,glioma,14288863437296145209,596,train
/kaggle/input/datasets/denizkavi1/brain-tumor/2/69.png,69.png,flat,2,glioma,10838262394400416198,584,train
/kaggle/input/datasets/denizkavi1/brain-tumor/2/690.png,690.png,flat,2,glioma,14094909813864280889,585,train
/kaggle/input/datasets/denizkavi1/brain-tumor/2/691.png,691.png,flat,2,glioma,9792578664315052441,586,train
/kaggle/input/datasets/denizkavi1/brain-tumor/2/692.png,692.png,flat,2,glioma,11112695609126981168,587,train
/kaggle/input/datasets/denizkavi1/brain-tumor/2/693.png,693.png,flat,2,glioma,10851486813532374580,588,cal
/kaggle/input/datasets/denizkavi1/brain-tumor/2/694.png,694.png,flat,2,glioma,10852400237044262681,580,train
/kaggle/input/datasets/denizkavi1/brain-tumor/2/695.png,695.png,flat,2,glioma,14397494400141636473,589,train
/kaggle/input/datasets/denizkavi1/brain-tumor/2/696.png,696.png,flat,2,glioma,10850359848404083565,590,train
/kaggle/input/datasets/denizkavi1/brain-tumor/2/697.png,697.png,flat,2,glioma,14324595284598072891,591,cal
/kaggle/input/datasets/denizkavi1/brain-tumor/2/698.png,698.png,flat,2,glioma,10852048689676772902,590,train
/kaggle/input/datasets/denizkavi1/brain-tumor/2/699.png,699.png,flat,2,glioma,14109263903806337912,589,train
/kaggle/input/datasets/denizkavi1/brain-tumor/2/7.png,7.png,flat,2,glioma,10694428684664453216,19,train
/kaggle/input/datasets/denizkavi1/brain-tumor/2/70.png,70.png,flat,2,glioma,13850890165572087845,592,val
/kaggle/input/datasets/denizkavi1/brain-tumor/2/700.png,700.png,flat,2,glioma,10905882355613655329,593,train
/kaggle/input/datasets/denizkavi1/brain-tumor/2/701.png,701.png,flat,2,glioma,14095259518549811305,594,train
/kaggle/input/datasets/denizkavi1/brain-tumor/2/702.png,702.png,flat,2,glioma,10838326492501829219,581,train
/kaggle/input/datasets/denizkavi1/brain-tumor/2/703.png,703.png,flat,2,glioma,14095263358475907401,582,train
/kaggle/input/datasets/denizkavi1/brain-tumor/2/704.png,704.png,flat,2,glioma,10849796898448827244,590,train
/kaggle/input/datasets/denizkavi1/brain-tumor/2/705.png,705.png,flat,2,glioma,14094927406050325297,585,train
/kaggle/input/datasets/denizkavi1/brain-tumor/2/706.png,706.png,flat,2,glioma,14088452940422734705,595,train
/kaggle/input/datasets/denizkavi1/brain-tumor/2/707.png,707.png,flat,2,glioma,10850359848404083565,590,train
/kaggle/input/datasets/denizkavi1/brain-tumor/2/708.png,708.png,flat,2,glioma,14288863566145135405,596,train
/kaggle/input/datasets/denizkavi1/brain-tumor/2/709.png,709.png,flat,2,glioma,9711513595876565917,597,train
/kaggle/input/datasets/denizkavi1/brain-tumor/2/71.png,71.png,flat,2,glioma,13996390668762883376,598,val
/kaggle/input/datasets/denizkavi1/brain-tumor/2/710.png,710.png,flat,2,glioma,10850922798357504365,590,train
/kaggle/input/datasets/denizkavi1/brain-tumor/2/711.png,711.png,flat,2,glioma,14109546512653890104,589,train
/kaggle/input/datasets/denizkavi1/brain-tumor/2/712.png,712.png,flat,2,glioma,14095192920811530601,599,train
/kaggle/input/datasets/denizkavi1/brain-tumor/2/713.png,713.png,flat,2,glioma,9792578664046683928,600,val
/kaggle/input/datasets/denizkavi1/brain-tumor/2/714.png,714.png,flat,2,glioma,10834385838541268555,601,train
/kaggle/input/datasets/denizkavi1/brain-tumor/2/715.png,715.png,flat,2,glioma,10850359848404083565,590,train
/kaggle/input/datasets/denizkavi1/brain-tumor/2/716.png,716.png,flat,2,glioma,14072390475650053690,602,val
/kaggle/input/datasets/denizkavi1/brain-tumor/2/717.png,717.png,flat,2,glioma,14095540985203876169,582,train
/kaggle/input/datasets/denizkavi1/brain-tumor/2/718.png,718.png,flat,2,glioma,14023486139898863976,582,train
/kaggle/input/datasets/denizkavi1/brain-tumor/2/719.png,719.png,flat,2,glioma,14288863437296116525,596,train
/kaggle/input/datasets/denizkavi1/brain-tumor/2/72.png,72.png,flat,2,glioma,14203064752735810099,529,val
/kaggle/input/datasets/denizkavi1/brain-tumor/2/720.png,720.png,flat,2,glioma,14093501876342645624,603,test
/kaggle/input/datasets/denizkavi1/brain-tumor/2/721.png,721.png,flat,2,glioma,14324612911143986202,591,cal
/kaggle/input/datasets/denizkavi1/brain-tumor/2/722.png,722.png,flat,2,glioma,10849796898448828260,590,train
/kaggle/input/datasets/denizkavi1/brain-tumor/2/723.png,723.png,flat,2,glioma,14095540435401908553,582,train
/kaggle/input/datasets/denizkavi1/brain-tumor/2/724.png,724.png,flat,2,glioma,10852329455991613257,580,train
/kaggle/input/datasets/denizkavi1/brain-tumor/2/725.png,725.png,flat,2,glioma,14211173703263543654,604,train
/kaggle/input/datasets/denizkavi1/brain-tumor/2/726.png,726.png,flat,2,glioma,9685341060854854598,605,train
/kaggle/input/datasets/denizkavi1/brain-tumor/2/727.png,727.png,flat,2,glioma,10838262566464439198,606,cal
/kaggle/input/datasets/denizkavi1/brain-tumor/2/728.png,728.png,flat,2,glioma,10842829770138592353,607,train
/kaggle/input/datasets/denizkavi1/brain-tumor/2/729.png,729.png,flat,2,glioma,14284409972633843154,608,train
/kaggle/input/datasets/denizkavi1/brain-tumor/2/73.png,73.png,flat,2,glioma,14065919670245991784,609,train
/kaggle/input/datasets/denizkavi1/brain-tumor/2/730.png,730.png,flat,2,glioma,13843272885645355112,610,val
/kaggle/input/datasets/denizkavi1/brain-tumor/2/731.png,731.png,flat,2,glioma,14211805922462082402,1580,train
/kaggle/input/datasets/denizkavi1/brain-tumor/2/732.png,732.png,flat,2,glioma,9685060787059694534,611,val
/kaggle/input/datasets/denizkavi1/brain-tumor/2/733.png,733.png,flat,2,glioma,10838262629915870087,612,cal
/kaggle/input/datasets/denizkavi1/brain-tumor/2/734.png,734.png,flat,2,glioma,10905880164921779809,607,train
/kaggle/input/datasets/denizkavi1/brain-tumor/2/735.png,735.png,flat,2,glioma,13852843137659056164,1526,test
/kaggle/input/datasets/denizkavi1/brain-tumor/2/736.png,736.png,flat,2,glioma,13848339572659857440,1526,test
/kaggle/input/datasets/denizkavi1/brain-tumor/2/737.png,737.png,flat,2,glioma,14369925590191005799,613,val
/kaggle/input/datasets/denizkavi1/brain-tumor/2/738.png,738.png,flat,2,glioma,10905882363926504737,593,train
/kaggle/input/datasets/denizkavi1/brain-tumor/2/739.png,739.png,flat,2,glioma,10910037582880873418,614,train
/kaggle/input/datasets/denizkavi1/brain-tumor/2/74.png,74.png,flat,2,glioma,14641321395445937094,615,train
/kaggle/input/datasets/denizkavi1/brain-tumor/2/740.png,740.png,flat,2,glioma,13843290546548795680,616,train
/kaggle/input/datasets/denizkavi1/brain-tumor/2/741.png,741.png,flat,2,glioma,14211788330280170850,1580,train
/kaggle/input/datasets/denizkavi1/brain-tumor/2/742.png,742.png,flat,2,glioma,14301524090375566050,617,test
/kaggle/input/datasets/denizkavi1/brain-tumor/2/743.png,743.png,flat,2,glioma,13842991272964406624,618,train
/kaggle/input/datasets/denizkavi1/brain-tumor/2/744.png,744.png,flat,2,glioma,10910039779739836354,614,train
/kaggle/input/datasets/denizkavi1/brain-tumor/2/745.png,745.png,flat,2,glioma,10838326358356181918,619,cal
/kaggle/input/datasets/denizkavi1/brain-tumor/2/746.png,746.png,flat,2,glioma,9685341060783915934,606,cal
/kaggle/input/datasets/denizkavi1/brain-tumor/2/747.png,747.png,flat,2,glioma,14297027079282279326,606,cal
/kaggle/input/datasets/denizkavi1/brain-tumor/2/748.png,748.png,flat,2,glioma,14283845923378574834,620,train
/kaggle/input/datasets/denizkavi1/brain-tumor/2/749.png,749.png,flat,2,glioma,9685334485206754202,621,train
/kaggle/input/datasets/denizkavi1/brain-tumor/2/75.png,75.png,flat,2,glioma,10838825361532530883,622,train
/kaggle/input/datasets/denizkavi1/brain-tumor/2/750.png,750.png,flat,2,glioma,10842829770138591585,607,train
/kaggle/input/datasets/denizkavi1/brain-tumor/2/751.png,751.png,flat,2,glioma,14301528497014096786,623,cal
/kaggle/input/datasets/denizkavi1/brain-tumor/2/752.png,752.png,flat,2,glioma,14297028279453035395,624,train
/kaggle/input/datasets/denizkavi1/brain-tumor/2/753.png,753.png,flat,2,glioma,14296739909930870483,625,train
/kaggle/input/datasets/denizkavi1/brain-tumor/2/754.png,754.png,flat,2,glioma,14065917427413299815,626,val
/kaggle/input/datasets/denizkavi1/brain-tumor/2/755.png,755.png,flat,2,glioma,13839350411995407410,627,cal
/kaggle/input/datasets/denizkavi1/brain-tumor/2/756.png,756.png,flat,2,glioma,14283284085690623635,628,val
/kaggle/input/datasets/denizkavi1/brain-tumor/2/757.png,757.png,flat,2,glioma,13839350446356193316,627,cal
/kaggle/input/datasets/denizkavi1/brain-tumor/2/758.png,758.png,flat,2,glioma,14283282986181223443,628,val
/kaggle/input/datasets/denizkavi1/brain-tumor/2/759.png,759.png,flat,2,glioma,9592220935172618336,629,cal
/kaggle/input/datasets/denizkavi1/brain-tumor/2/76.png,76.png,flat,2,glioma,14930325818957218702,630,train
/kaggle/input/datasets/denizkavi1/brain-tumor/2/760.png,760.png,flat,2,glioma,14132080445189355557,631,train
/kaggle/input/datasets/denizkavi1/brain-tumor/2/761.png,761.png,flat,2,glioma,14930674543692853966,632,train
/kaggle/input/datasets/denizkavi1/brain-tumor/2/762.png,762.png,flat,2,glioma,14202785378999742817,633,train
/kaggle/input/datasets/denizkavi1/brain-tumor/2/763.png,763.png,flat,2,glioma,9609043398661388648,379,cal
/kaggle/input/datasets/denizkavi1/brain-tumor/2/764.png,764.png,flat,2,glioma,14068184654685889730,634,train
/kaggle/input/datasets/denizkavi1/brain-tumor/2/765.png,765.png,flat,2,glioma,14991144401999454253,635,train
/kaggle/input/datasets/denizkavi1/brain-tumor/2/766.png,766.png,flat,2,glioma,14006246776888243304,636,train
/kaggle/input/datasets/denizkavi1/brain-tumor/2/767.png,767.png,flat,2,glioma,13996391012963394754,637,train
/kaggle/input/datasets/denizkavi1/brain-tumor/2/768.png,768.png,flat,2,glioma,14065983402354878102,638,train
/kaggle/input/datasets/denizkavi1/brain-tumor/2/769.png,769.png,flat,2,glioma,13914568299059897891,639,train
/kaggle/input/datasets/denizkavi1/brain-tumor/2/77.png,77.png,flat,2,glioma,14211793779843936304,529,val
/kaggle/input/datasets/denizkavi1/brain-tumor/2/770.png,770.png,flat,2,glioma,9609113759084066913,379,cal
/kaggle/input/datasets/denizkavi1/brain-tumor/2/771.png,771.png,flat,2,glioma,13914550724053971316,640,train
/kaggle/input/datasets/denizkavi1/brain-tumor/2/772.png,772.png,flat,2,glioma,13914568333151465509,641,cal
/kaggle/input/datasets/denizkavi1/brain-tumor/2/773.png,773.png,flat,2,glioma,13995269218176741476,642,train
/kaggle/input/datasets/denizkavi1/brain-tumor/2/774.png,774.png,flat,2,glioma,13843852259216416876,643,train
/kaggle/input/datasets/denizkavi1/brain-tumor/2/775.png,775.png,flat,2,glioma,13996459955035645334,644,val
/kaggle/input/datasets/denizkavi1/brain-tumor/2/776.png,776.png,flat,2,glioma,13838224615177216036,627,cal
/kaggle/input/datasets/denizkavi1/brain-tumor/2/777.png,777.png,flat,2,glioma,14929548438533543628,645,train
/kaggle/input/datasets/denizkavi1/brain-tumor/2/778.png,778.png,flat,2,glioma,14068235232275031686,646,train
/kaggle/input/datasets/denizkavi1/brain-tumor/2/779.png,779.png,flat,2,glioma,13839349226526761268,647,train
/kaggle/input/datasets/denizkavi1/brain-tumor/2/78.png,78.png,flat,2,glioma,9758590577102041136,648,train
/kaggle/input/datasets/denizkavi1/brain-tumor/2/780.png,780.png,flat,2,glioma,9592220922287700065,629,cal
/kaggle/input/datasets/denizkavi1/brain-tumor/2/781.png,781.png,flat,2,glioma,13995005339677909025,649,test
/kaggle/input/datasets/denizkavi1/brain-tumor/2/782.png,782.png,flat,2,glioma,13989375788612481128,650,train
/kaggle/input/datasets/denizkavi1/brain-tumor/2/783.png,783.png,flat,2,glioma,10379159187627335997,651,train
/kaggle/input/datasets/denizkavi1/brain-tumor/2/784.png,784.png,flat,2,glioma,14009624424793387107,652,train
/kaggle/input/datasets/denizkavi1/brain-tumor/2/785.png,785.png,flat,2,glioma,13988232382665404468,653,train
/kaggle/input/datasets/denizkavi1/brain-tumor/2/786.png,786.png,flat,2,glioma,13839349767932569653,654,cal
/kaggle/input/datasets/denizkavi1/brain-tumor/2/787.png,787.png,flat,2,glioma,9591095039561656357,655,val
/kaggle/input/datasets/denizkavi1/brain-tumor/2/788.png,788.png,flat,2,glioma,10685685437198002485,656,train
/kaggle/input/datasets/denizkavi1/brain-tumor/2/789.png,789.png,flat,2,glioma,9609043458790996072,379,cal
/kaggle/input/datasets/denizkavi1/brain-tumor/2/79.png,79.png,flat,2,glioma,13922946595674939429,657,train
/kaggle/input/datasets/denizkavi1/brain-tumor/2/790.png,790.png,flat,2,glioma,10537431885718561121,658,val
/kaggle/input/datasets/denizkavi1/brain-tumor/2/791.png,791.png,flat,2,glioma,14008795410415653315,659,train
/kaggle/input/datasets/denizkavi1/brain-tumor/2/792.png,792.png,flat,2,glioma,10609472711394668841,660,train
/kaggle/input/datasets/denizkavi1/brain-tumor/2/793.png,793.png,flat,2,glioma,14930616747157150776,661,train
/kaggle/input/datasets/denizkavi1/brain-tumor/2/794.png,794.png,flat,2,glioma,13987667453745051616,662,val
/kaggle/input/datasets/denizkavi1/brain-tumor/2/795.png,795.png,flat,2,glioma,9456550108086739305,658,val
/kaggle/input/datasets/denizkavi1/brain-tumor/2/796.png,796.png,flat,2,glioma,13852843069933889376,736,train
/kaggle/input/datasets/denizkavi1/brain-tumor/2/797.png,797.png,flat,2,glioma,14063963398450916747,669,train
/kaggle/input/datasets/denizkavi1/brain-tumor/2/798.png,798.png,flat,2,glioma,13996129774909965467,663,train
/kaggle/input/datasets/denizkavi1/brain-tumor/2/799.png,799.png,flat,2,glioma,10897719751759439716,664,test
/kaggle/input/datasets/denizkavi1/brain-tumor/2/8.png,8.png,flat,2,glioma,9609131535691231269,1580,train
/kaggle/input/datasets/denizkavi1/brain-tumor/2/80.png,80.png,flat,2,glioma,14065985640943658083,609,train
/kaggle/input/datasets/denizkavi1/brain-tumor/2/800.png,800.png,flat,2,glioma,10838262599501767138,665,train
/kaggle/input/datasets/denizkavi1/brain-tumor/2/801.png,801.png,flat,2,glioma,13851433308259535759,666,test
/kaggle/input/datasets/denizkavi1/brain-tumor/2/802.png,802.png,flat,2,glioma,13852843104286025056,736,train
/kaggle/input/datasets/denizkavi1/brain-tumor/2/803.png,803.png,flat,2,glioma,13852275825089454177,736,train
/kaggle/input/datasets/denizkavi1/brain-tumor/2/804.png,804.png,flat,2,glioma,9447472814974187817,667,train
/kaggle/input/datasets/denizkavi1/brain-tumor/2/805.png,805.png,flat,2,glioma,13990763419585885131,668,train
/kaggle/input/datasets/denizkavi1/brain-tumor/2/806.png,806.png,flat,2,glioma,14640143088112081291,669,train
/kaggle/input/datasets/denizkavi1/brain-tumor/2/807.png,807.png,flat,2,glioma,10825662192081266016,664,test
/kaggle/input/datasets/denizkavi1/brain-tumor/2/808.png,808.png,flat,2,glioma,14063683022180526539,669,train
/kaggle/input/datasets/denizkavi1/brain-tumor/2/809.png,809.png,flat,2,glioma,14930616472279424025,661,train
/kaggle/input/datasets/denizkavi1/brain-tumor/2/81.png,81.png,flat,2,glioma,14930334556262813575,670,train
/kaggle/input/datasets/denizkavi1/brain-tumor/2/810.png,810.png,flat,2,glioma,13996179890182003404,671,train
/kaggle/input/datasets/denizkavi1/brain-tumor/2/811.png,811.png,flat,2,glioma,13996459961207719582,672,train
/kaggle/input/datasets/denizkavi1/brain-tumor/2/812.png,812.png,flat,2,glioma,13996406851839866011,673,train
/kaggle/input/datasets/denizkavi1/brain-tumor/2/813.png,813.png,flat,2,glioma,10600394318490462585,674,cal
/kaggle/input/datasets/denizkavi1/brain-tumor/2/814.png,814.png,flat,2,glioma,14080853012906140617,675,train
/kaggle/input/datasets/denizkavi1/brain-tumor/2/815.png,815.png,flat,2,glioma,13996459097415982796,671,train
/kaggle/input/datasets/denizkavi1/brain-tumor/2/816.png,816.png,flat,2,glioma,13996476690105343626,671,train
/kaggle/input/datasets/denizkavi1/brain-tumor/2/817.png,817.png,flat,2,glioma,9384423243745797159,676,train
/kaggle/input/datasets/denizkavi1/brain-tumor/2/818.png,818.png,flat,2,glioma,10609471612696737057,677,train
/kaggle/input/datasets/denizkavi1/brain-tumor/2/819.png,819.png,flat,2,glioma,13852279948258059360,736,train
/kaggle/input/datasets/denizkavi1/brain-tumor/2/82.png,82.png,flat,2,glioma,10838262350518433825,678,val
/kaggle/input/datasets/denizkavi1/brain-tumor/2/820.png,820.png,flat,2,glioma,14284425599736027340,679,train
/kaggle/input/datasets/denizkavi1/brain-tumor/2/821.png,821.png,flat,2,glioma,14009921318775055241,675,train
/kaggle/input/datasets/denizkavi1/brain-tumor/2/822.png,822.png,flat,2,glioma,13992470119178186886,680,cal
/kaggle/input/datasets/denizkavi1/brain-tumor/2/823.png,823.png,flat,2,glioma,15145392173538750599,680,cal
/kaggle/input/datasets/denizkavi1/brain-tumor/2/824.png,824.png,flat,2,glioma,10838244798070284327,681,train
/kaggle/input/datasets/denizkavi1/brain-tumor/2/825.png,825.png,flat,2,glioma,10550031944303141031,682,train
/kaggle/input/datasets/denizkavi1/brain-tumor/2/826.png,826.png,flat,2,glioma,14640143225550736779,669,train
/kaggle/input/datasets/denizkavi1/brain-tumor/2/827.png,827.png,flat,2,glioma,13941522892991941263,666,test
/kaggle/input/datasets/denizkavi1/brain-tumor/2/828.png,828.png,flat,2,glioma,13992184246102669298,683,cal
/kaggle/input/datasets/denizkavi1/brain-tumor/2/829.png,829.png,flat,2,glioma,13996410094524207129,684,test
/kaggle/input/datasets/denizkavi1/brain-tumor/2/83.png,83.png,flat,2,glioma,14974240323572845772,685,train
/kaggle/input/datasets/denizkavi1/brain-tumor/2/830.png,830.png,flat,2,glioma,13996460026637812682,686,train
/kaggle/input/datasets/denizkavi1/brain-tumor/2/831.png,831.png,flat,2,glioma,13848351398648137347,687,train
/kaggle/input/datasets/denizkavi1/brain-tumor/2/832.png,832.png,flat,2,glioma,14355339692437087430,688,cal
/kaggle/input/datasets/denizkavi1/brain-tumor/2/833.png,833.png,flat,2,glioma,13848421768180712386,689,test
/kaggle/input/datasets/denizkavi1/brain-tumor/2/834.png,834.png,flat,2,glioma,13996460026637685646,686,train
/kaggle/input/datasets/denizkavi1/brain-tumor/2/835.png,835.png,flat,2,glioma,10865279464587946013,690,train
/kaggle/input/datasets/denizkavi1/brain-tumor/2/836.png,836.png,flat,2,glioma,13852852711198969483,691,train
/kaggle/input/datasets/denizkavi1/brain-tumor/2/837.png,837.png,flat,2,glioma,14063735523673092302,692,train
/kaggle/input/datasets/denizkavi1/brain-tumor/2/838.png,838.png,flat,2,glioma,14356469426639024334,693,train
/kaggle/input/datasets/denizkavi1/brain-tumor/2/839.png,839.png,flat,2,glioma,10865283862634449433,690,train
/kaggle/input/datasets/denizkavi1/brain-tumor/2/84.png,84.png,flat,2,glioma,13994983384798078003,577,train
/kaggle/input/datasets/denizkavi1/brain-tumor/2/840.png,840.png,flat,2,glioma,14355342994126877891,694,train
/kaggle/input/datasets/denizkavi1/brain-tumor/2/841.png,841.png,flat,2,glioma,13852857111393994383,695,train
/kaggle/input/datasets/denizkavi1/brain-tumor/2/842.png,842.png,flat,2,glioma,9671615870845265126,696,train
/kaggle/input/datasets/denizkavi1/brain-tumor/2/843.png,843.png,flat,2,glioma,13852859344789571203,695,train
/kaggle/input/datasets/denizkavi1/brain-tumor/2/844.png,844.png,flat,2,glioma,13852907706114294403,687,train
/kaggle/input/datasets/denizkavi1/brain-tumor/2/845.png,845.png,flat,2,glioma,14644629305248433100,697,train
/kaggle/input/datasets/denizkavi1/brain-tumor/2/846.png,846.png,flat,2,glioma,9712362358036088860,698,val
/kaggle/input/datasets/denizkavi1/brain-tumor/2/847.png,847.png,flat,2,glioma,13996113630423232612,699,train
/kaggle/input/datasets/denizkavi1/brain-tumor/2/848.png,848.png,flat,2,glioma,10910034295796752741,700,test
/kaggle/input/datasets/denizkavi1/brain-tumor/2/849.png,849.png,flat,2,glioma,10865266270450075708,698,val
/kaggle/input/datasets/denizkavi1/brain-tumor/2/85.png,85.png,flat,2,glioma,9758291509943476536,648,train
/kaggle/input/datasets/denizkavi1/brain-tumor/2/850.png,850.png,flat,2,glioma,10829253136923245928,701,train
/kaggle/input/datasets/denizkavi1/brain-tumor/2/851.png,851.png,flat,2,glioma,11406330432790225206,702,test
/kaggle/input/datasets/denizkavi1/brain-tumor/2/852.png,852.png,flat,2,glioma,10865283868003211305,703,test
/kaggle/input/datasets/denizkavi1/brain-tumor/2/853.png,853.png,flat,2,glioma,9761686749972949398,704,train
/kaggle/input/datasets/denizkavi1/brain-tumor/2/854.png,854.png,flat,2,glioma,14644696375427295385,528,val
/kaggle/input/datasets/denizkavi1/brain-tumor/2/855.png,855.png,flat,2,glioma,10914590675295520410,705,train
/kaggle/input/datasets/denizkavi1/brain-tumor/2/856.png,856.png,flat,2,glioma,10897719761362952460,706,train
/kaggle/input/datasets/denizkavi1/brain-tumor/2/857.png,857.png,flat,2,glioma,14283512805522322051,707,train
/kaggle/input/datasets/denizkavi1/brain-tumor/2/858.png,858.png,flat,2,glioma,14283564104907369627,721,cal
/kaggle/input/datasets/denizkavi1/brain-tumor/2/859.png,859.png,flat,2,glioma,10914588480596482766,708,train
/kaggle/input/datasets/denizkavi1/brain-tumor/2/86.png,86.png,flat,2,glioma,13995005272015254053,709,train
/kaggle/input/datasets/denizkavi1/brain-tumor/2/860.png,860.png,flat,2,glioma,10766482053514996069,1580,train
/kaggle/input/datasets/denizkavi1/brain-tumor/2/861.png,861.png,flat,2,glioma,9761686475092946834,704,train
/kaggle/input/datasets/denizkavi1/brain-tumor/2/862.png,862.png,flat,2,glioma,14355288035806312594,710,train
/kaggle/input/datasets/denizkavi1/brain-tumor/2/863.png,863.png,flat,2,glioma,10842812913154431642,711,train
/kaggle/input/datasets/denizkavi1/brain-tumor/2/864.png,864.png,flat,2,glioma,10838326080206954910,712,train
/kaggle/input/datasets/denizkavi1/brain-tumor/2/865.png,865.png,flat,2,glioma,10914588480864930458,708,train
/kaggle/input/datasets/denizkavi1/brain-tumor/2/866.png,866.png,flat,2,glioma,13996113901811474916,713,train
/kaggle/input/datasets/denizkavi1/brain-tumor/2/867.png,867.png,flat,2,glioma,14283564113631251611,721,cal
/kaggle/input/datasets/denizkavi1/brain-tumor/2/868.png,868.png,flat,2,glioma,10838326080444982166,712,train
/kaggle/input/datasets/denizkavi1/brain-tumor/2/869.png,869.png,flat,2,glioma,13996113631485440052,714,cal
/kaggle/input/datasets/denizkavi1/brain-tumor/2/87.png,87.png,flat,2,glioma,14064861742628942535,715,val
/kaggle/input/datasets/denizkavi1/brain-tumor/2/870.png,870.png,flat,2,glioma,10838046254765099422,716,train
/kaggle/input/datasets/denizkavi1/brain-tumor/2/871.png,871.png,flat,2,glioma,10823408585100173596,717,cal
/kaggle/input/datasets/denizkavi1/brain-tumor/2/872.png,872.png,flat,2,glioma,9761686492288536210,704,train
/kaggle/input/datasets/denizkavi1/brain-tumor/2/873.png,873.png,flat,2,glioma,9761686493361229446,704,train
/kaggle/input/datasets/denizkavi1/brain-tumor/2/874.png,874.png,flat,2,glioma,14356413660805929618,718,cal
/kaggle/input/datasets/denizkavi1/brain-tumor/2/875.png,875.png,flat,2,glioma,14283563555151555787,721,cal
/kaggle/input/datasets/denizkavi1/brain-tumor/2/876.png,876.png,flat,2,glioma,13996113626128265317,699,train
/kaggle/input/datasets/denizkavi1/brain-tumor/2/877.png,877.png,flat,2,glioma,10829255078231747928,719,train
/kaggle/input/datasets/denizkavi1/brain-tumor/2/878.png,878.png,flat,2,glioma,10838326080444982166,712,train
/kaggle/input/datasets/denizkavi1/brain-tumor/2/879.png,879.png,flat,2,glioma,10829815813007499572,720,train
/kaggle/input/datasets/denizkavi1/brain-tumor/2/88.png,88.png,flat,2,glioma,14065989755522458978,609,train
/kaggle/input/datasets/denizkavi1/brain-tumor/2/880.png,880.png,flat,2,glioma,14356465574090258122,721,cal
/kaggle/input/datasets/denizkavi1/brain-tumor/2/881.png,881.png,flat,2,glioma,10829816086945868080,720,train
/kaggle/input/datasets/denizkavi1/brain-tumor/2/882.png,882.png,flat,2,glioma,10765919103434320229,700,test
/kaggle/input/datasets/denizkavi1/brain-tumor/2/883.png,883.png,flat,2,glioma,14279853631882107075,722,train
/kaggle/input/datasets/denizkavi1/brain-tumor/2/884.png,884.png,flat,2,glioma,10893216165946155372,723,train
/kaggle/input/datasets/denizkavi1/brain-tumor/2/885.png,885.png,flat,2,glioma,14284407980085880515,721,cal
/kaggle/input/datasets/denizkavi1/brain-tumor/2/886.png,886.png,flat,2,glioma,10838262342190706737,516,train
/kaggle/input/datasets/denizkavi1/brain-tumor/2/887.png,887.png,flat,2,glioma,10836010606811754548,220,train
/kaggle/input/datasets/denizkavi1/brain-tumor/2/888.png,888.png,flat,2,glioma,9672670288533743206,724,train
/kaggle/input/datasets/denizkavi1/brain-tumor/2/889.png,889.png,flat,2,glioma,14033562914656235624,725,train
/kaggle/input/datasets/denizkavi1/brain-tumor/2/89.png,89.png,flat,2,glioma,13994987761395053665,726,train
/kaggle/input/datasets/denizkavi1/brain-tumor/2/890.png,890.png,flat,2,glioma,9671613108376200922,712,train
/kaggle/input/datasets/denizkavi1/brain-tumor/2/891.png,891.png,flat,2,glioma,14006246695292395580,727,test
/kaggle/input/datasets/denizkavi1/brain-tumor/2/892.png,892.png,flat,2,glioma,9671615307399456466,712,train
/kaggle/input/datasets/denizkavi1/brain-tumor/2/893.png,893.png,flat,2,glioma,14035817922811028536,728,train
/kaggle/input/datasets/denizkavi1/brain-tumor/2/894.png,894.png,flat,2,glioma,14006242254295950388,729,train
/kaggle/input/datasets/denizkavi1/brain-tumor/2/895.png,895.png,flat,2,glioma,14140787401281315172,730,train
/kaggle/input/datasets/denizkavi1/brain-tumor/2/896.png,896.png,flat,2,glioma,14035533243773366601,57,train
/kaggle/input/datasets/denizkavi1/brain-tumor/2/897.png,897.png,flat,2,glioma,14139731870117602788,730,train
/kaggle/input/datasets/denizkavi1/brain-tumor/2/898.png,898.png,flat,2,glioma,9685340838404956256,1100,train
/kaggle/input/datasets/denizkavi1/brain-tumor/2/899.png,899.png,flat,2,glioma,13999783813849772134,731,train
/kaggle/input/datasets/denizkavi1/brain-tumor/2/9.png,9.png,flat,2,glioma,14202732722445693029,732,val
/kaggle/input/datasets/denizkavi1/brain-tumor/2/90.png,90.png,flat,2,glioma,10838262308626915587,733,train
/kaggle/input/datasets/denizkavi1/brain-tumor/2/900.png,900.png,flat,2,glioma,14006241275041834044,729,train
/kaggle/input/datasets/denizkavi1/brain-tumor/2/901.png,901.png,flat,2,glioma,13999788198266822770,734,test
/kaggle/input/datasets/denizkavi1/brain-tumor/2/902.png,902.png,flat,2,glioma,14139946274886082657,735,val
/kaggle/input/datasets/denizkavi1/brain-tumor/2/903.png,903.png,flat,2,glioma,13843831506003322208,736,train
/kaggle/input/datasets/denizkavi1/brain-tumor/2/904.png,904.png,flat,2,glioma,14139401122203330853,737,train
/kaggle/input/datasets/denizkavi1/brain-tumor/2/905.png,905.png,flat,2,glioma,14035516828678451558,738,val
/kaggle/input/datasets/denizkavi1/brain-tumor/2/906.png,906.png,flat,2,glioma,14140856909827221094,739,train
/kaggle/input/datasets/denizkavi1/brain-tumor/2/907.png,907.png,flat,2,glioma,9671614207686502042,712,train
/kaggle/input/datasets/denizkavi1/brain-tumor/2/908.png,908.png,flat,2,glioma,9599486860223391078,1580,train
/kaggle/input/datasets/denizkavi1/brain-tumor/2/909.png,909.png,flat,2,glioma,14035817932407582824,740,train
/kaggle/input/datasets/denizkavi1/brain-tumor/2/91.png,91.png,flat,2,glioma,14065987840104280676,741,cal
/kaggle/input/datasets/denizkavi1/brain-tumor/2/910.png,910.png,flat,2,glioma,10838257944137969716,516,train
/kaggle/input/datasets/denizkavi1/brain-tumor/2/911.png,911.png,flat,2,glioma,10824518145877120666,742,cal
/kaggle/input/datasets/denizkavi1/brain-tumor/2/912.png,912.png,flat,2,glioma,13843849098113869152,736,train
/kaggle/input/datasets/denizkavi1/brain-tumor/2/913.png,913.png,flat,2,glioma,10838262343003283808,1100,train
/kaggle/input/datasets/denizkavi1/brain-tumor/2/914.png,914.png,flat,2,glioma,13852561696980215136,736,train
/kaggle/input/datasets/denizkavi1/brain-tumor/2/915.png,915.png,flat,2,glioma,14068237396693362634,721,cal
/kaggle/input/datasets/denizkavi1/brain-tumor/2/916.png,916.png,flat,2,glioma,9600049745620182630,743,train
/kaggle/input/datasets/denizkavi1/brain-tumor/2/917.png,917.png,flat,2,glioma,10838262325830901857,1100,train
/kaggle/input/datasets/denizkavi1/brain-tumor/2/918.png,918.png,flat,2,glioma,14283582247559837350,744,train
/kaggle/input/datasets/denizkavi1/brain-tumor/2/919.png,919.png,flat,2,glioma,9744215510255777478,109,train
/kaggle/input/datasets/denizkavi1/brain-tumor/2/92.png,92.png,flat,2,glioma,10838255711691367315,733,train
/kaggle/input/datasets/denizkavi1/brain-tumor/2/93.png,93.png,flat,2,glioma,9685323245129186409,558,test
/kaggle/input/datasets/denizkavi1/brain-tumor/2/94.png,94.png,flat,2,glioma,13920744294264810552,745,test
/kaggle/input/datasets/denizkavi1/brain-tumor/2/95.png,95.png,flat,2,glioma,10838262324748646441,678,val
/kaggle/input/datasets/denizkavi1/brain-tumor/2/96.png,96.png,flat,2,glioma,14013018588146053157,565,test
/kaggle/input/datasets/denizkavi1/brain-tumor/2/97.png,97.png,flat,2,glioma,13921800074736725293,746,train
/kaggle/input/datasets/denizkavi1/brain-tumor/2/98.png,98.png,flat,2,glioma,10838257910714622355,733,train
/kaggle/input/datasets/denizkavi1/brain-tumor/2/99.png,99.png,flat,2,glioma,9685323245127351400,558,test
/kaggle/input/datasets/denizkavi1/brain-tumor/1/2300.png,2300.png,flat,1,meningioma,13852346141362957440,747,train
/kaggle/input/datasets/denizkavi1/brain-tumor/1/2301.png,2301.png,flat,1,meningioma,13996395101957399334,1097,train
/kaggle/input/datasets/denizkavi1/brain-tumor/1/2302.png,2302.png,flat,1,meningioma,9600665476541786007,748,train
/kaggle/input/datasets/denizkavi1/brain-tumor/1/2303.png,2303.png,flat,1,meningioma,10910320193534452626,749,cal
/kaggle/input/datasets/denizkavi1/brain-tumor/1/2304.png,2304.png,flat,1,meningioma,13996395119003050918,1097,train
/kaggle/input/datasets/denizkavi1/brain-tumor/1/2305.png,2305.png,flat,1,meningioma,15003019127572948180,750,train
/kaggle/input/datasets/denizkavi1/brain-tumor/1/2306.png,2306.png,flat,1,meningioma,13921873488625280210,751,val
/kaggle/input/datasets/denizkavi1/brain-tumor/1/2307.png,2307.png,flat,1,meningioma,9761684362994247303,752,train
/kaggle/input/datasets/denizkavi1/brain-tumor/1/2308.png,2308.png,flat,1,meningioma,10838262599488136083,749,cal
/kaggle/input/datasets/denizkavi1/brain-tumor/1/2309.png,2309.png,flat,1,meningioma,9618116663373279588,753,train
/kaggle/input/datasets/denizkavi1/brain-tumor/1/2310.png,2310.png,flat,1,meningioma,13996127064868020518,206,test
/kaggle/input/datasets/denizkavi1/brain-tumor/1/2311.png,2311.png,flat,1,meningioma,15737046206373095363,754,train
/kaggle/input/datasets/denizkavi1/brain-tumor/1/2312.png,2312.png,flat,1,meningioma,14063663532524057795,755,train
/kaggle/input/datasets/denizkavi1/brain-tumor/1/2313.png,2313.png,flat,1,meningioma,13996111428034116563,756,train
/kaggle/input/datasets/denizkavi1/brain-tumor/1/2314.png,2314.png,flat,1,meningioma,13852346141153242242,747,train
/kaggle/input/datasets/denizkavi1/brain-tumor/1/2315.png,2315.png,flat,1,meningioma,10771337230537532051,757,train
/kaggle/input/datasets/denizkavi1/brain-tumor/1/2316.png,2316.png,flat,1,meningioma,14071827019687322419,758,train
/kaggle/input/datasets/denizkavi1/brain-tumor/1/2317.png,2317.png,flat,1,meningioma,14076331718807937334,759,val
/kaggle/input/datasets/denizkavi1/brain-tumor/1/2318.png,2318.png,flat,1,meningioma,14007668449508352675,760,train
/kaggle/input/datasets/denizkavi1/brain-tumor/1/2319.png,2319.png,flat,1,meningioma,9600666601823478195,761,train
/kaggle/input/datasets/denizkavi1/brain-tumor/1/2320.png,2320.png,flat,1,meningioma,14008797576073081986,773,test
/kaggle/input/datasets/denizkavi1/brain-tumor/1/2321.png,2321.png,flat,1,meningioma,10897717557973051334,712,train
/kaggle/input/datasets/denizkavi1/brain-tumor/1/2322.png,2322.png,flat,1,meningioma,14990841778434813172,762,train
/kaggle/input/datasets/denizkavi1/brain-tumor/1/2323.png,2323.png,flat,1,meningioma,13860438272124216417,763,train
/kaggle/input/datasets/denizkavi1/brain-tumor/1/2324.png,2324.png,flat,1,meningioma,9761673351082156691,764,train
/kaggle/input/datasets/denizkavi1/brain-tumor/1/2325.png,2325.png,flat,1,meningioma,9761673350813763219,764,train
/kaggle/input/datasets/denizkavi1/brain-tumor/1/2326.png,2326.png,flat,1,meningioma,14064793499035525156,765,train
/kaggle/input/datasets/denizkavi1/brain-tumor/1/2327.png,2327.png,flat,1,meningioma,10609417911519360710,766,train
/kaggle/input/datasets/denizkavi1/brain-tumor/1/2328.png,2328.png,flat,1,meningioma,13996113905237123810,767,train
/kaggle/input/datasets/denizkavi1/brain-tumor/1/2329.png,2329.png,flat,1,meningioma,14082805715567140902,765,train
/kaggle/input/datasets/denizkavi1/brain-tumor/1/2330.png,2330.png,flat,1,meningioma,10896591658068305862,712,train
/kaggle/input/datasets/denizkavi1/brain-tumor/1/2331.png,2331.png,flat,1,meningioma,14006542532484556722,768,train
/kaggle/input/datasets/denizkavi1/brain-tumor/1/2332.png,2332.png,flat,1,meningioma,14007671680461267073,769,train
/kaggle/input/datasets/denizkavi1/brain-tumor/1/2333.png,2333.png,flat,1,meningioma,13860438272979840228,770,train
/kaggle/input/datasets/denizkavi1/brain-tumor/1/2334.png,2334.png,flat,1,meningioma,14008797626336960611,771,train
/kaggle/input/datasets/denizkavi1/brain-tumor/1/2335.png,2335.png,flat,1,meningioma,13996113900810151010,204,cal
/kaggle/input/datasets/denizkavi1/brain-tumor/1/2336.png,2336.png,flat,1,meningioma,14080904689943194723,772,train
/kaggle/input/datasets/denizkavi1/brain-tumor/1/2337.png,2337.png,flat,1,meningioma,14008797575066561760,773,test
/kaggle/input/datasets/denizkavi1/brain-tumor/1/2338.png,2338.png,flat,1,meningioma,14006542532488880932,774,val
/kaggle/input/datasets/denizkavi1/brain-tumor/1/2339.png,2339.png,flat,1,meningioma,14008797575074160739,771,train
/kaggle/input/datasets/denizkavi1/brain-tumor/1/2340.png,2340.png,flat,1,meningioma,15143704536207685673,775,train
/kaggle/input/datasets/denizkavi1/brain-tumor/1/2341.png,2341.png,flat,1,meningioma,14006542532489520867,776,val
/kaggle/input/datasets/denizkavi1/brain-tumor/1/2342.png,2342.png,flat,1,meningioma,14008796548501218721,777,train
/kaggle/input/datasets/denizkavi1/brain-tumor/1/2343.png,2343.png,flat,1,meningioma,13996113900929574595,767,train
/kaggle/input/datasets/denizkavi1/brain-tumor/1/2344.png,2344.png,flat,1,meningioma,10896574134735955398,712,train
/kaggle/input/datasets/denizkavi1/brain-tumor/1/2345.png,2345.png,flat,1,meningioma,14010484809908052512,569,test
/kaggle/input/datasets/denizkavi1/brain-tumor/1/2346.png,2346.png,flat,1,meningioma,10819967559623927865,778,train
/kaggle/input/datasets/denizkavi1/brain-tumor/1/2347.png,2347.png,flat,1,meningioma,14063964505714705353,779,cal
/kaggle/input/datasets/denizkavi1/brain-tumor/1/2348.png,2348.png,flat,1,meningioma,13996408518384706594,780,train
/kaggle/input/datasets/denizkavi1/brain-tumor/1/2349.png,2349.png,flat,1,meningioma,14999307873154398249,781,train
/kaggle/input/datasets/denizkavi1/brain-tumor/1/2350.png,2350.png,flat,1,meningioma,14008797576144364738,773,test
/kaggle/input/datasets/denizkavi1/brain-tumor/1/2351.png,2351.png,flat,1,meningioma,13860455864108917988,770,train
/kaggle/input/datasets/denizkavi1/brain-tumor/1/2352.png,2352.png,flat,1,meningioma,13992733723019208806,765,train
/kaggle/input/datasets/denizkavi1/brain-tumor/1/2353.png,2353.png,flat,1,meningioma,10824465893638496692,782,train
/kaggle/input/datasets/denizkavi1/brain-tumor/1/2354.png,2354.png,flat,1,meningioma,13991891759180833200,783,train
/kaggle/input/datasets/denizkavi1/brain-tumor/1/2355.png,2355.png,flat,1,meningioma,13991906912746259403,779,cal
/kaggle/input/datasets/denizkavi1/brain-tumor/1/2356.png,2356.png,flat,1,meningioma,10820243799036554285,784,train
/kaggle/input/datasets/denizkavi1/brain-tumor/1/2357.png,2357.png,flat,1,meningioma,14009340768119959974,785,train
/kaggle/input/datasets/denizkavi1/brain-tumor/1/2358.png,2358.png,flat,1,meningioma,13991907100720536259,786,train
/kaggle/input/datasets/denizkavi1/brain-tumor/1/2359.png,2359.png,flat,1,meningioma,13852907957293953938,787,train
/kaggle/input/datasets/denizkavi1/brain-tumor/1/2360.png,2360.png,flat,1,meningioma,13997025327280559075,788,train
/kaggle/input/datasets/denizkavi1/brain-tumor/1/2361.png,2361.png,flat,1,meningioma,14006262302992143310,789,cal
/kaggle/input/datasets/denizkavi1/brain-tumor/1/2362.png,2362.png,flat,1,meningioma,14008516362024280722,790,train
/kaggle/input/datasets/denizkavi1/brain-tumor/1/2363.png,2363.png,flat,1,meningioma,13852912372536060208,791,train
/kaggle/input/datasets/denizkavi1/brain-tumor/1/2364.png,2364.png,flat,1,meningioma,9599491227248781750,792,cal
/kaggle/input/datasets/denizkavi1/brain-tumor/1/2365.png,2365.png,flat,1,meningioma,15001274185042408147,793,val
/kaggle/input/datasets/denizkavi1/brain-tumor/1/2366.png,2366.png,flat,1,meningioma,14080573938949251219,794,test
/kaggle/input/datasets/denizkavi1/brain-tumor/1/2367.png,2367.png,flat,1,meningioma,14006262405819184846,795,train
/kaggle/input/datasets/denizkavi1/brain-tumor/1/2368.png,2368.png,flat,1,meningioma,10695041122165669058,796,train
/kaggle/input/datasets/denizkavi1/brain-tumor/1/2369.png,2369.png,flat,1,meningioma,9671830296062879126,797,test
/kaggle/input/datasets/denizkavi1/brain-tumor/1/2370.png,2370.png,flat,1,meningioma,13992465463396999462,798,cal
/kaggle/input/datasets/denizkavi1/brain-tumor/1/2371.png,2371.png,flat,1,meningioma,9312370258329561238,799,train
/kaggle/input/datasets/denizkavi1/brain-tumor/1/2372.png,2372.png,flat,1,meningioma,14008516374842075794,790,train
/kaggle/input/datasets/denizkavi1/brain-tumor/1/2373.png,2373.png,flat,1,meningioma,15159447823276091338,800,train
/kaggle/input/datasets/denizkavi1/brain-tumor/1/2374.png,2374.png,flat,1,meningioma,9682806793676301259,801,train
/kaggle/input/datasets/denizkavi1/brain-tumor/1/2375.png,2375.png,flat,1,meningioma,14009624446398116274,802,train
/kaggle/input/datasets/denizkavi1/brain-tumor/1/2376.png,2376.png,flat,1,meningioma,13852843172006486178,803,cal
/kaggle/input/datasets/denizkavi1/brain-tumor/1/2377.png,2377.png,flat,1,meningioma,15001325862290207267,804,train
/kaggle/input/datasets/denizkavi1/brain-tumor/1/2378.png,2378.png,flat,1,meningioma,13851729298025636148,805,train
/kaggle/input/datasets/denizkavi1/brain-tumor/1/2379.png,2379.png,flat,1,meningioma,13852838773960746034,806,train
/kaggle/input/datasets/denizkavi1/brain-tumor/1/2380.png,2380.png,flat,1,meningioma,10837962467256215254,807,cal
/kaggle/input/datasets/denizkavi1/brain-tumor/1/2381.png,2381.png,flat,1,meningioma,10838260161015342750,808,train
/kaggle/input/datasets/denizkavi1/brain-tumor/1/2382.png,2382.png,flat,1,meningioma,9671896229254213925,809,test
/kaggle/input/datasets/denizkavi1/brain-tumor/1/2383.png,2383.png,flat,1,meningioma,14068522170581070100,810,train
/kaggle/input/datasets/denizkavi1/brain-tumor/1/2384.png,2384.png,flat,1,meningioma,14068519971566203844,810,train
/kaggle/input/datasets/denizkavi1/brain-tumor/1/2385.png,2385.png,flat,1,meningioma,13991623478254710854,811,train
/kaggle/input/datasets/denizkavi1/brain-tumor/1/2386.png,2386.png,flat,1,meningioma,13996124844236944334,811,train
/kaggle/input/datasets/denizkavi1/brain-tumor/1/2387.png,2387.png,flat,1,meningioma,10910102199367853974,812,train
/kaggle/input/datasets/denizkavi1/brain-tumor/1/2388.png,2388.png,flat,1,meningioma,10910104655973672838,712,train
/kaggle/input/datasets/denizkavi1/brain-tumor/1/2389.png,2389.png,flat,1,meningioma,14068169274395537760,813,train
/kaggle/input/datasets/denizkavi1/brain-tumor/1/2390.png,2390.png,flat,1,meningioma,10821427767592107202,814,cal
/kaggle/input/datasets/denizkavi1/brain-tumor/1/2391.png,2391.png,flat,1,meningioma,14068515590513030083,818,test
/kaggle/input/datasets/denizkavi1/brain-tumor/1/2392.png,2392.png,flat,1,meningioma,10910315762208420742,815,train
/kaggle/input/datasets/denizkavi1/brain-tumor/1/2393.png,2393.png,flat,1,meningioma,10914608255598947718,712,train
/kaggle/input/datasets/denizkavi1/brain-tumor/1/2394.png,2394.png,flat,1,meningioma,14059229145350091105,813,train
/kaggle/input/datasets/denizkavi1/brain-tumor/1/2395.png,2395.png,flat,1,meningioma,14068168991997240871,816,train
/kaggle/input/datasets/denizkavi1/brain-tumor/1/2396.png,2396.png,flat,1,meningioma,9671614823048226756,817,cal
/kaggle/input/datasets/denizkavi1/brain-tumor/1/2397.png,2397.png,flat,1,meningioma,14067394071543321547,818,test
/kaggle/input/datasets/denizkavi1/brain-tumor/1/2398.png,2398.png,flat,1,meningioma,14644643199470244808,819,train
/kaggle/input/datasets/denizkavi1/brain-tumor/1/2399.png,2399.png,flat,1,meningioma,9618065273779200391,820,train
/kaggle/input/datasets/denizkavi1/brain-tumor/1/2400.png,2400.png,flat,1,meningioma,14068181369023444065,813,train
/kaggle/input/datasets/denizkavi1/brain-tumor/1/2401.png,2401.png,flat,1,meningioma,13991610060857486640,821,cal
/kaggle/input/datasets/denizkavi1/brain-tumor/1/2402.png,2402.png,flat,1,meningioma,9743672348382406598,817,cal
/kaggle/input/datasets/denizkavi1/brain-tumor/1/2403.png,2403.png,flat,1,meningioma,15433061180454891655,822,train
/kaggle/input/datasets/denizkavi1/brain-tumor/1/2404.png,2404.png,flat,1,meningioma,9618065272709655685,820,train
/kaggle/input/datasets/denizkavi1/brain-tumor/1/2405.png,2405.png,flat,1,meningioma,14059177193555178856,823,train
/kaggle/input/datasets/denizkavi1/brain-tumor/1/2406.png,2406.png,flat,1,meningioma,14930035520289151948,824,test
/kaggle/input/datasets/denizkavi1/brain-tumor/1/2407.png,2407.png,flat,1,meningioma,14068515590565507779,818,test
/kaggle/input/datasets/denizkavi1/brain-tumor/1/2408.png,2408.png,flat,1,meningioma,13996124861687345862,811,train
/kaggle/input/datasets/denizkavi1/brain-tumor/1/2409.png,2409.png,flat,1,meningioma,14067389690606433227,818,test
/kaggle/input/datasets/denizkavi1/brain-tumor/1/2410.png,2410.png,flat,1,meningioma,9685060475815339207,825,train
/kaggle/input/datasets/denizkavi1/brain-tumor/1/2411.png,2411.png,flat,1,meningioma,10824817802563626949,817,cal
/kaggle/input/datasets/denizkavi1/brain-tumor/1/2412.png,2412.png,flat,1,meningioma,10837975404706669766,826,train
/kaggle/input/datasets/denizkavi1/brain-tumor/1/2413.png,2413.png,flat,1,meningioma,9618065272625769861,820,train
/kaggle/input/datasets/denizkavi1/brain-tumor/1/2414.png,2414.png,flat,1,meningioma,14068163776904638756,813,train
/kaggle/input/datasets/denizkavi1/brain-tumor/1/2415.png,2415.png,flat,1,meningioma,10838263730152038534,827,train
/kaggle/input/datasets/denizkavi1/brain-tumor/1/2416.png,2416.png,flat,1,meningioma,10910102199371917206,812,train
/kaggle/input/datasets/denizkavi1/brain-tumor/1/2417.png,2417.png,flat,1,meningioma,9618065273821275271,232,train
/kaggle/input/datasets/denizkavi1/brain-tumor/1/2418.png,2418.png,flat,1,meningioma,14054655994226748728,828,train
/kaggle/input/datasets/denizkavi1/brain-tumor/1/2419.png,2419.png,flat,1,meningioma,14065985245672335404,829,cal
/kaggle/input/datasets/denizkavi1/brain-tumor/1/2420.png,2420.png,flat,1,meningioma,15279318642124876057,830,train
/kaggle/input/datasets/denizkavi1/brain-tumor/1/2421.png,2421.png,flat,1,meningioma,14068169012466168114,831,val
/kaggle/input/datasets/denizkavi1/brain-tumor/1/2422.png,2422.png,flat,1,meningioma,14064856411702834406,832,train
/kaggle/input/datasets/denizkavi1/brain-tumor/1/2423.png,2423.png,flat,1,meningioma,14065982089206772769,833,train
/kaggle/input/datasets/denizkavi1/brain-tumor/1/2424.png,2424.png,flat,1,meningioma,14065985245672209444,829,cal
/kaggle/input/datasets/denizkavi1/brain-tumor/1/2425.png,2425.png,flat,1,meningioma,13848053441876732212,834,train
/kaggle/input/datasets/denizkavi1/brain-tumor/1/2426.png,2426.png,flat,1,meningioma,9529469958730294305,1580,train
/kaggle/input/datasets/denizkavi1/brain-tumor/1/2427.png,2427.png,flat,1,meningioma,14065983188651291681,833,train
/kaggle/input/datasets/denizkavi1/brain-tumor/1/2428.png,2428.png,flat,1,meningioma,10838257073012548038,835,train
/kaggle/input/datasets/denizkavi1/brain-tumor/1/2429.png,2429.png,flat,1,meningioma,10757479071918137703,1580,train
/kaggle/input/datasets/denizkavi1/brain-tumor/1/2430.png,2430.png,flat,1,meningioma,10694424519606608231,1580,train
/kaggle/input/datasets/denizkavi1/brain-tumor/1/2431.png,2431.png,flat,1,meningioma,9627986106031628385,836,val
/kaggle/input/datasets/denizkavi1/brain-tumor/1/2432.png,2432.png,flat,1,meningioma,13838764960900147500,837,val
/kaggle/input/datasets/denizkavi1/brain-tumor/1/2433.png,2433.png,flat,1,meningioma,14389401251737722980,838,train
/kaggle/input/datasets/denizkavi1/brain-tumor/1/2434.png,2434.png,flat,1,meningioma,9588016788220698977,1580,train
/kaggle/input/datasets/denizkavi1/brain-tumor/1/2435.png,2435.png,flat,1,meningioma,14054673860216958256,828,train
/kaggle/input/datasets/denizkavi1/brain-tumor/1/2436.png,2436.png,flat,1,meningioma,14065137886679545060,832,train
/kaggle/input/datasets/denizkavi1/brain-tumor/1/2437.png,2437.png,flat,1,meningioma,10757476048286327137,1580,train
/kaggle/input/datasets/denizkavi1/brain-tumor/1/2438.png,2438.png,flat,1,meningioma,15001325862225559958,839,train
/kaggle/input/datasets/denizkavi1/brain-tumor/1/2439.png,2439.png,flat,1,meningioma,10761982910998585705,840,val
/kaggle/input/datasets/denizkavi1/brain-tumor/1/2440.png,2440.png,flat,1,meningioma,9609044691457941541,841,test
/kaggle/input/datasets/denizkavi1/brain-tumor/1/2441.png,2441.png,flat,1,meningioma,14353369087464780900,832,train
/kaggle/input/datasets/denizkavi1/brain-tumor/1/2442.png,2442.png,flat,1,meningioma,9241239342018471174,842,train
/kaggle/input/datasets/denizkavi1/brain-tumor/1/2443.png,2443.png,flat,1,meningioma,14991088265973409881,830,train
/kaggle/input/datasets/denizkavi1/brain-tumor/1/2444.png,2444.png,flat,1,meningioma,14353086787854546150,832,train
/kaggle/input/datasets/denizkavi1/brain-tumor/1/2445.png,2445.png,flat,1,meningioma,14065919673802764384,843,train
/kaggle/input/datasets/denizkavi1/brain-tumor/1/2446.png,2446.png,flat,1,meningioma,9529469994146996257,1580,train
/kaggle/input/datasets/denizkavi1/brain-tumor/1/2447.png,2447.png,flat,1,meningioma,15005266512835284882,844,train
/kaggle/input/datasets/denizkavi1/brain-tumor/1/2448.png,2448.png,flat,1,meningioma,9313296832977184039,842,train
/kaggle/input/datasets/denizkavi1/brain-tumor/1/2449.png,2449.png,flat,1,meningioma,15000780504524966294,839,train
/kaggle/input/datasets/denizkavi1/brain-tumor/1/2450.png,2450.png,flat,1,meningioma,10838539638979895654,1580,train
/kaggle/input/datasets/denizkavi1/brain-tumor/1/2451.png,2451.png,flat,1,meningioma,9627986028990718305,836,val
/kaggle/input/datasets/denizkavi1/brain-tumor/1/2452.png,2452.png,flat,1,meningioma,9609043574769610789,841,test
/kaggle/input/datasets/denizkavi1/brain-tumor/1/2453.png,2453.png,flat,1,meningioma,15005266511899236758,839,train
/kaggle/input/datasets/denizkavi1/brain-tumor/1/2454.png,2454.png,flat,1,meningioma,13993861804886925672,843,train
/kaggle/input/datasets/denizkavi1/brain-tumor/1/2455.png,2455.png,flat,1,meningioma,10739148107751651633,845,train
/kaggle/input/datasets/denizkavi1/brain-tumor/1/2456.png,2456.png,flat,1,meningioma,10698932481863722337,1580,train
/kaggle/input/datasets/denizkavi1/brain-tumor/1/2457.png,2457.png,flat,1,meningioma,10753604564765715846,1580,train
/kaggle/input/datasets/denizkavi1/brain-tumor/1/2458.png,2458.png,flat,1,meningioma,10748225718699192633,846,test
/kaggle/input/datasets/denizkavi1/brain-tumor/1/2459.png,2459.png,flat,1,meningioma,9592520353454776675,1580,train
/kaggle/input/datasets/denizkavi1/brain-tumor/1/2460.png,2460.png,flat,1,meningioma,9592520319095103841,1580,train
/kaggle/input/datasets/denizkavi1/brain-tumor/1/2461.png,2461.png,flat,1,meningioma,10779750916090788145,846,test
/kaggle/input/datasets/denizkavi1/brain-tumor/1/2462.png,2462.png,flat,1,meningioma,10681828513335632233,847,train
/kaggle/input/datasets/denizkavi1/brain-tumor/1/2463.png,2463.png,flat,1,meningioma,10897719752839619734,531,train
/kaggle/input/datasets/denizkavi1/brain-tumor/1/2464.png,2464.png,flat,1,meningioma,10681828513331437929,847,train
/kaggle/input/datasets/denizkavi1/brain-tumor/1/2465.png,2465.png,flat,1,meningioma,10681793328947292521,847,train
/kaggle/input/datasets/denizkavi1/brain-tumor/1/2466.png,2466.png,flat,1,meningioma,10748221329261488177,848,train
/kaggle/input/datasets/denizkavi1/brain-tumor/1/2467.png,2467.png,flat,1,meningioma,10779680521611407641,849,test
/kaggle/input/datasets/denizkavi1/brain-tumor/1/2468.png,2468.png,flat,1,meningioma,10748823921485963653,1580,train
/kaggle/input/datasets/denizkavi1/brain-tumor/1/2469.png,2469.png,flat,1,meningioma,9304289977332427106,1580,train
/kaggle/input/datasets/denizkavi1/brain-tumor/1/2470.png,2470.png,flat,1,meningioma,10677324913708786025,847,train
/kaggle/input/datasets/denizkavi1/brain-tumor/1/2471.png,2471.png,flat,1,meningioma,10749663948369649799,1580,train
/kaggle/input/datasets/denizkavi1/brain-tumor/1/2472.png,2472.png,flat,1,meningioma,10783159265494972515,850,train
/kaggle/input/datasets/denizkavi1/brain-tumor/1/2473.png,2473.png,flat,1,meningioma,10694428951895352419,1580,train
/kaggle/input/datasets/denizkavi1/brain-tumor/1/2474.png,2474.png,flat,1,meningioma,14992336341041242561,851,train
/kaggle/input/datasets/denizkavi1/brain-tumor/1/2475.png,2475.png,flat,1,meningioma,14992336341048779104,852,train
/kaggle/input/datasets/denizkavi1/brain-tumor/1/2476.png,2476.png,flat,1,meningioma,15068598403128141122,853,train
/kaggle/input/datasets/denizkavi1/brain-tumor/1/2477.png,2477.png,flat,1,meningioma,9230795356662428240,863,train
/kaggle/input/datasets/denizkavi1/brain-tumor/1/2478.png,2478.png,flat,1,meningioma,14165274769995888680,854,train
/kaggle/input/datasets/denizkavi1/brain-tumor/1/2479.png,2479.png,flat,1,meningioma,15149875433243182787,855,test
/kaggle/input/datasets/denizkavi1/brain-tumor/1/2480.png,2480.png,flat,1,meningioma,14992235185977306209,856,val
/kaggle/input/datasets/denizkavi1/brain-tumor/1/2481.png,2481.png,flat,1,meningioma,15064095761261602136,857,train
/kaggle/input/datasets/denizkavi1/brain-tumor/1/2482.png,2482.png,flat,1,meningioma,9230786285825978960,863,train
/kaggle/input/datasets/denizkavi1/brain-tumor/1/2483.png,2483.png,flat,1,meningioma,15001343455331157910,858,train
/kaggle/input/datasets/denizkavi1/brain-tumor/1/2484.png,2484.png,flat,1,meningioma,15029965623371788393,859,train
/kaggle/input/datasets/denizkavi1/brain-tumor/1/2485.png,2485.png,flat,1,meningioma,15289556067519832515,860,train
/kaggle/input/datasets/denizkavi1/brain-tumor/1/2486.png,2486.png,flat,1,meningioma,15005829462922495888,861,val
/kaggle/input/datasets/denizkavi1/brain-tumor/1/2487.png,2487.png,flat,1,meningioma,14992054801631946064,862,train
/kaggle/input/datasets/denizkavi1/brain-tumor/1/2488.png,2488.png,flat,1,meningioma,15149879830213854923,855,test
/kaggle/input/datasets/denizkavi1/brain-tumor/1/2489.png,2489.png,flat,1,meningioma,15288452346806600660,213,train
/kaggle/input/datasets/denizkavi1/brain-tumor/1/2490.png,2490.png,flat,1,meningioma,14992336358211609060,852,train
/kaggle/input/datasets/denizkavi1/brain-tumor/1/2491.png,2491.png,flat,1,meningioma,9299475254271570448,863,train
/kaggle/input/datasets/denizkavi1/brain-tumor/1/2492.png,2492.png,flat,1,meningioma,9231921256505569808,863,train
/kaggle/input/datasets/denizkavi1/brain-tumor/1/2493.png,2493.png,flat,1,meningioma,15029936752750719081,864,train
/kaggle/input/datasets/denizkavi1/brain-tumor/1/2494.png,2494.png,flat,1,meningioma,10706580350108710952,854,train
/kaggle/input/datasets/denizkavi1/brain-tumor/1/2495.png,2495.png,flat,1,meningioma,13996410700080324235,671,train
/kaggle/input/datasets/denizkavi1/brain-tumor/1/2496.png,2496.png,flat,1,meningioma,13852908008848394136,865,val
/kaggle/input/datasets/denizkavi1/brain-tumor/1/2497.png,2497.png,flat,1,meningioma,15029935240934750313,866,cal
/kaggle/input/datasets/denizkavi1/brain-tumor/1/2498.png,2498.png,flat,1,meningioma,15288447935871009748,213,train
/kaggle/input/datasets/denizkavi1/brain-tumor/1/2499.png,2499.png,flat,1,meningioma,9303970053578060304,863,train
/kaggle/input/datasets/denizkavi1/brain-tumor/1/2500.png,2500.png,flat,1,meningioma,10380632661715725656,867,train
/kaggle/input/datasets/denizkavi1/brain-tumor/1/2501.png,2501.png,flat,1,meningioma,10770990145686479141,1580,train
/kaggle/input/datasets/denizkavi1/brain-tumor/1/2502.png,2502.png,flat,1,meningioma,15001255477376016839,868,train
/kaggle/input/datasets/denizkavi1/brain-tumor/1/2503.png,2503.png,flat,1,meningioma,10752478420028892515,869,train
/kaggle/input/datasets/denizkavi1/brain-tumor/1/2504.png,2504.png,flat,1,meningioma,10440815401507698732,870,train
/kaggle/input/datasets/denizkavi1/brain-tumor/1/2505.png,2505.png,flat,1,meningioma,9515639202708538090,871,train
/kaggle/input/datasets/denizkavi1/brain-tumor/1/2506.png,2506.png,flat,1,meningioma,15196336236840710188,872,train
/kaggle/input/datasets/denizkavi1/brain-tumor/1/2507.png,2507.png,flat,1,meningioma,10537648386373420679,873,train
/kaggle/input/datasets/denizkavi1/brain-tumor/1/2508.png,2508.png,flat,1,meningioma,9515920681979822282,871,train
/kaggle/input/datasets/denizkavi1/brain-tumor/1/2509.png,2509.png,flat,1,meningioma,9595867302179441504,874,train
/kaggle/input/datasets/denizkavi1/brain-tumor/1/2510.png,2510.png,flat,1,meningioma,14995696431479677318,875,val
/kaggle/input/datasets/denizkavi1/brain-tumor/1/2511.png,2511.png,flat,1,meningioma,10751352790721766723,869,train
/kaggle/input/datasets/denizkavi1/brain-tumor/1/2512.png,2512.png,flat,1,meningioma,10384014812171477382,875,val
/kaggle/input/datasets/denizkavi1/brain-tumor/1/2513.png,2513.png,flat,1,meningioma,10770990144621125985,1580,train
/kaggle/input/datasets/denizkavi1/brain-tumor/1/2514.png,2514.png,flat,1,meningioma,10766235586816648547,1580,train
/kaggle/input/datasets/denizkavi1/brain-tumor/1/2515.png,2515.png,flat,1,meningioma,10744250021850407265,1580,train
/kaggle/input/datasets/denizkavi1/brain-tumor/1/2516.png,2516.png,flat,1,meningioma,10770990144621388068,1580,train
/kaggle/input/datasets/denizkavi1/brain-tumor/1/2517.png,2517.png,flat,1,meningioma,10393316593358189671,876,test
/kaggle/input/datasets/denizkavi1/brain-tumor/1/2518.png,2518.png,flat,1,meningioma,15001256426429482691,877,train
/kaggle/input/datasets/denizkavi1/brain-tumor/1/2519.png,2519.png,flat,1,meningioma,9586568749490324088,878,val
/kaggle/input/datasets/denizkavi1/brain-tumor/1/2520.png,2520.png,flat,1,meningioma,10753327521096294753,1580,train
/kaggle/input/datasets/denizkavi1/brain-tumor/1/2521.png,2521.png,flat,1,meningioma,15221654231288878734,116,val
/kaggle/input/datasets/denizkavi1/brain-tumor/1/2522.png,2522.png,flat,1,meningioma,10694710357087233479,1580,train
/kaggle/input/datasets/denizkavi1/brain-tumor/1/2523.png,2523.png,flat,1,meningioma,15001256695939736771,877,train
/kaggle/input/datasets/denizkavi1/brain-tumor/1/2524.png,2524.png,flat,1,meningioma,10410420597388551367,879,train
/kaggle/input/datasets/denizkavi1/brain-tumor/1/2525.png,2525.png,flat,1,meningioma,10744320390561030497,1580,train
/kaggle/input/datasets/denizkavi1/brain-tumor/1/2526.png,2526.png,flat,1,meningioma,10915171205556538566,712,train
/kaggle/input/datasets/denizkavi1/brain-tumor/1/2527.png,2527.png,flat,1,meningioma,10896574090644763802,880,train
/kaggle/input/datasets/denizkavi1/brain-tumor/1/2528.png,2528.png,flat,1,meningioma,9597802138113941859,881,test
/kaggle/input/datasets/denizkavi1/brain-tumor/1/2529.png,2529.png,flat,1,meningioma,10770985649113948641,882,train
/kaggle/input/datasets/denizkavi1/brain-tumor/1/2530.png,2530.png,flat,1,meningioma,10743968517880815971,881,test
/kaggle/input/datasets/denizkavi1/brain-tumor/1/2531.png,2531.png,flat,1,meningioma,10680632177039205575,883,train
/kaggle/input/datasets/denizkavi1/brain-tumor/1/2532.png,2532.png,flat,1,meningioma,10766483213166863841,884,train
/kaggle/input/datasets/denizkavi1/brain-tumor/1/2533.png,2533.png,flat,1,meningioma,11140046640263645645,885,train
/kaggle/input/datasets/denizkavi1/brain-tumor/1/2534.png,2534.png,flat,1,meningioma,10680918050066228453,886,train
/kaggle/input/datasets/denizkavi1/brain-tumor/1/2535.png,2535.png,flat,1,meningioma,10752972414284752225,884,train
/kaggle/input/datasets/denizkavi1/brain-tumor/1/2536.png,2536.png,flat,1,meningioma,14998511224121468192,887,train
/kaggle/input/datasets/denizkavi1/brain-tumor/1/2537.png,2537.png,flat,1,meningioma,10770422698768164774,712,train
/kaggle/input/datasets/denizkavi1/brain-tumor/1/2538.png,2538.png,flat,1,meningioma,10754167616573890949,888,train
/kaggle/input/datasets/denizkavi1/brain-tumor/1/2539.png,2539.png,flat,1,meningioma,10740590847145042341,889,cal
/kaggle/input/datasets/denizkavi1/brain-tumor/1/2540.png,2540.png,flat,1,meningioma,14989469914236332520,890,val
/kaggle/input/datasets/denizkavi1/brain-tumor/1/2541.png,2541.png,flat,1,meningioma,10677817494932317221,891,train
/kaggle/input/datasets/denizkavi1/brain-tumor/1/2542.png,2542.png,flat,1,meningioma,14989505029871135224,890,val
/kaggle/input/datasets/denizkavi1/brain-tumor/1/2543.png,2543.png,flat,1,meningioma,13996744951615043215,892,val
/kaggle/input/datasets/denizkavi1/brain-tumor/1/2544.png,2544.png,flat,1,meningioma,10754453421011511617,1580,train
/kaggle/input/datasets/denizkavi1/brain-tumor/1/2545.png,2545.png,flat,1,meningioma,14989223306876431669,893,val
/kaggle/input/datasets/denizkavi1/brain-tumor/1/2546.png,2546.png,flat,1,meningioma,9618068297473926535,1580,train
/kaggle/input/datasets/denizkavi1/brain-tumor/1/2547.png,2547.png,flat,1,meningioma,15005213718153799523,1580,train
/kaggle/input/datasets/denizkavi1/brain-tumor/1/2548.png,2548.png,flat,1,meningioma,10681199559279125894,1580,train
/kaggle/input/datasets/denizkavi1/brain-tumor/1/2549.png,2549.png,flat,1,meningioma,10771042922236289413,1580,train
/kaggle/input/datasets/denizkavi1/brain-tumor/1/2550.png,2550.png,flat,1,meningioma,10766482083579700647,1580,train
/kaggle/input/datasets/denizkavi1/brain-tumor/1/2551.png,2551.png,flat,1,meningioma,9528608422581712013,894,train
/kaggle/input/datasets/denizkavi1/brain-tumor/1/2552.png,2552.png,flat,1,meningioma,10753868447581547523,895,train
/kaggle/input/datasets/denizkavi1/brain-tumor/1/2553.png,2553.png,flat,1,meningioma,10914608264192959686,896,train
/kaggle/input/datasets/denizkavi1/brain-tumor/1/2554.png,2554.png,flat,1,meningioma,10452430843881546117,888,train
/kaggle/input/datasets/denizkavi1/brain-tumor/1/2555.png,2555.png,flat,1,meningioma,10682092328511941639,895,train
/kaggle/input/datasets/denizkavi1/brain-tumor/1/2556.png,2556.png,flat,1,meningioma,10676761672681785219,897,train
/kaggle/input/datasets/denizkavi1/brain-tumor/1/2557.png,2557.png,flat,1,meningioma,10393863051752318095,144,train
/kaggle/input/datasets/denizkavi1/brain-tumor/1/2558.png,2558.png,flat,1,meningioma,9600401618317427591,898,train
/kaggle/input/datasets/denizkavi1/brain-tumor/1/2559.png,2559.png,flat,1,meningioma,10766482087740515751,1580,train
/kaggle/input/datasets/denizkavi1/brain-tumor/1/2560.png,2560.png,flat,1,meningioma,15277734130418724132,899,train
/kaggle/input/datasets/denizkavi1/brain-tumor/1/2561.png,2561.png,flat,1,meningioma,15001327013272380880,900,train
/kaggle/input/datasets/denizkavi1/brain-tumor/1/2562.png,2562.png,flat,1,meningioma,10740590847145043233,889,cal
/kaggle/input/datasets/denizkavi1/brain-tumor/1/2563.png,2563.png,flat,1,meningioma,13995056518602332830,901,train
/kaggle/input/datasets/denizkavi1/brain-tumor/1/2564.png,2564.png,flat,1,meningioma,10681269995668776071,1580,train
/kaggle/input/datasets/denizkavi1/brain-tumor/1/2565.png,2565.png,flat,1,meningioma,15149030955630540495,902,train
/kaggle/input/datasets/denizkavi1/brain-tumor/1/2566.png,2566.png,flat,1,meningioma,13996745501640069774,903,train
/kaggle/input/datasets/denizkavi1/brain-tumor/1/2567.png,2567.png,flat,1,meningioma,10914537886861059718,712,train
/kaggle/input/datasets/denizkavi1/brain-tumor/1/2568.png,2568.png,flat,1,meningioma,10771042852711523716,1580,train
/kaggle/input/datasets/denizkavi1/brain-tumor/1/2569.png,2569.png,flat,1,meningioma,10681269926949358982,1580,train
/kaggle/input/datasets/denizkavi1/brain-tumor/1/2570.png,2570.png,flat,1,meningioma,9595898018849107267,904,val
/kaggle/input/datasets/denizkavi1/brain-tumor/1/2571.png,2571.png,flat,1,meningioma,9600683077368095894,905,val
/kaggle/input/datasets/denizkavi1/brain-tumor/1/2572.png,2572.png,flat,1,meningioma,9591117248037151075,1580,train
/kaggle/input/datasets/denizkavi1/brain-tumor/1/2573.png,2573.png,flat,1,meningioma,10694710335738503428,252,train
/kaggle/input/datasets/denizkavi1/brain-tumor/1/2574.png,2574.png,flat,1,meningioma,10896804967748804966,1580,train
/kaggle/input/datasets/denizkavi1/brain-tumor/1/2575.png,2575.png,flat,1,meningioma,10380616168789257312,906,train
/kaggle/input/datasets/denizkavi1/brain-tumor/1/2576.png,2576.png,flat,1,meningioma,10770990041525215559,1580,train
/kaggle/input/datasets/denizkavi1/brain-tumor/1/2577.png,2577.png,flat,1,meningioma,10752478501641659745,1580,train
/kaggle/input/datasets/denizkavi1/brain-tumor/1/2578.png,2578.png,flat,1,meningioma,10750789883709630819,1580,train
/kaggle/input/datasets/denizkavi1/brain-tumor/1/2579.png,2579.png,flat,1,meningioma,9601246014428226694,905,val
/kaggle/input/datasets/denizkavi1/brain-tumor/1/2580.png,2580.png,flat,1,meningioma,10753322917877014851,907,train
/kaggle/input/datasets/denizkavi1/brain-tumor/1/2581.png,2581.png,flat,1,meningioma,10845013830008453528,908,train
/kaggle/input/datasets/denizkavi1/brain-tumor/1/2582.png,2582.png,flat,1,meningioma,15064288339038841952,909,val
/kaggle/input/datasets/denizkavi1/brain-tumor/1/2583.png,2583.png,flat,1,meningioma,10896804957957858663,1580,train
/kaggle/input/datasets/denizkavi1/brain-tumor/1/2584.png,2584.png,flat,1,meningioma,10770990076967068101,1580,train
/kaggle/input/datasets/denizkavi1/brain-tumor/1/2585.png,2585.png,flat,1,meningioma,14212356433328838278,910,test
/kaggle/input/datasets/denizkavi1/brain-tumor/1/2586.png,2586.png,flat,1,meningioma,10452677130076826728,911,train
/kaggle/input/datasets/denizkavi1/brain-tumor/1/2587.png,2587.png,flat,1,meningioma,9600401585173717315,1580,train
/kaggle/input/datasets/denizkavi1/brain-tumor/1/2588.png,2588.png,flat,1,meningioma,10850643312069194521,912,train
/kaggle/input/datasets/denizkavi1/brain-tumor/1/2589.png,2589.png,flat,1,meningioma,13996674583139399369,913,train
/kaggle/input/datasets/denizkavi1/brain-tumor/1/2590.png,2590.png,flat,1,meningioma,10694710323935454531,1580,train
/kaggle/input/datasets/denizkavi1/brain-tumor/1/2591.png,2591.png,flat,1,meningioma,10744034354379384931,914,train
/kaggle/input/datasets/denizkavi1/brain-tumor/1/2592.png,2592.png,flat,1,meningioma,10752478497330439521,1580,train
/kaggle/input/datasets/denizkavi1/brain-tumor/1/2593.png,2593.png,flat,1,meningioma,10790974465574058138,915,train
/kaggle/input/datasets/denizkavi1/brain-tumor/1/2594.png,2594.png,flat,1,meningioma,9519306107577721185,1580,train
/kaggle/input/datasets/denizkavi1/brain-tumor/1/2595.png,2595.png,flat,1,meningioma,10824747363987039590,1580,train
/kaggle/input/datasets/denizkavi1/brain-tumor/1/2596.png,2596.png,flat,1,meningioma,10667719365386320944,916,train
/kaggle/input/datasets/denizkavi1/brain-tumor/1/2597.png,2597.png,flat,1,meningioma,10850359363059151713,917,val
/kaggle/input/datasets/denizkavi1/brain-tumor/1/2598.png,2598.png,flat,1,meningioma,10694710322861973820,252,train
/kaggle/input/datasets/denizkavi1/brain-tumor/1/2599.png,2599.png,flat,1,meningioma,14356465028663449750,918,train
/kaggle/input/datasets/denizkavi1/brain-tumor/1/2600.png,2600.png,flat,1,meningioma,10752408329532941671,1580,train
/kaggle/input/datasets/denizkavi1/brain-tumor/1/2601.png,2601.png,flat,1,meningioma,9601246010133390736,905,val
/kaggle/input/datasets/denizkavi1/brain-tumor/1/2602.png,2602.png,flat,1,meningioma,15001255579374069089,919,val
/kaggle/input/datasets/denizkavi1/brain-tumor/1/2603.png,2603.png,flat,1,meningioma,15287797956068519009,920,train
/kaggle/input/datasets/denizkavi1/brain-tumor/1/2604.png,2604.png,flat,1,meningioma,15278791031960120416,920,train
/kaggle/input/datasets/denizkavi1/brain-tumor/1/2605.png,2605.png,flat,1,meningioma,15001261076931159329,919,val
/kaggle/input/datasets/denizkavi1/brain-tumor/1/2606.png,2606.png,flat,1,meningioma,15144830804233905159,921,train
/kaggle/input/datasets/denizkavi1/brain-tumor/1/2607.png,2607.png,flat,1,meningioma,15001261042644837473,922,train
/kaggle/input/datasets/denizkavi1/brain-tumor/1/2608.png,2608.png,flat,1,meningioma,9520462793776849155,1580,train
/kaggle/input/datasets/denizkavi1/brain-tumor/1/2609.png,2609.png,flat,1,meningioma,13997022578351387789,923,train
/kaggle/input/datasets/denizkavi1/brain-tumor/1/2610.png,2610.png,flat,1,meningioma,15005827314294531215,924,val
/kaggle/input/datasets/denizkavi1/brain-tumor/1/2611.png,2611.png,flat,1,meningioma,15149332204704195718,925,train
/kaggle/input/datasets/denizkavi1/brain-tumor/1/2612.png,2612.png,flat,1,meningioma,15001260974795924438,926,train
/kaggle/input/datasets/denizkavi1/brain-tumor/1/2613.png,2613.png,flat,1,meningioma,15149316812677982098,927,train
/kaggle/input/datasets/denizkavi1/brain-tumor/1/2614.png,2614.png,flat,1,meningioma,15289491351153156486,928,train
/kaggle/input/datasets/denizkavi1/brain-tumor/1/2615.png,2615.png,flat,1,meningioma,13996953860045145753,929,train
/kaggle/input/datasets/denizkavi1/brain-tumor/1/2616.png,2616.png,flat,1,meningioma,9304289737875480707,930,train
/kaggle/input/datasets/denizkavi1/brain-tumor/1/2617.png,2617.png,flat,1,meningioma,10465097149315023812,931,train
/kaggle/input/datasets/denizkavi1/brain-tumor/1/2618.png,2618.png,flat,1,meningioma,9232232143838519431,930,train
/kaggle/input/datasets/denizkavi1/brain-tumor/1/2619.png,2619.png,flat,1,meningioma,10681269932435440518,931,train
/kaggle/input/datasets/denizkavi1/brain-tumor/1/2620.png,2620.png,flat,1,meningioma,10694710362444661698,1580,train
/kaggle/input/datasets/denizkavi1/brain-tumor/1/2621.png,2621.png,flat,1,meningioma,10753323123049833825,1580,train
/kaggle/input/datasets/denizkavi1/brain-tumor/1/2622.png,2622.png,flat,1,meningioma,10388535681644569030,932,train
/kaggle/input/datasets/denizkavi1/brain-tumor/1/2623.png,2623.png,flat,1,meningioma,9592520045317072007,930,train
/kaggle/input/datasets/denizkavi1/brain-tumor/1/2624.png,2624.png,flat,1,meningioma,10694705964406540178,1580,train
/kaggle/input/datasets/denizkavi1/brain-tumor/1/2625.png,2625.png,flat,1,meningioma,10456089950932771780,931,train
/kaggle/input/datasets/denizkavi1/brain-tumor/1/2626.png,2626.png,flat,1,meningioma,10753327589815755045,1580,train
/kaggle/input/datasets/denizkavi1/brain-tumor/1/2627.png,2627.png,flat,1,meningioma,10465097213672431909,1580,train
/kaggle/input/datasets/denizkavi1/brain-tumor/1/2628.png,2628.png,flat,1,meningioma,9313279515675927591,933,val
/kaggle/input/datasets/denizkavi1/brain-tumor/1/2629.png,2629.png,flat,1,meningioma,10744320390562062689,1580,train
/kaggle/input/datasets/denizkavi1/brain-tumor/1/2630.png,2630.png,flat,1,meningioma,13922731326341473927,934,train
/kaggle/input/datasets/denizkavi1/brain-tumor/1/2631.png,2631.png,flat,1,meningioma,14991092390006908168,949,train
/kaggle/input/datasets/denizkavi1/brain-tumor/1/2632.png,2632.png,flat,1,meningioma,10770990045887209842,1580,train
/kaggle/input/datasets/denizkavi1/brain-tumor/1/2633.png,2633.png,flat,1,meningioma,10537360314310571674,935,train
/kaggle/input/datasets/denizkavi1/brain-tumor/1/2634.png,2634.png,flat,1,meningioma,15001325969467254416,936,train
/kaggle/input/datasets/denizkavi1/brain-tumor/1/2635.png,2635.png,flat,1,meningioma,10668841116602098273,937,test
/kaggle/input/datasets/denizkavi1/brain-tumor/1/2636.png,2636.png,flat,1,meningioma,10838263665711850646,938,train
/kaggle/input/datasets/denizkavi1/brain-tumor/1/2637.png,2637.png,flat,1,meningioma,10739209878802426081,939,train
/kaggle/input/datasets/denizkavi1/brain-tumor/1/2638.png,2638.png,flat,1,meningioma,15029966997660725289,859,train
/kaggle/input/datasets/denizkavi1/brain-tumor/1/2639.png,2639.png,flat,1,meningioma,10667715217001441505,939,train
/kaggle/input/datasets/denizkavi1/brain-tumor/1/2640.png,2640.png,flat,1,meningioma,13922731876361815574,940,train
/kaggle/input/datasets/denizkavi1/brain-tumor/1/2641.png,2641.png,flat,1,meningioma,10694429981756371298,1580,train
/kaggle/input/datasets/denizkavi1/brain-tumor/1/2642.png,2642.png,flat,1,meningioma,15001326773687562387,941,train
/kaggle/input/datasets/denizkavi1/brain-tumor/1/2643.png,2643.png,flat,1,meningioma,10693866998378817475,942,train
/kaggle/input/datasets/denizkavi1/brain-tumor/1/2644.png,2644.png,flat,1,meningioma,15287586853989136080,943,train
/kaggle/input/datasets/denizkavi1/brain-tumor/1/2645.png,2645.png,flat,1,meningioma,10838263665711736514,938,train
/kaggle/input/datasets/denizkavi1/brain-tumor/1/2646.png,2646.png,flat,1,meningioma,10694425550277371238,944,train
/kaggle/input/datasets/denizkavi1/brain-tumor/1/2647.png,2647.png,flat,1,meningioma,10748221209782089761,945,train
/kaggle/input/datasets/denizkavi1/brain-tumor/1/2648.png,2648.png,flat,1,meningioma,15276609321458545872,946,train
/kaggle/input/datasets/denizkavi1/brain-tumor/1/2649.png,2649.png,flat,1,meningioma,15029966997994168361,859,train
/kaggle/input/datasets/denizkavi1/brain-tumor/1/2650.png,2650.png,flat,1,meningioma,14992322872031146416,947,train
/kaggle/input/datasets/denizkavi1/brain-tumor/1/2651.png,2651.png,flat,1,meningioma,13852345917818025107,948,train
/kaggle/input/datasets/denizkavi1/brain-tumor/1/2652.png,2652.png,flat,1,meningioma,10698932447512373190,1580,train
/kaggle/input/datasets/denizkavi1/brain-tumor/1/2653.png,2653.png,flat,1,meningioma,14991127780537412640,949,train
/kaggle/input/datasets/denizkavi1/brain-tumor/1/2654.png,2654.png,flat,1,meningioma,15277735225727398064,950,train
/kaggle/input/datasets/denizkavi1/brain-tumor/1/2655.png,2655.png,flat,1,meningioma,10694710323856811970,1580,train
/kaggle/input/datasets/denizkavi1/brain-tumor/1/2656.png,2656.png,flat,1,meningioma,15005829290046599568,947,train
/kaggle/input/datasets/denizkavi1/brain-tumor/1/2657.png,2657.png,flat,1,meningioma,15218857086840444568,951,train
/kaggle/input/datasets/denizkavi1/brain-tumor/1/2658.png,2658.png,flat,1,meningioma,14995631371574848544,949,train
/kaggle/input/datasets/denizkavi1/brain-tumor/1/2659.png,2659.png,flat,1,meningioma,10766482113506141543,1580,train
/kaggle/input/datasets/denizkavi1/brain-tumor/1/2660.png,2660.png,flat,1,meningioma,10739772828722227745,952,test
/kaggle/input/datasets/denizkavi1/brain-tumor/1/2661.png,2661.png,flat,1,meningioma,10676198791442360865,953,val
/kaggle/input/datasets/denizkavi1/brain-tumor/1/2662.png,2662.png,flat,1,meningioma,14991127711548718116,1526,test
/kaggle/input/datasets/denizkavi1/brain-tumor/1/2663.png,2663.png,flat,1,meningioma,10694425619141502406,1580,train
/kaggle/input/datasets/denizkavi1/brain-tumor/1/2664.png,2664.png,flat,1,meningioma,10823971527559322162,954,train
/kaggle/input/datasets/denizkavi1/brain-tumor/1/2665.png,2665.png,flat,1,meningioma,15001330088465691012,947,train
/kaggle/input/datasets/denizkavi1/brain-tumor/1/2666.png,2666.png,flat,1,meningioma,14991092664884814856,949,train
/kaggle/input/datasets/denizkavi1/brain-tumor/1/2667.png,2667.png,flat,1,meningioma,10770990075901665634,1580,train
/kaggle/input/datasets/denizkavi1/brain-tumor/1/2668.png,2668.png,flat,1,meningioma,10389094571922432455,955,train
/kaggle/input/datasets/denizkavi1/brain-tumor/1/2669.png,2669.png,flat,1,meningioma,10694710366071431464,1580,train
/kaggle/input/datasets/denizkavi1/brain-tumor/1/2670.png,2670.png,flat,1,meningioma,9321953562901620065,956,train
/kaggle/input/datasets/denizkavi1/brain-tumor/1/2671.png,2671.png,flat,1,meningioma,10397473477592099936,957,train
/kaggle/input/datasets/denizkavi1/brain-tumor/1/2672.png,2672.png,flat,1,meningioma,14996822073679044647,958,cal
/kaggle/input/datasets/denizkavi1/brain-tumor/1/2673.png,2673.png,flat,1,meningioma,15005829272942158886,958,cal
/kaggle/input/datasets/denizkavi1/brain-tumor/1/2674.png,2674.png,flat,1,meningioma,10392402917568095331,1580,train
/kaggle/input/datasets/denizkavi1/brain-tumor/1/2675.png,2675.png,flat,1,meningioma,15005830360435270098,959,train
/kaggle/input/datasets/denizkavi1/brain-tumor/1/2676.png,2676.png,flat,1,meningioma,10842481388031124711,960,train
/kaggle/input/datasets/denizkavi1/brain-tumor/1/2677.png,2677.png,flat,1,meningioma,10397473615030266977,957,train
/kaggle/input/datasets/denizkavi1/brain-tumor/1/2678.png,2678.png,flat,1,meningioma,14995596023692012600,961,cal
/kaggle/input/datasets/denizkavi1/brain-tumor/1/2679.png,2679.png,flat,1,meningioma,10766200607546025315,1580,train
/kaggle/input/datasets/denizkavi1/brain-tumor/1/2680.png,2680.png,flat,1,meningioma,10748256646483485996,962,train
/kaggle/input/datasets/denizkavi1/brain-tumor/1/2681.png,2681.png,flat,1,meningioma,10698933376273949124,1580,train
/kaggle/input/datasets/denizkavi1/brain-tumor/1/2682.png,2682.png,flat,1,meningioma,10694425378482577891,963,train
/kaggle/input/datasets/denizkavi1/brain-tumor/1/2683.png,2683.png,flat,1,meningioma,10752764644157301220,1580,train
/kaggle/input/datasets/denizkavi1/brain-tumor/1/2684.png,2684.png,flat,1,meningioma,10767045033398969699,1580,train
/kaggle/input/datasets/denizkavi1/brain-tumor/1/2685.png,2685.png,flat,1,meningioma,10676674879013530724,964,train
/kaggle/input/datasets/denizkavi1/brain-tumor/1/2686.png,2686.png,flat,1,meningioma,10694425344122840547,963,train
/kaggle/input/datasets/denizkavi1/brain-tumor/1/2687.png,2687.png,flat,1,meningioma,13852837400456209889,919,val
/kaggle/input/datasets/denizkavi1/brain-tumor/1/2688.png,2688.png,flat,1,meningioma,10392406241067934817,1580,train
/kaggle/input/datasets/denizkavi1/brain-tumor/1/2689.png,2689.png,flat,1,meningioma,9248755604614291809,965,train
/kaggle/input/datasets/denizkavi1/brain-tumor/1/2690.png,2690.png,flat,1,meningioma,10752940493021667651,1580,train
/kaggle/input/datasets/denizkavi1/brain-tumor/1/2691.png,2691.png,flat,1,meningioma,14995612890011822088,966,train
/kaggle/input/datasets/denizkavi1/brain-tumor/1/2692.png,2692.png,flat,1,meningioma,10770972282934534596,967,test
/kaggle/input/datasets/denizkavi1/brain-tumor/1/2694.png,2694.png,flat,1,meningioma,10770427125948230755,1580,train
/kaggle/input/datasets/denizkavi1/brain-tumor/1/2695.png,2695.png,flat,1,meningioma,9601243815411420309,968,train
/kaggle/input/datasets/denizkavi1/brain-tumor/1/2696.png,2696.png,flat,1,meningioma,10753021827926695057,969,train
/kaggle/input/datasets/denizkavi1/brain-tumor/1/2697.png,2697.png,flat,1,meningioma,9600120114511318165,968,train
/kaggle/input/datasets/denizkavi1/brain-tumor/1/2699.png,2699.png,flat,1,meningioma,10750770594042262681,970,cal
/kaggle/input/datasets/denizkavi1/brain-tumor/1/2701.png,2701.png,flat,1,meningioma,10895467995095180485,971,test
/kaggle/input/datasets/denizkavi1/brain-tumor/1/2702.png,2702.png,flat,1,meningioma,10770427134538162279,1580,train
/kaggle/input/datasets/denizkavi1/brain-tumor/1/2703.png,2703.png,flat,1,meningioma,9601243845346076039,972,train
/kaggle/input/datasets/denizkavi1/brain-tumor/1/2704.png,2704.png,flat,1,meningioma,9601243845346141319,972,train
/kaggle/input/datasets/denizkavi1/brain-tumor/1/2706.png,2706.png,flat,1,meningioma,10892019926697190503,1580,train
/kaggle/input/datasets/denizkavi1/brain-tumor/1/2760.png,2760.png,flat,1,meningioma,15114993614879011896,973,train
/kaggle/input/datasets/denizkavi1/brain-tumor/1/2761.png,2761.png,flat,1,meningioma,10923314098474264421,974,test
/kaggle/input/datasets/denizkavi1/brain-tumor/1/2762.png,2762.png,flat,1,meningioma,10923314081286530413,974,test
/kaggle/input/datasets/denizkavi1/brain-tumor/1/2763.png,2763.png,flat,1,meningioma,10923333838143956837,974,test
/kaggle/input/datasets/denizkavi1/brain-tumor/1/2764.png,2764.png,flat,1,meningioma,10895749290426312556,974,test
/kaggle/input/datasets/denizkavi1/brain-tumor/1/2765.png,2765.png,flat,1,meningioma,10819399997687555168,975,train
/kaggle/input/datasets/denizkavi1/brain-tumor/1/2766.png,2766.png,flat,1,meningioma,13920114970106163853,977,train
/kaggle/input/datasets/denizkavi1/brain-tumor/1/2767.png,2767.png,flat,1,meningioma,10819467308415018387,976,train
/kaggle/input/datasets/denizkavi1/brain-tumor/1/2768.png,2768.png,flat,1,meningioma,14063664738488775565,977,train
/kaggle/input/datasets/denizkavi1/brain-tumor/1/2769.png,2769.png,flat,1,meningioma,14282666908603921167,978,train
/kaggle/input/datasets/denizkavi1/brain-tumor/1/2770.png,2770.png,flat,1,meningioma,10897718107729028764,712,train
/kaggle/input/datasets/denizkavi1/brain-tumor/1/2771.png,2771.png,flat,1,meningioma,10824517030188103386,712,train
/kaggle/input/datasets/denizkavi1/brain-tumor/1/2772.png,2772.png,flat,1,meningioma,13996129780161262348,77,train
/kaggle/input/datasets/denizkavi1/brain-tumor/1/2773.png,2773.png,flat,1,meningioma,9702510734530405258,979,train
/kaggle/input/datasets/denizkavi1/brain-tumor/1/2774.png,2774.png,flat,1,meningioma,10819470224697796448,975,train
/kaggle/input/datasets/denizkavi1/brain-tumor/1/2775.png,2775.png,flat,1,meningioma,10819468029969524162,980,train
/kaggle/input/datasets/denizkavi1/brain-tumor/1/2776.png,2776.png,flat,1,meningioma,10911791666512946073,712,train
/kaggle/input/datasets/denizkavi1/brain-tumor/1/2777.png,2777.png,flat,1,meningioma,13991907444251652751,337,train
/kaggle/input/datasets/denizkavi1/brain-tumor/1/2778.png,2778.png,flat,1,meningioma,10893696094597178522,981,test
/kaggle/input/datasets/denizkavi1/brain-tumor/1/2779.png,2779.png,flat,1,meningioma,15114975962564486248,982,train
/kaggle/input/datasets/denizkavi1/brain-tumor/1/2780.png,2780.png,flat,1,meningioma,9756554441294176553,983,train
/kaggle/input/datasets/denizkavi1/brain-tumor/1/2781.png,2781.png,flat,1,meningioma,10911228717633553305,712,train
/kaggle/input/datasets/denizkavi1/brain-tumor/1/2782.png,2782.png,flat,1,meningioma,14278163274549900105,984,train
/kaggle/input/datasets/denizkavi1/brain-tumor/1/2783.png,2783.png,flat,1,meningioma,10911791662486414233,712,train
/kaggle/input/datasets/denizkavi1/brain-tumor/1/2784.png,2784.png,flat,1,meningioma,14640143091568108444,985,train
/kaggle/input/datasets/denizkavi1/brain-tumor/1/2785.png,2785.png,flat,1,meningioma,13919551749569868429,977,train
/kaggle/input/datasets/denizkavi1/brain-tumor/1/2786.png,2786.png,flat,1,meningioma,10909475950187602249,983,train
/kaggle/input/datasets/denizkavi1/brain-tumor/1/2787.png,2787.png,flat,1,meningioma,14637882770572756796,986,train
/kaggle/input/datasets/denizkavi1/brain-tumor/1/2788.png,2788.png,flat,1,meningioma,10503026061346432104,982,train
/kaggle/input/datasets/denizkavi1/brain-tumor/1/2789.png,2789.png,flat,1,meningioma,13920414037134504585,977,train
/kaggle/input/datasets/denizkavi1/brain-tumor/1/2790.png,2790.png,flat,1,meningioma,10873447148747841891,987,val
/kaggle/input/datasets/denizkavi1/brain-tumor/1/2791.png,2791.png,flat,1,meningioma,10605533951517222042,988,train
/kaggle/input/datasets/denizkavi1/brain-tumor/1/2792.png,2792.png,flat,1,meningioma,10911228716559786905,712,train
/kaggle/input/datasets/denizkavi1/brain-tumor/1/2793.png,2793.png,flat,1,meningioma,13996112183747360398,77,train
/kaggle/input/datasets/denizkavi1/brain-tumor/1/2794.png,2794.png,flat,1,meningioma,15149033688354207374,77,train
/kaggle/input/datasets/denizkavi1/brain-tumor/1/2795.png,2795.png,flat,1,meningioma,9612505537701094784,989,train
/kaggle/input/datasets/denizkavi1/brain-tumor/1/2796.png,2796.png,flat,1,meningioma,15076392613473171747,990,val
/kaggle/input/datasets/denizkavi1/brain-tumor/1/2797.png,2797.png,flat,1,meningioma,13996112183697028750,77,train
/kaggle/input/datasets/denizkavi1/brain-tumor/1/2798.png,2798.png,flat,1,meningioma,14068186144832467612,991,train
/kaggle/input/datasets/denizkavi1/brain-tumor/1/2799.png,2799.png,flat,1,meningioma,10747398887034987793,992,test
/kaggle/input/datasets/denizkavi1/brain-tumor/1/2800.png,2800.png,flat,1,meningioma,13996130875394438791,77,train
/kaggle/input/datasets/denizkavi1/brain-tumor/1/2801.png,2801.png,flat,1,meningioma,9785821374882440753,995,train
/kaggle/input/datasets/denizkavi1/brain-tumor/1/2802.png,2802.png,flat,1,meningioma,10911721161403574043,993,cal
/kaggle/input/datasets/denizkavi1/brain-tumor/1/2803.png,2803.png,flat,1,meningioma,9785821237378508337,995,train
/kaggle/input/datasets/denizkavi1/brain-tumor/1/2804.png,2804.png,flat,1,meningioma,9743090161331709852,994,test
/kaggle/input/datasets/denizkavi1/brain-tumor/1/2805.png,2805.png,flat,1,meningioma,14397507285853890360,995,train
/kaggle/input/datasets/denizkavi1/brain-tumor/1/2806.png,2806.png,flat,1,meningioma,15069619862628498723,998,train
/kaggle/input/datasets/denizkavi1/brain-tumor/1/2807.png,2807.png,flat,1,meningioma,10823902394597975966,712,train
/kaggle/input/datasets/denizkavi1/brain-tumor/1/2808.png,2808.png,flat,1,meningioma,10531784029468792345,996,test
/kaggle/input/datasets/denizkavi1/brain-tumor/1/2809.png,2809.png,flat,1,meningioma,15149033688303875726,77,train
/kaggle/input/datasets/denizkavi1/brain-tumor/1/2810.png,2810.png,flat,1,meningioma,13996112188042326670,77,train
/kaggle/input/datasets/denizkavi1/brain-tumor/1/2811.png,2811.png,flat,1,meningioma,9785821233083541304,995,train
/kaggle/input/datasets/denizkavi1/brain-tumor/1/2812.png,2812.png,flat,1,meningioma,14997562269664292195,998,train
/kaggle/input/datasets/denizkavi1/brain-tumor/1/2813.png,2813.png,flat,1,meningioma,10494915772779209785,997,test
/kaggle/input/datasets/denizkavi1/brain-tumor/1/2814.png,2814.png,flat,1,meningioma,15076375227710323810,998,train
/kaggle/input/datasets/denizkavi1/brain-tumor/1/2815.png,2815.png,flat,1,meningioma,10393774832396544483,999,cal
/kaggle/input/datasets/denizkavi1/brain-tumor/1/2816.png,2816.png,flat,1,meningioma,15071889220268469603,998,train
/kaggle/input/datasets/denizkavi1/brain-tumor/1/2817.png,2817.png,flat,1,meningioma,9596461424239952460,1000,test
/kaggle/input/datasets/denizkavi1/brain-tumor/1/2818.png,2818.png,flat,1,meningioma,9744778883480144744,1001,train
/kaggle/input/datasets/denizkavi1/brain-tumor/1/2819.png,2819.png,flat,1,meningioma,14068187369967662744,1002,train
/kaggle/input/datasets/denizkavi1/brain-tumor/1/2820.png,2820.png,flat,1,meningioma,13987966864358519609,1003,train
/kaggle/input/datasets/denizkavi1/brain-tumor/1/2822.png,2822.png,flat,1,meningioma,13987965763794711084,1003,train
/kaggle/input/datasets/denizkavi1/brain-tumor/1/2823.png,2823.png,flat,1,meningioma,9596461424239952460,1000,test
/kaggle/input/datasets/denizkavi1/brain-tumor/1/2824.png,2824.png,flat,1,meningioma,13848340087723724674,1004,test
/kaggle/input/datasets/denizkavi1/brain-tumor/1/2825.png,2825.png,flat,1,meningioma,9596461424239952460,1000,test
/kaggle/input/datasets/denizkavi1/brain-tumor/1/2826.png,2826.png,flat,1,meningioma,13848338988480335651,1005,val
/kaggle/input/datasets/denizkavi1/brain-tumor/1/2827.png,2827.png,flat,1,meningioma,14081978338357503641,1006,train
/kaggle/input/datasets/denizkavi1/brain-tumor/1/2828.png,2828.png,flat,1,meningioma,14081696734552770201,1007,train
/kaggle/input/datasets/denizkavi1/brain-tumor/1/2829.png,2829.png,flat,1,meningioma,10838257631296169882,996,test
/kaggle/input/datasets/denizkavi1/brain-tumor/1/2830.png,2830.png,flat,1,meningioma,10838257360712902554,996,test
/kaggle/input/datasets/denizkavi1/brain-tumor/1/2831.png,2831.png,flat,1,meningioma,13987403982050898733,1003,train
/kaggle/input/datasets/denizkavi1/brain-tumor/1/2832.png,2832.png,flat,1,meningioma,13852843635878595714,1004,test
/kaggle/input/datasets/denizkavi1/brain-tumor/1/2833.png,2833.png,flat,1,meningioma,10549745380837197337,996,test
/kaggle/input/datasets/denizkavi1/brain-tumor/1/2834.png,2834.png,flat,1,meningioma,14350221899262571342,1008,cal
/kaggle/input/datasets/denizkavi1/brain-tumor/1/2835.png,2835.png,flat,1,meningioma,14136073355954709388,1009,train
/kaggle/input/datasets/denizkavi1/brain-tumor/1/2836.png,2836.png,flat,1,meningioma,13996129775949915804,77,train
/kaggle/input/datasets/denizkavi1/brain-tumor/1/2837.png,2837.png,flat,1,meningioma,13986840963395301933,1003,train
/kaggle/input/datasets/denizkavi1/brain-tumor/1/2838.png,2838.png,flat,1,meningioma,9671823678543128219,1010,val
/kaggle/input/datasets/denizkavi1/brain-tumor/1/2839.png,2839.png,flat,1,meningioma,9744796471387996780,1001,train
/kaggle/input/datasets/denizkavi1/brain-tumor/1/2840.png,2840.png,flat,1,meningioma,10549745380736542617,996,test
/kaggle/input/datasets/denizkavi1/brain-tumor/1/2841.png,2841.png,flat,1,meningioma,13852280668745313414,1004,test
/kaggle/input/datasets/denizkavi1/brain-tumor/1/2842.png,2842.png,flat,1,meningioma,14068168754912245900,1011,train
/kaggle/input/datasets/denizkavi1/brain-tumor/1/2843.png,2843.png,flat,1,meningioma,10837975894377506712,996,test
/kaggle/input/datasets/denizkavi1/brain-tumor/1/2844.png,2844.png,flat,1,meningioma,9671825327807424154,1010,val
/kaggle/input/datasets/denizkavi1/brain-tumor/1/2845.png,2845.png,flat,1,meningioma,14066499623847179082,1012,train
/kaggle/input/datasets/denizkavi1/brain-tumor/1/2846.png,2846.png,flat,1,meningioma,9596443832053908300,1000,test
/kaggle/input/datasets/denizkavi1/brain-tumor/1/2847.png,2847.png,flat,1,meningioma,13996129775123654350,1020,train
/kaggle/input/datasets/denizkavi1/brain-tumor/1/2848.png,2848.png,flat,1,meningioma,14643520998336271260,1013,test
/kaggle/input/datasets/denizkavi1/brain-tumor/1/2849.png,2849.png,flat,1,meningioma,13891119487032767544,1014,train
/kaggle/input/datasets/denizkavi1/brain-tumor/1/2850.png,2850.png,flat,1,meningioma,9380486688092926282,1015,train
/kaggle/input/datasets/denizkavi1/brain-tumor/1/2851.png,2851.png,flat,1,meningioma,14007104365880173712,1016,train
/kaggle/input/datasets/denizkavi1/brain-tumor/1/2852.png,2852.png,flat,1,meningioma,10528921910384472358,1017,train
/kaggle/input/datasets/denizkavi1/brain-tumor/1/2853.png,2853.png,flat,1,meningioma,10634756600559641964,1018,train
/kaggle/input/datasets/denizkavi1/brain-tumor/1/2854.png,2854.png,flat,1,meningioma,14006822784289091603,1019,train
/kaggle/input/datasets/denizkavi1/brain-tumor/1/2855.png,2855.png,flat,1,meningioma,13994999485493371854,1020,train
/kaggle/input/datasets/denizkavi1/brain-tumor/1/2856.png,2856.png,flat,1,meningioma,14803948585424833651,1021,train
/kaggle/input/datasets/denizkavi1/brain-tumor/1/2857.png,2857.png,flat,1,meningioma,14008795960030946203,675,train
/kaggle/input/datasets/denizkavi1/brain-tumor/1/2858.png,2858.png,flat,1,meningioma,14637891533367201330,1022,train
/kaggle/input/datasets/denizkavi1/brain-tumor/1/2859.png,2859.png,flat,1,meningioma,14007104263538749587,1023,train
/kaggle/input/datasets/denizkavi1/brain-tumor/1/2860.png,2860.png,flat,1,meningioma,9758518185293498185,1024,train
/kaggle/input/datasets/denizkavi1/brain-tumor/1/2861.png,2861.png,flat,1,meningioma,13889166719753097759,1025,cal
/kaggle/input/datasets/denizkavi1/brain-tumor/1/2862.png,2862.png,flat,1,meningioma,13889149196286505021,1026,train
/kaggle/input/datasets/denizkavi1/brain-tumor/1/2863.png,2863.png,flat,1,meningioma,9765539959824528932,1027,train
/kaggle/input/datasets/denizkavi1/brain-tumor/1/2864.png,2864.png,flat,1,meningioma,13890908363351928892,1028,train
/kaggle/input/datasets/denizkavi1/brain-tumor/1/2865.png,2865.png,flat,1,meningioma,13890842444461518904,1014,train
/kaggle/input/datasets/denizkavi1/brain-tumor/1/2866.png,2866.png,flat,1,meningioma,13996125381104723662,1020,train
/kaggle/input/datasets/denizkavi1/brain-tumor/1/2867.png,2867.png,flat,1,meningioma,14080852454557770651,675,train
/kaggle/input/datasets/denizkavi1/brain-tumor/1/2868.png,2868.png,flat,1,meningioma,14369082839302562713,675,train
/kaggle/input/datasets/denizkavi1/brain-tumor/1/2869.png,2869.png,flat,1,meningioma,14007104374410339468,1029,train
/kaggle/input/datasets/denizkavi1/brain-tumor/1/2870.png,2870.png,flat,1,meningioma,13899849630767132729,1030,train
/kaggle/input/datasets/denizkavi1/brain-tumor/1/2871.png,2871.png,flat,1,meningioma,13995003750394880974,1020,train
/kaggle/input/datasets/denizkavi1/brain-tumor/1/2872.png,2872.png,flat,1,meningioma,14042855978347671608,1031,test
/kaggle/input/datasets/denizkavi1/brain-tumor/1/2873.png,2873.png,flat,1,meningioma,9470287808906905388,1032,test
/kaggle/input/datasets/denizkavi1/brain-tumor/1/2874.png,2874.png,flat,1,meningioma,14008795960030946203,675,train
/kaggle/input/datasets/denizkavi1/brain-tumor/1/2875.png,2875.png,flat,1,meningioma,14067060246032926348,74,train
/kaggle/input/datasets/denizkavi1/brain-tumor/1/2876.png,2876.png,flat,1,meningioma,14067060245999118028,74,train
/kaggle/input/datasets/denizkavi1/brain-tumor/1/2877.png,2877.png,flat,1,meningioma,14042290761582228013,1033,train
/kaggle/input/datasets/denizkavi1/brain-tumor/1/2878.png,2878.png,flat,1,meningioma,10901660681540888424,712,train
/kaggle/input/datasets/denizkavi1/brain-tumor/1/2879.png,2879.png,flat,1,meningioma,10528918676286433052,712,train
/kaggle/input/datasets/denizkavi1/brain-tumor/1/2880.png,2880.png,flat,1,meningioma,10620182938879698761,1034,train
/kaggle/input/datasets/denizkavi1/brain-tumor/1/2881.png,2881.png,flat,1,meningioma,10046524250385075812,1035,train
/kaggle/input/datasets/denizkavi1/brain-tumor/1/2882.png,2882.png,flat,1,meningioma,13889435073724687929,1036,cal
/kaggle/input/datasets/denizkavi1/brain-tumor/1/2883.png,2883.png,flat,1,meningioma,13989074947746787999,1037,train
/kaggle/input/datasets/denizkavi1/brain-tumor/1/2884.png,2884.png,flat,1,meningioma,10910648106841990984,712,train
/kaggle/input/datasets/denizkavi1/brain-tumor/1/2885.png,2885.png,flat,1,meningioma,10914606348628027082,1038,cal
/kaggle/input/datasets/denizkavi1/brain-tumor/1/2886.png,2886.png,flat,1,meningioma,10901660681549277032,712,train
/kaggle/input/datasets/denizkavi1/brain-tumor/1/2887.png,2887.png,flat,1,meningioma,13995285238206408345,1039,train
/kaggle/input/datasets/denizkavi1/brain-tumor/1/2888.png,2888.png,flat,1,meningioma,13889434532495635993,1040,test
/kaggle/input/datasets/denizkavi1/brain-tumor/1/2889.png,2889.png,flat,1,meningioma,10909803643193960344,1041,train
/kaggle/input/datasets/denizkavi1/brain-tumor/1/2890.png,2890.png,flat,1,meningioma,10528918813725386268,712,train
/kaggle/input/datasets/denizkavi1/brain-tumor/1/2891.png,2891.png,flat,1,meningioma,14859954376730594873,1042,cal
/kaggle/input/datasets/denizkavi1/brain-tumor/1/2892.png,2892.png,flat,1,meningioma,10901660698729145960,712,train
/kaggle/input/datasets/denizkavi1/brain-tumor/1/2893.png,2893.png,flat,1,meningioma,11415896725141361257,1049,test
/kaggle/input/datasets/denizkavi1/brain-tumor/1/2894.png,2894.png,flat,1,meningioma,10908413899147225038,1043,train
/kaggle/input/datasets/denizkavi1/brain-tumor/1/2895.png,2895.png,flat,1,meningioma,10908695266752653006,1044,train
/kaggle/input/datasets/denizkavi1/brain-tumor/1/2896.png,2896.png,flat,1,meningioma,10838045154969085838,1045,train
/kaggle/input/datasets/denizkavi1/brain-tumor/1/2897.png,2897.png,flat,1,meningioma,14007089414974730892,1046,val
/kaggle/input/datasets/denizkavi1/brain-tumor/1/2898.png,2898.png,flat,1,meningioma,11414770825217869417,1049,test
/kaggle/input/datasets/denizkavi1/brain-tumor/1/2899.png,2899.png,flat,1,meningioma,14152046817001615667,1047,train
/kaggle/input/datasets/denizkavi1/brain-tumor/1/2900.png,2900.png,flat,1,meningioma,10915151706402219848,712,train
/kaggle/input/datasets/denizkavi1/brain-tumor/1/2901.png,2901.png,flat,1,meningioma,10833541555341715238,1045,train
/kaggle/input/datasets/denizkavi1/brain-tumor/1/2902.png,2902.png,flat,1,meningioma,14081696737804338764,1048,val
/kaggle/input/datasets/denizkavi1/brain-tumor/1/2903.png,2903.png,flat,1,meningioma,14109563864248529521,58,test
/kaggle/input/datasets/denizkavi1/brain-tumor/1/2904.png,2904.png,flat,1,meningioma,10915151706401957704,712,train
/kaggle/input/datasets/denizkavi1/brain-tumor/1/2905.png,2905.png,flat,1,meningioma,10838308909011863369,1049,test
/kaggle/input/datasets/denizkavi1/brain-tumor/1/2906.png,2906.png,flat,1,meningioma,13889435082315015736,1036,cal
/kaggle/input/datasets/denizkavi1/brain-tumor/1/2907.png,2907.png,flat,1,meningioma,10564951871339456300,1050,train
/kaggle/input/datasets/denizkavi1/brain-tumor/1/2908.png,2908.png,flat,1,meningioma,14007106388685468556,1046,val
/kaggle/input/datasets/denizkavi1/brain-tumor/1/2909.png,2909.png,flat,1,meningioma,14283511216613344793,1042,cal
/kaggle/input/datasets/denizkavi1/brain-tumor/1/2910.png,2910.png,flat,1,meningioma,11414762031293176673,1051,train
/kaggle/input/datasets/denizkavi1/brain-tumor/1/2911.png,2911.png,flat,1,meningioma,10842549038055859800,1052,test
/kaggle/input/datasets/denizkavi1/brain-tumor/1/2912.png,2912.png,flat,1,meningioma,10896574632887760536,712,train
/kaggle/input/datasets/denizkavi1/brain-tumor/1/2913.png,2913.png,flat,1,meningioma,10914870227130627788,1053,val
/kaggle/input/datasets/denizkavi1/brain-tumor/1/2914.png,2914.png,flat,1,meningioma,13996393657847772108,1054,test
/kaggle/input/datasets/denizkavi1/brain-tumor/1/2915.png,2915.png,flat,1,meningioma,9770060326605010465,1055,train
/kaggle/input/datasets/denizkavi1/brain-tumor/1/2916.png,2916.png,flat,1,meningioma,13990781415526747689,1056,cal
/kaggle/input/datasets/denizkavi1/brain-tumor/1/2917.png,2917.png,flat,1,meningioma,14009921722499450441,1056,cal
/kaggle/input/datasets/denizkavi1/brain-tumor/1/2918.png,2918.png,flat,1,meningioma,14567242167830171180,1056,cal
/kaggle/input/datasets/denizkavi1/brain-tumor/1/2919.png,2919.png,flat,1,meningioma,10842532399428834968,996,test
/kaggle/input/datasets/denizkavi1/brain-tumor/1/2920.png,2920.png,flat,1,meningioma,11414770756531951721,1049,test
/kaggle/input/datasets/denizkavi1/brain-tumor/1/2921.png,2921.png,flat,1,meningioma,10820295610014271129,996,test
/kaggle/input/datasets/denizkavi1/brain-tumor/1/2922.png,2922.png,flat,1,meningioma,10910371029039359565,1057,train
/kaggle/input/datasets/denizkavi1/brain-tumor/1/2923.png,2923.png,flat,1,meningioma,10610037486589978137,1058,train
/kaggle/input/datasets/denizkavi1/brain-tumor/1/2924.png,2924.png,flat,1,meningioma,10914870098285794892,1053,val
/kaggle/input/datasets/denizkavi1/brain-tumor/1/2925.png,2925.png,flat,1,meningioma,14928364949747649636,1059,test
/kaggle/input/datasets/denizkavi1/brain-tumor/1/2926.png,2926.png,flat,1,meningioma,10825079988799026840,712,train
/kaggle/input/datasets/denizkavi1/brain-tumor/1/2927.png,2927.png,flat,1,meningioma,10824799196720825913,1060,cal
/kaggle/input/datasets/denizkavi1/brain-tumor/1/2928.png,2928.png,flat,1,meningioma,14009921713909515849,1056,cal
/kaggle/input/datasets/denizkavi1/brain-tumor/1/2929.png,2929.png,flat,1,meningioma,14138835457878208659,1061,train
/kaggle/input/datasets/denizkavi1/brain-tumor/1/2930.png,2930.png,flat,1,meningioma,10896574632887740056,712,train
/kaggle/input/datasets/denizkavi1/brain-tumor/1/2931.png,2931.png,flat,1,meningioma,10825079988798502554,712,train
/kaggle/input/datasets/denizkavi1/brain-tumor/1/2932.png,2932.png,flat,1,meningioma,14174864083360428061,1062,train
/kaggle/input/datasets/denizkavi1/brain-tumor/1/2933.png,2933.png,flat,1,meningioma,11396756358014082601,1049,test
/kaggle/input/datasets/denizkavi1/brain-tumor/1/2934.png,2934.png,flat,1,meningioma,10889256128803387245,1063,train
/kaggle/input/datasets/denizkavi1/brain-tumor/1/2935.png,2935.png,flat,1,meningioma,10842531025036936761,1060,cal
/kaggle/input/datasets/denizkavi1/brain-tumor/1/2936.png,2936.png,flat,1,meningioma,13850587489540845723,1061,train
/kaggle/input/datasets/denizkavi1/brain-tumor/1/2937.png,2937.png,flat,1,meningioma,14138835492237881479,1061,train
/kaggle/input/datasets/denizkavi1/brain-tumor/1/2938.png,2938.png,flat,1,meningioma,13850604909921382543,1064,train
/kaggle/input/datasets/denizkavi1/brain-tumor/1/2939.png,2939.png,flat,1,meningioma,10897155157842618010,712,train
/kaggle/input/datasets/denizkavi1/brain-tumor/1/2940.png,2940.png,flat,1,meningioma,10896574615707346652,712,train
/kaggle/input/datasets/denizkavi1/brain-tumor/1/2941.png,2941.png,flat,1,meningioma,11419274358281640545,1049,test
/kaggle/input/datasets/denizkavi1/brain-tumor/1/2942.png,2942.png,flat,1,meningioma,10610037486585783913,1058,train
/kaggle/input/datasets/denizkavi1/brain-tumor/1/2943.png,2943.png,flat,1,meningioma,15436151238485075660,1065,train
/kaggle/input/datasets/denizkavi1/brain-tumor/1/2944.png,2944.png,flat,1,meningioma,10897154625199629702,712,train
/kaggle/input/datasets/denizkavi1/brain-tumor/1/2946.png,2946.png,flat,1,meningioma,10817146853483816558,1066,train
/kaggle/input/datasets/denizkavi1/brain-tumor/1/2947.png,2947.png,flat,1,meningioma,10931494529400612833,1067,train
/kaggle/input/datasets/denizkavi1/brain-tumor/1/2948.png,2948.png,flat,1,meningioma,10528916477269190254,1066,train
/kaggle/input/datasets/denizkavi1/brain-tumor/1/2949.png,2949.png,flat,1,meningioma,13984573787598709299,1068,train
/kaggle/input/datasets/denizkavi1/brain-tumor/1/2950.png,2950.png,flat,1,meningioma,13995830571537687091,1068,train
/kaggle/input/datasets/denizkavi1/brain-tumor/1/2951.png,2951.png,flat,1,meningioma,10816020975051810382,1066,train
/kaggle/input/datasets/denizkavi1/brain-tumor/1/2952.png,2952.png,flat,1,meningioma,10859999816598693577,1069,train
/kaggle/input/datasets/denizkavi1/brain-tumor/1/2953.png,2953.png,flat,1,meningioma,10910085096745636685,1070,cal
/kaggle/input/datasets/denizkavi1/brain-tumor/1/2954.png,2954.png,flat,1,meningioma,10896593874537768326,712,train
/kaggle/input/datasets/denizkavi1/brain-tumor/1/2955.png,2955.png,flat,1,meningioma,14859971969765053144,1071,val
/kaggle/input/datasets/denizkavi1/brain-tumor/1/2956.png,2956.png,flat,1,meningioma,14025105445499266619,1072,val
/kaggle/input/datasets/denizkavi1/brain-tumor/1/2957.png,2957.png,flat,1,meningioma,10910366567440762457,1049,test
/kaggle/input/datasets/denizkavi1/brain-tumor/1/2958.png,2958.png,flat,1,meningioma,13996129641980486188,1073,train
/kaggle/input/datasets/denizkavi1/brain-tumor/1/2959.png,2959.png,flat,1,meningioma,15146501976126382617,1074,train
/kaggle/input/datasets/denizkavi1/brain-tumor/1/2961.png,2961.png,flat,1,meningioma,10910102800613913546,1075,train
/kaggle/input/datasets/denizkavi1/brain-tumor/1/2962.png,2962.png,flat,1,meningioma,11414769726813477477,1076,train
/kaggle/input/datasets/denizkavi1/brain-tumor/1/2963.png,2963.png,flat,1,meningioma,14034113211689820729,1077,val
/kaggle/input/datasets/denizkavi1/brain-tumor/1/2964.png,2964.png,flat,1,meningioma,9594420211850031562,1078,train
/kaggle/input/datasets/denizkavi1/brain-tumor/1/2965.png,2965.png,flat,1,meningioma,10838308973436372585,1049,test
/kaggle/input/datasets/denizkavi1/brain-tumor/1/2966.png,2966.png,flat,1,meningioma,10910085078525582188,1070,cal
/kaggle/input/datasets/denizkavi1/brain-tumor/1/2967.png,2967.png,flat,1,meningioma,10910085208432096204,1075,train
/kaggle/input/datasets/denizkavi1/brain-tumor/1/2968.png,2968.png,flat,1,meningioma,10824746703624308428,1065,train
/kaggle/input/datasets/denizkavi1/brain-tumor/1/2969.png,2969.png,flat,1,meningioma,10910102800613913291,1075,train
/kaggle/input/datasets/denizkavi1/brain-tumor/1/2970.png,2970.png,flat,1,meningioma,10674791412364879048,1079,train
/kaggle/input/datasets/denizkavi1/brain-tumor/1/2971.png,2971.png,flat,1,meningioma,10621808342481723526,1080,train
/kaggle/input/datasets/denizkavi1/brain-tumor/1/2972.png,2972.png,flat,1,meningioma,13996395049484720595,1081,test
/kaggle/input/datasets/denizkavi1/brain-tumor/1/2973.png,2973.png,flat,1,meningioma,10896875431233921313,1580,train
/kaggle/input/datasets/denizkavi1/brain-tumor/1/2974.png,2974.png,flat,1,meningioma,14066201119396305299,1082,val
/kaggle/input/datasets/denizkavi1/brain-tumor/1/2975.png,2975.png,flat,1,meningioma,14068452644361476547,1081,test
/kaggle/input/datasets/denizkavi1/brain-tumor/1/2976.png,2976.png,flat,1,meningioma,10838326355067037078,712,train
/kaggle/input/datasets/denizkavi1/brain-tumor/1/2977.png,2977.png,flat,1,meningioma,10896875361436525861,1580,train
/kaggle/input/datasets/denizkavi1/brain-tumor/1/2978.png,2978.png,flat,1,meningioma,13996179837080838509,1083,train
/kaggle/input/datasets/denizkavi1/brain-tumor/1/2979.png,2979.png,flat,1,meningioma,14068236331923826989,1084,test
/kaggle/input/datasets/denizkavi1/brain-tumor/1/2980.png,2980.png,flat,1,meningioma,10910038513477251974,1085,train
/kaggle/input/datasets/denizkavi1/brain-tumor/1/2981.png,2981.png,flat,1,meningioma,13996395925533111076,1526,test
/kaggle/input/datasets/denizkavi1/brain-tumor/1/2982.png,2982.png,flat,1,meningioma,10765923599260070790,1086,val
/kaggle/input/datasets/denizkavi1/brain-tumor/1/2983.png,2983.png,flat,1,meningioma,13915395351607535976,1087,test
/kaggle/input/datasets/denizkavi1/brain-tumor/1/2984.png,2984.png,flat,1,meningioma,10896593870244636070,712,train
/kaggle/input/datasets/denizkavi1/brain-tumor/1/2985.png,2985.png,flat,1,meningioma,13852276339327447906,1088,val
/kaggle/input/datasets/denizkavi1/brain-tumor/1/2986.png,2986.png,flat,1,meningioma,10896875327882093863,1580,train
/kaggle/input/datasets/denizkavi1/brain-tumor/1/2987.png,2987.png,flat,1,meningioma,10838045438436091294,712,train
/kaggle/input/datasets/denizkavi1/brain-tumor/1/2988.png,2988.png,flat,1,meningioma,13996390977530046054,1089,train
/kaggle/input/datasets/denizkavi1/brain-tumor/1/2989.png,2989.png,flat,1,meningioma,14068452918165510611,1081,test
/kaggle/input/datasets/denizkavi1/brain-tumor/1/2990.png,2990.png,flat,1,meningioma,10896875430965486881,1580,train
/kaggle/input/datasets/denizkavi1/brain-tumor/1/2991.png,2991.png,flat,1,meningioma,14642443996538626356,1090,train
/kaggle/input/datasets/denizkavi1/brain-tumor/1/2992.png,2992.png,flat,1,meningioma,14068237431368411436,1084,test
/kaggle/input/datasets/denizkavi1/brain-tumor/1/2993.png,2993.png,flat,1,meningioma,14065919644415357343,1091,train
/kaggle/input/datasets/denizkavi1/brain-tumor/1/2994.png,2994.png,flat,1,meningioma,13996395925335978790,1526,test
/kaggle/input/datasets/denizkavi1/brain-tumor/1/2995.png,2995.png,flat,1,meningioma,14068171169384708547,1081,test
/kaggle/input/datasets/denizkavi1/brain-tumor/1/2996.png,2996.png,flat,1,meningioma,14059510272380922976,1092,train
/kaggle/input/datasets/denizkavi1/brain-tumor/1/2997.png,2997.png,flat,1,meningioma,14068237431368540520,1084,test
/kaggle/input/datasets/denizkavi1/brain-tumor/1/2998.png,2998.png,flat,1,meningioma,14068171426120098093,1093,test
/kaggle/input/datasets/denizkavi1/brain-tumor/1/2999.png,2999.png,flat,1,meningioma,14059510272590178408,1094,train
/kaggle/input/datasets/denizkavi1/brain-tumor/1/3000.png,3000.png,flat,1,meningioma,9540910368566109220,1095,train
/kaggle/input/datasets/denizkavi1/brain-tumor/1/3001.png,3001.png,flat,1,meningioma,10838044613803386778,712,train
/kaggle/input/datasets/denizkavi1/brain-tumor/1/3002.png,3002.png,flat,1,meningioma,13991909093579699142,1096,cal
/kaggle/input/datasets/denizkavi1/brain-tumor/1/3003.png,3003.png,flat,1,meningioma,13992467645550585634,1097,train
/kaggle/input/datasets/denizkavi1/brain-tumor/1/3004.png,3004.png,flat,1,meningioma,10838328279600017638,1098,cal
/kaggle/input/datasets/denizkavi1/brain-tumor/1/3005.png,3005.png,flat,1,meningioma,9523176319858391404,1099,train
/kaggle/input/datasets/denizkavi1/brain-tumor/1/3006.png,3006.png,flat,1,meningioma,10910091290090811587,1100,train
/kaggle/input/datasets/denizkavi1/brain-tumor/1/3007.png,3007.png,flat,1,meningioma,10452707852502983952,1101,train
/kaggle/input/datasets/denizkavi1/brain-tumor/1/3008.png,3008.png,flat,1,meningioma,13878981184603187754,1102,train
/kaggle/input/datasets/denizkavi1/brain-tumor/1/3009.png,3009.png,flat,1,meningioma,14068171494901426119,1103,train
/kaggle/input/datasets/denizkavi1/brain-tumor/1/3010.png,3010.png,flat,1,meningioma,13879267048491215402,1102,train
/kaggle/input/datasets/denizkavi1/brain-tumor/1/3011.png,3011.png,flat,1,meningioma,9612963564825960485,1095,train
/kaggle/input/datasets/denizkavi1/brain-tumor/1/3012.png,3012.png,flat,1,meningioma,9263657422862043178,1104,train
/kaggle/input/datasets/denizkavi1/brain-tumor/1/3013.png,3013.png,flat,1,meningioma,10836056778443449863,1105,train
/kaggle/input/datasets/denizkavi1/brain-tumor/1/3014.png,3014.png,flat,1,meningioma,10910091290022656227,1100,train
/kaggle/input/datasets/denizkavi1/brain-tumor/1/3015.png,3015.png,flat,1,meningioma,10749087460956060081,1106,cal
/kaggle/input/datasets/denizkavi1/brain-tumor/1/3016.png,3016.png,flat,1,meningioma,10838044613939376838,1107,train
/kaggle/input/datasets/denizkavi1/brain-tumor/1/3017.png,3017.png,flat,1,meningioma,15099456683423328303,1108,val
/kaggle/input/datasets/denizkavi1/brain-tumor/1/3018.png,3018.png,flat,1,meningioma,13991909093643674406,1097,train
/kaggle/input/datasets/denizkavi1/brain-tumor/1/3019.png,3019.png,flat,1,meningioma,13848339297501980450,806,train
/kaggle/input/datasets/denizkavi1/brain-tumor/1/3020.png,3020.png,flat,1,meningioma,15103959733227780876,1109,train
/kaggle/input/datasets/denizkavi1/brain-tumor/1/3021.png,3021.png,flat,1,meningioma,13848339297773560612,806,train
/kaggle/input/datasets/denizkavi1/brain-tumor/1/3022.png,3022.png,flat,1,meningioma,9540940880080481376,1110,train
/kaggle/input/datasets/denizkavi1/brain-tumor/1/3023.png,3023.png,flat,1,meningioma,15068004706571270500,1111,cal
/kaggle/input/datasets/denizkavi1/brain-tumor/1/3024.png,3024.png,flat,1,meningioma,10380650254178477360,1101,train
/kaggle/input/datasets/denizkavi1/brain-tumor/1/3025.png,3025.png,flat,1,meningioma,13951042729801165102,1112,train
/kaggle/input/datasets/denizkavi1/brain-tumor/1/3026.png,3026.png,flat,1,meningioma,10838044609510208199,1107,train
/kaggle/input/datasets/denizkavi1/brain-tumor/1/3027.png,3027.png,flat,1,meningioma,9599557262500964785,1113,train
/kaggle/input/datasets/denizkavi1/brain-tumor/1/3028.png,3028.png,flat,1,meningioma,9591099685937097137,1114,train
/kaggle/input/datasets/denizkavi1/brain-tumor/1/3029.png,3029.png,flat,1,meningioma,10461433572267928851,1115,test
/kaggle/input/datasets/denizkavi1/brain-tumor/1/3030.png,3030.png,flat,1,meningioma,9531937091034425708,1116,train
/kaggle/input/datasets/denizkavi1/brain-tumor/1/3031.png,3031.png,flat,1,meningioma,10838044880210572230,1107,train
/kaggle/input/datasets/denizkavi1/brain-tumor/1/3032.png,3032.png,flat,1,meningioma,10461715047513073968,1115,test
/kaggle/input/datasets/denizkavi1/brain-tumor/1/3033.png,3033.png,flat,1,meningioma,9540910093757982821,1117,train
/kaggle/input/datasets/denizkavi1/brain-tumor/1/3034.png,3034.png,flat,1,meningioma,9592225517111880113,1114,train
/kaggle/input/datasets/denizkavi1/brain-tumor/1/3035.png,3035.png,flat,1,meningioma,10766549961209387794,1118,train
/kaggle/input/datasets/denizkavi1/brain-tumor/1/3036.png,3036.png,flat,1,meningioma,9311823762211302023,1119,val
/kaggle/input/datasets/denizkavi1/brain-tumor/1/3037.png,3037.png,flat,1,meningioma,13940943487066452001,1120,train
/kaggle/input/datasets/denizkavi1/brain-tumor/1/3038.png,3038.png,flat,1,meningioma,14354162141026001256,1121,train
/kaggle/input/datasets/denizkavi1/brain-tumor/1/3039.png,3039.png,flat,1,meningioma,13936440987756015712,1120,train
/kaggle/input/datasets/denizkavi1/brain-tumor/1/3040.png,3040.png,flat,1,meningioma,10910319936896655814,584,train
/kaggle/input/datasets/denizkavi1/brain-tumor/1/3041.png,3041.png,flat,1,meningioma,9757117214207926439,1122,val
/kaggle/input/datasets/denizkavi1/brain-tumor/1/3042.png,3042.png,flat,1,meningioma,9316310720035436640,1120,train
/kaggle/input/datasets/denizkavi1/brain-tumor/1/3043.png,3043.png,flat,1,meningioma,9757679906261721287,1123,train
/kaggle/input/datasets/denizkavi1/brain-tumor/1/3044.png,3044.png,flat,1,meningioma,9454299681843651629,1124,cal
/kaggle/input/datasets/denizkavi1/brain-tumor/1/3045.png,3045.png,flat,1,meningioma,14065932856064107812,1125,train
/kaggle/input/datasets/denizkavi1/brain-tumor/1/3046.png,3046.png,flat,1,meningioma,9762166133769071238,1126,test
/kaggle/input/datasets/denizkavi1/brain-tumor/1/3047.png,3047.png,flat,1,meningioma,9320814176788035693,1127,train
/kaggle/input/datasets/denizkavi1/brain-tumor/1/3048.png,3048.png,flat,1,meningioma,10910038718814773670,1122,val
/kaggle/input/datasets/denizkavi1/brain-tumor/1/3049.png,3049.png,flat,1,meningioma,10771055759859982994,757,train
/kaggle/input/datasets/denizkavi1/brain-tumor/1/3050.png,3050.png,flat,1,meningioma,9618116714917078214,1128,val
/kaggle/input/datasets/denizkavi1/brain-tumor/1/3051.png,3051.png,flat,1,meningioma,13996111711297483715,1129,train
/kaggle/input/datasets/denizkavi1/brain-tumor/1/3052.png,3052.png,flat,1,meningioma,10766204799300166023,1130,train
/kaggle/input/datasets/denizkavi1/brain-tumor/1/3053.png,3053.png,flat,1,meningioma,10548899701944902546,1131,train
/kaggle/input/datasets/denizkavi1/brain-tumor/1/3054.png,3054.png,flat,1,meningioma,9236174098363655604,1132,train
/kaggle/input/datasets/denizkavi1/brain-tumor/1/3055.png,3055.png,flat,1,meningioma,13847789748048257159,1133,train
/kaggle/input/datasets/denizkavi1/brain-tumor/1/3056.png,3056.png,flat,1,meningioma,9600946951533442708,1134,train
/kaggle/input/datasets/denizkavi1/brain-tumor/1/3057.png,3057.png,flat,1,meningioma,13996111445011739558,1097,train
/kaggle/input/datasets/denizkavi1/brain-tumor/1/3058.png,3058.png,flat,1,meningioma,9235875100725687463,1135,train
/kaggle/input/datasets/denizkavi1/brain-tumor/1/3059.png,3059.png,flat,1,meningioma,9618116749004192864,1136,cal
/kaggle/input/datasets/denizkavi1/brain-tumor/1/3060.png,3060.png,flat,1,meningioma,9618114515776415430,1128,val
/kaggle/input/datasets/denizkavi1/brain-tumor/1/3061.png,3061.png,flat,1,meningioma,14656464874600564681,1137,train
/kaggle/input/datasets/denizkavi1/brain-tumor/1/3062.png,3062.png,flat,1,meningioma,13996392902741472179,1097,train
/kaggle/input/datasets/denizkavi1/brain-tumor/1/3063.png,3063.png,flat,1,meningioma,10771337234866242835,1138,train
/kaggle/input/datasets/denizkavi1/brain-tumor/1/423.png,423.png,flat,1,meningioma,15027719518902903393,1139,test
/kaggle/input/datasets/denizkavi1/brain-tumor/1/456.png,456.png,flat,1,meningioma,9757181244668557003,1140,train
/kaggle/input/datasets/denizkavi1/brain-tumor/1/457.png,457.png,flat,1,meningioma,10838255986376030098,1141,train
/kaggle/input/datasets/denizkavi1/brain-tumor/1/459.png,459.png,flat,1,meningioma,10918548797901711212,974,test
/kaggle/input/datasets/denizkavi1/brain-tumor/3/1000.png,1000.png,flat,3,pituitary,9261661241294131030,1142,train
/kaggle/input/datasets/denizkavi1/brain-tumor/3/1001.png,1001.png,flat,3,pituitary,10739530644208494689,1580,train
/kaggle/input/datasets/denizkavi1/brain-tumor/3/1002.png,1002.png,flat,3,pituitary,10667716178278744664,1590,train
/kaggle/input/datasets/denizkavi1/brain-tumor/3/1003.png,1003.png,flat,3,pituitary,9519306932488251489,1580,train
/kaggle/input/datasets/denizkavi1/brain-tumor/3/1004.png,1004.png,flat,3,pituitary,10739500956522145832,1580,train
/kaggle/input/datasets/denizkavi1/brain-tumor/3/1005.png,1005.png,flat,3,pituitary,10739530918012657765,1580,train
/kaggle/input/datasets/denizkavi1/brain-tumor/3/1006.png,1006.png,flat,3,pituitary,9227413275374280801,1580,train
/kaggle/input/datasets/denizkavi1/brain-tumor/3/1007.png,1007.png,flat,3,pituitary,9260324235150513494,1143,train
/kaggle/input/datasets/denizkavi1/brain-tumor/3/1008.png,1008.png,flat,3,pituitary,10739530652730796513,1580,train
/kaggle/input/datasets/denizkavi1/brain-tumor/3/1009.png,1009.png,flat,3,pituitary,9262241920650256214,1144,train
/kaggle/input/datasets/denizkavi1/brain-tumor/3/1010.png,1010.png,flat,3,pituitary,10451261785347024936,1580,train
/kaggle/input/datasets/denizkavi1/brain-tumor/3/1011.png,1011.png,flat,3,pituitary,10740656817918978145,1580,train
/kaggle/input/datasets/denizkavi1/brain-tumor/3/1012.png,1012.png,flat,3,pituitary,9260904777273198198,1145,train
/kaggle/input/datasets/denizkavi1/brain-tumor/3/1013.png,1013.png,flat,3,pituitary,10744286031133026401,1580,train
/kaggle/input/datasets/denizkavi1/brain-tumor/3/1014.png,1014.png,flat,3,pituitary,10756882323553024008,1146,train
/kaggle/input/datasets/denizkavi1/brain-tumor/3/1015.png,1015.png,flat,3,pituitary,9591082235230445601,1580,train
/kaggle/input/datasets/denizkavi1/brain-tumor/3/1016.png,1016.png,flat,3,pituitary,10755193466176567304,1146,train
/kaggle/input/datasets/denizkavi1/brain-tumor/3/1017.png,1017.png,flat,3,pituitary,10754630511391307832,1146,train
/kaggle/input/datasets/denizkavi1/brain-tumor/3/1018.png,1018.png,flat,3,pituitary,10667434673023420634,1147,val
/kaggle/input/datasets/denizkavi1/brain-tumor/3/1019.png,1019.png,flat,3,pituitary,10739535042254545124,1580,train
/kaggle/input/datasets/denizkavi1/brain-tumor/3/1020.png,1020.png,flat,3,pituitary,10739535042187438117,1580,train
/kaggle/input/datasets/denizkavi1/brain-tumor/3/1021.png,1021.png,flat,3,pituitary,9304258954481390288,1148,train
/kaggle/input/datasets/denizkavi1/brain-tumor/3/1022.png,1022.png,flat,3,pituitary,9232193659611673112,1149,train
/kaggle/input/datasets/denizkavi1/brain-tumor/3/1023.png,1023.png,flat,3,pituitary,9232193663906636312,1149,train
/kaggle/input/datasets/denizkavi1/brain-tumor/3/1024.png,1024.png,flat,3,pituitary,9268222460913021464,1149,train
/kaggle/input/datasets/denizkavi1/brain-tumor/3/1025.png,1025.png,flat,3,pituitary,9627039405353755685,1150,train
/kaggle/input/datasets/denizkavi1/brain-tumor/3/1026.png,1026.png,flat,3,pituitary,9519342056453972197,1151,train
/kaggle/input/datasets/denizkavi1/brain-tumor/3/1027.png,1027.png,flat,3,pituitary,9232192564383478296,1149,train
/kaggle/input/datasets/denizkavi1/brain-tumor/3/1028.png,1028.png,flat,3,pituitary,9298383375169560677,1151,train
/kaggle/input/datasets/denizkavi1/brain-tumor/3/1029.png,1029.png,flat,3,pituitary,9627041741811770373,1150,train
/kaggle/input/datasets/denizkavi1/brain-tumor/3/1030.png,1030.png,flat,3,pituitary,9304259501083087056,1148,train
/kaggle/input/datasets/denizkavi1/brain-tumor/3/1031.png,1031.png,flat,3,pituitary,10739535041180803301,1580,train
/kaggle/input/datasets/denizkavi1/brain-tumor/3/1032.png,1032.png,flat,3,pituitary,10451305979287969893,1151,train
/kaggle/input/datasets/denizkavi1/brain-tumor/3/1033.png,1033.png,flat,3,pituitary,10739536415503695921,1580,train
/kaggle/input/datasets/denizkavi1/brain-tumor/3/1034.png,1034.png,flat,3,pituitary,9591082983626973415,1152,train
/kaggle/input/datasets/denizkavi1/brain-tumor/3/1035.png,1035.png,flat,3,pituitary,10739500131686621413,1580,train
/kaggle/input/datasets/denizkavi1/brain-tumor/3/1036.png,1036.png,flat,3,pituitary,9298340554548471841,1580,train
/kaggle/input/datasets/denizkavi1/brain-tumor/3/1037.png,1037.png,flat,3,pituitary,10667408178917433633,1580,train
/kaggle/input/datasets/denizkavi1/brain-tumor/3/1038.png,1038.png,flat,3,pituitary,9263446457012484624,1153,train
/kaggle/input/datasets/denizkavi1/brain-tumor/3/1039.png,1039.png,flat,3,pituitary,9304258950194942161,1148,train
/kaggle/input/datasets/denizkavi1/brain-tumor/3/1040.png,1040.png,flat,3,pituitary,10739530643426844901,1580,train
/kaggle/input/datasets/denizkavi1/brain-tumor/3/1041.png,1041.png,flat,3,pituitary,9263727897629456912,1153,train
/kaggle/input/datasets/denizkavi1/brain-tumor/3/1042.png,1042.png,flat,3,pituitary,9232199708055441872,1148,train
/kaggle/input/datasets/denizkavi1/brain-tumor/3/1043.png,1043.png,flat,3,pituitary,9304256752132051025,1154,train
/kaggle/input/datasets/denizkavi1/brain-tumor/3/1044.png,1044.png,flat,3,pituitary,10739426465414211681,1580,train
/kaggle/input/datasets/denizkavi1/brain-tumor/3/1045.png,1045.png,flat,3,pituitary,10452431604316971045,1151,train
/kaggle/input/datasets/denizkavi1/brain-tumor/3/1046.png,1046.png,flat,3,pituitary,10667723738836902372,1155,train
/kaggle/input/datasets/denizkavi1/brain-tumor/3/1047.png,1047.png,flat,3,pituitary,9337685465686111236,1156,train
/kaggle/input/datasets/denizkavi1/brain-tumor/3/1048.png,1048.png,flat,3,pituitary,10739536415503704097,1580,train
/kaggle/input/datasets/denizkavi1/brain-tumor/3/1049.png,1049.png,flat,3,pituitary,10739499862173229540,1580,train
/kaggle/input/datasets/denizkavi1/brain-tumor/3/1050.png,1050.png,flat,3,pituitary,10665508436497735781,1151,train
/kaggle/input/datasets/denizkavi1/brain-tumor/3/1051.png,1051.png,flat,3,pituitary,10449054179474350181,1151,train
/kaggle/input/datasets/denizkavi1/brain-tumor/3/1052.png,1052.png,flat,3,pituitary,10739500140216789345,1580,train
/kaggle/input/datasets/denizkavi1/brain-tumor/3/1053.png,1053.png,flat,3,pituitary,10743969372581202021,1580,train
/kaggle/input/datasets/denizkavi1/brain-tumor/3/1054.png,1054.png,flat,3,pituitary,10743934462282778720,1580,train
/kaggle/input/datasets/denizkavi1/brain-tumor/3/1055.png,1055.png,flat,3,pituitary,10743934463084413028,1580,train
/kaggle/input/datasets/denizkavi1/brain-tumor/3/1056.png,1056.png,flat,3,pituitary,10761948586718619872,1580,train
/kaggle/input/datasets/denizkavi1/brain-tumor/3/1057.png,1057.png,flat,3,pituitary,9226291757039757920,1157,test
/kaggle/input/datasets/denizkavi1/brain-tumor/3/1058.png,1058.png,flat,3,pituitary,10743930073630451809,1580,train
/kaggle/input/datasets/denizkavi1/brain-tumor/3/1059.png,1059.png,flat,3,pituitary,10690172467657320673,1580,train
/kaggle/input/datasets/denizkavi1/brain-tumor/3/1060.png,1060.png,flat,3,pituitary,10739491086694623337,1158,train
/kaggle/input/datasets/denizkavi1/brain-tumor/3/1061.png,1061.png,flat,3,pituitary,10739491343580080233,1580,train
/kaggle/input/datasets/denizkavi1/brain-tumor/3/1062.png,1062.png,flat,3,pituitary,10681161145233975521,1580,train
/kaggle/input/datasets/denizkavi1/brain-tumor/3/1063.png,1063.png,flat,3,pituitary,9226282961078348392,1157,test
/kaggle/input/datasets/denizkavi1/brain-tumor/3/1064.png,1064.png,flat,3,pituitary,10743934196799055909,1580,train
/kaggle/input/datasets/denizkavi1/brain-tumor/3/1065.png,1065.png,flat,3,pituitary,10681160045585523041,1159,cal
/kaggle/input/datasets/denizkavi1/brain-tumor/3/1066.png,1066.png,flat,3,pituitary,9227408860985712744,1157,test
/kaggle/input/datasets/denizkavi1/brain-tumor/3/1067.png,1067.png,flat,3,pituitary,10752940494375379297,1580,train
/kaggle/input/datasets/denizkavi1/brain-tumor/3/1068.png,1068.png,flat,3,pituitary,9224039974405421664,1157,test
/kaggle/input/datasets/denizkavi1/brain-tumor/3/1069.png,1069.png,flat,3,pituitary,9226564434847361640,1157,test
/kaggle/input/datasets/denizkavi1/brain-tumor/3/1070.png,1070.png,flat,3,pituitary,10743934403225870433,1580,train
/kaggle/input/datasets/denizkavi1/brain-tumor/3/1071.png,1071.png,flat,3,pituitary,10739491339285047405,1580,train
/kaggle/input/datasets/denizkavi1/brain-tumor/3/1072.png,1072.png,flat,3,pituitary,10739492168757950565,1158,train
/kaggle/input/datasets/denizkavi1/brain-tumor/3/1081.png,1081.png,flat,3,pituitary,10739492168816666732,1158,train
/kaggle/input/datasets/denizkavi1/brain-tumor/3/1082.png,1082.png,flat,3,pituitary,10739500140209907809,1580,train
/kaggle/input/datasets/denizkavi1/brain-tumor/3/1380.png,1380.png,flat,3,pituitary,9260059836916636394,1550,val
/kaggle/input/datasets/denizkavi1/brain-tumor/3/1381.png,1381.png,flat,3,pituitary,9592137598627248274,1160,train
/kaggle/input/datasets/denizkavi1/brain-tumor/3/1382.png,1382.png,flat,3,pituitary,9262593390956009682,1386,cal
/kaggle/input/datasets/denizkavi1/brain-tumor/3/1383.png,1383.png,flat,3,pituitary,9225086305757431966,1161,train
/kaggle/input/datasets/denizkavi1/brain-tumor/3/1384.png,1384.png,flat,3,pituitary,9261406090201220420,1162,train
/kaggle/input/datasets/denizkavi1/brain-tumor/3/1385.png,1385.png,flat,3,pituitary,9261124615220315972,1162,train
/kaggle/input/datasets/denizkavi1/brain-tumor/3/1386.png,1386.png,flat,3,pituitary,9592137598627502232,1160,train
/kaggle/input/datasets/denizkavi1/brain-tumor/3/1387.png,1387.png,flat,3,pituitary,9260341591159406806,1558,train
/kaggle/input/datasets/denizkavi1/brain-tumor/3/1388.png,1388.png,flat,3,pituitary,9260341294783146658,1546,train
/kaggle/input/datasets/denizkavi1/brain-tumor/3/1389.png,1389.png,flat,3,pituitary,9591011698720789144,1160,train
/kaggle/input/datasets/denizkavi1/brain-tumor/3/1390.png,1390.png,flat,3,pituitary,10739491070312786017,1580,train
/kaggle/input/datasets/denizkavi1/brain-tumor/3/1391.png,1391.png,flat,3,pituitary,9260069187061553874,1386,cal
/kaggle/input/datasets/denizkavi1/brain-tumor/3/1392.png,1392.png,flat,3,pituitary,9591011690666684952,1160,train
/kaggle/input/datasets/denizkavi1/brain-tumor/3/1393.png,1393.png,flat,3,pituitary,9263717606896843034,1550,val
/kaggle/input/datasets/denizkavi1/brain-tumor/3/1394.png,1394.png,flat,3,pituitary,14127047095430424683,1165,test
/kaggle/input/datasets/denizkavi1/brain-tumor/3/1395.png,1395.png,flat,3,pituitary,9225720582051997930,1163,train
/kaggle/input/datasets/denizkavi1/brain-tumor/3/1396.png,1396.png,flat,3,pituitary,13874846066053490795,1165,test
/kaggle/input/datasets/denizkavi1/brain-tumor/3/1397.png,1397.png,flat,3,pituitary,9267095306608998666,1550,val
/kaggle/input/datasets/denizkavi1/brain-tumor/3/1398.png,1398.png,flat,3,pituitary,15027766986544916841,1165,test
/kaggle/input/datasets/denizkavi1/brain-tumor/3/1399.png,1399.png,flat,3,pituitary,9226282977147627624,1164,train
/kaggle/input/datasets/denizkavi1/brain-tumor/3/1400.png,1400.png,flat,3,pituitary,9226282978222549226,1163,train
/kaggle/input/datasets/denizkavi1/brain-tumor/3/1401.png,1401.png,flat,3,pituitary,9226291744249227466,1163,train
/kaggle/input/datasets/denizkavi1/brain-tumor/3/1402.png,1402.png,flat,3,pituitary,9340288971819864080,1167,val
/kaggle/input/datasets/denizkavi1/brain-tumor/3/1403.png,1403.png,flat,3,pituitary,14131551210449677673,1165,test
/kaggle/input/datasets/denizkavi1/brain-tumor/3/1404.png,1404.png,flat,3,pituitary,9340287872304050194,1167,val
/kaggle/input/datasets/denizkavi1/brain-tumor/3/1405.png,1405.png,flat,3,pituitary,10780024389041003290,1362,train
/kaggle/input/datasets/denizkavi1/brain-tumor/3/1406.png,1406.png,flat,3,pituitary,9263717606888470794,1550,val
/kaggle/input/datasets/denizkavi1/brain-tumor/3/1407.png,1407.png,flat,3,pituitary,9340287596893461392,1166,train
/kaggle/input/datasets/denizkavi1/brain-tumor/3/1408.png,1408.png,flat,3,pituitary,9628518797708237010,1167,val
/kaggle/input/datasets/denizkavi1/brain-tumor/3/1409.png,1409.png,flat,3,pituitary,14131551210449807721,1165,test
/kaggle/input/datasets/denizkavi1/brain-tumor/3/1410.png,1410.png,flat,3,pituitary,9340288421556418578,1167,val
/kaggle/input/datasets/denizkavi1/brain-tumor/3/1411.png,1411.png,flat,3,pituitary,10775521059728726938,1362,train
/kaggle/input/datasets/denizkavi1/brain-tumor/3/1412.png,1412.png,flat,3,pituitary,10775520819478936090,1362,train
/kaggle/input/datasets/denizkavi1/brain-tumor/3/1413.png,1413.png,flat,3,pituitary,9259778331892999426,1168,train
/kaggle/input/datasets/denizkavi1/brain-tumor/3/1414.png,1414.png,flat,3,pituitary,10739535046389080519,1169,train
/kaggle/input/datasets/denizkavi1/brain-tumor/3/1415.png,1415.png,flat,3,pituitary,9263718740763482314,1550,val
/kaggle/input/datasets/denizkavi1/brain-tumor/3/1416.png,1416.png,flat,3,pituitary,15279396570574710820,1170,train
/kaggle/input/datasets/denizkavi1/brain-tumor/3/1417.png,1417.png,flat,3,pituitary,15279396562035091516,1170,train
/kaggle/input/datasets/denizkavi1/brain-tumor/3/1418.png,1418.png,flat,3,pituitary,15279400960011483172,1171,train
/kaggle/input/datasets/denizkavi1/brain-tumor/3/1419.png,1419.png,flat,3,pituitary,9262030681189854658,1172,train
/kaggle/input/datasets/denizkavi1/brain-tumor/3/1420.png,1420.png,flat,3,pituitary,10739535045449556423,1169,train
/kaggle/input/datasets/denizkavi1/brain-tumor/3/1421.png,1421.png,flat,3,pituitary,9303978584657963104,1580,train
/kaggle/input/datasets/denizkavi1/brain-tumor/3/1422.png,1422.png,flat,3,pituitary,9263718706399574218,1550,val
/kaggle/input/datasets/denizkavi1/brain-tumor/3/1423.png,1423.png,flat,3,pituitary,10775520789212371738,1362,train
/kaggle/input/datasets/denizkavi1/brain-tumor/3/1424.png,1424.png,flat,3,pituitary,15279119485100714044,1170,train
/kaggle/input/datasets/denizkavi1/brain-tumor/3/1425.png,1425.png,flat,3,pituitary,10667710492000987260,1170,train
/kaggle/input/datasets/denizkavi1/brain-tumor/3/1426.png,1426.png,flat,3,pituitary,9262029856560326086,1172,train
/kaggle/input/datasets/denizkavi1/brain-tumor/3/1427.png,1427.png,flat,3,pituitary,9302852684315959392,1580,train
/kaggle/input/datasets/denizkavi1/brain-tumor/3/1428.png,1428.png,flat,3,pituitary,10775521064023644938,1362,train
/kaggle/input/datasets/denizkavi1/brain-tumor/3/1429.png,1429.png,flat,3,pituitary,9262593077344106698,1550,val
/kaggle/input/datasets/denizkavi1/brain-tumor/3/1430.png,1430.png,flat,3,pituitary,10739535045449556423,1169,train
/kaggle/input/datasets/denizkavi1/brain-tumor/3/1431.png,1431.png,flat,3,pituitary,10739535046456190406,1169,train
/kaggle/input/datasets/denizkavi1/brain-tumor/3/1432.png,1432.png,flat,3,pituitary,10430740318832845118,1173,train
/kaggle/input/datasets/denizkavi1/brain-tumor/3/1433.png,1433.png,flat,3,pituitary,10739501162680576096,1580,train
/kaggle/input/datasets/denizkavi1/brain-tumor/3/1434.png,1434.png,flat,3,pituitary,14006823243090766924,1174,train
/kaggle/input/datasets/denizkavi1/brain-tumor/3/1435.png,1435.png,flat,3,pituitary,9278117335654756654,1175,train
/kaggle/input/datasets/denizkavi1/brain-tumor/3/1436.png,1436.png,flat,3,pituitary,15015012342540549936,1176,train
/kaggle/input/datasets/denizkavi1/brain-tumor/3/1437.png,1437.png,flat,3,pituitary,15015013287433355060,1176,train
/kaggle/input/datasets/denizkavi1/brain-tumor/3/1438.png,1438.png,flat,3,pituitary,10739492435038595680,1580,train
/kaggle/input/datasets/denizkavi1/brain-tumor/3/1439.png,1439.png,flat,3,pituitary,13862759414238293027,1177,train
/kaggle/input/datasets/denizkavi1/brain-tumor/3/1440.png,1440.png,flat,3,pituitary,13862690600225941912,1178,train
/kaggle/input/datasets/denizkavi1/brain-tumor/3/1441.png,1441.png,flat,3,pituitary,15015012342540549425,1176,train
/kaggle/input/datasets/denizkavi1/brain-tumor/3/1442.png,1442.png,flat,3,pituitary,13862131511423546782,1179,train
/kaggle/input/datasets/denizkavi1/brain-tumor/3/1443.png,1443.png,flat,3,pituitary,9277835860683809078,1180,train
/kaggle/input/datasets/denizkavi1/brain-tumor/3/1444.png,1444.png,flat,3,pituitary,15042356522376913948,1181,train
/kaggle/input/datasets/denizkavi1/brain-tumor/3/1445.png,1445.png,flat,3,pituitary,15046860118770135100,1182,train
/kaggle/input/datasets/denizkavi1/brain-tumor/3/1446.png,1446.png,flat,3,pituitary,13889452606717965372,1182,train
/kaggle/input/datasets/denizkavi1/brain-tumor/3/1447.png,1447.png,flat,3,pituitary,13862127186391475614,1179,train
/kaggle/input/datasets/denizkavi1/brain-tumor/3/1448.png,1448.png,flat,3,pituitary,13922665803500826950,1183,train
/kaggle/input/datasets/denizkavi1/brain-tumor/3/1449.png,1449.png,flat,3,pituitary,13862708080734119282,1228,train
/kaggle/input/datasets/denizkavi1/brain-tumor/3/1450.png,1450.png,flat,3,pituitary,13862708046427073636,1174,train
/kaggle/input/datasets/denizkavi1/brain-tumor/3/1451.png,1451.png,flat,3,pituitary,10739772741784199785,1580,train
/kaggle/input/datasets/denizkavi1/brain-tumor/3/1452.png,1452.png,flat,3,pituitary,10463579561200543175,1184,train
/kaggle/input/datasets/denizkavi1/brain-tumor/3/1453.png,1453.png,flat,3,pituitary,15042356522376897596,1181,train
/kaggle/input/datasets/denizkavi1/brain-tumor/3/1454.png,1454.png,flat,3,pituitary,9302852683779088480,1580,train
/kaggle/input/datasets/denizkavi1/brain-tumor/3/1455.png,1455.png,flat,3,pituitary,9310662318275455015,1184,train
/kaggle/input/datasets/denizkavi1/brain-tumor/3/1456.png,1456.png,flat,3,pituitary,10480538394456057283,1184,train
/kaggle/input/datasets/denizkavi1/brain-tumor/3/1457.png,1457.png,flat,3,pituitary,15046873312909866040,1182,train
/kaggle/input/datasets/denizkavi1/brain-tumor/3/1458.png,1458.png,flat,3,pituitary,13862708054972968092,1178,train
/kaggle/input/datasets/denizkavi1/brain-tumor/3/1459.png,1459.png,flat,3,pituitary,10463583822881776103,1184,train
/kaggle/input/datasets/denizkavi1/brain-tumor/3/1460.png,1460.png,flat,3,pituitary,15046860118770397240,1182,train
/kaggle/input/datasets/denizkavi1/brain-tumor/3/1461.png,1461.png,flat,3,pituitary,9306529098637848982,1185,train
/kaggle/input/datasets/denizkavi1/brain-tumor/3/1462.png,1462.png,flat,3,pituitary,13862689045238524967,1177,train
/kaggle/input/datasets/denizkavi1/brain-tumor/3/1463.png,1463.png,flat,3,pituitary,10739773910014257704,1580,train
/kaggle/input/datasets/denizkavi1/brain-tumor/3/1464.png,1464.png,flat,3,pituitary,9327652073949193667,1184,train
/kaggle/input/datasets/denizkavi1/brain-tumor/3/1465.png,1465.png,flat,3,pituitary,13862149099314619806,1179,train
/kaggle/input/datasets/denizkavi1/brain-tumor/3/1466.png,1466.png,flat,3,pituitary,13862712113692501142,1243,train
/kaggle/input/datasets/denizkavi1/brain-tumor/3/1467.png,1467.png,flat,3,pituitary,9238605350496135206,1186,train
/kaggle/input/datasets/denizkavi1/brain-tumor/3/1468.png,1468.png,flat,3,pituitary,15015628485882029410,1228,train
/kaggle/input/datasets/denizkavi1/brain-tumor/3/1469.png,1469.png,flat,3,pituitary,15015628485879932274,1228,train
/kaggle/input/datasets/denizkavi1/brain-tumor/3/1470.png,1470.png,flat,3,pituitary,9278043737097528348,1187,train
/kaggle/input/datasets/denizkavi1/brain-tumor/3/1471.png,1471.png,flat,3,pituitary,14368574727622504857,1188,train
/kaggle/input/datasets/denizkavi1/brain-tumor/3/1472.png,1472.png,flat,3,pituitary,14368222866721815001,1188,train
/kaggle/input/datasets/denizkavi1/brain-tumor/3/1473.png,1473.png,flat,3,pituitary,14007091614122258451,1189,train
/kaggle/input/datasets/denizkavi1/brain-tumor/3/1474.png,1474.png,flat,3,pituitary,15074404894254066784,1190,train
/kaggle/input/datasets/denizkavi1/brain-tumor/3/1475.png,1475.png,flat,3,pituitary,14007936031467841000,1191,train
/kaggle/input/datasets/denizkavi1/brain-tumor/3/1476.png,1476.png,flat,3,pituitary,13889998023544303714,1192,train
/kaggle/input/datasets/denizkavi1/brain-tumor/3/1477.png,1477.png,flat,3,pituitary,15075548136969890851,1193,train
/kaggle/input/datasets/denizkavi1/brain-tumor/3/1478.png,1478.png,flat,3,pituitary,13856220927569585192,1194,train
/kaggle/input/datasets/denizkavi1/brain-tumor/3/1479.png,1479.png,flat,3,pituitary,13917863479573357987,1195,test
/kaggle/input/datasets/denizkavi1/brain-tumor/3/1480.png,1480.png,flat,3,pituitary,13990203098275587303,1196,train
/kaggle/input/datasets/denizkavi1/brain-tumor/3/1481.png,1481.png,flat,3,pituitary,13856220996288929836,1194,train
/kaggle/input/datasets/denizkavi1/brain-tumor/3/1482.png,1482.png,flat,3,pituitary,14065373367855818088,1197,val
/kaggle/input/datasets/denizkavi1/brain-tumor/3/1483.png,1483.png,flat,3,pituitary,15075530544850693219,1193,train
/kaggle/input/datasets/denizkavi1/brain-tumor/3/1484.png,1484.png,flat,3,pituitary,13875888531993343039,1198,cal
/kaggle/input/datasets/denizkavi1/brain-tumor/3/1485.png,1485.png,flat,3,pituitary,13885775615692908643,1199,train
/kaggle/input/datasets/denizkavi1/brain-tumor/3/1486.png,1486.png,flat,3,pituitary,13875923717439108143,1198,cal
/kaggle/input/datasets/denizkavi1/brain-tumor/3/1487.png,1487.png,flat,3,pituitary,13885740396977875171,1199,train
/kaggle/input/datasets/denizkavi1/brain-tumor/3/1488.png,1488.png,flat,3,pituitary,13885775615356972139,1199,train
/kaggle/input/datasets/denizkavi1/brain-tumor/3/1489.png,1489.png,flat,3,pituitary,13885740431320820171,1199,train
/kaggle/input/datasets/denizkavi1/brain-tumor/3/1490.png,1490.png,flat,3,pituitary,13886585371661711395,1200,train
/kaggle/input/datasets/denizkavi1/brain-tumor/3/1491.png,1491.png,flat,3,pituitary,13884895971780340835,1201,train
/kaggle/input/datasets/denizkavi1/brain-tumor/3/1492.png,1492.png,flat,3,pituitary,13886585371397470252,1200,train
/kaggle/input/datasets/denizkavi1/brain-tumor/3/1493.png,1493.png,flat,3,pituitary,13877578172147001422,1202,train
/kaggle/input/datasets/denizkavi1/brain-tumor/3/1494.png,1494.png,flat,3,pituitary,10498871024267324492,1203,test
/kaggle/input/datasets/denizkavi1/brain-tumor/3/1495.png,1495.png,flat,3,pituitary,9633866521849129005,1204,train
/kaggle/input/datasets/denizkavi1/brain-tumor/3/1496.png,1496.png,flat,3,pituitary,10498769095834233037,1205,train
/kaggle/input/datasets/denizkavi1/brain-tumor/3/1497.png,1497.png,flat,3,pituitary,10489582367282850892,1203,test
/kaggle/input/datasets/denizkavi1/brain-tumor/3/1498.png,1498.png,flat,3,pituitary,10498840254853441740,1205,train
/kaggle/input/datasets/denizkavi1/brain-tumor/3/1499.png,1499.png,flat,3,pituitary,9634143667497756717,1204,train
/kaggle/input/datasets/denizkavi1/brain-tumor/3/1500.png,1500.png,flat,3,pituitary,14134035986759886227,1206,train
/kaggle/input/datasets/denizkavi1/brain-tumor/3/1501.png,1501.png,flat,3,pituitary,9345565841378011341,1205,train
/kaggle/input/datasets/denizkavi1/brain-tumor/3/1502.png,1502.png,flat,3,pituitary,14206375167424803297,1207,train
/kaggle/input/datasets/denizkavi1/brain-tumor/3/1503.png,1503.png,flat,3,pituitary,14134036132772000193,1207,train
/kaggle/input/datasets/denizkavi1/brain-tumor/3/1504.png,1504.png,flat,3,pituitary,9562068477280807196,1208,cal
/kaggle/input/datasets/denizkavi1/brain-tumor/3/1505.png,1505.png,flat,3,pituitary,9553892475228678499,1209,train
/kaggle/input/datasets/denizkavi1/brain-tumor/3/1506.png,1506.png,flat,3,pituitary,9621410976096218127,1210,train
/kaggle/input/datasets/denizkavi1/brain-tumor/3/1507.png,1507.png,flat,3,pituitary,15015066223059674467,1211,train
/kaggle/input/datasets/denizkavi1/brain-tumor/3/1508.png,1508.png,flat,3,pituitary,9337403067119204451,1212,train
/kaggle/input/datasets/denizkavi1/brain-tumor/3/1509.png,1509.png,flat,3,pituitary,14999814072447548468,1526,test
/kaggle/input/datasets/denizkavi1/brain-tumor/3/1510.png,1510.png,flat,3,pituitary,9625950318652570058,1213,cal
/kaggle/input/datasets/denizkavi1/brain-tumor/3/1511.png,1511.png,flat,3,pituitary,14151451778527865124,1214,train
/kaggle/input/datasets/denizkavi1/brain-tumor/3/1512.png,1512.png,flat,3,pituitary,15051640317716473138,1215,test
/kaggle/input/datasets/denizkavi1/brain-tumor/3/1513.png,1513.png,flat,3,pituitary,15017828196063394868,1526,test
/kaggle/input/datasets/denizkavi1/brain-tumor/3/1514.png,1514.png,flat,3,pituitary,14998128474918041972,1216,val
/kaggle/input/datasets/denizkavi1/brain-tumor/3/1515.png,1515.png,flat,3,pituitary,9620932412855839035,1217,cal
/kaggle/input/datasets/denizkavi1/brain-tumor/3/1516.png,1516.png,flat,3,pituitary,9254416065522579507,1218,val
/kaggle/input/datasets/denizkavi1/brain-tumor/3/1517.png,1517.png,flat,3,pituitary,9621429212738500939,1219,val
/kaggle/input/datasets/denizkavi1/brain-tumor/3/1518.png,1518.png,flat,3,pituitary,13949085981366971406,1220,train
/kaggle/input/datasets/denizkavi1/brain-tumor/3/1519.png,1519.png,flat,3,pituitary,10389324283970137441,1221,train
/kaggle/input/datasets/denizkavi1/brain-tumor/3/1520.png,1520.png,flat,3,pituitary,13881289883064557869,1222,cal
/kaggle/input/datasets/denizkavi1/brain-tumor/3/1521.png,1521.png,flat,3,pituitary,13848638266969055439,1223,train
/kaggle/input/datasets/denizkavi1/brain-tumor/3/1522.png,1522.png,flat,3,pituitary,13945184702778859625,1238,train
/kaggle/input/datasets/denizkavi1/brain-tumor/3/1523.png,1523.png,flat,3,pituitary,10490602061169720523,1224,val
/kaggle/input/datasets/denizkavi1/brain-tumor/3/1524.png,1524.png,flat,3,pituitary,14187480820359969064,1225,train
/kaggle/input/datasets/denizkavi1/brain-tumor/3/1525.png,1525.png,flat,3,pituitary,9621213406797261095,1226,train
/kaggle/input/datasets/denizkavi1/brain-tumor/3/1526.png,1526.png,flat,3,pituitary,9594490304923249046,1227,train
/kaggle/input/datasets/denizkavi1/brain-tumor/3/1527.png,1527.png,flat,3,pituitary,14999818195617201200,1526,test
/kaggle/input/datasets/denizkavi1/brain-tumor/3/1528.png,1528.png,flat,3,pituitary,9594490304906617238,1227,train
/kaggle/input/datasets/denizkavi1/brain-tumor/3/1529.png,1529.png,flat,3,pituitary,10417985502712457571,1212,train
/kaggle/input/datasets/denizkavi1/brain-tumor/3/1530.png,1530.png,flat,3,pituitary,13862708080735970342,1228,train
/kaggle/input/datasets/denizkavi1/brain-tumor/3/1531.png,1531.png,flat,3,pituitary,10393773990578765235,1229,train
/kaggle/input/datasets/denizkavi1/brain-tumor/3/1532.png,1532.png,flat,3,pituitary,10490883381528132811,1224,val
/kaggle/input/datasets/denizkavi1/brain-tumor/3/1533.png,1533.png,flat,3,pituitary,13922085440947172513,1230,test
/kaggle/input/datasets/denizkavi1/brain-tumor/3/1534.png,1534.png,flat,3,pituitary,9621446469907720491,1231,train
/kaggle/input/datasets/denizkavi1/brain-tumor/3/1535.png,1535.png,flat,3,pituitary,13848620768201695375,1232,train
/kaggle/input/datasets/denizkavi1/brain-tumor/3/1536.png,1536.png,flat,3,pituitary,13862708218174645542,1228,train
/kaggle/input/datasets/denizkavi1/brain-tumor/3/1537.png,1537.png,flat,3,pituitary,10490043371828050155,1224,val
/kaggle/input/datasets/denizkavi1/brain-tumor/3/1538.png,1538.png,flat,3,pituitary,14187480820089043514,1233,train
/kaggle/input/datasets/denizkavi1/brain-tumor/3/1539.png,1539.png,flat,3,pituitary,10389820173374273893,1234,train
/kaggle/input/datasets/denizkavi1/brain-tumor/3/1540.png,1540.png,flat,3,pituitary,13949402429381960941,1238,train
/kaggle/input/datasets/denizkavi1/brain-tumor/3/1541.png,1541.png,flat,3,pituitary,13877066950959980589,1235,train
/kaggle/input/datasets/denizkavi1/brain-tumor/3/1542.png,1542.png,flat,3,pituitary,15001542187983200459,1236,train
/kaggle/input/datasets/denizkavi1/brain-tumor/3/1543.png,1543.png,flat,3,pituitary,14187476284872014650,1233,train
/kaggle/input/datasets/denizkavi1/brain-tumor/3/1544.png,1544.png,flat,3,pituitary,13845766655317130354,1240,train
/kaggle/input/datasets/denizkavi1/brain-tumor/3/1545.png,1545.png,flat,3,pituitary,15015611649555062938,1237,val
/kaggle/input/datasets/denizkavi1/brain-tumor/3/1546.png,1546.png,flat,3,pituitary,14232355390235374700,1238,train
/kaggle/input/datasets/denizkavi1/brain-tumor/3/1547.png,1547.png,flat,3,pituitary,9539221240878739506,1251,train
/kaggle/input/datasets/denizkavi1/brain-tumor/3/1548.png,1548.png,flat,3,pituitary,13845766535058046066,1240,train
/kaggle/input/datasets/denizkavi1/brain-tumor/3/1549.png,1549.png,flat,3,pituitary,14350226465208214978,1239,train
/kaggle/input/datasets/denizkavi1/brain-tumor/3/1550.png,1550.png,flat,3,pituitary,13845771088731584688,1240,train
/kaggle/input/datasets/denizkavi1/brain-tumor/3/1551.png,1551.png,flat,3,pituitary,15015066142268339227,1245,train
/kaggle/input/datasets/denizkavi1/brain-tumor/3/1552.png,1552.png,flat,3,pituitary,15015633640588600466,1241,test
/kaggle/input/datasets/denizkavi1/brain-tumor/3/1553.png,1553.png,flat,3,pituitary,13850305160132305961,1242,train
/kaggle/input/datasets/denizkavi1/brain-tumor/3/1554.png,1554.png,flat,3,pituitary,13862707702766265490,1243,train
/kaggle/input/datasets/denizkavi1/brain-tumor/3/1555.png,1555.png,flat,3,pituitary,13862988984464729487,1244,train
/kaggle/input/datasets/denizkavi1/brain-tumor/3/1556.png,1556.png,flat,3,pituitary,14179071683445995865,1188,train
/kaggle/input/datasets/denizkavi1/brain-tumor/3/1557.png,1557.png,flat,3,pituitary,13845801577416369195,1242,train
/kaggle/input/datasets/denizkavi1/brain-tumor/3/1558.png,1558.png,flat,3,pituitary,15015066137971275053,1245,train
/kaggle/input/datasets/denizkavi1/brain-tumor/3/1559.png,1559.png,flat,3,pituitary,10576540010262062140,1246,train
/kaggle/input/datasets/denizkavi1/brain-tumor/3/1560.png,1560.png,flat,3,pituitary,15087968091700470830,1247,cal
/kaggle/input/datasets/denizkavi1/brain-tumor/3/1561.png,1561.png,flat,3,pituitary,13845805971167917091,1242,train
/kaggle/input/datasets/denizkavi1/brain-tumor/3/1562.png,1562.png,flat,3,pituitary,13898156344254013751,1248,train
/kaggle/input/datasets/denizkavi1/brain-tumor/3/1563.png,1563.png,flat,3,pituitary,9620669406167785580,1238,train
/kaggle/input/datasets/denizkavi1/brain-tumor/3/1564.png,1564.png,flat,3,pituitary,13863820335317659939,1242,train
/kaggle/input/datasets/denizkavi1/brain-tumor/3/1565.png,1565.png,flat,3,pituitary,9594425258688325058,1239,train
/kaggle/input/datasets/denizkavi1/brain-tumor/3/1566.png,1566.png,flat,3,pituitary,13948557970093143148,1238,train
/kaggle/input/datasets/denizkavi1/brain-tumor/3/1567.png,1567.png,flat,3,pituitary,15015347547708728719,1249,train
/kaggle/input/datasets/denizkavi1/brain-tumor/3/1568.png,1568.png,flat,3,pituitary,13966572402958165100,1238,train
/kaggle/input/datasets/denizkavi1/brain-tumor/3/1569.png,1569.png,flat,3,pituitary,15015911017367299340,1250,test
/kaggle/input/datasets/denizkavi1/brain-tumor/3/1570.png,1570.png,flat,3,pituitary,13862672485102926003,1251,train
/kaggle/input/datasets/denizkavi1/brain-tumor/3/1571.png,1571.png,flat,3,pituitary,13845766690751133874,1240,train
/kaggle/input/datasets/denizkavi1/brain-tumor/3/1572.png,1572.png,flat,3,pituitary,13845203774083185906,1240,train
/kaggle/input/datasets/denizkavi1/brain-tumor/3/1573.png,1573.png,flat,3,pituitary,9594491229387826630,1239,train
/kaggle/input/datasets/denizkavi1/brain-tumor/3/1574.png,1574.png,flat,3,pituitary,13862712135168319622,1243,train
/kaggle/input/datasets/denizkavi1/brain-tumor/3/1575.png,1575.png,flat,3,pituitary,13948558004452876397,1238,train
/kaggle/input/datasets/denizkavi1/brain-tumor/3/1576.png,1576.png,flat,3,pituitary,14179068371769238827,1252,train
/kaggle/input/datasets/denizkavi1/brain-tumor/3/1577.png,1577.png,flat,3,pituitary,13862672485108166834,1251,train
/kaggle/input/datasets/denizkavi1/brain-tumor/3/1578.png,1578.png,flat,3,pituitary,15015066137973368139,1245,train
/kaggle/input/datasets/denizkavi1/brain-tumor/3/1579.png,1579.png,flat,3,pituitary,13845766724019830002,1240,train
/kaggle/input/datasets/denizkavi1/brain-tumor/3/1580.png,1580.png,flat,3,pituitary,14179072787259926809,1253,train
/kaggle/input/datasets/denizkavi1/brain-tumor/3/1581.png,1581.png,flat,3,pituitary,14179073006295857561,1254,train
/kaggle/input/datasets/denizkavi1/brain-tumor/3/1582.png,1582.png,flat,3,pituitary,15016196371497952667,1255,train
/kaggle/input/datasets/denizkavi1/brain-tumor/3/1583.png,1583.png,flat,3,pituitary,14186385620897244475,1256,train
/kaggle/input/datasets/denizkavi1/brain-tumor/3/1584.png,1584.png,flat,3,pituitary,13845766690750609650,1240,train
/kaggle/input/datasets/denizkavi1/brain-tumor/3/1585.png,1585.png,flat,3,pituitary,10432424822186206761,1246,train
/kaggle/input/datasets/denizkavi1/brain-tumor/3/1586.png,1586.png,flat,3,pituitary,15087968611457575980,1257,test
/kaggle/input/datasets/denizkavi1/brain-tumor/3/1587.png,1587.png,flat,3,pituitary,15017832572672818209,1258,val
/kaggle/input/datasets/denizkavi1/brain-tumor/3/1588.png,1588.png,flat,3,pituitary,13873125665677271880,1259,val
/kaggle/input/datasets/denizkavi1/brain-tumor/3/1589.png,1589.png,flat,3,pituitary,10765637448215245846,1260,val
/kaggle/input/datasets/denizkavi1/brain-tumor/3/1590.png,1590.png,flat,3,pituitary,13889712292521325618,1261,train
/kaggle/input/datasets/denizkavi1/brain-tumor/3/1591.png,1591.png,flat,3,pituitary,13864911068061776561,1258,val
/kaggle/input/datasets/denizkavi1/brain-tumor/3/1592.png,1592.png,flat,3,pituitary,14144414483261304168,1262,train
/kaggle/input/datasets/denizkavi1/brain-tumor/3/1593.png,1593.png,flat,3,pituitary,13864909968550149809,1258,val
/kaggle/input/datasets/denizkavi1/brain-tumor/3/1594.png,1594.png,flat,3,pituitary,10459394056516807878,1263,train
/kaggle/input/datasets/denizkavi1/brain-tumor/3/1595.png,1595.png,flat,3,pituitary,13936176052636497091,1264,train
/kaggle/input/datasets/denizkavi1/brain-tumor/3/1596.png,1596.png,flat,3,pituitary,10764001263231395083,1265,train
/kaggle/input/datasets/denizkavi1/brain-tumor/3/1597.png,1597.png,flat,3,pituitary,13863252871624417643,1266,train
/kaggle/input/datasets/denizkavi1/brain-tumor/3/1598.png,1598.png,flat,3,pituitary,14202734092799272356,1267,val
/kaggle/input/datasets/denizkavi1/brain-tumor/3/1599.png,1599.png,flat,3,pituitary,15351432372195255604,1268,test
/kaggle/input/datasets/denizkavi1/brain-tumor/3/1600.png,1600.png,flat,3,pituitary,14350226464142078406,1269,train
/kaggle/input/datasets/denizkavi1/brain-tumor/3/1601.png,1601.png,flat,3,pituitary,13877576488821994088,1270,train
/kaggle/input/datasets/denizkavi1/brain-tumor/3/1602.png,1602.png,flat,3,pituitary,13872809543720642376,1271,train
/kaggle/input/datasets/denizkavi1/brain-tumor/3/1603.png,1603.png,flat,3,pituitary,13911071947374796916,1272,train
/kaggle/input/datasets/denizkavi1/brain-tumor/3/1604.png,1604.png,flat,3,pituitary,10691877672728339739,1273,train
/kaggle/input/datasets/denizkavi1/brain-tumor/3/1605.png,1605.png,flat,3,pituitary,13878768281836010178,1274,train
/kaggle/input/datasets/denizkavi1/brain-tumor/3/1606.png,1606.png,flat,3,pituitary,15303912257075896626,1275,train
/kaggle/input/datasets/denizkavi1/brain-tumor/3/1607.png,1607.png,flat,3,pituitary,14202733061730297316,1267,val
/kaggle/input/datasets/denizkavi1/brain-tumor/3/1608.png,1608.png,flat,3,pituitary,13877290482374044270,1285,train
/kaggle/input/datasets/denizkavi1/brain-tumor/3/1609.png,1609.png,flat,3,pituitary,13864964381748503762,1276,train
/kaggle/input/datasets/denizkavi1/brain-tumor/3/1610.png,1610.png,flat,3,pituitary,13864906739003178656,1258,val
/kaggle/input/datasets/denizkavi1/brain-tumor/3/1611.png,1611.png,flat,3,pituitary,13865188149521300656,1277,test
/kaggle/input/datasets/denizkavi1/brain-tumor/3/1612.png,1612.png,flat,3,pituitary,13862694926373643312,1278,train
/kaggle/input/datasets/denizkavi1/brain-tumor/3/1613.png,1613.png,flat,3,pituitary,13873090549286593352,1259,val
/kaggle/input/datasets/denizkavi1/brain-tumor/3/1614.png,1614.png,flat,3,pituitary,13877577609715912393,1279,cal
/kaggle/input/datasets/denizkavi1/brain-tumor/3/1615.png,1615.png,flat,3,pituitary,13877576488821993577,1270,train
/kaggle/input/datasets/denizkavi1/brain-tumor/3/1616.png,1616.png,flat,3,pituitary,13864964450451219650,1276,train
/kaggle/input/datasets/denizkavi1/brain-tumor/3/1617.png,1617.png,flat,3,pituitary,15279374846584252784,1280,train
/kaggle/input/datasets/denizkavi1/brain-tumor/3/1618.png,1618.png,flat,3,pituitary,9612505626845458890,1281,val
/kaggle/input/datasets/denizkavi1/brain-tumor/3/1619.png,1619.png,flat,3,pituitary,13873090571499217864,1282,train
/kaggle/input/datasets/denizkavi1/brain-tumor/3/1620.png,1620.png,flat,3,pituitary,13873092152567407560,1283,train
/kaggle/input/datasets/denizkavi1/brain-tumor/3/1621.png,1621.png,flat,3,pituitary,14126418777254684780,1284,train
/kaggle/input/datasets/denizkavi1/brain-tumor/3/1622.png,1622.png,flat,3,pituitary,13876516495909988974,1285,train
/kaggle/input/datasets/denizkavi1/brain-tumor/3/1623.png,1623.png,flat,3,pituitary,9612720479078200387,1264,train
/kaggle/input/datasets/denizkavi1/brain-tumor/3/1624.png,1624.png,flat,3,pituitary,13838171504694077537,1286,train
/kaggle/input/datasets/denizkavi1/brain-tumor/3/1625.png,1625.png,flat,3,pituitary,13879612706967468610,1274,train
/kaggle/input/datasets/denizkavi1/brain-tumor/3/1626.png,1626.png,flat,3,pituitary,13842462421801312372,1272,train
/kaggle/input/datasets/denizkavi1/brain-tumor/3/1627.png,1627.png,flat,3,pituitary,13857065430060377138,1287,train
/kaggle/input/datasets/denizkavi1/brain-tumor/3/1628.png,1628.png,flat,3,pituitary,9522364366122215874,1288,train
/kaggle/input/datasets/denizkavi1/brain-tumor/3/1629.png,1629.png,flat,3,pituitary,13877360851047164782,1285,train
/kaggle/input/datasets/denizkavi1/brain-tumor/3/1630.png,1630.png,flat,3,pituitary,10386209978457091524,1289,test
/kaggle/input/datasets/denizkavi1/brain-tumor/3/1631.png,1631.png,flat,3,pituitary,14130903689211033704,1290,train
/kaggle/input/datasets/denizkavi1/brain-tumor/3/1632.png,1632.png,flat,3,pituitary,13877642390447991402,1291,val
/kaggle/input/datasets/denizkavi1/brain-tumor/3/1633.png,1633.png,flat,3,pituitary,9612152856199509211,1292,test
/kaggle/input/datasets/denizkavi1/brain-tumor/3/1634.png,1634.png,flat,3,pituitary,14999853427267742756,1526,test
/kaggle/input/datasets/denizkavi1/brain-tumor/3/1635.png,1635.png,flat,3,pituitary,15044871053427428891,1293,train
/kaggle/input/datasets/denizkavi1/brain-tumor/3/1636.png,1636.png,flat,3,pituitary,13848422035679684705,1580,train
/kaggle/input/datasets/denizkavi1/brain-tumor/3/1637.png,1637.png,flat,3,pituitary,15044866655380925979,1293,train
/kaggle/input/datasets/denizkavi1/brain-tumor/3/1638.png,1638.png,flat,3,pituitary,10505273686172592701,1297,train
/kaggle/input/datasets/denizkavi1/brain-tumor/3/1639.png,1639.png,flat,3,pituitary,15045148130361970187,1294,test
/kaggle/input/datasets/denizkavi1/brain-tumor/3/1640.png,1640.png,flat,3,pituitary,15028329841514002536,1295,train
/kaggle/input/datasets/denizkavi1/brain-tumor/3/1641.png,1641.png,flat,3,pituitary,13856203211888403496,1296,train
/kaggle/input/datasets/denizkavi1/brain-tumor/3/1642.png,1642.png,flat,3,pituitary,10503027178589479579,1297,train
/kaggle/input/datasets/denizkavi1/brain-tumor/3/1643.png,1643.png,flat,3,pituitary,9592238888137613793,1298,train
/kaggle/input/datasets/denizkavi1/brain-tumor/3/1644.png,1644.png,flat,3,pituitary,10505278084219101855,1297,train
/kaggle/input/datasets/denizkavi1/brain-tumor/3/1645.png,1645.png,flat,3,pituitary,14990806606888635516,1299,train
/kaggle/input/datasets/denizkavi1/brain-tumor/3/1646.png,1646.png,flat,3,pituitary,14999853431532825636,1526,test
/kaggle/input/datasets/denizkavi1/brain-tumor/3/1647.png,1647.png,flat,3,pituitary,14999848969091951652,1526,test
/kaggle/input/datasets/denizkavi1/brain-tumor/3/1648.png,1648.png,flat,3,pituitary,10505277810708924979,1300,train
/kaggle/input/datasets/denizkavi1/brain-tumor/3/1649.png,1649.png,flat,3,pituitary,15046256091260783608,1305,train
/kaggle/input/datasets/denizkavi1/brain-tumor/3/1650.png,1650.png,flat,3,pituitary,13843918436085803105,1580,train
/kaggle/input/datasets/denizkavi1/brain-tumor/3/1651.png,1651.png,flat,3,pituitary,10503027109869937567,1297,train
/kaggle/input/datasets/denizkavi1/brain-tumor/3/1652.png,1652.png,flat,3,pituitary,9352318015403215756,1301,train
/kaggle/input/datasets/denizkavi1/brain-tumor/3/1653.png,1653.png,flat,3,pituitary,15046256228683484156,1305,train
/kaggle/input/datasets/denizkavi1/brain-tumor/3/1654.png,1654.png,flat,3,pituitary,13891663444586547497,1302,val
/kaggle/input/datasets/denizkavi1/brain-tumor/3/1655.png,1655.png,flat,3,pituitary,14999853431512120356,1526,test
/kaggle/input/datasets/denizkavi1/brain-tumor/3/1656.png,1656.png,flat,3,pituitary,10416080865092856104,1460,cal
/kaggle/input/datasets/denizkavi1/brain-tumor/3/1657.png,1657.png,flat,3,pituitary,10420584464183339800,1460,cal
/kaggle/input/datasets/denizkavi1/brain-tumor/3/1658.png,1658.png,flat,3,pituitary,13848422035676539937,1580,train
/kaggle/input/datasets/denizkavi1/brain-tumor/3/1659.png,1659.png,flat,3,pituitary,14999853435828056100,1526,test
/kaggle/input/datasets/denizkavi1/brain-tumor/3/1660.png,1660.png,flat,3,pituitary,9592238822908322209,1298,train
/kaggle/input/datasets/denizkavi1/brain-tumor/3/1661.png,1661.png,flat,3,pituitary,13855621578759105836,1303,cal
/kaggle/input/datasets/denizkavi1/brain-tumor/3/1662.png,1662.png,flat,3,pituitary,13838734170024787048,1304,train
/kaggle/input/datasets/denizkavi1/brain-tumor/3/1663.png,1663.png,flat,3,pituitary,15046256232983890808,1305,train
/kaggle/input/datasets/denizkavi1/brain-tumor/3/1664.png,1664.png,flat,3,pituitary,13874762829672691752,1306,train
/kaggle/input/datasets/denizkavi1/brain-tumor/3/1665.png,1665.png,flat,3,pituitary,13855622695467363400,1307,train
/kaggle/input/datasets/denizkavi1/brain-tumor/3/1666.png,1666.png,flat,3,pituitary,10506399577489500733,1297,train
/kaggle/input/datasets/denizkavi1/brain-tumor/3/1667.png,1667.png,flat,3,pituitary,9604576276201631793,1308,train
/kaggle/input/datasets/denizkavi1/brain-tumor/3/1668.png,1668.png,flat,3,pituitary,13927961738763591980,1309,train
/kaggle/input/datasets/denizkavi1/brain-tumor/3/1669.png,1669.png,flat,3,pituitary,10503027109870002847,1297,train
/kaggle/input/datasets/denizkavi1/brain-tumor/3/1670.png,1670.png,flat,3,pituitary,10503027383682687645,1297,train
/kaggle/input/datasets/denizkavi1/brain-tumor/3/1671.png,1671.png,flat,3,pituitary,10416080864543402296,1460,cal
/kaggle/input/datasets/denizkavi1/brain-tumor/3/1672.png,1672.png,flat,3,pituitary,9604523499626708005,1310,train
/kaggle/input/datasets/denizkavi1/brain-tumor/3/1673.png,1673.png,flat,3,pituitary,14990806469475765484,1311,val
/kaggle/input/datasets/denizkavi1/brain-tumor/3/1674.png,1674.png,flat,3,pituitary,9280259270322507292,1312,train
/kaggle/input/datasets/denizkavi1/brain-tumor/3/1675.png,1675.png,flat,3,pituitary,14990806607962319212,1299,train
/kaggle/input/datasets/denizkavi1/brain-tumor/3/1676.png,1676.png,flat,3,pituitary,15046256228690955132,1305,train
/kaggle/input/datasets/denizkavi1/brain-tumor/3/1677.png,1677.png,flat,3,pituitary,9236735948529806369,1580,train
/kaggle/input/datasets/denizkavi1/brain-tumor/3/1678.png,1678.png,flat,3,pituitary,13847213397607985188,1526,test
/kaggle/input/datasets/denizkavi1/brain-tumor/3/1679.png,1679.png,flat,3,pituitary,9604541366690734117,841,test
/kaggle/input/datasets/denizkavi1/brain-tumor/3/1680.png,1680.png,flat,3,pituitary,13848422035679684705,1580,train
/kaggle/input/datasets/denizkavi1/brain-tumor/3/1681.png,1681.png,flat,3,pituitary,14990806606888643820,1299,train
/kaggle/input/datasets/denizkavi1/brain-tumor/3/1682.png,1682.png,flat,3,pituitary,13915698954230587681,1313,train
/kaggle/input/datasets/denizkavi1/brain-tumor/3/1683.png,1683.png,flat,3,pituitary,15280531266554325033,1314,cal
/kaggle/input/datasets/denizkavi1/brain-tumor/3/1684.png,1684.png,flat,3,pituitary,14992252490449434288,1315,train
/kaggle/input/datasets/denizkavi1/brain-tumor/3/1685.png,1685.png,flat,3,pituitary,13838276515552574476,1316,train
/kaggle/input/datasets/denizkavi1/brain-tumor/3/1686.png,1686.png,flat,3,pituitary,13839396977981810729,1314,cal
/kaggle/input/datasets/denizkavi1/brain-tumor/3/1687.png,1687.png,flat,3,pituitary,13839379385783183393,1314,cal
/kaggle/input/datasets/denizkavi1/brain-tumor/3/1688.png,1688.png,flat,3,pituitary,14992336088702656816,1317,cal
/kaggle/input/datasets/denizkavi1/brain-tumor/3/1689.png,1689.png,flat,3,pituitary,13838276519830762596,1316,train
/kaggle/input/datasets/denizkavi1/brain-tumor/3/1690.png,1690.png,flat,3,pituitary,13927961450211190321,1316,train
/kaggle/input/datasets/denizkavi1/brain-tumor/3/1691.png,1691.png,flat,3,pituitary,14992252490449433520,1315,train
/kaggle/input/datasets/denizkavi1/brain-tumor/3/1692.png,1692.png,flat,3,pituitary,14992265650434549028,1342,test
/kaggle/input/datasets/denizkavi1/brain-tumor/3/1693.png,1693.png,flat,3,pituitary,13856220549596067424,1316,train
/kaggle/input/datasets/denizkavi1/brain-tumor/3/1694.png,1694.png,flat,3,pituitary,14992252524808119920,1315,train
/kaggle/input/datasets/denizkavi1/brain-tumor/3/1695.png,1695.png,flat,3,pituitary,14992336020247945520,1317,cal
/kaggle/input/datasets/denizkavi1/brain-tumor/3/1696.png,1696.png,flat,3,pituitary,9303995343632869281,1318,train
/kaggle/input/datasets/denizkavi1/brain-tumor/3/1697.png,1697.png,flat,3,pituitary,13911196453325253793,1319,test
/kaggle/input/datasets/denizkavi1/brain-tumor/3/1698.png,1698.png,flat,3,pituitary,13843641359118969889,1580,train
/kaggle/input/datasets/denizkavi1/brain-tumor/3/1699.png,1699.png,flat,3,pituitary,13855903890264569384,1316,train
/kaggle/input/datasets/denizkavi1/brain-tumor/3/1700.png,1700.png,flat,3,pituitary,14132095769372026921,1314,cal
/kaggle/input/datasets/denizkavi1/brain-tumor/3/1701.png,1701.png,flat,3,pituitary,13839380777107729552,1320,test
/kaggle/input/datasets/denizkavi1/brain-tumor/3/1702.png,1702.png,flat,3,pituitary,14992283298220751905,1321,train
/kaggle/input/datasets/denizkavi1/brain-tumor/3/1703.png,1703.png,flat,3,pituitary,13855726868879389740,1316,train
/kaggle/input/datasets/denizkavi1/brain-tumor/3/1704.png,1704.png,flat,3,pituitary,13855902790757131825,1316,train
/kaggle/input/datasets/denizkavi1/brain-tumor/3/1705.png,1705.png,flat,3,pituitary,14992265650501657636,1342,test
/kaggle/input/datasets/denizkavi1/brain-tumor/3/1706.png,1706.png,flat,3,pituitary,13911126084569021569,1319,test
/kaggle/input/datasets/denizkavi1/brain-tumor/3/1707.png,1707.png,flat,3,pituitary,14992318495778154788,1322,test
/kaggle/input/datasets/denizkavi1/brain-tumor/3/1708.png,1708.png,flat,3,pituitary,13839033323378781328,1323,train
/kaggle/input/datasets/denizkavi1/brain-tumor/3/1709.png,1709.png,flat,3,pituitary,9263692069795801888,1324,cal
/kaggle/input/datasets/denizkavi1/brain-tumor/3/1710.png,1710.png,flat,3,pituitary,15028264134117960304,1325,cal
/kaggle/input/datasets/denizkavi1/brain-tumor/3/1711.png,1711.png,flat,3,pituitary,15008825394869335096,1316,train
/kaggle/input/datasets/denizkavi1/brain-tumor/3/1712.png,1712.png,flat,3,pituitary,15305817196059702562,1326,cal
/kaggle/input/datasets/denizkavi1/brain-tumor/3/1713.png,1713.png,flat,3,pituitary,9232232418161729991,930,train
/kaggle/input/datasets/denizkavi1/brain-tumor/3/1714.png,1714.png,flat,3,pituitary,13860403096140739632,1327,train
/kaggle/input/datasets/denizkavi1/brain-tumor/3/1715.png,1715.png,flat,3,pituitary,15009388344822742057,1316,train
/kaggle/input/datasets/denizkavi1/brain-tumor/3/1716.png,1716.png,flat,3,pituitary,13932459582110383140,1327,train
/kaggle/input/datasets/denizkavi1/brain-tumor/3/1717.png,1717.png,flat,3,pituitary,15027186835263139624,1328,val
/kaggle/input/datasets/denizkavi1/brain-tumor/3/1718.png,1718.png,flat,3,pituitary,15008860574965902384,1526,test
/kaggle/input/datasets/denizkavi1/brain-tumor/3/1719.png,1719.png,flat,3,pituitary,9335745192766487344,1329,train
/kaggle/input/datasets/denizkavi1/brain-tumor/3/1720.png,1720.png,flat,3,pituitary,9299668361645018040,1330,train
/kaggle/input/datasets/denizkavi1/brain-tumor/3/1721.png,1721.png,flat,3,pituitary,9248752262085440544,1327,train
/kaggle/input/datasets/denizkavi1/brain-tumor/3/1722.png,1722.png,flat,3,pituitary,9232232156437160385,930,train
/kaggle/input/datasets/denizkavi1/brain-tumor/3/1723.png,1723.png,flat,3,pituitary,13860401996661865508,1327,train
/kaggle/input/datasets/denizkavi1/brain-tumor/3/1724.png,1724.png,flat,3,pituitary,15027117420099415368,1331,train
/kaggle/input/datasets/denizkavi1/brain-tumor/3/1725.png,1725.png,flat,3,pituitary,14152895137402074480,1326,cal
/kaggle/input/datasets/denizkavi1/brain-tumor/3/1726.png,1726.png,flat,3,pituitary,13875338248405527256,1332,train
/kaggle/input/datasets/denizkavi1/brain-tumor/3/1727.png,1727.png,flat,3,pituitary,14148913688885411040,1333,train
/kaggle/input/datasets/denizkavi1/brain-tumor/3/1728.png,1728.png,flat,3,pituitary,15028032084281868104,1334,train
/kaggle/input/datasets/denizkavi1/brain-tumor/3/1729.png,1729.png,flat,3,pituitary,13855939053195963440,1526,test
/kaggle/input/datasets/denizkavi1/brain-tumor/3/1730.png,1730.png,flat,3,pituitary,13860403096140739760,1327,train
/kaggle/input/datasets/denizkavi1/brain-tumor/3/1731.png,1731.png,flat,3,pituitary,13875408599969704568,1332,train
/kaggle/input/datasets/denizkavi1/brain-tumor/3/1732.png,1732.png,flat,3,pituitary,15045130993913310472,1335,train
/kaggle/input/datasets/denizkavi1/brain-tumor/3/1733.png,1733.png,flat,3,pituitary,9263656885423713120,1324,cal
/kaggle/input/datasets/denizkavi1/brain-tumor/3/1734.png,1734.png,flat,3,pituitary,9299382629110278856,1336,val
/kaggle/input/datasets/denizkavi1/brain-tumor/3/1735.png,1735.png,flat,3,pituitary,9299385928622418840,1337,train
/kaggle/input/datasets/denizkavi1/brain-tumor/3/1736.png,1736.png,flat,3,pituitary,9232232319645983185,930,train
/kaggle/input/datasets/denizkavi1/brain-tumor/3/1737.png,1737.png,flat,3,pituitary,15009103021556116812,1331,train
/kaggle/input/datasets/denizkavi1/brain-tumor/3/1738.png,1738.png,flat,3,pituitary,9243386490480388808,1338,train
/kaggle/input/datasets/denizkavi1/brain-tumor/3/1739.png,1739.png,flat,3,pituitary,9335749650674104628,1329,train
/kaggle/input/datasets/denizkavi1/brain-tumor/3/1740.png,1740.png,flat,3,pituitary,14148913701770050788,1333,train
/kaggle/input/datasets/denizkavi1/brain-tumor/3/1741.png,1741.png,flat,3,pituitary,13911068648514939592,1336,val
/kaggle/input/datasets/denizkavi1/brain-tumor/3/1742.png,1742.png,flat,3,pituitary,13855939345203407920,1526,test
/kaggle/input/datasets/denizkavi1/brain-tumor/3/1743.png,1743.png,flat,3,pituitary,13860403096140999712,1327,train
/kaggle/input/datasets/denizkavi1/brain-tumor/3/1744.png,1744.png,flat,3,pituitary,13929368916062636584,1339,train
/kaggle/input/datasets/denizkavi1/brain-tumor/3/1745.png,1745.png,flat,3,pituitary,9335744840344287521,1340,train
/kaggle/input/datasets/denizkavi1/brain-tumor/3/1746.png,1746.png,flat,3,pituitary,14990846180718293108,1526,test
/kaggle/input/datasets/denizkavi1/brain-tumor/3/1747.png,1747.png,flat,3,pituitary,14253979833418980961,1341,train
/kaggle/input/datasets/denizkavi1/brain-tumor/3/1748.png,1748.png,flat,3,pituitary,14992248058060022116,1342,test
/kaggle/input/datasets/denizkavi1/brain-tumor/3/1749.png,1749.png,flat,3,pituitary,13846927542028676144,1343,cal
/kaggle/input/datasets/denizkavi1/brain-tumor/3/1750.png,1750.png,flat,3,pituitary,9592520114022982753,1346,train
/kaggle/input/datasets/denizkavi1/brain-tumor/3/1751.png,1751.png,flat,3,pituitary,9604523697193443885,1344,train
/kaggle/input/datasets/denizkavi1/brain-tumor/3/1752.png,1752.png,flat,3,pituitary,15297056045885366324,1345,train
/kaggle/input/datasets/denizkavi1/brain-tumor/3/1753.png,1753.png,flat,3,pituitary,9592238540263089697,1346,train
/kaggle/input/datasets/denizkavi1/brain-tumor/3/1754.png,1754.png,flat,3,pituitary,9604523688871944749,1344,train
/kaggle/input/datasets/denizkavi1/brain-tumor/3/1755.png,1755.png,flat,3,pituitary,9591112640356181812,1346,train
/kaggle/input/datasets/denizkavi1/brain-tumor/3/1756.png,1756.png,flat,3,pituitary,9592238639050466401,1346,train
/kaggle/input/datasets/denizkavi1/brain-tumor/3/1757.png,1757.png,flat,3,pituitary,13860437229302018148,1347,train
/kaggle/input/datasets/denizkavi1/brain-tumor/3/1758.png,1758.png,flat,3,pituitary,13838271022475079729,1348,train
/kaggle/input/datasets/denizkavi1/brain-tumor/3/1759.png,1759.png,flat,3,pituitary,14990846249437769780,1526,test
/kaggle/input/datasets/denizkavi1/brain-tumor/3/1760.png,1760.png,flat,3,pituitary,14992230465856941412,1342,test
/kaggle/input/datasets/denizkavi1/brain-tumor/3/1761.png,1761.png,flat,3,pituitary,9604523551435089965,1344,train
/kaggle/input/datasets/denizkavi1/brain-tumor/3/1762.png,1762.png,flat,3,pituitary,13855933585651088428,1349,cal
/kaggle/input/datasets/denizkavi1/brain-tumor/3/1763.png,1763.png,flat,3,pituitary,13864975969277914156,1349,cal
/kaggle/input/datasets/denizkavi1/brain-tumor/3/1764.png,1764.png,flat,3,pituitary,14992283295028425060,1350,test
/kaggle/input/datasets/denizkavi1/brain-tumor/3/1765.png,1765.png,flat,3,pituitary,9609027005031473701,1344,train
/kaggle/input/datasets/denizkavi1/brain-tumor/3/1766.png,1766.png,flat,3,pituitary,14991968009004065904,1351,train
/kaggle/input/datasets/denizkavi1/brain-tumor/3/1767.png,1767.png,flat,3,pituitary,15008860557802810416,1526,test
/kaggle/input/datasets/denizkavi1/brain-tumor/3/1768.png,1768.png,flat,3,pituitary,13838200654804644017,1348,train
/kaggle/input/datasets/denizkavi1/brain-tumor/3/1769.png,1769.png,flat,3,pituitary,9609027296820813869,1344,train
/kaggle/input/datasets/denizkavi1/brain-tumor/3/1770.png,1770.png,flat,3,pituitary,13847243024320638004,1352,train
/kaggle/input/datasets/denizkavi1/brain-tumor/3/1771.png,1771.png,flat,3,pituitary,14179951252830358573,1353,train
/kaggle/input/datasets/denizkavi1/brain-tumor/3/1772.png,1772.png,flat,3,pituitary,13839046229795875936,1343,cal
/kaggle/input/datasets/denizkavi1/brain-tumor/3/1773.png,1773.png,flat,3,pituitary,14991122158185950560,1354,train
/kaggle/input/datasets/denizkavi1/brain-tumor/3/1774.png,1774.png,flat,3,pituitary,14992001767422110945,1355,train
/kaggle/input/datasets/denizkavi1/brain-tumor/3/1775.png,1775.png,flat,3,pituitary,14179951252796804393,1353,train
/kaggle/input/datasets/denizkavi1/brain-tumor/3/1776.png,1776.png,flat,3,pituitary,14256512463112971545,1356,train
/kaggle/input/datasets/denizkavi1/brain-tumor/3/1777.png,1777.png,flat,3,pituitary,13864940767725960236,1349,cal
/kaggle/input/datasets/denizkavi1/brain-tumor/3/1778.png,1778.png,flat,3,pituitary,14990841761481714737,1526,test
/kaggle/input/datasets/denizkavi1/brain-tumor/3/1779.png,1779.png,flat,3,pituitary,14182414812000361063,1357,val
/kaggle/input/datasets/denizkavi1/brain-tumor/3/1780.png,1780.png,flat,3,pituitary,9592238570327844449,1346,train
/kaggle/input/datasets/denizkavi1/brain-tumor/3/1781.png,1781.png,flat,3,pituitary,14991087042467282016,1354,train
/kaggle/input/datasets/denizkavi1/brain-tumor/3/1782.png,1782.png,flat,3,pituitary,15009137635000396848,1526,test
/kaggle/input/datasets/denizkavi1/brain-tumor/3/1783.png,1783.png,flat,3,pituitary,13847207861591303216,1358,train
/kaggle/input/datasets/denizkavi1/brain-tumor/3/1784.png,1784.png,flat,3,pituitary,14179947962885286925,1353,train
/kaggle/input/datasets/denizkavi1/brain-tumor/3/1785.png,1785.png,flat,3,pituitary,9337685052988602432,1359,train
/kaggle/input/datasets/denizkavi1/brain-tumor/3/1786.png,1786.png,flat,3,pituitary,9336893438924569360,1360,train
/kaggle/input/datasets/denizkavi1/brain-tumor/3/1787.png,1787.png,flat,3,pituitary,9609040302004265252,1361,cal
/kaggle/input/datasets/denizkavi1/brain-tumor/3/1788.png,1788.png,flat,3,pituitary,10737240248482863704,1362,train
/kaggle/input/datasets/denizkavi1/brain-tumor/3/1789.png,1789.png,flat,3,pituitary,10739430870976850209,1580,train
/kaggle/input/datasets/denizkavi1/brain-tumor/3/1790.png,1790.png,flat,3,pituitary,9330959490841141348,1363,cal
/kaggle/input/datasets/denizkavi1/brain-tumor/3/1791.png,1791.png,flat,3,pituitary,10737240248482994712,1362,train
/kaggle/input/datasets/denizkavi1/brain-tumor/3/1792.png,1792.png,flat,3,pituitary,10378641034693257837,1364,cal
/kaggle/input/datasets/denizkavi1/brain-tumor/3/1793.png,1793.png,flat,3,pituitary,10737240248482929306,1362,train
/kaggle/input/datasets/denizkavi1/brain-tumor/3/1794.png,1794.png,flat,3,pituitary,15315979666930169882,1365,train
/kaggle/input/datasets/denizkavi1/brain-tumor/3/1795.png,1795.png,flat,3,pituitary,9303977476053100641,1580,train
/kaggle/input/datasets/denizkavi1/brain-tumor/3/1796.png,1796.png,flat,3,pituitary,9337685087263013456,1359,train
/kaggle/input/datasets/denizkavi1/brain-tumor/3/1797.png,1797.png,flat,3,pituitary,10737521723459525144,1362,train
/kaggle/input/datasets/denizkavi1/brain-tumor/3/1798.png,1798.png,flat,3,pituitary,10377233659742599913,1366,val
/kaggle/input/datasets/denizkavi1/brain-tumor/3/1799.png,1799.png,flat,3,pituitary,13836842598560381544,1367,train
/kaggle/input/datasets/denizkavi1/brain-tumor/3/1800.png,1800.png,flat,3,pituitary,15315979667003570202,1365,train
/kaggle/input/datasets/denizkavi1/brain-tumor/3/1801.png,1801.png,flat,3,pituitary,15315983790096677082,1365,train
/kaggle/input/datasets/denizkavi1/brain-tumor/3/1802.png,1802.png,flat,3,pituitary,9639707733918104656,1368,cal
/kaggle/input/datasets/denizkavi1/brain-tumor/3/1803.png,1803.png,flat,3,pituitary,9312927509826332768,1369,train
/kaggle/input/datasets/denizkavi1/brain-tumor/3/1804.png,1804.png,flat,3,pituitary,10452395381577820261,1580,train
/kaggle/input/datasets/denizkavi1/brain-tumor/3/1805.png,1805.png,flat,3,pituitary,9299473876963639397,1580,train
/kaggle/input/datasets/denizkavi1/brain-tumor/3/1806.png,1806.png,flat,3,pituitary,10739500965916846432,1580,train
/kaggle/input/datasets/denizkavi1/brain-tumor/3/1807.png,1807.png,flat,3,pituitary,9299755351947683937,1580,train
/kaggle/input/datasets/denizkavi1/brain-tumor/3/1808.png,1808.png,flat,3,pituitary,10739430793936396641,1580,train
/kaggle/input/datasets/denizkavi1/brain-tumor/3/1809.png,1809.png,flat,3,pituitary,9321953623294631968,1370,train
/kaggle/input/datasets/denizkavi1/brain-tumor/3/1810.png,1810.png,flat,3,pituitary,9320809907600515109,1371,cal
/kaggle/input/datasets/denizkavi1/brain-tumor/3/1811.png,1811.png,flat,3,pituitary,9338019304505237532,1359,train
/kaggle/input/datasets/denizkavi1/brain-tumor/3/1812.png,1812.png,flat,3,pituitary,15279041363908044916,1345,train
/kaggle/input/datasets/denizkavi1/brain-tumor/3/1813.png,1813.png,flat,3,pituitary,10737240248485288584,1362,train
/kaggle/input/datasets/denizkavi1/brain-tumor/3/1814.png,1814.png,flat,3,pituitary,9337667460801640513,1359,train
/kaggle/input/datasets/denizkavi1/brain-tumor/3/1815.png,1815.png,flat,3,pituitary,10377233659646065257,1366,val
/kaggle/input/datasets/denizkavi1/brain-tumor/3/1816.png,1816.png,flat,3,pituitary,15297086557331860592,1372,train
/kaggle/input/datasets/denizkavi1/brain-tumor/3/1817.png,1817.png,flat,3,pituitary,10452712040389748773,1580,train
/kaggle/input/datasets/denizkavi1/brain-tumor/3/1818.png,1818.png,flat,3,pituitary,15320482991971137546,1365,train
/kaggle/input/datasets/denizkavi1/brain-tumor/3/1819.png,1819.png,flat,3,pituitary,10739492031049898712,1362,train
/kaggle/input/datasets/denizkavi1/brain-tumor/3/1820.png,1820.png,flat,3,pituitary,10739492297405044888,1362,train
/kaggle/input/datasets/denizkavi1/brain-tumor/3/1821.png,1821.png,flat,3,pituitary,10739500140477833505,1580,train
/kaggle/input/datasets/denizkavi1/brain-tumor/3/1822.png,1822.png,flat,3,pituitary,15279076539690200164,1345,train
/kaggle/input/datasets/denizkavi1/brain-tumor/3/1823.png,1823.png,flat,3,pituitary,9303977476598343777,1580,train
/kaggle/input/datasets/denizkavi1/brain-tumor/3/1824.png,1824.png,flat,3,pituitary,9337737829528516692,1359,train
/kaggle/input/datasets/denizkavi1/brain-tumor/3/1825.png,1825.png,flat,3,pituitary,9302795801147629604,1373,train
/kaggle/input/datasets/denizkavi1/brain-tumor/3/1826.png,1826.png,flat,3,pituitary,10667719283882600625,1374,train
/kaggle/input/datasets/denizkavi1/brain-tumor/3/1827.png,1827.png,flat,3,pituitary,15279400980949133386,1375,train
/kaggle/input/datasets/denizkavi1/brain-tumor/3/1828.png,1828.png,flat,3,pituitary,10791211575981595358,1376,train
/kaggle/input/datasets/denizkavi1/brain-tumor/3/1829.png,1829.png,flat,3,pituitary,10757422928223877344,1377,train
/kaggle/input/datasets/denizkavi1/brain-tumor/3/1830.png,1830.png,flat,3,pituitary,9262030299026299632,1378,train
/kaggle/input/datasets/denizkavi1/brain-tumor/3/1831.png,1831.png,flat,3,pituitary,10791211043479830094,1379,train
/kaggle/input/datasets/denizkavi1/brain-tumor/3/1832.png,1832.png,flat,3,pituitary,10791213066197089998,1380,train
/kaggle/input/datasets/denizkavi1/brain-tumor/3/1833.png,1833.png,flat,3,pituitary,10757422928203950188,1381,cal
/kaggle/input/datasets/denizkavi1/brain-tumor/3/1834.png,1834.png,flat,3,pituitary,15283904438842440282,1382,train
/kaggle/input/datasets/denizkavi1/brain-tumor/3/1835.png,1835.png,flat,3,pituitary,15369107858935056504,1383,val
/kaggle/input/datasets/denizkavi1/brain-tumor/3/1836.png,1836.png,flat,3,pituitary,9226001227212790474,1384,test
/kaggle/input/datasets/denizkavi1/brain-tumor/3/1837.png,1837.png,flat,3,pituitary,10667437821723945013,1385,train
/kaggle/input/datasets/denizkavi1/brain-tumor/3/1838.png,1838.png,flat,3,pituitary,9263719527015140050,1386,cal
/kaggle/input/datasets/denizkavi1/brain-tumor/3/1839.png,1839.png,flat,3,pituitary,10739776869311014960,1567,val
/kaggle/input/datasets/denizkavi1/brain-tumor/3/1972.png,1972.png,flat,3,pituitary,10667653383135443145,1387,train
/kaggle/input/datasets/denizkavi1/brain-tumor/3/1977.png,1977.png,flat,3,pituitary,9261453570742037858,1388,train
/kaggle/input/datasets/denizkavi1/brain-tumor/3/1983.png,1983.png,flat,3,pituitary,13877642347043368298,1389,cal
/kaggle/input/datasets/denizkavi1/brain-tumor/3/1984.png,1984.png,flat,3,pituitary,10383926602313001001,1390,train
/kaggle/input/datasets/denizkavi1/brain-tumor/3/1985.png,1985.png,flat,3,pituitary,9554187271634693482,1388,train
/kaggle/input/datasets/denizkavi1/brain-tumor/3/1992.png,1992.png,flat,3,pituitary,10380549177473525793,1390,train
/kaggle/input/datasets/denizkavi1/brain-tumor/3/1997.png,1997.png,flat,3,pituitary,9519305705190864937,1391,test
/kaggle/input/datasets/denizkavi1/brain-tumor/3/1999.png,1999.png,flat,3,pituitary,9322871663680124038,1392,train
/kaggle/input/datasets/denizkavi1/brain-tumor/3/2000.png,2000.png,flat,3,pituitary,9601426364387369633,1393,train
/kaggle/input/datasets/denizkavi1/brain-tumor/3/2001.png,2001.png,flat,3,pituitary,9261457952681372978,1388,train
/kaggle/input/datasets/denizkavi1/brain-tumor/3/2002.png,2002.png,flat,3,pituitary,10691895624605327782,1394,cal
/kaggle/input/datasets/denizkavi1/brain-tumor/3/2003.png,2003.png,flat,3,pituitary,9594108083943074145,1395,train
/kaggle/input/datasets/denizkavi1/brain-tumor/3/2004.png,2004.png,flat,3,pituitary,13862707530760482995,1396,cal
/kaggle/input/datasets/denizkavi1/brain-tumor/3/2005.png,2005.png,flat,3,pituitary,14161017337191934260,1397,test
/kaggle/input/datasets/denizkavi1/brain-tumor/3/2006.png,2006.png,flat,3,pituitary,9611049359108028465,1398,train
/kaggle/input/datasets/denizkavi1/brain-tumor/3/2007.png,2007.png,flat,3,pituitary,10696118171236393382,1399,train
/kaggle/input/datasets/denizkavi1/brain-tumor/3/2008.png,2008.png,flat,3,pituitary,14150608492517670066,1401,train
/kaggle/input/datasets/denizkavi1/brain-tumor/3/2009.png,2009.png,flat,3,pituitary,14133715591573634288,1400,train
/kaggle/input/datasets/denizkavi1/brain-tumor/3/2010.png,2010.png,flat,3,pituitary,13862708192210609286,1396,cal
/kaggle/input/datasets/denizkavi1/brain-tumor/3/2011.png,2011.png,flat,3,pituitary,13862378043352706214,1401,train
/kaggle/input/datasets/denizkavi1/brain-tumor/3/2012.png,2012.png,flat,3,pituitary,9312628708917979489,1402,train
/kaggle/input/datasets/denizkavi1/brain-tumor/3/2013.png,2013.png,flat,3,pituitary,13884667106846584942,1403,train
/kaggle/input/datasets/denizkavi1/brain-tumor/3/2014.png,2014.png,flat,3,pituitary,13862690050243589267,1396,cal
/kaggle/input/datasets/denizkavi1/brain-tumor/3/2015.png,2015.png,flat,3,pituitary,9575812562377073710,1404,cal
/kaggle/input/datasets/denizkavi1/brain-tumor/3/2016.png,2016.png,flat,3,pituitary,9539044471562793095,1405,cal
/kaggle/input/datasets/denizkavi1/brain-tumor/3/2017.png,2017.png,flat,3,pituitary,9600859085106931873,1393,train
/kaggle/input/datasets/denizkavi1/brain-tumor/3/2018.png,2018.png,flat,3,pituitary,9601422035026797217,1393,train
/kaggle/input/datasets/denizkavi1/brain-tumor/3/2019.png,2019.png,flat,3,pituitary,9595233983883454631,1398,train
/kaggle/input/datasets/denizkavi1/brain-tumor/3/2020.png,2020.png,flat,3,pituitary,9598611691896596513,1406,train
/kaggle/input/datasets/denizkavi1/brain-tumor/3/2021.png,2021.png,flat,3,pituitary,14161087623592487228,1407,train
/kaggle/input/datasets/denizkavi1/brain-tumor/3/2022.png,2022.png,flat,3,pituitary,14150608488222829750,1401,train
/kaggle/input/datasets/denizkavi1/brain-tumor/3/2023.png,2023.png,flat,3,pituitary,15015629035383713939,1396,cal
/kaggle/input/datasets/denizkavi1/brain-tumor/3/2024.png,2024.png,flat,3,pituitary,9600300533195825569,1393,train
/kaggle/input/datasets/denizkavi1/brain-tumor/3/2025.png,2025.png,flat,3,pituitary,9613037280426010657,1398,train
/kaggle/input/datasets/denizkavi1/brain-tumor/3/2026.png,2026.png,flat,3,pituitary,15015911171784729764,1396,cal
/kaggle/input/datasets/denizkavi1/brain-tumor/3/2027.png,2027.png,flat,3,pituitary,13898442063665703078,1408,val
/kaggle/input/datasets/denizkavi1/brain-tumor/3/2028.png,2028.png,flat,3,pituitary,13884627524499304506,1409,val
/kaggle/input/datasets/denizkavi1/brain-tumor/3/2029.png,2029.png,flat,3,pituitary,13862989117406340258,1396,cal
/kaggle/input/datasets/denizkavi1/brain-tumor/3/2030.png,2030.png,flat,3,pituitary,9595022877621561383,1398,train
/kaggle/input/datasets/denizkavi1/brain-tumor/3/2031.png,2031.png,flat,3,pituitary,10693298379187249542,1410,train
/kaggle/input/datasets/denizkavi1/brain-tumor/3/2032.png,2032.png,flat,3,pituitary,9558426328620425577,1411,train
/kaggle/input/datasets/denizkavi1/brain-tumor/3/2033.png,2033.png,flat,3,pituitary,9251307433608230962,1412,cal
/kaggle/input/datasets/denizkavi1/brain-tumor/3/2034.png,2034.png,flat,3,pituitary,13939286484334241955,1413,train
/kaggle/input/datasets/denizkavi1/brain-tumor/3/2035.png,2035.png,flat,3,pituitary,15020080000172047410,1526,test
/kaggle/input/datasets/denizkavi1/brain-tumor/3/2036.png,2036.png,flat,3,pituitary,9329799437375334563,1420,train
/kaggle/input/datasets/denizkavi1/brain-tumor/3/2037.png,2037.png,flat,3,pituitary,9239731842875482275,1420,train
/kaggle/input/datasets/denizkavi1/brain-tumor/3/2038.png,2038.png,flat,3,pituitary,15020084389628622899,1526,test
/kaggle/input/datasets/denizkavi1/brain-tumor/3/2039.png,2039.png,flat,3,pituitary,13881518272314632235,1419,train
/kaggle/input/datasets/denizkavi1/brain-tumor/3/2040.png,2040.png,flat,3,pituitary,13935014976937015358,1414,cal
/kaggle/input/datasets/denizkavi1/brain-tumor/3/2041.png,2041.png,flat,3,pituitary,14134054197417552098,1415,val
/kaggle/input/datasets/denizkavi1/brain-tumor/3/2042.png,2042.png,flat,3,pituitary,14134035548656462241,1416,train
/kaggle/input/datasets/denizkavi1/brain-tumor/3/2043.png,2043.png,flat,3,pituitary,13849144088465799475,1526,test
/kaggle/input/datasets/denizkavi1/brain-tumor/3/2044.png,2044.png,flat,3,pituitary,9558426345783503209,1411,train
/kaggle/input/datasets/denizkavi1/brain-tumor/3/2045.png,2045.png,flat,3,pituitary,9630186194772584463,1417,train
/kaggle/input/datasets/denizkavi1/brain-tumor/3/2046.png,2046.png,flat,3,pituitary,10693298378381877406,1410,train
/kaggle/input/datasets/denizkavi1/brain-tumor/3/2047.png,2047.png,flat,3,pituitary,14134048631139886183,1418,train
/kaggle/input/datasets/denizkavi1/brain-tumor/3/2048.png,2048.png,flat,3,pituitary,13881514011736042635,1419,train
/kaggle/input/datasets/denizkavi1/brain-tumor/3/2049.png,2049.png,flat,3,pituitary,9257183291397990437,1420,train
/kaggle/input/datasets/denizkavi1/brain-tumor/3/2050.png,2050.png,flat,3,pituitary,10710802478685315430,1421,val
/kaggle/input/datasets/denizkavi1/brain-tumor/3/2051.png,2051.png,flat,3,pituitary,10403665988270045242,1412,cal
/kaggle/input/datasets/denizkavi1/brain-tumor/3/2052.png,2052.png,flat,3,pituitary,14161018556157291572,1422,train
/kaggle/input/datasets/denizkavi1/brain-tumor/3/2053.png,2053.png,flat,3,pituitary,14105971806935999545,1423,train
/kaggle/input/datasets/denizkavi1/brain-tumor/3/2054.png,2054.png,flat,3,pituitary,14033849341716226089,1424,train
/kaggle/input/datasets/denizkavi1/brain-tumor/3/2055.png,2055.png,flat,3,pituitary,9257746241383901219,1420,train
/kaggle/input/datasets/denizkavi1/brain-tumor/3/2056.png,2056.png,flat,3,pituitary,14134035479932791219,1416,train
/kaggle/input/datasets/denizkavi1/brain-tumor/3/2057.png,2057.png,flat,3,pituitary,9562632200361502735,1417,train
/kaggle/input/datasets/denizkavi1/brain-tumor/3/2058.png,2058.png,flat,3,pituitary,15020084389645400102,1526,test
/kaggle/input/datasets/denizkavi1/brain-tumor/3/2059.png,2059.png,flat,3,pituitary,13881518272344123403,1419,train
/kaggle/input/datasets/denizkavi1/brain-tumor/3/2060.png,2060.png,flat,3,pituitary,9346459419061922827,1425,train
/kaggle/input/datasets/denizkavi1/brain-tumor/3/2061.png,2061.png,flat,3,pituitary,10691896364681879578,1426,val
/kaggle/input/datasets/denizkavi1/brain-tumor/3/2062.png,2062.png,flat,3,pituitary,15020084389628639267,1526,test
/kaggle/input/datasets/denizkavi1/brain-tumor/3/2063.png,2063.png,flat,3,pituitary,13890015615995633724,1427,train
/kaggle/input/datasets/denizkavi1/brain-tumor/3/2064.png,2064.png,flat,3,pituitary,14206075508377270371,1428,train
/kaggle/input/datasets/denizkavi1/brain-tumor/3/2065.png,2065.png,flat,3,pituitary,9310697760350364054,1429,val
/kaggle/input/datasets/denizkavi1/brain-tumor/3/2066.png,2066.png,flat,3,pituitary,13849729356363997283,1430,train
/kaggle/input/datasets/denizkavi1/brain-tumor/3/2067.png,2067.png,flat,3,pituitary,15004321035000491238,1431,test
/kaggle/input/datasets/denizkavi1/brain-tumor/3/2068.png,2068.png,flat,3,pituitary,10823905697432428958,1432,train
/kaggle/input/datasets/denizkavi1/brain-tumor/3/2069.png,2069.png,flat,3,pituitary,9594385160621865059,1428,train
/kaggle/input/datasets/denizkavi1/brain-tumor/3/2070.png,2070.png,flat,3,pituitary,9328673508443825635,1433,train
/kaggle/input/datasets/denizkavi1/brain-tumor/3/2071.png,2071.png,flat,3,pituitary,9305631227949166927,1434,test
/kaggle/input/datasets/denizkavi1/brain-tumor/3/2072.png,2072.png,flat,3,pituitary,9743107649499244422,1435,train
/kaggle/input/datasets/denizkavi1/brain-tumor/3/2073.png,2073.png,flat,3,pituitary,9323364550917300630,1436,val
/kaggle/input/datasets/denizkavi1/brain-tumor/3/2074.png,2074.png,flat,3,pituitary,13927961471435423264,1437,train
/kaggle/input/datasets/denizkavi1/brain-tumor/3/2075.png,2075.png,flat,3,pituitary,13921820833119232455,1438,train
/kaggle/input/datasets/denizkavi1/brain-tumor/3/2076.png,2076.png,flat,3,pituitary,15159726700249767990,1439,train
/kaggle/input/datasets/denizkavi1/brain-tumor/3/2077.png,2077.png,flat,3,pituitary,9666531681141728054,1440,train
/kaggle/input/datasets/denizkavi1/brain-tumor/3/2078.png,2078.png,flat,3,pituitary,13850309532405740595,1441,train
/kaggle/input/datasets/denizkavi1/brain-tumor/3/2079.png,2079.png,flat,3,pituitary,9629925903314794793,1442,test
/kaggle/input/datasets/denizkavi1/brain-tumor/3/2080.png,2080.png,flat,3,pituitary,14106188488303731756,1443,train
/kaggle/input/datasets/denizkavi1/brain-tumor/3/2081.png,2081.png,flat,3,pituitary,14390758281749472806,1444,train
/kaggle/input/datasets/denizkavi1/brain-tumor/3/2082.png,2082.png,flat,3,pituitary,13849763350766953574,1445,train
/kaggle/input/datasets/denizkavi1/brain-tumor/3/2083.png,2083.png,flat,3,pituitary,10463056426688652742,1446,cal
/kaggle/input/datasets/denizkavi1/brain-tumor/3/2084.png,2084.png,flat,3,pituitary,13864911076920402721,1466,train
/kaggle/input/datasets/denizkavi1/brain-tumor/3/2085.png,2085.png,flat,3,pituitary,14006809662421491750,727,test
/kaggle/input/datasets/denizkavi1/brain-tumor/3/2086.png,2086.png,flat,3,pituitary,13851998712985039027,1447,train
/kaggle/input/datasets/denizkavi1/brain-tumor/3/2087.png,2087.png,flat,3,pituitary,15051926727683104828,1448,train
/kaggle/input/datasets/denizkavi1/brain-tumor/3/2088.png,2088.png,flat,3,pituitary,13850309592535282867,1441,train
/kaggle/input/datasets/denizkavi1/brain-tumor/3/2089.png,2089.png,flat,3,pituitary,13844429726186224690,1449,test
/kaggle/input/datasets/denizkavi1/brain-tumor/3/2090.png,2090.png,flat,3,pituitary,9238883363494848802,1450,train
/kaggle/input/datasets/denizkavi1/brain-tumor/3/2091.png,2091.png,flat,3,pituitary,13849429189437974822,1451,train
/kaggle/input/datasets/denizkavi1/brain-tumor/3/2092.png,2092.png,flat,3,pituitary,13849763346473103469,1452,train
/kaggle/input/datasets/denizkavi1/brain-tumor/3/2093.png,2093.png,flat,3,pituitary,13846681508820040882,1449,test
/kaggle/input/datasets/denizkavi1/brain-tumor/3/2094.png,2094.png,flat,3,pituitary,9323083075937460630,1436,val
/kaggle/input/datasets/denizkavi1/brain-tumor/3/2095.png,2095.png,flat,3,pituitary,10463052028625498519,1453,test
/kaggle/input/datasets/denizkavi1/brain-tumor/3/2096.png,2096.png,flat,3,pituitary,14006809662421491750,727,test
/kaggle/input/datasets/denizkavi1/brain-tumor/3/2097.png,2097.png,flat,3,pituitary,14011309276302438451,1454,train
/kaggle/input/datasets/denizkavi1/brain-tumor/3/2098.png,2098.png,flat,3,pituitary,13919230601801514162,1455,train
/kaggle/input/datasets/denizkavi1/brain-tumor/3/2099.png,2099.png,flat,3,pituitary,13850573712289703075,1456,train
/kaggle/input/datasets/denizkavi1/brain-tumor/3/2100.png,2100.png,flat,3,pituitary,13864911076920404513,1466,train
/kaggle/input/datasets/denizkavi1/brain-tumor/3/2101.png,2101.png,flat,3,pituitary,14350190700748171329,1457,train
/kaggle/input/datasets/denizkavi1/brain-tumor/3/2102.png,2102.png,flat,3,pituitary,13862127121775080755,1458,train
/kaggle/input/datasets/denizkavi1/brain-tumor/3/2103.png,2103.png,flat,3,pituitary,13878136208649452060,1459,test
/kaggle/input/datasets/denizkavi1/brain-tumor/3/2104.png,2104.png,flat,3,pituitary,9267663492634798137,1460,cal
/kaggle/input/datasets/denizkavi1/brain-tumor/3/2105.png,2105.png,flat,3,pituitary,9609096286882587173,1461,cal
/kaggle/input/datasets/denizkavi1/brain-tumor/3/2106.png,2106.png,flat,3,pituitary,13878158130431080472,1462,train
/kaggle/input/datasets/denizkavi1/brain-tumor/3/2107.png,2107.png,flat,3,pituitary,9520427610478750092,1463,train
/kaggle/input/datasets/denizkavi1/brain-tumor/3/2108.png,2108.png,flat,3,pituitary,9609096286882587173,1461,cal
/kaggle/input/datasets/denizkavi1/brain-tumor/3/2109.png,2109.png,flat,3,pituitary,13877859063000152361,1464,val
/kaggle/input/datasets/denizkavi1/brain-tumor/3/2110.png,2110.png,flat,3,pituitary,9320867091847077921,1461,cal
/kaggle/input/datasets/denizkavi1/brain-tumor/3/2111.png,2111.png,flat,3,pituitary,10385053464317151273,1465,train
/kaggle/input/datasets/denizkavi1/brain-tumor/3/2112.png,2112.png,flat,3,pituitary,9609096355601998373,1461,cal
/kaggle/input/datasets/denizkavi1/brain-tumor/3/2113.png,2113.png,flat,3,pituitary,9609096630479904805,1461,cal
/kaggle/input/datasets/denizkavi1/brain-tumor/3/2114.png,2114.png,flat,3,pituitary,13927957073656297905,1466,train
/kaggle/input/datasets/denizkavi1/brain-tumor/3/2115.png,2115.png,flat,3,pituitary,13860401833453497708,1467,train
/kaggle/input/datasets/denizkavi1/brain-tumor/3/2116.png,2116.png,flat,3,pituitary,13864906678872849185,1466,train
/kaggle/input/datasets/denizkavi1/brain-tumor/3/2117.png,2117.png,flat,3,pituitary,9232201631299807640,1463,train
/kaggle/input/datasets/denizkavi1/brain-tumor/3/2118.png,2118.png,flat,3,pituitary,9609096286882587173,1461,cal
/kaggle/input/datasets/denizkavi1/brain-tumor/3/2119.png,2119.png,flat,3,pituitary,13860401833445113324,1467,train
/kaggle/input/datasets/denizkavi1/brain-tumor/3/2120.png,2120.png,flat,3,pituitary,13855899462405026360,1468,train
/kaggle/input/datasets/denizkavi1/brain-tumor/3/2121.png,2121.png,flat,3,pituitary,10403995995374363955,1469,train
/kaggle/input/datasets/denizkavi1/brain-tumor/3/2122.png,2122.png,flat,3,pituitary,15080878578229654264,1470,train
/kaggle/input/datasets/denizkavi1/brain-tumor/3/2123.png,2123.png,flat,3,pituitary,14144128747383499636,1471,train
/kaggle/input/datasets/denizkavi1/brain-tumor/3/2124.png,2124.png,flat,3,pituitary,10403995926646500659,1469,train
/kaggle/input/datasets/denizkavi1/brain-tumor/3/2125.png,2125.png,flat,3,pituitary,10416081414810921016,1460,cal
/kaggle/input/datasets/denizkavi1/brain-tumor/3/2126.png,2126.png,flat,3,pituitary,15080878595141088952,1470,train
/kaggle/input/datasets/denizkavi1/brain-tumor/3/2127.png,2127.png,flat,3,pituitary,13855899462421803696,1468,train
/kaggle/input/datasets/denizkavi1/brain-tumor/3/2128.png,2128.png,flat,3,pituitary,10385118601492981785,1472,train
/kaggle/input/datasets/denizkavi1/brain-tumor/3/2129.png,2129.png,flat,3,pituitary,9609096373050302625,1461,cal
/kaggle/input/datasets/denizkavi1/brain-tumor/3/2130.png,2130.png,flat,3,pituitary,15015611645054432611,1473,val
/kaggle/input/datasets/denizkavi1/brain-tumor/3/2131.png,2131.png,flat,3,pituitary,13891365339283664284,1474,train
/kaggle/input/datasets/denizkavi1/brain-tumor/3/2132.png,2132.png,flat,3,pituitary,13891365209897774556,1474,train
/kaggle/input/datasets/denizkavi1/brain-tumor/3/2133.png,2133.png,flat,3,pituitary,15028247915519550361,1475,train
/kaggle/input/datasets/denizkavi1/brain-tumor/3/2134.png,2134.png,flat,3,pituitary,13891999061144051532,1476,train
/kaggle/input/datasets/denizkavi1/brain-tumor/3/2135.png,2135.png,flat,3,pituitary,15027399105445513789,1477,val
/kaggle/input/datasets/denizkavi1/brain-tumor/3/2136.png,2136.png,flat,3,pituitary,15025427630643882955,1478,cal
/kaggle/input/datasets/denizkavi1/brain-tumor/3/2137.png,2137.png,flat,3,pituitary,15025990613899021259,1478,cal
/kaggle/input/datasets/denizkavi1/brain-tumor/3/2138.png,2138.png,flat,3,pituitary,13891647227122486620,1479,train
/kaggle/input/datasets/denizkavi1/brain-tumor/3/2139.png,2139.png,flat,3,pituitary,13874499505514821676,1480,train
/kaggle/input/datasets/denizkavi1/brain-tumor/3/2140.png,2140.png,flat,3,pituitary,13895939727997865816,1476,train
/kaggle/input/datasets/denizkavi1/brain-tumor/3/2141.png,2141.png,flat,3,pituitary,15028243530107200332,1481,train
/kaggle/input/datasets/denizkavi1/brain-tumor/3/2142.png,2142.png,flat,3,pituitary,13874758990250588205,1480,train
/kaggle/input/datasets/denizkavi1/brain-tumor/3/2143.png,2143.png,flat,3,pituitary,15028243444525837084,1482,train
/kaggle/input/datasets/denizkavi1/brain-tumor/3/2144.png,2144.png,flat,3,pituitary,9244515822333865442,1483,train
/kaggle/input/datasets/denizkavi1/brain-tumor/3/2145.png,2145.png,flat,3,pituitary,9640339962068478312,1484,train
/kaggle/input/datasets/denizkavi1/brain-tumor/3/2146.png,2146.png,flat,3,pituitary,9244235520331495904,1485,train
/kaggle/input/datasets/denizkavi1/brain-tumor/3/2147.png,2147.png,flat,3,pituitary,9316570123431591136,1486,test
/kaggle/input/datasets/denizkavi1/brain-tumor/3/2148.png,2148.png,flat,3,pituitary,9248737887122373026,1487,test
/kaggle/input/datasets/denizkavi1/brain-tumor/3/2149.png,2149.png,flat,3,pituitary,15028243513749428748,1488,val
/kaggle/input/datasets/denizkavi1/brain-tumor/3/2150.png,2150.png,flat,3,pituitary,9536999092465460977,1489,train
/kaggle/input/datasets/denizkavi1/brain-tumor/3/2151.png,2151.png,flat,3,pituitary,14148966615927235824,1490,train
/kaggle/input/datasets/denizkavi1/brain-tumor/3/2152.png,2152.png,flat,3,pituitary,9248768720613958384,1491,train
/kaggle/input/datasets/denizkavi1/brain-tumor/3/2153.png,2153.png,flat,3,pituitary,13873070208824583977,1492,train
/kaggle/input/datasets/denizkavi1/brain-tumor/3/2154.png,2154.png,flat,3,pituitary,9536999123340780721,1493,train
/kaggle/input/datasets/denizkavi1/brain-tumor/3/2155.png,2155.png,flat,3,pituitary,9604519041186741472,1494,train
/kaggle/input/datasets/denizkavi1/brain-tumor/3/2156.png,2156.png,flat,3,pituitary,9339444023739041864,1495,train
/kaggle/input/datasets/denizkavi1/brain-tumor/3/2157.png,2157.png,flat,3,pituitary,9244516927440168033,1486,test
/kaggle/input/datasets/denizkavi1/brain-tumor/3/2158.png,2158.png,flat,3,pituitary,15028259945811417932,1496,train
/kaggle/input/datasets/denizkavi1/brain-tumor/3/2159.png,2159.png,flat,3,pituitary,9626829962033907801,1497,train
/kaggle/input/datasets/denizkavi1/brain-tumor/3/2160.png,2160.png,flat,3,pituitary,13879830007385957128,1498,val
/kaggle/input/datasets/denizkavi1/brain-tumor/3/2161.png,2161.png,flat,3,pituitary,13873105324477195836,1492,train
/kaggle/input/datasets/denizkavi1/brain-tumor/3/2162.png,2162.png,flat,3,pituitary,13891647218524179788,1479,train
/kaggle/input/datasets/denizkavi1/brain-tumor/3/2163.png,2163.png,flat,3,pituitary,9532464793234717152,1499,train
/kaggle/input/datasets/denizkavi1/brain-tumor/3/2164.png,2164.png,flat,3,pituitary,15025990583834250187,1478,cal
/kaggle/input/datasets/denizkavi1/brain-tumor/3/2165.png,2165.png,flat,3,pituitary,9626829712942303592,1484,train
/kaggle/input/datasets/denizkavi1/brain-tumor/3/2166.png,2166.png,flat,3,pituitary,9626829687171722329,1497,train
/kaggle/input/datasets/denizkavi1/brain-tumor/3/2167.png,2167.png,flat,3,pituitary,15028243530929293833,1488,val
/kaggle/input/datasets/denizkavi1/brain-tumor/3/2168.png,2168.png,flat,3,pituitary,14148966615667188977,1490,train
/kaggle/input/datasets/denizkavi1/brain-tumor/3/2169.png,2169.png,flat,3,pituitary,13875322008638268236,1492,train
/kaggle/input/datasets/denizkavi1/brain-tumor/3/2170.png,2170.png,flat,3,pituitary,13856215053329773040,1500,train
/kaggle/input/datasets/denizkavi1/brain-tumor/3/2171.png,2171.png,flat,3,pituitary,14992213144539000100,1501,train
/kaggle/input/datasets/denizkavi1/brain-tumor/3/2172.png,2172.png,flat,3,pituitary,15025499098962332515,1502,train
/kaggle/input/datasets/denizkavi1/brain-tumor/3/2173.png,2173.png,flat,3,pituitary,9572997262105284121,1503,train
/kaggle/input/datasets/denizkavi1/brain-tumor/3/2174.png,2174.png,flat,3,pituitary,15027749799197281103,1502,train
/kaggle/input/datasets/denizkavi1/brain-tumor/3/2175.png,2175.png,flat,3,pituitary,9352316280236485432,1504,test
/kaggle/input/datasets/denizkavi1/brain-tumor/3/2176.png,2176.png,flat,3,pituitary,9354569618648412057,1505,train
/kaggle/input/datasets/denizkavi1/brain-tumor/3/2177.png,2177.png,flat,3,pituitary,10910386130056736934,1512,train
/kaggle/input/datasets/denizkavi1/brain-tumor/3/2178.png,2178.png,flat,3,pituitary,9626267029296650892,1506,train
/kaggle/input/datasets/denizkavi1/brain-tumor/3/2179.png,2179.png,flat,3,pituitary,9625967961611055816,1506,train
/kaggle/input/datasets/denizkavi1/brain-tumor/3/2180.png,2180.png,flat,3,pituitary,9625700745119425480,1507,train
/kaggle/input/datasets/denizkavi1/brain-tumor/3/2181.png,2181.png,flat,3,pituitary,9608462895174940777,1508,train
/kaggle/input/datasets/denizkavi1/brain-tumor/3/2182.png,2182.png,flat,3,pituitary,9354552034261675929,1505,train
/kaggle/input/datasets/denizkavi1/brain-tumor/3/2183.png,2183.png,flat,3,pituitary,15025499098895233995,1478,cal
/kaggle/input/datasets/denizkavi1/brain-tumor/3/2184.png,2184.png,flat,3,pituitary,9591081815370922281,1509,val
/kaggle/input/datasets/denizkavi1/brain-tumor/3/2185.png,2185.png,flat,3,pituitary,9352320879818317369,1510,train
/kaggle/input/datasets/denizkavi1/brain-tumor/3/2186.png,2186.png,flat,3,pituitary,13966238052688554905,1505,train
/kaggle/input/datasets/denizkavi1/brain-tumor/3/2187.png,2187.png,flat,3,pituitary,9354638887878864795,1505,train
/kaggle/input/datasets/denizkavi1/brain-tumor/3/2188.png,2188.png,flat,3,pituitary,9627111711895812193,1511,test
/kaggle/input/datasets/denizkavi1/brain-tumor/3/2189.png,2189.png,flat,3,pituitary,10910386164429054004,1512,train
/kaggle/input/datasets/denizkavi1/brain-tumor/3/2190.png,2190.png,flat,3,pituitary,9748386817197565489,1513,train
/kaggle/input/datasets/denizkavi1/brain-tumor/3/2191.png,2191.png,flat,3,pituitary,9626267028776825480,1506,train
/kaggle/input/datasets/denizkavi1/brain-tumor/3/2192.png,2192.png,flat,3,pituitary,9639988856830728809,1514,train
/kaggle/input/datasets/denizkavi1/brain-tumor/3/2193.png,2193.png,flat,3,pituitary,9689910665396379684,1515,train
/kaggle/input/datasets/denizkavi1/brain-tumor/3/2194.png,2194.png,flat,3,pituitary,9352320884096831001,1510,train
/kaggle/input/datasets/denizkavi1/brain-tumor/3/2195.png,2195.png,flat,3,pituitary,15369109294488580388,1516,train
/kaggle/input/datasets/denizkavi1/brain-tumor/3/2196.png,2196.png,flat,3,pituitary,9354638887080902331,1517,cal
/kaggle/input/datasets/denizkavi1/brain-tumor/3/2197.png,2197.png,flat,3,pituitary,9609027017923174437,1518,train
/kaggle/input/datasets/denizkavi1/brain-tumor/3/2198.png,2198.png,flat,3,pituitary,15009999944140468516,1519,val
/kaggle/input/datasets/denizkavi1/brain-tumor/3/2199.png,2199.png,flat,3,pituitary,9626267012117830278,1506,train
/kaggle/input/datasets/denizkavi1/brain-tumor/3/2200.png,2200.png,flat,3,pituitary,14992214243786372388,1501,train
/kaggle/input/datasets/denizkavi1/brain-tumor/3/2201.png,2201.png,flat,3,pituitary,9609026188993374569,1520,train
/kaggle/input/datasets/denizkavi1/brain-tumor/3/2202.png,2202.png,flat,3,pituitary,9338805478066163609,1521,train
/kaggle/input/datasets/denizkavi1/brain-tumor/3/2203.png,2203.png,flat,3,pituitary,9608463170052323681,1508,train
/kaggle/input/datasets/denizkavi1/brain-tumor/3/2204.png,2204.png,flat,3,pituitary,9625683188102619848,1507,train
/kaggle/input/datasets/denizkavi1/brain-tumor/3/2205.png,2205.png,flat,3,pituitary,15009982351938957604,1519,val
/kaggle/input/datasets/denizkavi1/brain-tumor/3/2206.png,2206.png,flat,3,pituitary,13891945731391819672,1522,train
/kaggle/input/datasets/denizkavi1/brain-tumor/3/2207.png,2207.png,flat,3,pituitary,10910386130069840038,1512,train
/kaggle/input/datasets/denizkavi1/brain-tumor/3/2208.png,2208.png,flat,3,pituitary,9626829696017119387,1523,train
/kaggle/input/datasets/denizkavi1/brain-tumor/3/2209.png,2209.png,flat,3,pituitary,13877010549291234147,1524,train
/kaggle/input/datasets/denizkavi1/brain-tumor/3/2210.png,2210.png,flat,3,pituitary,9554772105738459672,1523,train
/kaggle/input/datasets/denizkavi1/brain-tumor/3/2211.png,2211.png,flat,3,pituitary,15025991404235665379,1525,val
/kaggle/input/datasets/denizkavi1/brain-tumor/3/2212.png,2212.png,flat,3,pituitary,14991123257915420980,1526,test
/kaggle/input/datasets/denizkavi1/brain-tumor/3/2213.png,2213.png,flat,3,pituitary,9627955594850347673,1523,train
/kaggle/input/datasets/denizkavi1/brain-tumor/3/2214.png,2214.png,flat,3,pituitary,9626829970892032600,1527,train
/kaggle/input/datasets/denizkavi1/brain-tumor/3/2215.png,2215.png,flat,3,pituitary,9623452271174494873,1523,train
/kaggle/input/datasets/denizkavi1/brain-tumor/3/2216.png,2216.png,flat,3,pituitary,13877010549232514890,1528,train
/kaggle/input/datasets/denizkavi1/brain-tumor/3/2217.png,2217.png,flat,3,pituitary,9626829699776383641,1523,train
/kaggle/input/datasets/denizkavi1/brain-tumor/3/2218.png,2218.png,flat,3,pituitary,14991123258922055972,1526,test
/kaggle/input/datasets/denizkavi1/brain-tumor/3/2219.png,2219.png,flat,3,pituitary,13877010755729632099,1529,train
/kaggle/input/datasets/denizkavi1/brain-tumor/3/2220.png,2220.png,flat,3,pituitary,14990841783953734756,1526,test
/kaggle/input/datasets/denizkavi1/brain-tumor/3/2221.png,2221.png,flat,3,pituitary,15009137656156466228,1526,test
/kaggle/input/datasets/denizkavi1/brain-tumor/3/2222.png,2222.png,flat,3,pituitary,15009142020112397516,1530,train
/kaggle/input/datasets/denizkavi1/brain-tumor/3/2223.png,2223.png,flat,3,pituitary,15028242066885720333,1531,test
/kaggle/input/datasets/denizkavi1/brain-tumor/3/2224.png,2224.png,flat,3,pituitary,9609039407841833264,1532,train
/kaggle/input/datasets/denizkavi1/brain-tumor/3/2225.png,2225.png,flat,3,pituitary,9770874240483553433,1533,train
/kaggle/input/datasets/denizkavi1/brain-tumor/3/2226.png,2226.png,flat,3,pituitary,10924640722985105448,1534,cal
/kaggle/input/datasets/denizkavi1/brain-tumor/3/2227.png,2227.png,flat,3,pituitary,15027680228321996108,1535,train
/kaggle/input/datasets/denizkavi1/brain-tumor/3/2228.png,2228.png,flat,3,pituitary,13874758161573768525,1536,train
/kaggle/input/datasets/denizkavi1/brain-tumor/3/2229.png,2229.png,flat,3,pituitary,9609043797298393394,1532,train
/kaggle/input/datasets/denizkavi1/brain-tumor/3/2230.png,2230.png,flat,3,pituitary,9609043797298393394,1532,train
/kaggle/input/datasets/denizkavi1/brain-tumor/3/2231.png,2231.png,flat,3,pituitary,9770874240468871209,1537,train
/kaggle/input/datasets/denizkavi1/brain-tumor/3/2232.png,2232.png,flat,3,pituitary,9317432136252551345,1538,train
/kaggle/input/datasets/denizkavi1/brain-tumor/3/2233.png,2233.png,flat,3,pituitary,9537268486496352420,1539,test
/kaggle/input/datasets/denizkavi1/brain-tumor/3/2234.png,2234.png,flat,3,pituitary,15008821005415363812,1540,train
/kaggle/input/datasets/denizkavi1/brain-tumor/3/2235.png,2235.png,flat,3,pituitary,9224875172856224296,1541,train
/kaggle/input/datasets/denizkavi1/brain-tumor/3/2236.png,2236.png,flat,3,pituitary,9317454121116455089,1538,train
/kaggle/input/datasets/denizkavi1/brain-tumor/3/2237.png,2237.png,flat,3,pituitary,9224875182469564984,1541,train
/kaggle/input/datasets/denizkavi1/brain-tumor/3/2238.png,2238.png,flat,3,pituitary,15008860570637186276,1540,train
/kaggle/input/datasets/denizkavi1/brain-tumor/3/2239.png,2239.png,flat,3,pituitary,9537267387061270688,1539,test
/kaggle/input/datasets/denizkavi1/brain-tumor/3/2240.png,2240.png,flat,3,pituitary,15008856189787321508,1540,train
/kaggle/input/datasets/denizkavi1/brain-tumor/3/2241.png,2241.png,flat,3,pituitary,9244533411525585072,1542,train
/kaggle/input/datasets/denizkavi1/brain-tumor/3/2242.png,2242.png,flat,3,pituitary,10416358719051672184,1543,train
/kaggle/input/datasets/denizkavi1/brain-tumor/3/2243.png,2243.png,flat,3,pituitary,10414106920451711544,1544,val
/kaggle/input/datasets/denizkavi1/brain-tumor/3/2244.png,2244.png,flat,3,pituitary,10412981053697174042,1545,test
/kaggle/input/datasets/denizkavi1/brain-tumor/3/2245.png,2245.png,flat,3,pituitary,9225156647817327130,1546,train
/kaggle/input/datasets/denizkavi1/brain-tumor/3/2246.png,2246.png,flat,3,pituitary,9261185410476683802,1546,train
/kaggle/input/datasets/denizkavi1/brain-tumor/3/2247.png,2247.png,flat,3,pituitary,9260341019905761850,1546,train
/kaggle/input/datasets/denizkavi1/brain-tumor/3/2248.png,2248.png,flat,3,pituitary,9224875173927864876,1541,train
/kaggle/input/datasets/denizkavi1/brain-tumor/3/2249.png,2249.png,flat,3,pituitary,10739782706375254052,1580,train
/kaggle/input/datasets/denizkavi1/brain-tumor/3/2250.png,2250.png,flat,3,pituitary,9261758032593099482,1550,val
/kaggle/input/datasets/denizkavi1/brain-tumor/3/2251.png,2251.png,flat,3,pituitary,9261749373972584666,1550,val
/kaggle/input/datasets/denizkavi1/brain-tumor/3/2252.png,2252.png,flat,3,pituitary,9262039507636918298,1550,val
/kaggle/input/datasets/denizkavi1/brain-tumor/3/2253.png,2253.png,flat,3,pituitary,9550270021156421722,1547,train
/kaggle/input/datasets/denizkavi1/brain-tumor/3/2254.png,2254.png,flat,3,pituitary,9550261225063403610,1547,train
/kaggle/input/datasets/denizkavi1/brain-tumor/3/2255.png,2255.png,flat,3,pituitary,9550269883721472722,1550,val
/kaggle/input/datasets/denizkavi1/brain-tumor/3/2256.png,2256.png,flat,3,pituitary,9224312222885755442,1546,train
/kaggle/input/datasets/denizkavi1/brain-tumor/3/2257.png,2257.png,flat,3,pituitary,10739535248345358433,1580,train
/kaggle/input/datasets/denizkavi1/brain-tumor/3/2258.png,2258.png,flat,3,pituitary,10739536141698031660,1580,train
/kaggle/input/datasets/denizkavi1/brain-tumor/3/2259.png,2259.png,flat,3,pituitary,10739536415503245408,1580,train
/kaggle/input/datasets/denizkavi1/brain-tumor/3/2260.png,2260.png,flat,3,pituitary,10739782706106818597,1580,train
/kaggle/input/datasets/denizkavi1/brain-tumor/3/2261.png,2261.png,flat,3,pituitary,10739781606596239404,1580,train
/kaggle/input/datasets/denizkavi1/brain-tumor/3/2262.png,2262.png,flat,3,pituitary,9264853437833034250,1548,train
/kaggle/input/datasets/denizkavi1/brain-tumor/3/2263.png,2263.png,flat,3,pituitary,9266823762672101960,1548,train
/kaggle/input/datasets/denizkavi1/brain-tumor/3/2264.png,2264.png,flat,3,pituitary,9267105232617220618,1549,train
/kaggle/input/datasets/denizkavi1/brain-tumor/3/2265.png,2265.png,flat,3,pituitary,10739501230594811940,1580,train
/kaggle/input/datasets/denizkavi1/brain-tumor/3/2266.png,2266.png,flat,3,pituitary,9260060386740480714,1550,val
/kaggle/input/datasets/denizkavi1/brain-tumor/3/2267.png,2267.png,flat,3,pituitary,9266824586232097288,1548,train
/kaggle/input/datasets/denizkavi1/brain-tumor/3/2268.png,2268.png,flat,3,pituitary,9262601327942719578,1551,train
/kaggle/input/datasets/denizkavi1/brain-tumor/3/2269.png,2269.png,flat,3,pituitary,9262583735757199450,1551,train
/kaggle/input/datasets/denizkavi1/brain-tumor/3/2270.png,2270.png,flat,3,pituitary,9262312190849063562,1550,val
/kaggle/input/datasets/denizkavi1/brain-tumor/3/2271.png,2271.png,flat,3,pituitary,9262601327976781912,1551,train
/kaggle/input/datasets/denizkavi1/brain-tumor/3/2272.png,2272.png,flat,3,pituitary,9263437815609629322,1550,val
/kaggle/input/datasets/denizkavi1/brain-tumor/3/2273.png,2273.png,flat,3,pituitary,9266823761866549768,1548,train
/kaggle/input/datasets/denizkavi1/brain-tumor/3/2274.png,2274.png,flat,3,pituitary,9261749240627272394,1550,val
/kaggle/input/datasets/denizkavi1/brain-tumor/3/2275.png,2275.png,flat,3,pituitary,9301725507996439160,1552,train
/kaggle/input/datasets/denizkavi1/brain-tumor/3/2276.png,2276.png,flat,3,pituitary,9301936614229422698,1553,train
/kaggle/input/datasets/denizkavi1/brain-tumor/3/2277.png,2277.png,flat,3,pituitary,9297257128036735210,1554,val
/kaggle/input/datasets/denizkavi1/brain-tumor/3/2278.png,2278.png,flat,3,pituitary,9262600778220990536,1551,train
/kaggle/input/datasets/denizkavi1/brain-tumor/3/2279.png,2279.png,flat,3,pituitary,9262600778186905690,1551,train
/kaggle/input/datasets/denizkavi1/brain-tumor/3/2280.png,2280.png,flat,3,pituitary,9301092464177533496,1552,train
/kaggle/input/datasets/denizkavi1/brain-tumor/3/2281.png,2281.png,flat,3,pituitary,10739500965111097376,1580,train
/kaggle/input/datasets/denizkavi1/brain-tumor/3/2282.png,2282.png,flat,3,pituitary,9229598644726093880,1555,train
/kaggle/input/datasets/denizkavi1/brain-tumor/3/2283.png,2283.png,flat,3,pituitary,10667434567263610976,1580,train
/kaggle/input/datasets/denizkavi1/brain-tumor/3/2284.png,2284.png,flat,3,pituitary,10667724837728315429,1556,train
/kaggle/input/datasets/denizkavi1/brain-tumor/3/2285.png,2285.png,flat,3,pituitary,9262030440973533942,1558,train
/kaggle/input/datasets/denizkavi1/brain-tumor/3/2286.png,2286.png,flat,3,pituitary,9263719286501038800,1386,cal
/kaggle/input/datasets/denizkavi1/brain-tumor/3/2287.png,2287.png,flat,3,pituitary,9303897087461824696,1557,train
/kaggle/input/datasets/denizkavi1/brain-tumor/3/2288.png,2288.png,flat,3,pituitary,10739772545288448228,1580,train
/kaggle/input/datasets/denizkavi1/brain-tumor/3/2289.png,2289.png,flat,3,pituitary,9260280190294389956,1162,train
/kaggle/input/datasets/denizkavi1/brain-tumor/3/2290.png,2290.png,flat,3,pituitary,9261749103335120084,1558,train
/kaggle/input/datasets/denizkavi1/brain-tumor/3/2291.png,2291.png,flat,3,pituitary,9262320712007293650,1386,cal
/kaggle/input/datasets/denizkavi1/brain-tumor/3/2292.png,2292.png,flat,3,pituitary,9260350662033808082,1386,cal
/kaggle/input/datasets/denizkavi1/brain-tumor/3/2293.png,2293.png,flat,3,pituitary,9333182192044828500,1162,train
/kaggle/input/datasets/denizkavi1/brain-tumor/3/2294.png,2294.png,flat,3,pituitary,9225084222731193054,1559,train
/kaggle/input/datasets/denizkavi1/brain-tumor/3/2295.png,2295.png,flat,3,pituitary,9261749103469332694,1558,train
/kaggle/input/datasets/denizkavi1/brain-tumor/3/2296.png,2296.png,flat,3,pituitary,9262311641026271944,1550,val
/kaggle/input/datasets/denizkavi1/brain-tumor/3/2297.png,2297.png,flat,3,pituitary,9268222302012974106,1560,test
/kaggle/input/datasets/denizkavi1/brain-tumor/3/2298.png,2298.png,flat,3,pituitary,10739492168750884897,1580,train
/kaggle/input/datasets/denizkavi1/brain-tumor/3/2299.png,2299.png,flat,3,pituitary,9261748966042966166,1558,train
/kaggle/input/datasets/denizkavi1/brain-tumor/3/2693.png,2693.png,flat,3,pituitary,9238377690704670050,1561,train
/kaggle/input/datasets/denizkavi1/brain-tumor/3/2698.png,2698.png,flat,3,pituitary,13850062609687539042,1561,train
/kaggle/input/datasets/denizkavi1/brain-tumor/3/2700.png,2700.png,flat,3,pituitary,9630119901378542130,1562,train
/kaggle/input/datasets/denizkavi1/brain-tumor/3/2705.png,2705.png,flat,3,pituitary,14241805894036175475,1563,test
/kaggle/input/datasets/denizkavi1/brain-tumor/3/2707.png,2707.png,flat,3,pituitary,9274968475604888938,1389,cal
/kaggle/input/datasets/denizkavi1/brain-tumor/3/2709.png,2709.png,flat,3,pituitary,10787545263309486198,1564,test
/kaggle/input/datasets/denizkavi1/brain-tumor/3/2821.png,2821.png,flat,3,pituitary,15080895358671073316,1565,test
/kaggle/input/datasets/denizkavi1/brain-tumor/3/920.png,920.png,flat,3,pituitary,10502980667185512270,1379,train
/kaggle/input/datasets/denizkavi1/brain-tumor/3/921.png,921.png,flat,3,pituitary,10667437886128351284,1567,val
/kaggle/input/datasets/denizkavi1/brain-tumor/3/922.png,922.png,flat,3,pituitary,10379204056551676474,1566,train
/kaggle/input/datasets/denizkavi1/brain-tumor/3/923.png,923.png,flat,3,pituitary,10719153445079826046,1379,train
/kaggle/input/datasets/denizkavi1/brain-tumor/3/924.png,924.png,flat,3,pituitary,10379204069449161242,1566,train
/kaggle/input/datasets/denizkavi1/brain-tumor/3/925.png,925.png,flat,3,pituitary,10791211593224125134,1376,train
/kaggle/input/datasets/denizkavi1/brain-tumor/3/926.png,926.png,flat,3,pituitary,10379488967777135668,1567,val
/kaggle/input/datasets/denizkavi1/brain-tumor/3/927.png,927.png,flat,3,pituitary,10791211043405381150,1379,train
/kaggle/input/datasets/denizkavi1/brain-tumor/3/928.png,928.png,flat,3,pituitary,9262593661435005650,1386,cal
/kaggle/input/datasets/denizkavi1/brain-tumor/3/929.png,929.png,flat,3,pituitary,10379204193990691482,1566,train
/kaggle/input/datasets/denizkavi1/brain-tumor/3/930.png,930.png,flat,3,pituitary,9263437536470964912,1378,train
/kaggle/input/datasets/denizkavi1/brain-tumor/3/931.png,931.png,flat,3,pituitary,9262874728422709970,1568,val
/kaggle/input/datasets/denizkavi1/brain-tumor/3/932.png,932.png,flat,3,pituitary,10667719356830525492,1567,val
/kaggle/input/datasets/denizkavi1/brain-tumor/3/933.png,933.png,flat,3,pituitary,15373612416339881072,1569,train
/kaggle/input/datasets/denizkavi1/brain-tumor/3/934.png,934.png,flat,3,pituitary,9262593386561296920,1570,train
/kaggle/input/datasets/denizkavi1/brain-tumor/3/935.png,935.png,flat,3,pituitary,10719153445413273198,1379,train
/kaggle/input/datasets/denizkavi1/brain-tumor/3/936.png,936.png,flat,3,pituitary,15351181429341506620,1571,test
/kaggle/input/datasets/denizkavi1/brain-tumor/3/937.png,937.png,flat,3,pituitary,9263437644020717714,1568,val
/kaggle/input/datasets/denizkavi1/brain-tumor/3/938.png,938.png,flat,3,pituitary,9335495822169872594,1568,val
/kaggle/input/datasets/denizkavi1/brain-tumor/3/939.png,939.png,flat,3,pituitary,10667719292385847332,1567,val
/kaggle/input/datasets/denizkavi1/brain-tumor/3/940.png,940.png,flat,3,pituitary,10689868796290481264,1572,train
/kaggle/input/datasets/denizkavi1/brain-tumor/3/941.png,941.png,flat,3,pituitary,9262592837503814370,1573,train
/kaggle/input/datasets/denizkavi1/brain-tumor/3/942.png,942.png,flat,3,pituitary,9263437403502418130,1568,val
/kaggle/input/datasets/denizkavi1/brain-tumor/3/943.png,943.png,flat,3,pituitary,10743915500814743909,1574,train
/kaggle/input/datasets/denizkavi1/brain-tumor/3/944.png,944.png,flat,3,pituitary,10379204056557963802,1566,train
/kaggle/input/datasets/denizkavi1/brain-tumor/3/945.png,945.png,flat,3,pituitary,10737170291789150282,1581,train
/kaggle/input/datasets/denizkavi1/brain-tumor/3/946.png,946.png,flat,3,pituitary,10415795830100204226,1587,train
/kaggle/input/datasets/denizkavi1/brain-tumor/3/947.png,947.png,flat,3,pituitary,10776365399028926704,1575,train
/kaggle/input/datasets/denizkavi1/brain-tumor/3/948.png,948.png,flat,3,pituitary,14992296500687407832,1576,val
/kaggle/input/datasets/denizkavi1/brain-tumor/3/949.png,949.png,flat,3,pituitary,10413544030353623762,1587,train
/kaggle/input/datasets/denizkavi1/brain-tumor/3/950.png,950.png,flat,3,pituitary,9261748699625310938,1577,train
/kaggle/input/datasets/denizkavi1/brain-tumor/3/951.png,951.png,flat,3,pituitary,10739421937453791816,1578,test
/kaggle/input/datasets/denizkavi1/brain-tumor/3/952.png,952.png,flat,3,pituitary,10416640378792708242,1575,train
/kaggle/input/datasets/denizkavi1/brain-tumor/3/953.png,953.png,flat,3,pituitary,10665750415231945528,1579,val
/kaggle/input/datasets/denizkavi1/brain-tumor/3/954.png,954.png,flat,3,pituitary,10451251892765800480,1580,train
/kaggle/input/datasets/denizkavi1/brain-tumor/3/955.png,955.png,flat,3,pituitary,10739491065011185701,1580,train
/kaggle/input/datasets/denizkavi1/brain-tumor/3/956.png,956.png,flat,3,pituitary,10414115776332962496,1587,train
/kaggle/input/datasets/denizkavi1/brain-tumor/3/957.png,957.png,flat,3,pituitary,10380611839731198240,1580,train
/kaggle/input/datasets/denizkavi1/brain-tumor/3/958.png,958.png,flat,3,pituitary,15027199265455351882,1375,train
/kaggle/input/datasets/denizkavi1/brain-tumor/3/959.png,959.png,flat,3,pituitary,10736616120682178664,1581,train
/kaggle/input/datasets/denizkavi1/brain-tumor/3/960.png,960.png,flat,3,pituitary,10739419737952381038,1582,train
/kaggle/input/datasets/denizkavi1/brain-tumor/3/961.png,961.png,flat,3,pituitary,10739499869627295776,1580,train
/kaggle/input/datasets/denizkavi1/brain-tumor/3/962.png,962.png,flat,3,pituitary,10737179070635456616,1581,train
/kaggle/input/datasets/denizkavi1/brain-tumor/3/963.png,963.png,flat,3,pituitary,14991171566874277898,1375,train
/kaggle/input/datasets/denizkavi1/brain-tumor/3/964.png,964.png,flat,3,pituitary,10451269484951709732,1580,train
/kaggle/input/datasets/denizkavi1/brain-tumor/3/965.png,965.png,flat,3,pituitary,10740332478832462064,1575,train
/kaggle/input/datasets/denizkavi1/brain-tumor/3/966.png,966.png,flat,3,pituitary,10737449413115411048,1582,train
/kaggle/input/datasets/denizkavi1/brain-tumor/3/967.png,967.png,flat,3,pituitary,10380330369049176417,1580,train
/kaggle/input/datasets/denizkavi1/brain-tumor/3/968.png,968.png,flat,3,pituitary,10414388578978499250,1575,train
/kaggle/input/datasets/denizkavi1/brain-tumor/3/969.png,969.png,flat,3,pituitary,9298339455841086433,1583,train
/kaggle/input/datasets/denizkavi1/brain-tumor/3/970.png,970.png,flat,3,pituitary,14991170604801935368,1584,test
/kaggle/input/datasets/denizkavi1/brain-tumor/3/971.png,971.png,flat,3,pituitary,10740331388445149816,1585,test
/kaggle/input/datasets/denizkavi1/brain-tumor/3/972.png,972.png,flat,3,pituitary,10665391956516694090,1586,train
/kaggle/input/datasets/denizkavi1/brain-tumor/3/973.png,973.png,flat,3,pituitary,10665394146950019144,1586,train
/kaggle/input/datasets/denizkavi1/brain-tumor/3/974.png,974.png,flat,3,pituitary,15025230048713906904,1587,train
/kaggle/input/datasets/denizkavi1/brain-tumor/3/975.png,975.png,flat,3,pituitary,10415795829327928024,1587,train
/kaggle/input/datasets/denizkavi1/brain-tumor/3/976.png,976.png,flat,3,pituitary,10739430870944082016,1580,train
/kaggle/input/datasets/denizkavi1/brain-tumor/3/977.png,977.png,flat,3,pituitary,10414106979233307344,1587,train
/kaggle/input/datasets/denizkavi1/brain-tumor/3/978.png,978.png,flat,3,pituitary,10756882310671005706,1146,train
/kaggle/input/datasets/denizkavi1/brain-tumor/3/979.png,979.png,flat,3,pituitary,9591083059862644833,1580,train
/kaggle/input/datasets/denizkavi1/brain-tumor/3/980.png,980.png,flat,3,pituitary,10451261784277411952,1580,train
/kaggle/input/datasets/denizkavi1/brain-tumor/3/981.png,981.png,flat,3,pituitary,10739530644207970403,1580,train
/kaggle/input/datasets/denizkavi1/brain-tumor/3/982.png,982.png,flat,3,pituitary,10754630516223146008,1146,train
/kaggle/input/datasets/denizkavi1/brain-tumor/3/983.png,983.png,flat,3,pituitary,9514803607462502625,1580,train
/kaggle/input/datasets/denizkavi1/brain-tumor/3/984.png,984.png,flat,3,pituitary,9262522983465164566,1588,train
/kaggle/input/datasets/denizkavi1/brain-tumor/3/985.png,985.png,flat,3,pituitary,10755193332497541176,1146,train
/kaggle/input/datasets/denizkavi1/brain-tumor/3/986.png,986.png,flat,3,pituitary,10451262059155318832,1580,train
/kaggle/input/datasets/denizkavi1/brain-tumor/3/987.png,987.png,flat,3,pituitary,15064358775932067945,1589,train
/kaggle/input/datasets/denizkavi1/brain-tumor/3/988.png,988.png,flat,3,pituitary,10667725112068827616,1580,train
/kaggle/input/datasets/denizkavi1/brain-tumor/3/989.png,989.png,flat,3,pituitary,15064358767342264425,1589,train
/kaggle/input/datasets/denizkavi1/brain-tumor/3/990.png,990.png,flat,3,pituitary,9591081960619452457,1580,train
/kaggle/input/datasets/denizkavi1/brain-tumor/3/991.png,991.png,flat,3,pituitary,9591083334740551713,1580,train
/kaggle/input/datasets/denizkavi1/brain-tumor/3/992.png,992.png,flat,3,pituitary,9226291756334080353,1580,train
/kaggle/input/datasets/denizkavi1/brain-tumor/3/993.png,993.png,flat,3,pituitary,10667716178264074330,1590,train
/kaggle/input/datasets/denizkavi1/brain-tumor/3/994.png,994.png,flat,3,pituitary,10667716178278752282,1590,train
/kaggle/input/datasets/denizkavi1/brain-tumor/3/995.png,995.png,flat,3,pituitary,9519306932479862881,1580,train
/kaggle/input/datasets/denizkavi1/brain-tumor/3/996.png,996.png,flat,3,pituitary,10739491201844459608,1591,val
/kaggle/input/datasets/denizkavi1/brain-tumor/3/997.png,997.png,flat,3,pituitary,10739492267329718490,1147,val
/kaggle/input/datasets/denizkavi1/brain-tumor/3/998.png,998.png,flat,3,pituitary,10793473662506399768,1592,val
/kaggle/input/datasets/denizkavi1/brain-tumor/3/999.png,999.png,flat,3,pituitary,9298349358962991137,1580,train
